1	260	91.33
1	1927	92.65
1	804	85.45
1	3	86.07
1	1009	84.25
1	2406	87.10
1	1587	84.12
1	3671	89.77
1	2617	84.53
1	3053	90.25
1	2571	91.09
1	1222	91.29
1	2137	86.75
1	1377	84.11
1	2395	87.77
1	2761	90.44
1	2641	84.16
1	2872	89.05
1	1258	90.77
1	2700	88.72
2	333	78.04
2	122882	77.86
2	71535	78.66
2	46970	74.39
2	58559	80.29
2	80489	78.93
3	5764	69.90
3	647	46.14
3	6835	69.90
3	5919	48.86
3	2851	40.86
3	2288	48.39
3	5048	44.86
3	4518	47.36
4	106	69.90
4	1291	73.05
4	3408	69.90
4	265	71.65
4	52	70.20
4	4347	71.40
4	2467	72.04
4	908	73.80
4	345	69.78
4	1304	72.53
4	1923	70.47
4	2959	74.76
4	368	69.97
4	1219	73.02
4	4765	72.90
4	1199	74.21
4	4166	60.90
4	1732	72.67
4	21	69.22
4	2858	73.23
5	515	71.50
5	1	73.43
5	364	73.63
5	608	74.33
5	290	73.47
5	261	72.72
5	34	71.71
5	318	76.58
5	21	70.08
6	349	69.77
6	318	75.13
6	775	69.90
6	141	69.24
6	348	70.14
6	104	69.18
6	327	65.73
6	410	66.80
6	165	70.29
6	87	65.19
6	366	64.59
6	17	71.10
6	1084	72.61
6	222	71.01
6	16	71.67
6	416	62.39
6	277	66.86
6	460	63.39
6	867	51.39
6	316	68.69
7	8528	65.99
7	3623	60.57
7	8636	66.02
7	8360	65.77
7	1517	64.93
7	466	60.21
7	8373	57.10
7	1220	66.75
7	7155	59.03
7	8808	60.85
7	6863	63.60
7	31878	65.73
7	1610	66.24
7	1219	67.72
7	4700	61.90
7	45668	62.89
7	8970	65.50
7	27741	66.85
7	6333	66.27
7	8865	58.83
8	356	75.09
8	47	74.28
8	231	68.66
8	318	76.89
8	454	72.02
8	292	70.54
8	32	74.13
8	141	70.92
8	380	71.15
8	252	70.39
9	5451	66.74
9	923	73.93
9	5890	69.90
9	2901	68.12
9	922	74.91
9	6044	69.90
9	1987	69.90
9	5378	68.15
9	3735	73.14
9	5447	67.74
10	597	67.60
10	33679	66.40
10	8533	67.82
10	8969	64.42
10	72720	70.22
10	88810	69.02
10	136020	64.22
10	6377	69.63
10	5943	60.76
10	109374	69.12
10	113394	69.90
10	61250	60.47
10	82167	62.72
10	140110	65.50
10	5377	69.15
10	77841	69.90
10	6942	68.93
10	1028	69.90
10	72330	69.90
10	66203	61.82
11	733	73.86
11	1584	73.40
11	1210	77.05
11	170	71.53
11	1438	68.20
11	648	73.24
11	1918	69.38
11	493	73.78
11	10	73.08
11	457	75.69
11	1693	71.96
11	150	75.26
11	1923	73.60
12	2717	83.89
12	2100	85.45
12	838	89.83
12	2072	85.53
12	1876	83.74
12	2581	85.03
12	6942	89.74
13	3717	72.65
13	3624	73.03
13	3798	72.34
13	2174	74.41
13	47	77.93
13	3893	73.45
13	305	69.37
14	344	66.21
14	477	67.84
14	110	71.84
14	540	61.50
14	597	69.09
14	153	65.10
14	592	68.39
14	4	61.20
14	539	68.54
14	105	67.01
15	91529	72.88
15	7438	72.36
15	111759	73.00
15	2329	73.94
15	1	72.48
15	1909	69.81
15	1240	71.99
15	115713	73.21
15	1200	72.42
15	293	72.53
15	2571	73.68
15	3949	72.12
15	120466	70.24
15	1198	74.58
15	2028	73.59
15	2011	69.91
15	158	64.95
15	160980	66.81
15	4306	72.20
15	4022	71.29
16	1230	76.54
16	78499	76.77
16	913	78.06
16	1136	77.54
16	1299	78.81
16	1617	78.21
16	1203	77.93
16	3429	78.72
16	2858	77.55
16	608	77.79
16	3683	76.79
16	4002	76.52
16	1199	78.53
16	912	78.84
16	2707	72.59
16	5782	75.84
16	1260	74.72
16	319	76.68
16	27773	77.44
16	2109	73.43
17	260	87.79
17	64839	85.53
17	296	87.60
17	5952	86.65
17	527	88.02
17	1193	87.84
17	3681	88.09
17	1240	85.88
17	2717	79.57
17	2858	87.04
17	1093	82.46
17	81932	84.94
17	5618	87.31
17	50	88.02
17	5971	86.61
17	2959	88.57
17	1201	87.73
17	541	87.51
17	82459	84.71
17	1	86.36
18	8117	69.90
18	65596	69.90
18	88094	69.90
18	145283	69.90
18	157110	69.90
18	166015	69.90
18	171023	69.90
18	103253	73.96
18	60684	77.50
18	44199	75.90
18	2	74.38
18	86628	77.96
18	59784	74.64
18	2918	77.35
18	109374	76.87
18	4226	78.72
18	53129	79.16
18	139385	76.01
18	47	78.13
18	1291	78.11
19	3692	69.90
19	3662	48.86
19	54	54.86
19	2733	42.86
19	1702	48.04
19	1240	54.04
19	1270	54.96
19	3712	48.86
19	1881	48.86
19	216	52.17
19	3	50.68
19	1834	55.61
19	2184	52.86
19	3017	51.86
19	2044	42.86
19	2354	45.86
19	2005	52.71
19	3146	46.11
19	3387	50.86
19	2694	50.51
20	1566	71.54
20	5419	68.72
20	4014	71.63
20	2140	72.19
20	586	68.76
20	661	71.03
20	3189	71.57
20	5014	74.95
20	1333	72.98
20	4161	70.82
20	3784	68.45
20	1030	67.75
20	5313	64.26
20	2804	74.50
20	2054	67.13
20	34	72.86
20	1097	73.70
20	6358	69.90
20	4519	70.45
20	1722	68.71
21	107013	69.90
21	117922	69.90
21	140301	69.90
21	57640	68.06
21	2985	64.68
21	2990	63.12
21	2717	60.92
21	5418	66.84
21	31433	61.73
21	112175	66.42
21	7153	68.90
21	30793	62.53
21	4446	65.06
21	52973	65.98
21	45186	65.89
21	2023	64.42
21	79185	66.06
21	1721	64.21
21	102125	65.17
21	5459	61.79
22	8961	53.98
22	2723	50.83
22	60950	50.55
22	64575	48.30
22	1193	56.19
22	70286	54.59
22	4993	56.09
22	2160	57.11
22	39183	52.59
22	7147	54.58
22	3996	53.85
22	3481	53.00
22	55765	55.06
22	48780	54.89
22	7361	56.08
22	51540	52.93
22	6711	55.43
22	2968	53.61
22	3949	54.36
22	48394	53.79
23	6234	69.90
23	3996	74.32
23	293	75.23
23	1206	76.33
23	1136	75.85
23	1960	73.48
23	7587	75.53
23	3424	76.07
23	3181	75.53
23	2467	74.67
23	1248	76.86
23	1617	76.51
23	6807	75.03
23	1952	75.80
23	6440	74.53
23	1258	76.05
23	1243	75.53
23	1080	75.77
23	8228	72.53
23	1711	69.71
24	1784	71.11
24	2617	68.14
24	111759	74.04
24	134853	73.86
24	58998	72.45
24	1265	73.41
24	1198	75.62
24	3147	74.66
24	1197	75.41
24	1220	73.01
24	2424	68.42
24	5418	72.64
24	72011	71.58
24	54286	72.22
24	27773	74.08
24	64957	70.86
24	356	74.77
24	44191	73.39
24	1682	72.54
24	68358	73.53
25	58559	98.55
25	60069	97.79
25	74458	97.66
25	79132	97.84
25	527	98.71
25	260	98.49
26	10	69.90
26	34	69.90
26	47	69.90
26	150	69.90
26	153	69.90
26	165	69.90
26	185	69.90
26	208	69.90
26	225	69.90
26	288	69.90
26	296	69.90
26	300	69.90
26	344	69.90
26	349	69.90
26	356	69.90
26	380	69.90
26	434	69.90
26	454	69.90
26	457	69.90
26	592	69.90
26	593	69.90
27	1196	74.56
27	2478	68.10
27	2640	70.84
27	3508	74.75
27	3555	69.89
27	1201	74.27
27	3519	66.50
27	969	73.14
27	2080	70.02
27	673	66.01
27	2886	55.25
27	2529	72.61
27	1387	73.58
27	1101	68.75
27	1947	70.25
27	1250	74.51
27	1276	74.91
27	3114	72.23
27	1083	69.25
27	3809	69.50
28	27450	69.90
28	60943	69.90
28	61011	69.90
28	63033	69.90
28	5617	62.83
28	59369	60.74
28	60046	69.90
28	507	58.97
28	3300	60.37
28	55094	57.26
28	59018	69.90
28	26695	69.90
28	2951	63.03
28	3006	62.21
28	2231	61.95
28	5418	62.04
28	26812	54.26
28	2058	58.89
28	353	61.30
28	61167	69.90
29	98961	85.54
29	7379	79.99
29	1250	86.25
29	1201	86.01
29	111362	83.73
29	48516	86.73
29	1100	75.99
29	26554	69.90
29	3441	82.85
29	4327	81.99
29	2872	83.79
29	2301	82.59
29	1617	85.98
29	3681	86.37
29	55820	84.62
29	4223	81.37
29	99114	84.15
30	5952	99.17
30	108932	98.22
30	1200	98.83
30	91529	99.29
30	116823	97.89
30	112852	99.90
30	1198	100.00
31	1198	81.67
31	1200	79.51
31	648	77.12
31	1363	74.90
31	1073	79.79
31	1036	79.40
31	1197	81.45
31	377	76.63
31	1246	79.55
31	1270	80.01
32	236	74.82
32	314	76.01
32	1356	77.58
32	357	75.16
32	224	76.19
32	627	74.36
32	1079	77.77
32	1084	78.33
32	318	80.86
32	761	70.36
32	1197	79.65
32	849	71.64
32	912	79.72
32	880	71.00
32	1198	79.87
32	58	78.86
32	203	73.61
32	608	78.68
32	497	77.15
32	410	72.51
33	110	79.05
33	17	77.67
33	2396	77.03
33	2272	69.95
33	448	75.36
33	428	76.56
33	265	77.71
33	1280	81.10
33	1177	80.95
33	1617	79.94
33	50	80.27
33	261	77.92
33	11	77.08
33	452	69.95
33	345	75.83
33	608	79.52
33	150	78.16
33	1188	76.31
33	800	80.71
33	2690	78.95
34	780	67.97
34	2273	66.77
34	3717	66.06
34	26606	69.90
34	45499	67.04
34	3996	69.98
34	4310	64.83
34	3624	66.44
34	31685	66.38
34	1721	67.34
34	5146	67.18
34	7090	71.08
34	70	68.37
34	2006	64.61
34	3000	70.36
34	4306	70.57
34	27728	50.18
34	3997	58.05
35	11	79.74
35	185	76.00
35	595	79.77
35	21	77.93
35	300	79.35
36	5171	45.18
36	3066	51.71
36	552	46.94
36	4025	46.00
36	1262	51.30
36	2735	43.64
36	2359	49.88
36	1372	49.02
36	1278	51.72
36	2194	50.91
36	3347	52.71
36	1704	52.30
37	344	87.58
37	356	94.06
37	661	89.12
37	329	88.98
37	457	92.73
38	434	58.42
38	39	60.91
38	223	63.81
38	161	62.52
38	246	66.40
38	168	58.53
38	273	58.51
38	480	63.09
38	356	65.67
38	457	64.35
38	364	64.54
38	50	66.01
38	500	60.48
38	300	62.41
38	551	62.23
38	21	60.99
39	2571	85.13
39	2391	82.08
39	1921	83.08
39	1862	70.99
39	1219	84.40
39	1907	81.65
39	2081	81.60
39	2459	79.03
39	924	83.85
39	2529	83.64
39	1729	81.46
39	47	84.44
39	260	85.37
39	2080	81.05
39	592	80.92
39	296	85.17
39	3213	83.90
39	610	81.04
39	589	84.25
39	596	81.01
40	440	75.65
40	454	76.12
40	588	76.87
40	339	75.10
40	158	70.32
40	432	69.38
40	431	76.55
40	186	70.65
40	616	74.77
40	514	74.72
40	21	74.50
40	592	74.86
40	1	77.85
40	223	77.32
40	585	70.56
40	216	75.49
40	104	74.97
40	371	75.61
40	111	78.76
40	267	71.64
41	96829	69.92
41	64839	66.25
41	122882	66.14
41	6287	61.77
41	1569	64.91
41	106920	67.60
41	86781	70.42
41	3160	65.69
41	1721	63.58
41	2028	68.20
41	6763	56.92
41	5418	66.20
41	53519	63.00
41	122904	66.53
41	55247	66.58
41	924	67.00
41	4011	67.91
41	2324	68.09
41	35836	64.95
41	5995	68.42
42	3869	72.83
42	4654	69.74
42	1021	64.49
42	2423	71.57
42	3248	62.24
42	4477	64.19
42	2500	62.99
42	1431	65.72
42	195	71.99
42	3326	80.99
42	2407	70.87
42	1090	74.76
42	2735	66.92
42	3693	64.99
42	1020	69.72
42	4545	71.14
42	4132	64.49
42	2263	68.99
42	3535	73.02
42	2805	68.49
43	225	91.41
43	296	95.68
43	596	91.50
43	588	93.44
43	587	90.85
43	420	87.35
43	158	86.90
43	631	89.19
43	5	88.67
43	597	92.15
43	168	88.62
43	355	84.10
43	47	94.94
43	367	89.79
43	519	84.56
43	594	92.46
43	236	91.48
43	1	94.43
43	60	90.15
43	259	88.76
44	36	68.70
44	663	65.20
44	12	59.80
44	661	65.78
44	94	69.27
44	1	69.36
44	104	66.49
44	112	65.93
44	494	66.58
44	889	69.90
45	2718	77.29
45	1036	80.64
45	2028	81.92
45	1653	80.96
45	1682	79.83
45	2396	79.22
45	3249	75.15
45	261	80.12
45	4308	78.36
45	329	77.06
45	1367	75.73
45	2890	79.55
45	593	82.15
45	1127	78.34
45	2431	76.80
45	6377	80.56
45	569	73.65
45	1197	82.70
45	1060	79.19
45	2858	81.48
46	590	80.00
46	588	79.42
46	315	74.60
46	208	74.25
46	1	80.40
46	432	71.93
46	225	77.38
46	434	74.48
46	339	77.65
47	508	63.61
47	68932	63.05
47	72395	66.05
47	2420	63.55
47	597	63.43
47	148626	65.72
47	5989	65.66
47	96588	64.65
47	69122	64.02
47	6155	61.05
47	4975	62.10
47	30749	63.92
47	106100	63.80
47	45950	63.42
47	2028	66.82
47	4018	61.00
47	1259	65.82
47	6373	62.53
47	33166	64.73
47	2407	61.92
48	4886	83.52
48	1320	79.20
48	1527	82.80
48	1193	85.67
48	3793	82.72
48	48	80.15
48	1653	84.34
49	2028	87.97
49	1214	86.88
49	139385	85.24
49	318	89.93
49	527	88.50
50	8143	69.90
50	114335	69.90
50	136564	69.90
50	142074	69.90
50	171759	69.90
50	175693	69.90
50	179073	69.90
50	175707	69.90
50	71264	57.09
50	82848	69.90
50	1377	52.45
50	44555	59.17
50	8157	55.59
50	6807	58.09
50	95543	55.59
50	8253	54.84
50	96610	56.83
50	924	58.16
50	32875	69.90
50	4896	56.72
51	7040	69.90
51	5620	73.36
51	2613	69.73
51	4437	75.81
51	2023	74.67
51	1500	75.95
51	522	77.11
51	858	80.18
51	4508	74.31
51	2951	78.08
51	1014	78.31
51	1407	73.46
51	2282	74.31
51	2420	75.81
51	3388	68.31
51	260	79.39
51	3186	74.90
51	3994	75.05
51	3501	67.81
51	2371	72.14
52	152081	90.94
52	51255	91.34
52	74458	92.03
52	1923	89.35
52	7438	91.33
52	40583	88.55
52	59784	88.45
52	55765	91.78
52	112852	92.45
52	86892	69.90
52	55363	93.28
52	112138	88.55
52	49272	91.52
52	52245	85.32
52	69481	91.93
52	50794	84.92
52	1704	92.36
52	54736	89.78
52	44665	90.74
52	47200	88.11
53	481	97.95
53	1100	94.03
53	249	100.00
53	1125	100.00
53	916	100.00
54	296	64.98
54	593	65.08
54	639	58.03
54	1	63.70
54	205	59.53
54	161	61.87
54	500	59.84
55	2407	52.65
55	673	49.54
55	3275	58.32
55	2890	55.18
55	4011	57.27
56	786	76.82
56	253	79.66
56	165	80.25
56	110	82.47
56	589	82.33
56	370	76.46
56	434	76.06
56	410	76.74
56	69	80.82
56	185	76.69
57	2140	67.85
57	942	72.11
57	920	67.42
57	3175	67.90
57	1784	67.86
57	3429	72.11
57	933	72.75
57	1193	71.75
57	3446	69.90
57	160	64.70
57	1499	58.45
57	2640	68.20
57	892	67.28
57	11	68.73
57	2947	69.51
57	6	70.66
57	2478	65.47
57	2291	68.91
57	1688	67.26
57	2301	68.21
58	588	78.71
58	282	75.62
58	185	74.39
58	419	72.62
58	367	75.06
58	277	74.49
58	48	75.65
58	280	79.47
58	337	78.77
58	345	76.89
58	3	75.84
58	357	77.09
58	527	81.39
58	587	76.12
58	218	75.52
58	500	75.83
58	508	77.59
58	368	77.09
58	364	79.89
58	353	78.07
59	1696	76.54
59	6460	93.54
59	3489	84.49
59	1188	85.89
59	1222	89.58
59	2076	87.51
59	3448	86.78
59	1263	88.45
59	1247	88.31
59	527	89.87
59	1244	89.14
59	904	89.57
59	903	88.76
59	965	86.74
59	2616	81.54
59	1953	87.09
59	608	89.11
59	105	83.85
59	912	90.15
59	3471	86.82
60	832	73.34
60	58559	78.04
60	805	74.69
60	455	66.88
60	858	78.77
61	266	83.64
61	1101	83.53
61	7438	87.58
61	173	79.55
61	555	87.20
61	2012	84.32
61	4878	87.95
61	3949	87.34
62	99114	84.22
62	176371	84.14
62	3793	83.25
62	56757	82.93
62	73017	84.01
62	30793	79.52
62	179819	79.81
62	68554	80.42
62	185135	88.06
62	168248	85.81
62	5903	84.29
62	4878	84.98
62	2028	85.83
62	5502	80.48
62	6058	78.20
62	344	79.50
62	1721	81.21
62	45499	80.92
62	41566	81.31
62	78105	77.39
63	5669	75.20
63	4246	73.73
63	48780	75.77
63	500	71.73
63	6016	76.61
63	31658	76.46
63	2858	76.26
63	64285	72.93
63	85414	73.79
63	1221	77.45
63	106696	72.93
63	4963	74.95
63	50	77.24
63	1097	74.68
63	260	77.02
63	110	76.02
63	1222	76.97
63	4979	74.02
63	5952	75.87
63	77561	74.19
64	5878	78.75
64	3101	73.62
64	2640	76.33
64	2959	80.60
64	8784	77.05
64	2054	70.93
64	4239	77.46
64	4025	73.03
64	5026	78.75
64	40819	77.95
64	266	74.35
64	2699	71.58
64	27266	79.50
64	3969	76.18
64	1805	73.23
64	6296	77.03
64	4776	77.64
64	3148	76.91
64	4262	78.15
64	356	79.65
65	1246	80.77
65	33660	81.46
65	7458	78.21
65	2329	82.25
65	4993	82.15
65	91542	79.16
65	3147	81.92
66	593	84.30
66	47	83.46
66	5418	82.08
66	922	84.46
66	2139	80.57
66	2956	75.30
66	3745	80.15
66	1956	83.90
66	4581	69.90
66	5349	80.96
66	1210	84.31
66	1094	79.99
66	2001	78.57
66	380	80.31
66	6539	82.36
66	671	79.10
66	1	82.95
66	6378	81.03
66	7766	83.30
66	296	84.18
67	99114	81.29
67	4306	81.51
67	27193	76.12
67	79132	82.57
67	60069	82.52
67	2012	78.41
67	4886	81.12
67	4993	83.17
68	47978	69.90
68	95218	69.90
68	6534	57.59
68	48696	66.24
68	67267	61.24
68	30825	62.12
68	1799	63.34
68	3556	65.93
68	8622	64.59
68	4351	62.44
68	63113	63.49
68	58295	65.44
68	7151	63.70
68	2413	63.74
68	6287	61.59
68	653	61.72
68	41566	63.49
68	5541	61.99
68	260	68.32
68	48043	64.79
69	4370	89.43
69	4848	92.85
69	3671	92.55
69	2476	93.03
69	1193	94.17
69	356	93.95
69	553	91.72
69	4022	91.51
69	260	94.12
69	3994	89.77
70	1193	89.29
70	1097	86.91
70	1914	87.41
70	1269	86.99
70	4995	87.85
70	318	90.89
70	8949	86.40
70	1968	86.91
70	1210	89.17
70	89492	87.22
70	1250	89.42
70	1235	90.26
70	2366	86.01
71	494	71.73
71	647	72.12
71	736	70.56
71	95	68.20
71	733	72.68
71	589	74.84
71	7	70.48
72	1047	82.49
72	150	86.89
72	858	89.56
72	2490	84.29
72	1357	86.74
72	260	88.77
72	50	89.00
72	1198	89.44
72	1196	88.99
73	1193	76.73
73	45720	72.71
73	105037	63.59
73	6333	74.26
73	59315	74.34
73	76293	72.59
73	138204	75.59
73	2706	71.87
73	152081	74.76
73	45221	64.34
73	68135	72.97
73	150	74.77
73	8376	72.19
73	93510	73.83
73	59784	72.27
73	116823	74.26
73	106072	71.74
73	1682	74.28
73	52245	69.13
73	35836	73.12
74	31522	69.90
74	2594	86.59
74	2908	86.05
74	30749	86.34
74	6870	86.93
74	3006	87.42
74	52281	85.47
74	49772	88.47
74	55118	88.47
74	2997	88.02
74	6305	85.04
74	608	89.03
74	4546	87.27
74	41863	87.72
74	27773	88.68
74	6001	89.47
74	1251	89.14
74	6552	85.47
74	46976	86.11
74	44555	89.05
75	5445	68.05
75	1240	69.48
75	5952	70.25
75	2193	67.61
75	6870	68.76
75	2529	69.67
75	168	64.15
75	541	71.11
75	3176	67.38
75	1962	67.97
75	2078	68.65
75	1889	69.80
75	1266	70.57
75	1374	69.78
76	48877	59.32
76	5956	63.63
76	2918	65.71
76	58803	63.92
76	1247	66.10
76	74458	66.57
76	7669	65.32
76	79132	66.76
76	8957	61.10
76	858	68.21
76	55820	65.95
76	1258	66.85
76	63436	57.32
76	1201	67.34
76	1208	67.92
76	48	61.95
76	288	61.60
76	34405	65.72
76	1	65.99
76	1196	67.64
77	3996	76.83
77	4973	78.81
77	7361	79.07
77	8636	76.45
77	3578	77.43
77	33794	77.19
78	296	70.78
78	165	67.78
78	3809	66.12
78	589	69.87
78	546	57.66
78	27904	68.37
78	260	70.97
78	590	69.08
78	480	68.26
78	68791	66.87
78	344	64.34
78	44974	67.30
78	380	66.89
79	3266	95.03
79	3029	83.78
79	589	89.00
79	1916	86.78
79	307	89.63
79	4005	84.70
79	260	90.12
79	1189	88.03
79	1345	84.76
79	2000	86.79
79	1374	88.51
79	2659	69.90
79	2076	88.00
80	7445	84.41
80	96691	85.07
80	84189	69.90
80	91630	85.24
80	49530	86.53
80	8950	88.36
80	6539	87.13
80	4223	84.45
80	5630	84.11
80	3527	85.42
80	76251	85.85
80	80363	82.07
80	52604	85.50
80	6502	87.72
80	34048	82.75
80	1221	89.59
80	60684	87.60
80	6952	80.36
80	5989	87.68
80	77561	86.33
81	10	69.90
81	32	69.90
81	47	69.90
81	110	69.90
81	150	69.90
81	153	69.90
81	161	69.90
81	165	69.90
81	208	69.90
81	231	69.90
81	288	69.90
81	296	69.90
81	316	69.90
81	318	69.90
81	329	69.90
81	344	69.90
81	356	69.90
81	364	69.90
81	367	69.90
81	377	69.90
81	380	69.90
81	457	69.90
81	480	69.90
81	588	69.90
81	589	69.90
81	592	69.90
82	6886	69.90
82	2381	59.90
82	2378	63.75
82	6566	68.15
82	368	68.22
82	6536	68.75
82	3253	67.46
82	4310	64.80
82	1608	66.61
82	1372	68.46
82	145	65.96
82	356	72.06
82	6708	69.53
82	1485	64.90
82	4369	65.53
82	6564	60.51
82	6888	60.65
82	5803	59.75
82	4015	63.26
82	364	71.00
83	56367	67.53
83	7143	68.80
83	7323	67.59
83	6539	68.24
83	161	67.00
83	586	63.01
83	2115	66.89
83	1270	69.29
83	6874	69.01
83	2324	69.85
83	1537	68.93
83	7153	70.03
83	68954	68.61
83	48774	69.24
83	30749	67.05
83	8014	71.18
83	1222	70.23
83	3753	65.23
83	1223	69.66
83	64983	64.47
84	55	69.90
84	987	69.90
84	912	78.40
84	1096	76.79
84	420	69.37
84	1227	77.02
84	113	70.79
84	580	73.79
84	5060	76.23
84	1293	77.22
84	900	75.46
84	1097	75.54
84	62	74.84
84	368	73.86
84	1305	76.79
84	1247	76.57
84	1296	74.54
84	11	74.91
84	1073	76.67
84	1094	73.48
85	1519	69.90
85	1624	71.17
85	1140	69.90
85	1694	72.97
85	1643	77.17
85	1747	76.67
85	1635	78.92
86	4993	82.92
86	4310	75.55
86	6947	79.54
86	2411	73.71
86	457	81.53
86	5418	80.67
86	3996	80.69
86	4901	77.79
86	1835	78.39
86	33794	81.05
86	1196	83.21
86	3555	78.53
86	1097	80.64
86	2687	77.66
87	4023	77.08
87	2009	78.45
87	3504	82.20
87	671	78.00
87	2139	79.47
88	7312	69.90
88	74795	82.24
88	4993	85.77
88	68157	86.11
88	5952	84.69
88	1193	85.88
88	223	83.88
88	8665	83.06
88	4262	84.15
88	56782	85.79
88	8677	72.74
88	58559	85.89
89	26645	69.90
89	32060	69.90
89	44851	69.90
89	53280	69.90
89	53578	69.90
89	67888	69.90
89	69211	69.90
89	81087	69.90
89	84246	69.90
89	103602	69.90
89	108078	69.90
89	109596	69.90
89	118894	69.90
89	121007	69.90
89	128089	69.90
89	128944	69.90
89	131098	69.90
89	131439	69.90
89	134847	69.90
89	140481	69.90
89	146684	69.90
89	148632	69.90
89	150554	69.90
89	164226	69.90
89	30793	66.62
89	169912	63.15
89	87869	70.15
89	1923	69.72
89	4015	64.26
89	950	70.15
89	173253	69.90
89	2324	72.82
89	27826	69.90
89	92259	73.89
89	11	70.27
89	3977	64.42
89	86298	66.15
89	8154	74.15
89	77688	69.90
89	2997	71.71
89	170837	69.90
89	49274	62.03
89	157775	69.90
89	1	71.81
89	142196	69.90
89	99117	65.55
89	62008	69.90
89	72624	69.90
89	108156	64.15
89	3752	67.10
89	2059	66.61
89	128520	73.65
89	3175	69.44
89	133879	69.90
89	48649	69.90
89	126088	69.90
89	5529	69.90
89	65588	69.90
89	99130	69.90
89	40962	69.90
89	1732	71.92
89	68659	69.15
89	91666	69.90
89	2683	67.55
89	3751	70.24
89	750	73.82
89	6650	69.90
89	149508	69.90
89	2395	69.68
89	51575	64.65
89	65230	66.45
89	171751	69.90
89	85881	69.75
89	139157	69.90
89	6863	68.15
89	4246	69.95
89	108949	67.65
89	1230	71.47
89	160567	75.15
89	73319	67.65
89	177185	69.90
89	130520	66.15
89	5220	64.15
89	121338	69.90
89	153386	69.90
89	50872	71.05
89	149566	69.90
89	145491	69.90
89	4890	65.99
89	129354	67.01
89	32243	69.90
89	84944	70.31
89	6402	69.90
89	1288	72.94
89	140133	69.90
89	119141	68.49
89	947	75.15
89	176621	69.90
89	4973	72.92
89	158398	69.90
89	69469	69.90
89	54503	71.46
89	141928	69.90
89	102481	68.78
90	1137	69.90
90	1144	69.90
90	581	84.21
90	81	79.33
90	892	80.87
90	1073	84.09
90	116	78.21
90	896	72.21
90	17	82.92
90	7	79.83
90	613	79.71
91	3013	69.90
91	6395	69.90
91	8147	69.90
91	7153	72.58
91	3360	70.25
91	2791	71.80
91	3897	70.82
91	1080	71.99
91	4850	65.75
91	3429	73.25
91	7000	68.75
91	2060	65.75
91	2916	69.27
91	1391	66.84
91	2100	66.16
91	318	74.47
91	2146	68.00
91	1225	72.45
91	1246	71.39
91	8501	68.75
92	2572	81.52
92	2114	83.00
92	1015	78.36
92	2454	80.61
92	1801	82.76
93	736	83.31
93	1917	82.31
93	552	82.85
93	1721	83.77
93	539	84.45
93	480	86.00
93	1372	84.93
93	368	84.69
93	2355	84.98
93	1923	85.19
93	2193	84.93
93	2006	81.05
93	339	84.53
93	1097	86.37
93	1591	78.48
93	260	88.71
93	2968	86.18
93	1676	83.56
93	593	88.64
93	558	81.12
94	231	57.63
94	377	59.79
94	367	58.09
94	364	62.91
94	288	58.36
94	19	55.92
94	10	60.10
94	586	56.88
94	590	62.34
94	380	60.12
94	589	63.07
94	318	65.87
95	18	84.27
95	4878	85.83
95	6979	81.60
95	4732	72.71
95	3019	85.54
95	5246	72.41
95	32	85.94
95	2952	82.61
95	1247	85.68
95	1198	87.67
95	5283	79.31
95	3361	83.69
95	1513	78.77
95	2009	82.16
95	539	82.74
95	122	77.73
95	1584	83.28
95	1240	85.08
95	4262	85.31
95	5349	83.57
96	527	80.30
96	1094	75.64
96	272	76.58
96	3819	81.95
96	150	78.17
96	2021	75.84
96	2571	79.82
96	1214	78.64
96	2058	74.59
96	1220	78.10
96	733	76.77
96	2340	72.59
96	1721	75.11
96	2396	77.03
96	367	73.98
96	1291	79.11
97	4701	79.37
97	4306	83.33
97	3578	83.33
97	4993	84.97
97	4963	82.96
97	4299	79.44
97	3981	74.94
97	4161	79.81
98	81845	84.59
98	8961	83.34
98	122912	82.53
98	5299	79.30
98	63992	74.74
98	187541	84.41
98	56152	82.16
98	134853	84.41
98	69644	77.08
98	6863	80.41
98	5618	85.01
98	56801	76.16
98	3499	83.47
98	134130	85.28
98	74789	78.17
98	82461	80.04
98	1258	84.93
98	88810	83.21
98	79132	84.85
99	318	82.17
99	161	77.24
99	420	71.98
99	592	76.08
99	196	72.28
99	122	71.21
99	145	74.21
99	150	78.63
99	316	75.72
99	236	76.11
99	588	78.08
100	497	80.99
100	296	82.82
100	1393	78.91
100	95	75.29
100	592	78.58
100	605	75.09
100	6059	77.95
100	28	83.28
100	2245	76.66
100	62	79.99
100	4308	79.16
100	1777	79.03
100	838	80.75
100	2125	80.20
100	1288	82.73
100	234	73.22
100	1197	83.50
100	2005	79.80
100	4014	78.63
100	4623	78.26
101	2580	72.38
101	3285	67.38
101	2723	69.33
101	2700	72.03
101	2908	71.13
101	2390	72.56
101	3175	70.85
101	2395	71.08
101	358	66.36
101	2702	68.76
101	3394	66.06
101	2997	73.11
101	2502	74.44
102	158	59.74
102	588	66.29
102	150	66.84
102	592	64.29
102	253	64.94
102	480	66.01
102	344	62.11
102	539	64.44
102	553	66.31
102	593	68.65
102	586	61.44
102	223	66.74
103	86014	69.90
103	1954	80.67
103	60040	76.09
103	1968	80.09
103	77206	69.90
103	2161	78.71
103	1732	81.12
103	81834	81.35
103	608	81.90
103	2384	72.68
103	4254	71.01
103	104	78.13
103	139642	73.54
103	56782	82.39
103	2096	77.92
103	101	80.94
103	6534	71.69
103	374	70.77
103	60069	81.73
103	30793	75.81
104	4740	69.90
104	743	64.15
104	5218	71.43
104	8643	70.29
104	1288	74.51
104	47997	72.47
104	468	69.39
104	76251	71.50
104	8533	71.32
104	4018	68.68
104	38038	70.87
104	1566	70.31
104	7361	74.75
104	6060	69.90
104	3034	71.32
104	1641	71.97
104	4641	70.33
104	108190	66.72
104	616	70.31
104	7034	73.12
105	4788	69.90
105	69685	69.90
105	95311	69.90
105	95313	69.90
105	110586	69.90
105	141816	69.90
105	141818	69.90
105	170597	69.90
105	172587	69.90
105	172793	69.90
105	173351	69.90
105	173535	69.90
105	6433	76.72
105	4974	77.27
105	70286	85.25
105	108981	69.90
105	95175	69.90
105	69122	83.69
105	1243	85.72
105	3916	84.33
106	69844	89.91
106	72998	87.97
106	59501	87.90
106	86880	85.06
106	5349	88.19
106	53125	87.62
106	59784	87.20
107	231	79.52
107	253	82.28
107	590	84.20
107	165	82.87
107	434	78.69
107	208	78.45
107	318	87.73
108	800	84.36
108	6022	78.11
108	4995	82.30
108	2585	69.90
108	5316	76.61
108	4975	78.67
108	3978	76.28
108	5349	80.28
108	2926	78.95
108	4246	80.41
108	4878	82.53
108	4994	78.76
108	1968	81.36
108	1684	76.61
108	497	81.65
108	5380	81.61
109	380	64.30
109	1033	65.06
109	231	61.83
109	364	67.13
109	589	67.26
109	480	65.66
109	62	65.32
109	31	61.89
109	587	63.36
109	1032	62.92
109	586	61.10
109	778	67.39
109	540	57.07
109	256	60.62
109	163	65.02
109	252	63.59
109	223	66.40
109	553	65.97
109	537	62.76
109	168	61.12
110	26171	65.97
110	2468	67.47
110	1198	78.23
110	1089	77.63
110	1222	77.51
110	1208	78.07
110	4881	75.27
110	47	76.63
110	527	77.78
110	1193	77.60
110	2428	67.30
111	100194	69.90
111	162602	69.90
111	171251	69.90
111	2145	64.46
111	96588	68.35
111	65088	66.75
111	66203	61.35
111	84772	63.75
111	2081	67.07
111	91529	69.81
111	6365	65.65
111	45666	61.42
111	3255	66.54
111	1282	68.37
111	6539	68.81
111	86833	69.11
111	122882	68.46
111	59143	72.75
111	86911	66.75
111	5283	63.15
112	788	67.84
112	161	73.80
112	1917	70.65
112	16	75.24
112	21	72.28
112	208	69.47
112	434	69.70
112	39	72.20
112	3717	70.84
112	19	68.84
112	110	76.12
112	32	76.03
112	70286	75.49
113	4083	69.90
113	39	71.94
113	3168	72.97
113	932	76.72
113	2331	66.72
113	3359	76.39
113	1086	76.83
113	3504	75.72
113	1339	72.72
113	904	76.76
113	3546	69.90
113	4063	63.72
113	4062	70.58
113	1077	73.77
113	1589	71.11
113	2475	69.72
113	3831	73.72
113	46	68.97
113	1733	81.72
113	4007	74.52
114	141718	69.90
114	54001	65.60
114	2291	64.48
114	167732	69.90
114	122886	65.51
114	8961	65.12
114	3147	66.99
115	1580	74.40
115	2804	77.10
115	1387	77.88
115	2792	73.05
115	3146	68.80
115	3273	69.08
115	3052	75.68
115	2841	74.32
115	2719	64.80
115	595	75.69
115	2700	76.03
115	383	71.15
115	2027	64.55
115	2148	71.17
115	2770	71.80
115	3785	70.92
115	2916	75.07
115	3175	74.84
115	588	76.23
115	1377	71.41
116	2716	69.78
116	858	73.10
116	1299	72.80
116	62383	68.21
116	1339	68.21
116	1276	72.87
116	597	68.60
116	1029	67.85
116	1101	66.71
116	2797	69.57
116	2657	67.21
116	1961	69.87
116	1407	66.37
116	5995	72.21
116	1704	71.80
116	165	69.13
116	2115	68.92
116	8360	69.38
117	708	65.76
117	587	65.84
117	589	69.75
117	151	66.59
117	36	68.76
117	1036	69.25
117	595	67.89
117	288	65.04
117	596	66.49
117	48	65.38
117	315	63.63
117	454	67.69
117	353	67.80
117	474	67.64
117	10	66.80
117	60	65.14
117	805	67.57
117	491	65.60
117	616	66.34
117	485	63.23
118	1221	78.40
118	1625	74.97
118	153	70.25
118	1961	75.54
118	1810	73.50
119	95441	81.17
119	117176	82.90
119	1092	81.51
119	91529	86.23
119	74458	86.42
119	4387	84.29
119	79132	86.60
119	168252	87.84
119	44022	81.17
119	78499	85.72
119	122904	85.27
119	106782	85.91
119	442	80.07
119	4993	87.19
119	31685	81.37
119	6365	82.07
119	141004	74.17
119	4148	80.65
119	88744	82.84
119	8644	83.96
120	260	70.29
120	32	69.25
120	5	63.09
120	631	63.61
120	52	66.49
121	497	67.07
121	440	65.50
121	161	65.87
121	527	69.38
121	292	64.49
121	344	62.53
121	186	60.50
121	316	64.36
121	1	67.70
121	19	60.91
121	163	65.79
121	337	66.79
122	27660	91.66
122	69784	91.29
122	7022	92.61
122	148652	69.90
122	4816	90.61
122	56174	90.40
122	94959	91.54
122	81591	90.23
122	71535	93.05
122	30810	89.73
122	2997	93.09
122	1732	93.31
122	108932	92.54
122	780	90.31
122	1090	93.31
122	3253	89.84
122	106782	93.28
122	72226	93.31
122	1200	93.14
122	1214	93.22
123	68554	78.39
123	115569	84.31
123	79132	83.46
123	109487	82.44
123	1196	84.34
123	4226	83.78
123	296	83.90
123	7153	83.87
123	143458	69.90
123	47	83.19
123	96829	85.53
123	2858	83.35
124	56145	78.76
124	2161	79.46
124	260	83.18
124	175	82.31
124	1358	81.06
124	6377	81.50
124	4226	82.85
124	3147	82.89
124	608	82.66
124	1223	82.57
125	5088	69.90
125	86721	69.90
125	110330	69.90
125	54503	79.69
125	72011	78.10
125	162578	81.58
125	119145	79.97
125	176371	79.46
125	55247	79.54
125	1240	79.56
125	86332	78.69
125	68157	81.74
125	112623	76.26
125	4082	68.38
125	160567	83.38
125	3342	74.38
125	109487	79.80
125	88140	77.93
125	98607	69.90
125	81562	81.38
126	364	69.61
126	349	67.17
126	231	64.35
126	380	66.84
126	410	64.17
126	300	67.48
126	253	67.11
126	457	69.46
127	2915	60.34
127	903	64.02
127	55276	61.49
127	5060	63.24
127	272	61.43
128	904	92.06
128	965	89.23
128	926	93.23
128	1066	91.03
128	1721	87.18
128	1080	91.27
128	1198	92.80
129	4370	78.70
129	480	80.67
129	3698	78.13
129	2692	82.30
129	2138	83.05
129	1968	81.05
129	8368	81.84
129	653	76.78
129	7143	81.92
129	316	78.59
129	6874	82.12
129	239	76.80
129	2916	79.82
129	733	80.12
129	4896	80.44
129	2028	83.07
129	3977	74.57
129	3000	81.48
129	1907	79.68
129	31658	82.84
130	208	63.62
130	316	66.44
130	292	66.57
130	110	70.26
130	590	69.37
130	296	71.07
131	2273	69.75
131	6947	71.82
131	58559	75.32
131	908	75.06
131	4878	74.09
131	89745	74.10
131	7256	75.67
131	68237	74.43
131	2722	67.12
131	2028	74.94
131	48516	75.91
131	3178	71.67
131	64614	73.59
131	969	74.06
132	6251	69.90
132	3275	64.96
132	4995	63.10
132	2987	60.97
132	7444	58.72
132	3262	60.75
132	4168	57.41
132	31658	63.95
132	44191	62.94
132	1089	64.57
132	3967	62.81
132	5502	58.84
132	50	64.72
132	58559	64.56
132	5992	61.08
132	2108	59.71
132	1844	63.41
132	2657	59.41
132	47	63.58
132	2470	58.13
133	454	60.07
133	356	63.11
133	589	62.14
133	150	61.38
133	153	55.53
133	380	59.18
133	527	63.50
134	442	67.84
134	595	72.10
134	349	71.35
134	380	71.01
134	367	68.99
134	509	71.15
134	296	74.91
135	592	72.63
135	4084	69.70
135	893	69.98
135	3994	72.72
135	2004	71.31
135	608	76.54
135	1358	74.95
135	3852	70.83
135	3489	71.93
135	1614	68.85
135	1198	77.74
135	4128	74.21
135	1883	69.12
135	2302	70.67
135	1291	76.13
135	410	70.38
135	1261	75.64
135	4022	74.45
135	4881	74.78
135	1077	74.03
136	161	67.82
136	193	60.45
136	585	62.35
136	338	62.85
136	277	64.44
136	380	67.02
136	181	59.07
136	337	68.73
136	437	57.22
136	165	67.90
136	611	62.17
136	151	66.81
136	340	65.47
136	252	66.30
136	432	61.18
136	552	65.21
136	350	65.60
136	280	69.43
136	273	63.82
136	150	69.21
137	6787	83.03
137	2716	81.29
137	1198	84.48
137	750	84.39
137	919	81.70
137	1270	82.82
137	318	85.44
137	150	81.90
137	2997	82.27
137	1200	82.32
137	6986	69.90
137	7153	83.55
137	1242	83.64
137	110	82.79
137	33493	79.66
137	1197	84.26
137	2959	84.57
137	1237	82.47
137	903	82.94
137	7762	81.72
138	2707	77.62
138	1960	80.21
138	1959	80.76
138	849	75.79
138	3996	81.05
139	4025	39.11
139	7445	41.16
139	60684	44.36
139	4865	43.33
139	68319	38.68
139	7090	44.73
139	5502	40.25
139	260	45.91
139	8371	40.51
139	53953	40.95
139	58025	39.37
139	106782	44.57
139	6957	40.06
139	7163	38.37
139	3827	37.70
139	3624	40.09
139	52722	39.19
139	54259	42.29
139	4367	39.79
139	115617	43.76
140	5699	69.90
140	5299	67.86
140	1393	69.92
140	356	73.87
140	609	69.97
140	32596	67.56
140	4795	66.96
140	34072	69.50
140	1617	73.95
140	5256	69.90
140	5943	63.50
140	1084	73.19
140	4337	69.90
140	3108	71.68
140	43396	71.76
140	4719	63.96
140	1005	63.37
140	4321	68.54
140	5812	72.54
140	4259	68.96
141	5418	73.25
141	54503	73.78
141	4963	73.50
141	2478	69.33
141	71535	73.98
141	317	69.69
141	68954	73.90
141	54286	72.83
141	6365	70.37
141	54272	72.22
141	4447	70.74
141	5502	69.90
141	6377	73.88
141	6373	70.95
141	1265	74.02
141	91529	74.53
141	2502	75.35
141	441	73.67
141	1517	71.80
141	48516	76.22
142	434	70.11
142	384	73.36
142	588	75.06
142	50	77.70
142	527	77.73
142	356	77.34
142	337	75.12
142	377	73.10
143	1721	63.50
143	61250	57.60
143	6942	66.06
143	7169	61.35
143	8533	64.95
143	106696	64.35
143	3421	65.10
143	87232	65.90
143	78316	67.35
143	69069	62.85
143	59421	60.15
143	2144	65.50
143	96821	66.49
143	7173	62.44
143	500	63.14
144	589	77.08
144	541	77.90
144	8368	76.64
144	597	74.49
144	590	76.31
144	410	71.50
144	1246	76.75
144	527	78.42
144	356	78.02
144	500	72.90
144	19	69.97
144	2700	75.58
144	434	70.83
144	733	74.92
144	780	73.89
144	1036	76.60
144	5377	76.03
144	552	72.33
144	586	70.92
144	2081	74.42
145	344	63.26
145	339	65.66
145	380	65.81
145	318	71.54
145	588	67.44
146	7293	63.12
146	3257	59.90
146	32	66.06
146	1367	60.62
146	3686	58.67
146	410	60.43
146	47610	63.35
147	1234	71.10
147	168	65.22
147	552	66.59
147	555	70.54
147	2395	68.89
148	88125	79.20
148	5618	80.30
148	108932	78.70
148	81847	78.80
148	72998	77.13
148	5816	77.17
148	8368	79.24
148	7153	80.53
148	81834	79.70
148	4993	80.72
149	1097	56.78
149	1374	57.51
149	1831	48.17
149	1527	56.30
149	260	59.12
149	173	49.56
149	1206	58.83
149	1200	57.64
149	2021	54.92
149	1580	54.88
149	1391	53.13
149	1375	54.28
150	3	70.10
150	1356	73.76
150	5	68.18
150	95	67.62
150	733	72.10
150	1073	74.17
151	786	67.81
151	562	70.63
151	780	70.09
151	837	68.92
151	747	67.30
151	1265	72.85
151	828	71.30
151	1073	73.18
151	1	72.96
151	648	70.51
151	1393	70.26
151	1359	64.85
152	50	83.84
152	2959	84.39
152	116897	84.93
152	89492	81.59
152	1193	83.67
152	69481	82.68
152	85774	79.53
152	115713	82.92
152	111	83.10
152	92259	84.27
152	1234	82.26
152	79132	82.97
152	318	85.27
153	134853	48.54
153	1732	48.31
153	8533	46.14
153	4014	45.22
153	81456	42.54
153	106782	48.29
153	8528	46.93
153	6863	44.54
153	87194	45.54
153	2617	42.82
153	1246	48.19
153	106100	46.29
153	1954	47.86
153	7458	45.63
153	4226	49.30
153	89904	48.92
153	72998	45.98
153	133780	69.90
153	586	42.36
153	36535	46.74
154	114662	85.51
154	119145	86.90
154	81834	87.32
154	122904	86.42
154	106072	83.46
154	76093	87.05
154	77561	85.57
155	153	69.97
155	3286	63.60
155	1200	76.20
155	260	77.68
155	141	73.44
155	2355	73.96
155	2384	67.93
155	2948	75.10
155	432	67.80
155	2959	78.46
156	26313	69.90
156	31038	69.90
156	1230	75.79
156	1711	70.65
156	3341	77.97
156	6296	74.76
156	762	67.33
156	2361	68.81
156	2076	75.44
156	4784	70.47
156	661	72.56
156	2926	72.81
156	8571	69.90
156	47	76.63
156	3176	73.55
156	58	77.22
156	848	70.47
156	866	76.47
156	1485	70.22
156	923	76.66
157	785	68.35
157	3617	66.84
157	2720	61.78
157	2770	67.28
157	527	74.34
158	1093	66.90
158	2605	64.95
158	2872	69.95
158	2723	66.93
158	2428	61.99
158	66320	69.90
159	2959	68.66
159	60069	67.19
159	45720	63.92
159	597	64.19
159	4022	65.28
159	89864	65.42
159	49286	63.45
159	140110	62.09
159	84954	63.24
159	4447	63.07
159	1197	68.35
159	68954	66.23
159	6942	65.51
159	1961	65.46
159	106696	63.80
159	480	65.19
159	539	63.63
159	166643	66.80
159	40819	66.00
159	63082	65.66
160	126	49.35
160	1371	51.72
160	1198	59.12
160	196	50.23
160	3408	54.35
160	5349	55.02
160	3213	56.98
160	2408	49.35
160	839	48.95
160	3593	42.14
160	2748	69.90
160	533	50.26
160	1975	48.35
160	1676	53.29
160	3745	54.20
160	2011	54.45
160	733	55.17
160	3826	47.51
160	778	57.48
160	2840	49.94
161	4980	73.45
161	7247	75.50
161	47610	77.02
161	1223	80.17
161	38038	76.85
161	3429	81.20
161	2144	77.85
161	2336	77.49
162	150	87.25
162	225	84.68
162	168	81.89
162	50	89.36
162	300	85.76
162	266	83.65
162	31	82.66
162	62	86.09
163	1608	55.64
163	1810	56.80
163	1747	56.67
163	1777	57.25
163	1837	50.17
164	1036	87.99
164	2916	86.01
164	110	88.59
164	589	88.48
164	3527	85.83
164	1101	83.99
164	1201	89.51
164	2167	84.09
165	2353	71.40
165	3624	70.00
165	110	74.82
165	5505	70.10
165	5527	70.24
165	3256	72.01
165	5956	72.04
165	5418	73.52
165	5530	63.74
165	5450	70.24
165	1127	71.93
165	3409	68.63
165	5881	69.89
166	33794	83.14
166	1721	80.14
166	4011	84.47
166	5378	78.40
166	3481	81.93
166	49530	82.45
166	2353	80.65
166	47644	76.98
166	54272	81.74
166	8961	82.91
166	1198	85.75
166	2542	83.99
166	1036	83.48
166	608	84.55
166	434	77.71
166	5219	78.53
166	5418	82.76
166	2396	82.06
166	349	81.35
166	2324	84.65
167	33493	70.39
167	4886	72.43
167	778	73.57
167	3052	71.56
167	7147	72.96
167	6857	72.08
167	45501	65.94
167	6480	69.90
167	1682	72.12
167	2231	72.13
167	784	66.60
167	33794	72.59
167	2083	72.19
167	2413	69.94
167	6333	72.10
167	8961	72.37
167	2139	70.71
167	150	72.64
167	6773	72.44
167	35836	70.97
168	3730	93.32
168	1248	93.53
168	1201	93.22
168	1089	93.35
168	296	93.08
168	923	92.38
168	1222	93.24
168	5291	89.80
168	3543	91.86
168	1302	89.04
168	3362	91.58
168	1148	92.05
168	3101	87.07
168	57669	93.32
168	2076	91.16
168	1729	89.37
168	908	93.09
168	85354	86.20
168	80463	91.83
169	3536	84.50
169	2028	88.27
169	364	87.35
169	953	86.73
169	4886	86.49
169	5400	80.50
169	8644	85.29
169	524	84.00
169	2795	84.19
169	1022	83.85
169	3114	86.49
169	3967	86.90
169	1517	84.83
169	1035	87.06
169	8641	86.00
169	6365	83.40
169	661	83.59
169	457	87.13
169	3287	75.50
169	1416	83.30
170	318	71.43
170	296	69.60
170	586	62.49
170	377	65.39
170	34	66.60
170	592	65.34
170	277	63.12
170	500	64.46
170	266	64.28
170	588	67.34
171	485	89.19
171	1220	94.87
171	1025	93.89
171	801	89.12
171	1259	95.49
171	1079	95.38
171	828	93.72
171	317	90.95
171	869	92.72
171	380	92.74
171	1136	96.04
171	1225	96.43
171	661	91.81
171	318	98.45
171	47	95.89
171	1198	97.49
171	1208	97.32
172	3087	72.22
172	3578	77.42
172	7438	77.58
172	2072	72.53
172	3793	76.22
172	2762	77.07
173	10	76.35
173	329	75.23
173	586	73.14
173	597	76.69
173	588	77.99
174	553	74.61
174	520	70.96
174	224	73.97
174	648	73.11
174	161	73.75
174	317	71.12
174	158	68.03
174	780	72.70
174	315	69.77
174	485	69.37
174	282	71.50
174	440	73.36
174	350	71.52
174	10	72.95
175	531	68.26
175	8911	69.90
175	43904	57.70
175	38388	70.70
175	8362	66.20
176	165	77.35
176	434	73.16
176	39	75.65
176	368	76.47
176	380	76.48
176	780	76.21
176	47	79.61
176	471	77.18
177	42002	66.30
177	91542	68.53
177	6332	61.50
177	3668	68.50
177	45672	65.03
177	783	66.30
177	27706	65.66
177	2657	66.50
177	114662	68.70
177	1206	71.29
177	83132	69.00
177	5218	68.21
177	508	68.06
177	3114	69.48
177	1321	67.50
177	2176	70.00
177	8798	68.70
177	88140	68.04
177	2012	66.78
177	339	67.40
178	7361	84.68
178	527	85.00
178	2329	84.78
178	5995	84.66
178	6502	83.30
178	4235	83.28
178	1198	85.42
178	208	77.14
178	6539	82.72
178	296	84.58
178	349	81.04
178	10	80.70
178	4226	84.41
178	1240	82.83
178	2579	82.15
178	318	86.42
179	367	72.62
179	589	77.59
179	161	75.42
179	231	72.15
179	288	72.88
179	743	68.01
179	1061	75.48
179	317	72.81
179	786	72.09
179	592	74.26
179	671	73.38
179	296	78.53
179	434	71.32
179	364	77.44
180	1261	75.36
180	260	76.79
180	1748	75.78
180	1242	76.62
180	2140	72.94
181	157	57.75
181	593	62.78
181	596	58.48
181	353	59.80
181	539	58.59
181	516	57.13
181	132	55.75
181	169	51.46
181	25	59.40
181	31	56.37
181	542	53.95
181	6	61.80
181	707	55.20
181	185	56.11
181	464	55.00
181	502	51.93
181	415	54.11
181	480	60.15
181	592	58.42
181	344	56.24
182	4879	69.90
182	6969	69.90
182	3911	71.40
182	2728	70.52
182	4313	69.90
182	8042	73.19
182	1291	73.33
182	3113	65.19
182	3578	72.57
182	1590	65.95
182	161	71.00
182	4452	64.79
182	224	71.27
182	4980	66.94
182	4262	72.59
182	2353	69.85
182	2890	71.59
182	1127	70.38
182	541	73.99
182	6041	71.69
183	480	74.20
183	380	72.83
183	1196	77.13
183	2951	75.58
183	2534	62.31
183	4085	72.37
183	1287	76.98
183	2194	75.01
183	3247	69.16
183	1233	77.31
183	2662	68.09
183	1408	75.34
184	158035	69.90
184	181413	69.90
184	193565	69.90
184	97304	75.81
184	74754	71.31
184	168250	72.17
184	191005	69.90
184	106072	73.46
184	166291	71.31
184	127152	69.90
184	86332	75.62
184	80463	76.95
184	5816	74.79
184	122898	68.91
184	81845	77.50
184	5810	72.60
184	170813	74.31
184	174479	69.90
184	112852	77.99
184	148626	76.98
185	1685	69.90
185	2396	68.69
185	5377	69.55
185	1721	66.76
185	5952	70.55
185	1393	67.57
185	595	68.73
185	2085	67.00
185	4995	70.31
185	899	71.73
186	2605	78.53
186	1214	84.42
186	1291	84.88
186	3745	81.59
186	1269	83.57
186	2527	80.54
186	2532	77.61
186	4361	81.16
186	1307	83.37
186	2968	83.30
186	4306	84.12
186	2541	80.77
186	1702	77.92
186	480	83.10
186	1097	83.48
186	3977	77.01
186	919	83.72
186	3527	82.09
186	593	85.73
186	1196	86.05
187	26122	69.90
187	3949	78.23
187	49272	78.66
187	231	73.47
187	1206	79.72
187	6874	78.75
187	1729	76.10
187	1209	80.08
187	48394	77.66
187	6502	78.57
187	2701	68.00
187	4027	78.01
187	288	74.20
187	2542	78.92
187	7153	79.76
187	39427	66.92
187	6890	77.42
187	1222	79.97
187	8949	77.17
187	1748	79.01
188	2346	89.41
188	1212	95.99
188	594	91.39
188	1282	92.32
188	3469	91.45
188	2396	91.77
188	1091	84.48
188	3341	95.20
188	1264	92.20
188	2206	95.20
189	48516	85.61
189	4993	84.89
189	79132	84.30
189	2959	85.73
189	58559	85.02
190	6711	81.94
190	4776	80.46
190	8784	79.87
190	4995	81.26
190	5630	77.61
190	4306	80.95
190	30749	79.44
190	1221	83.09
190	4975	77.62
190	8961	80.49
190	858	83.45
190	8464	79.36
190	69844	80.94
190	7438	81.12
191	496	69.90
191	21	73.06
191	72	71.23
191	175	76.95
191	494	73.61
191	417	74.07
191	17	75.45
191	6	76.79
191	85	75.53
191	292	73.20
191	314	74.63
191	58	77.49
191	235	74.34
191	213	79.73
191	161	74.58
191	160	70.83
191	162	77.01
192	356	88.68
192	288	82.97
192	316	84.01
192	349	85.07
192	432	78.86
193	44555	72.70
193	55442	72.45
193	4878	72.05
193	6016	72.80
193	307	72.72
193	1270	72.23
193	5618	72.73
194	163	70.78
194	1396	69.37
194	1500	70.67
194	1288	73.81
194	5060	72.47
195	3424	75.60
195	2770	69.31
195	1041	78.73
195	1653	74.87
195	1923	72.63
195	3160	73.32
195	4723	64.56
195	1863	65.46
195	2336	72.85
195	2166	65.06
195	4308	72.27
195	1909	72.06
195	260	76.15
195	2028	75.83
195	3252	72.49
195	2908	72.64
195	1392	78.06
195	1365	75.06
195	70	72.25
195	190	71.06
196	70286	78.07
196	3578	77.93
196	59315	77.28
196	58559	79.69
196	364	78.39
196	1214	78.22
196	110	78.65
197	1513	75.89
197	1240	82.21
197	1882	71.15
197	786	77.54
197	2167	78.64
197	153	76.44
197	1784	80.28
198	3894	69.90
198	3499	71.02
198	920	68.77
198	1213	73.14
198	3949	71.27
198	1994	68.46
198	1485	65.70
198	2572	69.12
198	4019	71.00
198	1089	73.12
198	110	72.05
198	593	72.97
198	4128	70.19
198	1270	72.06
198	4886	70.95
198	1079	71.62
198	2117	71.41
198	912	73.57
198	1573	68.84
198	1682	70.64
199	5464	67.31
199	2165	69.90
199	2280	69.90
199	736	65.43
199	5673	66.98
199	349	67.11
199	5502	65.17
199	482	69.14
199	8532	69.90
199	1172	70.22
199	300	67.46
199	50068	68.24
199	4881	68.54
199	3175	67.03
199	7445	66.08
199	2973	68.49
199	34338	68.74
199	41997	69.10
199	1956	70.34
199	377	66.46
200	3809	76.65
200	7022	79.48
200	50802	74.40
200	3968	75.40
200	2485	73.08
200	500	76.19
200	5610	68.40
200	590	79.59
200	1029	77.04
200	53996	77.92
200	2572	77.56
200	4993	81.42
200	4041	78.07
200	57640	80.40
200	1302	77.25
200	1784	77.64
200	6383	71.21
200	1653	80.21
200	1569	77.88
200	1517	77.73
201	1748	83.39
201	1527	81.58
201	1584	80.68
201	2858	83.64
201	339	80.21
201	589	83.29
201	2717	76.17
201	994	83.97
201	788	75.18
201	1196	84.62
201	2797	81.67
201	733	81.13
201	1259	83.08
201	2174	79.95
201	1198	85.07
201	2455	79.85
201	1569	80.79
201	1213	84.49
201	160	77.40
201	24	78.22
202	3329	69.90
202	924	78.35
202	29	78.35
202	2289	78.09
202	1197	80.33
202	1196	80.09
202	2966	78.41
202	161	76.59
202	608	79.34
202	1209	79.93
202	1296	76.53
202	3194	72.78
202	1784	76.02
202	469	76.78
202	923	78.97
202	2000	76.55
202	1587	72.66
202	1719	81.78
202	3147	79.58
202	32	78.81
203	56174	75.97
203	8665	77.41
203	2407	74.98
203	5952	79.06
203	590	78.31
203	49272	78.84
203	40815	77.87
203	333	78.00
203	296	80.01
204	1136	84.12
204	3949	83.11
204	33794	82.95
204	48394	82.53
204	27075	69.90
204	1080	84.04
204	79008	84.40
204	6104	85.30
204	8874	83.32
204	81591	80.49
204	4878	83.72
204	91658	80.71
204	711	78.17
204	2313	82.71
204	86320	78.55
204	55820	83.42
204	5218	81.51
205	912	86.52
205	99114	84.07
205	91542	82.94
205	5816	82.38
205	95167	82.22
205	96079	84.30
206	36	85.79
206	608	87.36
206	733	84.60
206	140	83.11
206	141	83.63
207	2991	54.61
207	2428	47.20
207	2707	51.73
207	3740	56.09
207	100	49.03
208	1210	71.56
208	2628	65.44
208	380	67.56
208	2353	67.19
208	2278	68.21
208	2762	69.58
209	60684	90.29
209	1291	90.92
209	68157	92.12
209	74458	91.01
209	185029	92.26
209	122886	90.08
209	88125	90.26
210	123553	69.90
210	34405	83.60
210	166203	69.90
210	3147	85.00
210	31696	80.36
210	7649	76.20
210	58559	85.35
210	2105	80.17
210	6365	80.10
210	34397	69.90
210	4625	72.20
210	84772	78.20
210	122926	85.12
210	76093	83.94
210	62836	69.90
210	33493	81.15
210	1584	81.57
210	47610	81.52
210	108932	83.20
210	122918	83.77
211	58559	81.33
211	63113	76.42
211	90405	75.30
211	57669	81.30
211	60684	79.70
211	7153	81.01
211	73017	79.12
211	2105	76.14
211	4367	75.14
211	356	81.09
211	2642	69.56
211	1556	65.88
211	318	82.91
211	44665	79.13
211	85414	78.03
211	1198	81.94
211	1136	80.49
211	260	81.26
212	170697	74.73
212	122920	73.33
212	122892	70.42
212	2571	75.57
212	5218	72.44
212	48394	73.46
212	3578	74.12
212	1196	76.04
212	135143	72.33
212	74795	72.23
212	179401	74.73
212	79132	75.17
212	77800	74.73
212	108932	73.73
212	110102	72.96
212	96821	73.88
212	8874	74.25
212	65261	73.61
212	59784	71.41
212	2291	73.03
213	3285	74.78
213	87520	70.15
213	80363	74.95
213	76251	78.73
213	8957	75.74
213	2860	71.95
213	1234	80.69
213	5419	74.72
213	51935	79.55
213	69844	80.33
213	39446	72.55
213	4132	70.45
213	858	82.83
213	69526	72.88
213	4558	72.62
213	49530	79.42
213	58559	82.10
214	83	69.90
214	628	57.39
214	743	50.38
214	1363	54.95
214	802	56.36
215	1172	80.77
215	4973	81.06
215	63082	79.14
215	1291	80.44
215	2028	81.06
215	3252	77.72
215	3210	76.83
215	1968	79.04
215	1247	80.06
215	49272	80.02
215	1089	81.45
215	72407	71.89
215	5650	79.29
215	318	83.02
215	1208	81.89
215	2000	78.05
215	1197	81.83
215	1196	81.60
215	1297	77.72
215	4019	79.33
216	104	72.68
216	21	72.21
216	3996	74.69
216	3946	67.65
216	2946	70.90
216	3993	72.15
216	3897	74.97
216	2599	72.97
216	34	73.81
216	3994	72.64
216	4034	75.78
216	3363	74.99
216	1965	71.49
216	3422	71.10
216	3555	72.54
216	3253	72.21
216	2087	73.25
216	3986	69.50
216	2018	71.72
216	1923	73.47
217	1867	69.90
217	3434	69.90
217	1275	56.97
217	2468	48.97
217	3197	50.77
217	1912	57.70
217	2302	52.66
217	1876	50.68
217	380	54.97
217	1221	59.49
217	2471	50.57
217	1918	51.31
217	1385	51.97
217	3165	57.97
217	1590	50.73
217	1562	48.03
217	1703	51.22
217	2056	69.90
217	1831	48.11
217	160	52.05
218	2657	67.78
218	2692	71.78
218	1380	67.41
218	1198	73.54
218	6934	65.83
218	5349	69.44
219	60072	61.11
219	2115	63.62
219	59315	64.66
219	6539	64.97
219	442	59.81
219	30707	65.24
219	1704	66.49
219	180	62.19
219	1219	66.03
219	1005	56.31
219	27773	66.13
219	56156	62.31
219	6188	63.80
219	6721	62.91
219	30825	60.79
219	2997	65.46
219	1552	59.60
219	1500	63.55
219	2890	64.31
219	1921	64.71
220	3996	81.16
220	733	80.18
220	1198	84.13
220	3994	79.10
220	6539	81.42
220	1258	82.88
220	1917	77.05
220	4545	78.50
220	33794	81.51
220	165	80.27
220	71264	80.86
220	4623	78.67
220	53464	74.11
220	5218	80.07
220	6365	78.26
220	3751	80.45
220	32	82.40
220	1036	81.86
220	5502	77.78
220	1591	73.22
221	4338	69.90
221	7013	85.14
221	8529	81.22
221	1080	86.14
221	3246	88.29
221	2871	85.64
221	1208	87.49
221	7063	86.39
221	2702	81.09
221	4029	85.59
221	5954	85.03
221	2352	84.23
221	922	87.06
221	2997	85.45
221	1278	85.89
221	2858	86.22
221	1212	88.19
221	1959	84.39
221	1961	84.55
221	3671	85.42
222	81831	69.90
222	100498	53.96
222	48516	67.71
222	1249	67.09
222	99813	63.71
222	91529	66.03
222	59900	59.15
222	93287	65.96
222	1721	62.11
222	2706	62.24
222	3273	57.49
222	2411	57.78
222	64622	61.46
222	7143	65.58
222	87869	63.96
222	778	66.09
222	30825	60.84
222	42011	55.25
222	673	58.73
222	64839	64.79
223	55854	69.90
223	6711	68.20
223	1	67.49
223	736	63.51
223	1961	66.48
223	457	67.48
223	2716	66.39
223	48394	66.56
223	608	68.39
223	8784	66.12
223	48516	69.57
223	3863	62.46
223	4306	67.21
223	260	68.92
223	2683	63.22
224	3496	69.90
224	3044	82.71
224	356	85.13
224	2915	80.75
224	289	78.96
224	3668	82.21
224	1270	84.31
224	2797	82.57
224	1721	80.36
224	2716	82.78
224	1259	83.98
225	2423	72.93
225	1285	74.33
225	588	75.02
225	1717	70.49
225	2791	76.42
225	1321	73.36
225	1136	76.68
225	1197	77.91
225	1753	72.24
225	2004	71.70
225	2371	70.20
225	1407	71.52
225	785	71.68
225	1060	74.40
225	3024	67.36
226	6938	69.90
226	32666	69.90
226	3552	70.32
226	542	64.12
226	1240	71.10
226	3098	70.34
226	2804	71.47
226	3668	69.92
226	3653	74.92
226	2231	70.62
226	145	66.74
226	2253	62.39
226	3052	70.05
226	2628	66.82
226	762	62.78
226	53129	73.12
226	4816	69.00
226	16	71.20
226	2144	70.08
226	46948	67.72
227	46976	84.50
227	52319	85.36
227	81845	87.05
227	109487	86.28
227	134130	87.73
227	215	86.07
227	48738	85.74
227	47099	85.89
227	1196	88.18
227	32587	86.05
227	912	88.48
227	55721	88.36
227	1682	85.55
227	750	88.53
227	778	86.99
227	40629	84.86
227	97913	85.10
227	70286	86.40
227	150	86.06
228	2571	77.00
228	1373	70.15
228	362	73.96
228	318	78.88
228	3113	68.15
229	34	75.12
229	589	77.18
229	377	73.92
229	45	74.04
229	587	73.27
229	5	71.08
229	475	79.50
229	442	71.08
229	597	74.57
229	364	77.04
229	213	80.18
229	110	77.32
229	527	78.54
230	34330	69.90
230	52715	69.90
230	47	61.51
230	7438	60.89
230	527	62.67
230	3147	62.15
230	45499	57.21
230	6537	56.31
230	2291	59.64
230	1387	61.68
230	6863	57.35
230	1485	55.09
230	595	59.47
230	4022	59.82
230	2096	57.92
230	588	60.01
230	4034	61.23
230	1676	57.28
230	8644	59.13
230	2641	55.25
231	92259	84.77
231	858	84.94
231	593	84.10
231	1198	84.82
231	109487	82.46
232	31867	69.90
232	41769	69.90
232	57526	69.90
232	70336	61.45
232	8644	65.99
232	1586	61.00
232	44972	59.95
232	4019	67.25
232	43928	55.45
232	30883	69.90
232	65802	60.70
232	8376	64.80
232	39292	67.26
232	1035	67.75
232	66198	62.20
232	66097	65.76
232	32011	57.70
232	6564	57.56
232	7451	66.44
232	33164	56.20
233	48394	67.44
233	3751	66.79
233	48516	70.45
233	1721	64.86
233	356	69.62
233	106100	66.45
233	162600	69.90
233	608	69.27
233	7153	69.54
233	134214	68.70
233	57669	69.83
233	122920	67.30
233	2329	69.83
233	4239	67.42
233	7371	68.33
233	3977	60.97
233	3147	69.50
233	3948	65.25
233	49272	68.44
233	5418	67.48
234	2616	65.82
234	2140	70.06
234	172	64.54
234	126	64.82
234	1562	62.89
234	4519	68.32
234	153	66.19
234	2710	65.91
234	3624	68.08
234	3483	66.07
234	1391	67.92
234	438	64.82
234	1460	69.82
234	2987	70.38
234	65	63.41
234	260	73.91
234	1359	64.37
234	3175	70.11
234	588	71.49
234	2080	69.59
235	480	73.65
235	736	70.94
235	500	71.04
235	454	73.18
235	592	71.94
235	235	72.83
235	595	73.40
235	32	75.29
235	527	76.62
235	648	72.45
235	223	74.37
235	588	73.93
235	377	71.97
236	1214	69.90
236	1278	69.90
236	1345	69.90
236	1350	69.90
236	1387	69.90
236	1388	69.90
236	1982	69.90
236	1997	69.90
236	1998	69.90
236	2447	69.90
236	2459	69.90
236	2490	69.90
236	2496	69.90
236	2502	69.90
236	2505	69.90
236	2542	69.90
236	2572	69.90
236	2580	69.90
236	2596	69.90
236	2598	69.90
236	2606	69.90
236	2657	69.90
236	2683	69.90
236	2694	69.90
236	2718	69.90
236	2770	69.90
236	2806	69.90
236	2858	69.90
236	3024	69.90
236	3052	69.90
237	32	66.50
237	4254	56.13
237	94959	64.47
237	293	66.18
237	1371	60.83
237	1193	67.60
237	7361	67.49
237	7980	65.72
237	43936	60.47
237	1374	65.94
238	4954	73.37
238	3528	75.17
238	4265	69.17
238	4901	71.07
238	4238	69.47
238	593	76.17
238	4499	75.44
238	4957	63.17
238	1193	76.31
239	58559	85.05
239	5459	77.63
239	4085	80.46
239	380	80.91
239	95	77.24
239	7445	80.23
239	608	84.46
239	7147	83.42
239	6378	81.63
239	2115	81.61
239	4896	82.04
239	36529	82.86
239	3994	80.64
239	33679	80.08
239	47	84.06
239	590	83.09
239	4022	82.38
239	208	77.36
239	733	81.72
239	51662	82.00
240	368	78.94
240	543	77.37
240	480	80.26
240	367	76.90
240	810	70.24
240	500	77.67
240	546	69.65
240	110	81.98
240	173	73.40
240	1	81.53
240	542	74.07
240	104	78.66
240	34	79.80
240	174	74.58
240	204	74.28
240	225	78.51
240	383	75.47
240	262	81.87
240	434	75.60
240	420	74.45
241	81786	69.90
241	71899	84.65
241	527	84.96
241	1206	84.45
241	1193	84.79
241	99114	82.82
241	100714	76.15
241	8981	81.20
241	53123	83.65
241	116897	86.05
241	56367	82.00
241	3910	83.25
241	106782	83.40
241	115569	84.94
241	4235	83.28
241	48780	83.49
242	39	71.10
242	380	71.94
242	231	69.46
242	457	74.55
242	592	71.59
242	454	72.81
242	111	75.43
243	112	81.08
243	353	82.90
243	62	82.91
243	588	83.54
243	193	75.33
243	586	78.69
243	181	73.94
243	376	80.24
244	3090	78.69
244	1049	72.87
244	110	78.04
244	257	74.19
244	165	75.85
244	151	74.78
244	1090	77.72
244	3755	72.86
244	2278	75.62
244	648	75.16
244	1580	74.79
244	1957	77.57
244	1610	76.59
244	1196	79.26
244	3256	75.22
244	1573	74.83
244	1242	78.87
244	3753	73.99
244	2243	73.11
245	3196	53.03
245	2739	53.46
245	3114	52.02
245	3274	49.53
245	1361	55.03
246	1304	88.37
246	616	85.33
246	1680	85.74
246	6016	89.42
246	3081	85.62
246	44191	88.27
246	60684	88.27
246	4973	89.52
246	1732	88.51
246	1298	86.63
246	53125	85.83
246	2291	87.04
246	2692	88.74
246	293	88.45
246	4011	89.23
246	5013	88.39
246	60069	89.13
246	48082	87.03
246	82202	83.49
246	95167	86.06
247	48516	79.97
247	593	79.23
247	2858	78.55
247	49272	77.96
247	1961	76.88
247	44191	77.75
247	527	79.54
247	116797	78.61
247	68358	77.89
247	122886	77.55
247	480	76.60
247	223	77.36
247	1265	77.77
247	2078	76.57
247	1198	79.99
247	1682	76.90
247	6377	77.63
247	1089	79.38
247	953	77.45
247	919	77.21
248	4886	77.96
248	1198	80.73
248	166528	79.42
248	176371	78.04
248	316	75.26
248	147374	81.97
248	102903	74.97
248	189333	78.97
248	122912	77.09
248	58559	80.12
248	5218	76.68
249	110350	69.90
249	102903	73.37
249	2167	72.98
249	94959	75.37
249	84601	74.37
249	2395	74.90
249	97306	74.04
249	3408	74.37
249	89047	69.90
249	91500	74.01
249	91542	75.40
249	40815	76.14
249	69844	76.74
249	904	78.41
249	46723	74.23
249	3826	67.53
249	68791	74.37
249	88812	68.37
249	67695	69.87
249	50	78.68
250	1282	87.90
250	2407	85.15
250	318	91.99
250	1597	82.80
250	1246	88.92
250	8880	85.28
251	142115	100.00
251	293	99.17
251	356	100.00
251	318	100.00
251	1089	100.00
252	164179	87.09
252	89745	87.54
252	6377	87.02
252	164909	81.61
252	1682	86.29
252	166643	87.61
252	143355	83.25
252	78499	87.16
253	44555	92.92
253	916	93.17
253	608	92.89
253	2300	90.84
253	7099	92.04
253	4217	69.90
253	26366	69.90
253	1192	95.34
253	4642	93.24
253	3363	91.43
254	46578	81.75
254	44195	82.96
254	207	79.82
254	49278	78.84
254	6333	81.11
254	780	79.23
254	110	82.54
254	1210	83.46
254	49272	82.18
254	27846	82.01
254	32587	81.63
254	2571	83.30
254	44929	82.44
254	47	82.61
254	293	82.16
254	1580	79.29
254	5995	83.44
254	32	82.48
254	592	79.09
254	48394	81.18
255	1270	56.71
255	4467	56.60
255	2023	52.97
255	3501	46.10
255	1663	55.33
255	1394	57.02
255	3392	49.10
255	2542	56.60
255	2915	53.15
256	3247	75.00
256	88744	78.31
256	377	78.36
256	4973	82.42
256	53972	77.49
256	118696	78.12
256	95441	76.65
256	104841	79.56
256	71535	81.16
256	2953	72.50
256	81229	78.65
256	53121	75.29
256	30707	80.97
256	2571	82.49
256	68791	78.65
256	170	77.15
256	6942	80.36
256	90405	76.77
256	6537	76.61
256	33493	78.59
257	1500	66.51
257	594	66.56
257	2502	69.75
257	494	65.74
257	2406	65.72
258	4995	83.35
258	7147	83.18
258	72641	81.03
258	76093	83.39
258	47099	82.69
259	508	67.82
259	5945	65.60
259	1784	67.50
259	4886	69.25
259	1356	69.73
259	1584	67.63
260	7361	80.91
260	3556	78.57
260	162	80.16
260	903	80.11
260	5690	80.70
260	6337	77.89
260	4878	79.80
260	5617	79.46
260	342	77.04
260	5219	74.43
260	2997	79.44
260	8011	79.89
260	1206	80.68
260	3317	78.69
260	6709	74.16
260	8874	79.40
260	2348	77.89
260	3822	78.89
260	2959	81.74
260	8645	80.64
261	3897	76.95
261	16	77.16
261	2060	71.88
261	296	78.79
261	2723	73.65
261	1682	76.56
261	4085	74.44
261	2194	77.08
261	7361	78.91
261	4238	72.18
261	58559	79.03
262	708	60.70
262	539	61.53
262	457	64.34
262	322	61.10
262	339	61.60
262	85	63.50
262	26	62.82
262	17	63.41
262	213	67.70
262	273	58.54
262	593	65.71
262	728	62.70
263	223	76.38
263	150	76.43
263	500	73.03
263	2987	74.80
263	2953	68.09
263	110	77.31
263	4226	77.99
263	8370	76.57
263	1197	78.79
263	7458	74.33
263	708	73.24
263	1111	78.24
263	2125	75.49
263	6942	75.95
263	5013	76.89
263	163	74.99
263	457	76.87
263	8636	75.66
263	1967	76.36
263	2085	73.62
264	7841	80.03
264	1376	72.81
264	151	73.86
264	5816	74.51
264	1907	74.41
264	1320	71.70
264	1917	71.72
264	150	76.25
264	3578	76.43
264	1090	76.81
264	253	74.35
264	1876	69.75
265	3807	69.90
265	316	67.22
265	253	68.23
265	1302	67.77
265	724	64.78
265	1240	70.10
265	3504	70.92
265	230	66.76
265	3831	68.92
265	1956	71.52
265	3098	69.34
265	529	69.75
265	1270	71.03
265	3791	65.62
265	1177	72.92
265	2322	64.50
265	1488	65.30
265	2474	68.22
265	1198	72.69
265	1962	68.59
266	476	69.90
266	2812	69.90
266	2700	71.82
266	2278	71.02
266	24	68.26
266	2770	67.59
266	2702	68.54
266	64	63.34
266	1405	65.97
266	2580	72.16
266	1527	71.62
266	2167	68.95
266	457	72.99
266	1580	70.19
266	2300	71.84
266	1923	70.91
266	2094	68.79
266	132	67.34
266	2571	74.20
266	2097	67.34
267	2858	87.25
267	593	87.93
267	1175	87.78
267	3006	85.87
267	1302	83.77
267	3999	78.92
267	3113	78.92
267	1093	82.67
267	589	86.90
267	2571	87.78
267	923	87.11
267	3996	85.72
268	1641	66.11
268	587	63.93
268	1125	65.93
268	1911	59.38
268	2802	61.86
268	1036	67.35
268	1370	64.72
268	50	69.17
268	2064	66.54
268	1784	65.10
268	1912	67.60
268	1966	63.36
268	454	65.78
268	1234	67.59
268	2247	60.52
268	1394	68.27
268	2829	63.36
268	802	64.26
268	260	68.94
268	2858	68.19
269	724	70.22
269	743	66.79
269	95	69.70
269	1	76.02
269	63	70.96
269	648	73.58
270	661	58.32
270	62	60.29
270	79	55.77
270	628	59.67
270	14	60.05
270	1356	61.71
270	141	59.09
270	25	59.90
271	3897	64.32
271	32	65.28
271	2791	65.31
271	969	65.14
271	6787	65.57
271	2858	65.58
271	55765	65.25
271	1320	59.92
271	2288	64.78
272	177765	76.12
272	1240	77.99
272	51662	76.92
272	122922	78.44
272	49272	78.56
272	158238	78.00
272	6365	74.72
273	440	79.93
273	593	83.50
273	500	78.27
273	608	83.03
273	223	81.60
273	111	83.03
273	150	81.69
273	21	78.78
273	466	75.07
273	235	80.06
273	520	77.53
274	50147	69.90
274	2947	66.60
274	3037	68.66
274	1645	64.54
274	4951	63.96
274	2036	55.71
274	1359	59.25
274	35957	63.96
274	553	66.40
274	76293	64.71
274	3918	63.42
274	1503	57.21
274	45431	64.25
274	4816	64.79
274	54999	63.21
274	5667	69.90
274	4876	59.91
274	56805	63.96
274	1921	66.51
274	54004	62.46
275	1784	82.95
275	2289	85.02
275	5884	69.90
275	1171	81.85
275	357	82.75
275	1912	85.45
275	2539	79.71
275	235	83.31
275	4886	84.70
275	2572	82.87
275	2355	83.06
275	3253	82.02
275	1192	88.71
275	926	87.91
275	111	86.28
275	2100	80.13
275	3089	87.89
275	1393	82.66
275	1719	88.71
275	1392	88.71
276	673	83.00
276	356	91.14
276	466	82.84
276	104	87.02
276	631	84.66
276	648	87.44
276	2	86.64
276	1367	84.81
276	344	84.69
277	637	71.01
277	736	72.85
277	656	71.15
277	1	76.81
277	780	73.95
277	260	78.24
278	2371	75.20
278	1347	74.26
278	4002	80.66
278	318	84.13
278	2369	73.94
279	134130	76.72
279	1101	71.35
279	166528	76.30
279	90405	70.98
279	61132	71.73
279	79132	76.29
279	56782	76.90
279	97913	74.09
279	1608	71.32
279	4226	76.61
279	59315	74.60
279	88129	74.52
279	54286	74.22
279	1258	76.37
279	8665	74.16
279	58559	77.00
279	4993	76.88
279	8376	72.45
279	107406	72.85
279	1200	75.46
280	92535	82.17
280	344	75.12
280	262	80.67
280	3146	71.92
280	4239	79.39
280	4447	76.94
280	8638	81.05
280	919	79.66
280	72641	78.05
280	86817	71.67
280	8368	80.21
280	49530	79.13
280	6863	76.67
280	35836	78.20
280	55052	77.24
280	54503	79.98
280	4246	78.47
280	48516	82.41
280	1911	72.19
280	3916	79.28
281	46578	61.50
281	8361	56.35
281	35836	59.73
281	3897	61.27
281	3861	54.70
282	5995	85.47
282	3977	76.75
282	3263	76.63
282	25	82.12
282	6708	82.85
282	2683	79.87
282	4718	77.91
282	6711	84.85
282	5481	78.04
282	6863	80.47
282	5669	83.74
282	3752	79.42
282	588	83.14
282	80463	84.11
282	1921	83.27
282	1193	85.61
282	4369	78.85
282	48322	85.47
282	1194	81.10
282	784	77.63
283	1580	65.34
283	39	64.72
283	1704	69.08
283	356	69.47
283	586	62.33
283	2082	60.20
283	805	66.30
284	474	73.78
284	173	67.42
284	2	72.31
284	296	76.84
284	15	69.89
284	348	73.64
284	248	69.89
284	318	78.68
284	47	76.08
284	353	73.94
284	275	62.69
284	44	66.70
284	339	72.81
284	367	70.93
284	276	71.39
284	165	73.82
284	637	69.75
284	235	73.49
285	1193	83.71
285	949	81.97
285	1247	82.35
285	6978	77.57
285	113207	69.90
285	4447	78.84
285	441	81.77
285	296	83.46
286	454	73.45
286	778	75.66
286	5989	75.14
286	1333	73.56
286	165	73.43
286	500	71.33
286	7438	75.08
286	2294	70.62
286	4993	76.56
286	4995	75.22
286	7361	76.56
286	70	72.72
286	4980	69.28
286	1258	76.05
286	4963	74.56
286	1097	74.28
286	4848	75.35
286	539	72.36
286	377	72.25
286	110	75.62
287	3160	57.20
287	3578	58.32
287	223	58.07
287	2633	58.93
287	1059	57.51
287	586	52.75
287	3005	53.27
287	532	53.27
287	1193	60.07
287	2599	56.01
287	2028	59.71
287	1485	52.68
287	3826	49.09
287	2081	56.25
287	8949	57.18
287	2012	55.22
287	101	58.53
287	4034	58.82
287	2422	45.43
287	2115	56.64
288	4473	69.90
288	4966	69.90
288	1008	69.90
288	2867	62.99
288	42015	61.92
288	141	63.27
288	2571	67.26
288	13	62.14
288	53519	62.00
288	2407	62.30
288	5418	65.20
288	3916	65.03
288	2347	54.42
288	2528	62.07
288	30810	62.62
288	575	56.67
288	32587	65.61
288	587	62.50
288	2517	60.80
288	8361	60.58
289	3	69.90
289	16	69.90
289	235	69.90
289	266	69.90
289	594	69.90
289	708	69.90
289	750	69.90
289	1080	69.90
289	1101	69.90
289	1208	69.90
289	1220	69.90
289	1258	69.90
289	1917	69.90
289	2012	69.90
289	2174	69.90
289	2710	69.90
289	2797	69.90
289	4322	69.90
289	6125	69.90
289	6327	69.90
289	6453	69.90
289	7025	69.90
289	7028	69.90
289	26704	69.90
290	1228	86.29
290	1299	87.05
290	2494	85.47
290	2739	85.89
290	608	86.02
290	2130	84.27
290	908	86.36
290	341	69.90
290	1447	80.47
290	342	82.62
290	1056	78.87
290	1719	88.47
290	953	84.70
290	928	85.89
290	1394	85.88
290	2648	85.09
290	475	87.78
290	2731	84.34
290	1357	84.53
290	2385	73.47
291	40815	91.27
291	122892	88.19
291	106489	89.50
291	134853	92.50
291	7153	93.34
291	88125	92.01
291	1	92.16
292	520	64.35
292	103339	64.04
292	122900	67.87
292	4896	67.43
292	2291	67.59
292	474	67.18
292	85056	64.04
292	46972	63.74
292	95167	66.61
292	164909	63.29
292	3176	66.37
292	3476	65.79
292	1608	64.76
292	31221	57.29
292	1101	64.79
292	3985	65.54
292	3984	66.08
292	1017	65.79
292	69844	68.67
292	231	63.84
293	1682	51.71
293	1673	54.03
293	344	47.50
293	1617	54.02
293	1097	51.78
294	416	45.22
294	3869	53.05
294	1064	50.72
294	2794	46.68
294	610	51.98
294	2133	51.40
294	1391	50.31
294	3868	51.19
294	1129	52.34
294	520	50.28
294	3387	51.22
294	355	44.56
294	2378	47.82
294	3693	45.22
294	785	50.53
294	2193	52.53
294	2367	47.72
294	2458	45.22
294	348	52.97
294	3501	44.72
295	1221	81.35
295	3198	78.91
295	1287	81.00
295	1213	81.01
295	4351	75.03
295	1198	81.60
295	858	81.72
295	318	82.59
295	2329	80.96
296	160848	69.90
296	2028	83.21
296	169034	69.90
296	4144	83.00
296	50	83.76
296	2324	83.09
297	832	47.94
297	543	46.98
297	1645	48.30
297	111	52.05
297	454	49.41
297	1089	52.63
297	6	51.52
297	1249	52.60
297	1047	46.29
297	1370	48.34
297	1488	45.85
297	150	50.69
297	170	46.97
297	1092	46.82
297	866	51.47
298	57640	50.35
298	95510	46.96
298	6811	42.35
298	8370	49.68
298	8807	48.13
298	63131	47.95
298	6881	50.35
298	3785	43.72
298	122900	48.93
298	103042	46.64
298	6294	42.35
298	2167	45.95
298	2005	48.19
298	6006	45.35
298	653	44.83
298	55995	42.85
298	3018	46.22
298	69757	48.49
298	103772	46.45
298	3825	42.85
299	3793	78.37
299	1387	80.50
299	188	76.42
299	1198	81.94
299	1214	79.86
300	318	69.90
300	356	69.90
300	527	69.90
300	593	69.90
300	1172	69.90
300	1704	69.90
300	2028	69.90
300	2324	69.90
300	2329	69.90
300	2571	69.90
300	2762	69.90
300	2858	69.90
300	2959	69.90
300	4848	69.90
300	4973	69.90
300	5995	69.90
300	6016	69.90
300	6711	69.90
300	7361	69.90
300	8950	69.90
300	48394	69.90
300	56174	69.90
300	63082	69.90
300	79132	69.90
300	81591	69.90
300	92259	69.90
300	99114	69.90
300	109487	69.90
300	112183	69.90
300	112290	69.90
300	112552	69.90
300	112556	69.90
301	21	66.68
301	357	67.42
301	2490	66.98
301	6711	70.74
301	589	70.36
301	8949	68.60
301	837	65.98
301	3948	66.91
301	364	70.22
301	527	71.70
301	5989	69.97
301	4963	69.39
301	608	70.93
301	292	66.81
301	3578	69.76
301	3897	69.43
301	4226	71.12
301	3753	66.41
301	1393	67.32
301	1792	64.36
302	480	81.43
302	14	80.85
302	3	78.85
302	25	80.70
302	648	80.26
302	707	76.49
302	110	83.16
303	5378	73.50
303	3703	77.54
303	1127	76.29
303	5544	79.09
303	1196	80.41
303	3471	77.38
303	1580	75.94
303	1394	79.51
303	2683	74.49
303	920	75.90
303	1358	78.06
304	314	77.98
304	2571	80.94
304	2433	74.46
304	10	77.13
304	1376	75.86
304	480	78.46
304	1373	74.08
304	1777	77.16
304	1270	80.19
304	1517	77.41
304	151	76.91
304	356	81.01
304	208	73.55
304	474	77.97
304	1214	79.77
304	1375	76.33
304	640	72.80
304	1722	73.84
304	185	74.43
304	2701	69.16
305	74624	69.90
305	140627	69.90
305	87869	79.68
305	919	80.66
305	1197	83.22
305	106100	79.43
305	138210	77.68
305	788	73.54
305	7482	81.30
305	80590	74.18
305	103075	77.18
305	903	81.90
305	6537	76.64
305	93840	81.68
305	54736	79.68
305	592	78.31
305	2288	81.21
305	58803	79.28
305	55276	79.37
305	1272	81.25
306	5784	57.01
306	68954	67.93
306	69644	61.17
306	6377	67.92
306	95543	65.51
306	81847	67.61
306	111743	61.38
306	85367	60.51
306	168418	66.51
306	167018	64.51
306	72998	65.94
306	122904	67.61
306	69406	66.20
306	85788	61.01
306	4963	67.53
306	115664	65.51
306	134368	66.66
306	112852	69.18
306	161634	64.01
306	133419	64.65
307	2190	69.90
307	4181	69.90
307	31424	69.90
307	49314	69.90
307	5010	55.12
307	7845	50.68
307	3392	48.43
307	1220	55.09
307	6793	43.43
307	6483	34.93
307	2332	40.93
307	56003	49.93
307	1991	48.60
307	3273	47.46
307	4876	48.13
307	3421	53.69
307	1409	46.76
307	413	49.60
307	4447	52.20
307	52867	69.90
308	2959	51.88
308	45517	46.30
308	96821	49.15
308	72998	47.44
308	318	52.79
308	2	46.42
308	904	51.04
308	589	50.01
308	8961	48.93
308	56152	47.75
308	56367	48.35
308	5618	50.61
308	36	49.01
308	410	44.42
308	79132	50.46
308	4993	51.05
308	8464	47.79
308	1221	51.53
308	2248	48.88
308	6	50.05
309	2202	82.54
309	1645	75.62
309	898	81.50
309	1682	77.47
309	296	79.66
309	1089	79.94
309	1269	77.62
309	7153	79.62
309	6947	76.44
309	8340	77.29
309	1104	81.56
309	7218	69.90
309	25886	81.79
309	1219	78.90
309	8154	80.79
309	971	82.99
309	1944	79.12
309	6365	74.69
309	1262	78.37
309	2762	77.83
310	6863	68.03
310	6947	69.68
310	1101	67.53
310	6503	62.40
310	2524	68.17
310	2457	70.03
310	5899	72.03
310	733	69.85
310	246	73.77
310	3254	67.60
310	1223	72.50
310	1080	72.27
310	2671	69.87
311	6561	69.90
311	5992	45.40
311	1517	45.07
311	6461	46.53
311	1407	42.89
311	2706	44.02
312	5816	74.45
312	1375	73.23
312	3499	76.04
312	589	76.95
312	2454	73.23
312	1358	75.95
312	4878	76.90
312	4103	75.69
312	3793	75.17
312	2028	77.75
312	1371	71.34
312	4121	71.73
312	2366	74.84
312	2747	69.98
312	4105	74.73
312	5446	73.38
312	2699	69.81
312	2529	76.34
312	1350	76.63
312	1356	76.45
313	4980	65.92
313	170	67.67
313	3917	70.50
313	2455	68.72
313	5544	72.17
313	541	72.97
313	2193	69.48
313	2000	69.93
313	6	72.22
313	1968	70.92
313	1089	73.33
313	1301	70.67
313	1240	71.35
313	3175	69.46
313	4865	70.67
313	2005	70.02
313	2167	67.78
313	1375	68.42
313	2087	69.52
313	2530	64.67
314	7	60.29
314	1042	59.30
314	44	55.47
314	165	62.58
314	457	64.33
314	293	64.38
314	597	62.05
314	329	60.59
314	442	58.56
314	26	62.78
314	830	58.20
314	728	62.66
314	618	69.90
314	107	61.09
314	536	58.66
314	10	61.71
314	1376	60.44
314	153	58.06
314	208	58.16
314	150	63.89
315	1262	70.62
315	2729	68.53
315	2529	70.39
315	2067	71.83
315	2553	66.53
315	909	68.73
315	902	69.76
316	1748	64.63
316	253	61.86
316	3968	59.54
316	158	56.68
316	5445	62.29
316	3751	62.63
316	7438	64.09
316	6874	64.37
316	48	60.17
316	3882	56.93
316	2572	61.71
317	133115	69.90
317	73321	73.88
317	91529	77.76
317	74545	76.20
317	7445	74.03
317	1213	78.87
317	48774	77.76
317	4262	77.10
317	1884	77.79
317	5989	77.31
317	3578	77.09
317	4011	78.18
317	68358	77.36
317	1208	79.30
317	72011	75.41
317	3897	76.77
317	3499	76.76
317	96829	80.20
317	116797	78.08
317	56782	78.75
318	26713	69.90
318	81191	69.90
318	90245	69.90
318	111817	69.90
318	127180	69.90
318	145080	69.90
318	150696	69.90
318	7445	74.52
318	1090	77.95
318	116799	77.43
318	82459	76.18
318	48385	73.65
318	2294	73.27
318	64839	77.01
318	88125	77.68
318	109487	77.59
318	4021	81.18
318	33794	77.33
318	54286	76.54
318	89753	77.68
319	115617	91.05
319	6377	91.53
319	356	93.04
319	136864	81.50
319	1221	93.64
319	122904	91.22
319	110	92.21
320	72998	67.13
320	71535	69.21
320	31184	68.20
320	59315	68.44
320	1013	65.03
321	587	71.70
321	356	76.56
321	160	69.70
321	592	72.28
321	597	72.99
321	780	72.40
321	339	72.52
321	355	64.94
321	410	70.02
321	3	71.42
321	500	71.41
321	457	75.27
322	2882	59.29
322	1968	70.04
322	2542	71.29
322	58559	72.44
322	2788	71.43
322	2146	67.54
322	2617	65.57
322	2918	70.68
322	778	71.42
322	2599	68.37
322	4027	70.38
322	4993	72.32
322	1230	70.60
322	51540	69.16
322	1	70.95
322	1617	72.28
322	1923	68.86
322	4010	64.79
322	11	69.41
322	1035	70.84
323	377	58.95
323	480	60.60
323	356	63.15
323	1094	58.91
323	161	60.05
323	115569	63.51
323	1198	63.99
323	29	61.79
323	551	59.79
323	22	57.38
323	318	64.97
323	112183	57.65
323	253	59.54
323	111659	53.22
323	3257	56.10
323	260	63.31
323	150	61.43
323	329	58.14
323	342	59.38
323	266	57.84
324	2764	55.70
324	3972	55.20
324	3864	41.20
324	3949	54.00
324	3897	53.76
325	2848	69.90
325	235	72.13
325	2986	67.03
325	262	74.53
325	1573	71.41
325	2596	72.28
325	1584	71.90
325	1217	76.78
325	1676	70.47
325	4714	62.53
325	3770	64.93
325	3261	70.03
325	2894	69.90
325	2155	71.53
325	1279	75.53
325	1614	67.40
325	3994	71.27
325	2268	72.82
325	2915	71.07
325	5008	77.53
326	8665	81.63
326	47610	80.64
326	20	73.98
326	2858	83.64
326	86882	79.96
326	5418	82.09
326	4973	84.09
326	133771	81.81
326	48774	83.38
326	2324	83.98
326	1293	83.74
326	2692	83.32
326	72605	79.56
326	70159	78.81
326	54286	81.68
326	5446	79.71
326	6591	86.31
326	4226	84.07
326	105844	80.31
326	31410	82.03
327	3301	82.44
327	150	84.89
327	858	87.58
327	1923	83.26
327	51255	85.26
327	48516	87.44
327	1304	85.32
327	765	81.31
327	6888	75.20
327	2706	81.98
328	2687	64.11
328	112852	69.03
328	70286	67.88
328	1196	69.67
328	457	68.00
328	364	68.20
328	80463	67.98
328	3489	64.30
328	318	71.10
328	595	66.48
328	5349	66.02
328	2542	68.35
328	1219	68.47
328	35836	65.88
328	3751	66.44
328	79091	66.85
328	7153	69.19
328	596	65.08
328	2398	68.35
328	1148	68.20
329	130482	69.90
329	136850	69.90
329	858	56.35
329	1884	54.55
329	750	56.13
330	5378	71.47
330	316	73.37
330	1639	74.42
330	2918	76.45
330	919	76.05
330	3949	76.37
330	3535	75.09
330	5349	74.73
330	380	74.09
330	1676	73.00
330	2502	77.95
330	3703	75.51
330	1682	75.75
330	2683	72.47
330	1206	77.86
330	1721	73.22
330	2791	77.12
330	2081	74.38
330	8874	76.58
330	592	73.73
331	8874	74.75
331	6157	66.51
331	88125	74.73
331	6539	74.29
331	3897	74.30
331	4446	72.23
331	7361	76.26
331	50872	74.13
331	4995	74.92
331	4306	74.62
331	6874	75.06
331	5502	70.66
331	3911	73.45
331	608	75.79
331	4447	71.50
331	593	76.24
331	3751	73.32
331	8665	73.55
331	4367	70.20
331	2959	77.09
332	47	74.97
332	1653	74.62
332	1258	75.33
332	316	71.10
332	8983	71.62
332	431	73.17
332	97757	69.90
332	2291	73.10
332	1835	71.31
332	356	75.71
332	5502	70.23
332	4308	72.02
332	1203	75.51
332	1682	73.49
332	1249	75.93
332	76251	72.58
332	2905	75.81
332	318	77.53
332	2294	69.90
332	32	74.84
333	3785	47.65
333	3752	49.22
333	3616	49.56
333	3615	49.48
333	3646	42.28
334	55820	70.32
334	1196	72.01
334	1580	67.54
334	1291	70.84
334	3996	69.49
334	589	70.67
334	30810	66.89
334	4027	69.78
334	1	70.35
334	64957	67.69
334	1625	68.79
334	50601	61.69
334	44195	71.21
334	27416	70.69
334	6867	68.36
334	2997	70.25
334	293	70.40
334	480	69.06
334	5378	65.10
334	51935	69.29
335	780	75.14
335	592	75.03
335	356	79.35
335	296	79.31
335	2699	71.16
335	2001	73.60
336	1267	92.59
336	1	90.69
336	38798	85.03
336	33660	91.36
336	1784	88.27
336	2001	86.30
336	2268	89.32
336	293	90.74
336	1625	89.13
336	4886	90.02
336	50	92.35
336	150	90.23
337	318	86.59
337	47	84.03
337	16	83.14
337	805	81.68
337	1393	80.82
337	266	79.47
337	667	75.46
337	168	77.71
337	784	77.02
337	65	74.46
337	110	83.94
337	708	79.87
337	25	81.52
337	1356	83.34
337	277	78.33
337	786	78.38
338	189111	69.90
338	190207	69.90
338	190215	69.90
338	190219	69.90
338	7153	63.88
338	593	64.06
338	187541	63.03
338	185029	64.53
339	72641	82.55
339	5445	82.92
339	84152	86.03
339	96079	84.57
339	106072	81.31
339	69122	83.14
339	5617	84.74
339	41285	80.89
339	56869	69.90
339	48322	86.17
339	65216	84.17
339	91630	82.34
339	86504	85.92
339	91529	85.24
339	83613	79.17
339	4993	86.19
339	3470	85.92
339	102407	81.05
339	2028	85.94
339	5952	85.11
340	10	69.90
340	110	69.90
340	150	69.90
340	153	69.90
340	161	69.90
340	165	69.90
340	185	69.90
340	208	69.90
340	253	69.90
340	288	69.90
340	292	69.90
340	296	69.90
340	316	69.90
340	318	69.90
340	329	69.90
340	344	69.90
340	349	69.90
340	356	69.90
340	454	69.90
340	457	69.90
340	480	69.90
340	589	69.90
340	590	69.90
340	592	69.90
340	595	69.90
340	648	69.90
340	780	69.90
340	1356	69.90
341	2335	74.82
341	3624	75.16
341	130087	73.90
341	1370	76.77
341	135137	73.15
341	117529	75.85
341	5459	73.63
341	45672	74.43
341	1	79.56
341	47099	78.93
341	4025	74.19
342	2683	58.92
342	2598	56.12
342	2881	58.37
342	2369	56.10
342	1268	62.02
342	2605	57.31
342	2599	60.59
342	1198	65.28
342	3157	55.67
342	3826	53.68
342	2428	54.35
342	2827	52.27
342	3863	58.16
342	1959	62.02
343	858	86.54
343	3000	83.83
343	48394	83.39
343	4226	85.41
343	4878	84.57
343	3993	80.90
343	2571	85.52
343	1617	85.64
343	31658	85.19
343	55363	86.15
343	55820	84.28
343	296	85.56
344	111362	74.72
344	380	73.01
344	316	72.29
344	2628	70.89
344	4226	76.75
344	2571	76.86
344	4014	72.66
344	2012	72.27
344	4034	75.87
344	260	77.08
344	2541	72.02
344	4973	76.76
344	5418	74.77
344	2712	74.01
345	1019	77.71
345	2539	74.21
345	926	82.41
345	5902	80.21
345	8810	72.61
345	344	74.65
345	5707	74.21
345	2366	78.07
345	56949	76.29
345	3649	71.21
345	6658	69.90
345	3489	76.16
345	412	76.12
346	3174	74.42
346	778	77.67
346	608	78.11
346	6711	77.93
346	6286	77.55
346	306	78.80
346	7323	75.96
346	307	78.15
346	3535	75.58
346	1212	79.84
346	357	74.59
346	3949	76.86
346	714	78.15
346	7937	69.90
346	7396	77.55
346	5878	77.55
346	1120	74.69
346	1131	78.22
346	3627	77.55
346	7115	73.55
347	434	67.48
347	590	72.98
347	39	69.98
347	150	72.97
347	454	71.68
347	380	70.79
347	587	69.84
347	317	68.97
347	457	73.41
348	318	98.33
348	2324	96.27
348	4368	84.35
348	1213	96.78
348	6016	96.28
348	2959	97.46
348	6893	94.60
348	4973	96.37
348	1221	97.12
348	1960	93.55
348	2019	96.33
349	10	74.00
349	161	74.79
349	589	76.96
349	381	76.19
349	349	74.35
349	231	71.52
349	588	75.64
349	509	74.15
350	852	64.91
350	7	65.86
350	637	64.10
350	648	67.44
350	733	68.05
350	12	60.33
350	858	72.11
350	661	66.32
351	88932	69.90
351	87222	73.04
351	73344	78.74
351	52579	69.74
351	2231	74.43
351	88744	72.40
351	43836	71.24
351	79132	76.17
351	597	73.12
351	58559	76.89
351	12	65.84
351	8914	75.49
351	8950	76.03
351	63082	74.59
351	6214	74.88
351	90376	72.74
351	84152	76.59
351	480	74.11
351	4878	75.66
351	1193	76.87
352	72998	75.12
352	71745	71.09
352	1801	76.09
352	34319	73.51
352	2600	76.09
352	65682	75.44
352	1080	77.93
352	79695	70.94
352	110730	66.69
352	38038	74.84
352	130490	70.94
352	97752	75.49
352	1214	77.37
352	94864	72.52
352	41566	73.94
352	56587	73.79
352	44191	77.22
352	114935	73.94
352	59315	76.44
352	47610	75.01
353	552	67.39
353	25	69.81
353	267	65.61
353	216	69.47
353	367	67.20
353	288	67.46
353	144	66.15
353	186	64.62
353	333	71.06
353	266	67.78
353	112	68.38
353	198	67.82
353	234	63.43
353	145	66.97
353	293	71.88
353	158	64.29
353	163	69.91
353	296	73.11
354	1610	75.27
354	4306	76.01
354	2692	76.63
354	3147	77.43
354	47	76.79
354	903	76.85
354	733	74.44
354	3977	68.90
354	1225	77.33
354	35836	74.16
354	648	73.83
354	44191	76.16
354	8665	74.94
354	1917	71.32
354	7147	76.15
354	1923	74.19
354	589	76.60
354	2959	78.48
354	4718	70.07
354	1196	77.94
355	316	79.33
355	1580	79.88
355	3035	84.23
355	3175	80.32
355	317	78.26
355	916	83.86
356	2248	82.32
356	52435	82.78
356	52975	80.72
356	7122	69.90
356	44889	69.90
356	1641	81.70
356	2706	79.73
356	4011	83.93
356	802	79.85
356	7323	81.86
356	2502	84.33
356	56367	81.80
356	1223	83.92
356	55118	83.45
356	3949	82.75
356	3996	82.24
356	1246	83.09
356	1466	81.69
356	223	82.59
356	7153	84.28
357	4354	69.90
357	8998	69.90
357	27329	69.90
357	2804	82.44
357	595	81.01
357	529	81.71
357	4663	73.89
357	4091	78.39
357	1224	82.89
357	1242	83.81
357	34	80.81
357	208	76.35
357	58559	84.04
357	6296	81.18
357	30793	77.36
357	1042	77.53
357	2100	77.31
357	551	80.45
357	471	80.67
357	2067	83.69
358	26095	69.90
358	605	56.97
358	5066	58.43
358	52328	61.16
358	2226	69.90
358	42728	59.33
358	7361	64.85
358	69844	63.20
358	36525	56.33
359	405	62.67
359	1092	67.31
359	1101	67.47
359	51412	66.27
359	648	69.18
359	296	72.88
359	1097	70.72
359	2396	70.04
359	2424	66.52
359	593	72.99
359	2701	61.04
359	2942	65.42
359	1682	70.65
359	2530	64.47
359	4995	71.66
360	1422	65.03
360	1620	61.65
360	1488	62.40
360	1711	62.21
360	1414	63.23
361	47099	63.37
361	1580	61.19
361	377	61.06
361	1552	58.03
361	49272	64.08
361	1263	64.25
361	53125	61.43
361	589	64.32
361	49822	60.84
361	8360	62.51
361	318	67.08
361	2529	63.70
361	5218	62.05
361	6188	62.23
361	2422	50.84
361	3082	60.79
361	1732	64.11
361	1370	61.21
361	46972	58.79
361	7458	61.43
362	1945	88.28
362	592	84.32
362	6539	86.74
362	51540	85.55
362	5989	87.29
362	637	81.54
362	70	84.87
362	7153	88.51
362	1252	88.83
362	44665	86.63
362	407	83.48
362	6874	87.50
362	2959	89.53
362	1196	88.99
362	1208	89.28
362	8961	86.60
362	48516	89.42
362	7438	87.23
362	356	88.58
362	1201	88.70
363	1552	61.99
363	1732	68.07
363	1517	65.62
363	296	69.20
363	653	62.77
363	318	71.05
364	858	88.26
364	9	80.87
364	783	82.17
364	376	81.76
364	1	86.03
365	59315	56.31
365	81229	54.57
365	128975	48.57
365	6874	57.39
365	90345	57.57
365	158872	51.57
365	129354	52.42
365	103075	53.07
365	135536	50.07
365	70286	57.10
365	112852	58.24
365	76077	51.90
365	112818	57.57
365	1777	54.64
365	6502	57.21
365	155820	69.90
365	541	58.37
365	95720	53.37
365	93270	49.32
365	135569	54.82
366	116797	84.47
366	59315	82.83
366	33794	83.23
366	91529	84.15
366	2028	84.86
366	122882	82.80
366	7438	83.63
367	926	82.96
367	3061	74.76
367	1270	80.86
367	1287	81.93
367	486	71.76
367	3536	77.76
367	3824	68.26
367	2384	72.09
367	3072	78.04
367	898	83.47
367	3618	77.76
367	3225	70.76
367	2248	79.63
367	3157	72.91
367	3969	78.18
367	3717	75.64
367	1259	80.53
367	4023	75.64
367	1196	82.07
367	1258	81.28
368	3753	56.18
368	2112	53.63
368	1944	60.47
368	2986	52.63
368	3869	57.97
368	1214	59.82
368	2947	59.03
368	415	52.50
368	3035	61.33
368	832	56.60
368	50	61.44
368	2819	60.13
368	1801	58.53
368	2490	56.75
368	1917	54.82
368	1391	55.23
368	2193	57.44
368	225	56.77
368	161	57.95
368	2881	54.99
369	1256	68.57
369	785	65.01
369	47	69.85
369	2706	65.98
369	839	61.30
369	377	66.41
369	52973	67.61
369	743	60.12
369	4214	63.10
369	5418	68.48
369	3863	64.34
369	1372	67.01
369	27904	68.20
369	60069	70.08
369	2857	63.70
369	1967	68.81
369	150	68.88
369	2011	66.79
369	1580	66.54
369	3174	66.57
370	4011	74.37
370	4878	73.80
370	8961	72.81
370	6377	73.29
370	2628	68.78
370	1748	73.96
370	2116	66.88
370	589	73.87
370	2329	75.01
370	7438	73.43
370	3977	66.15
370	1676	69.81
370	593	74.90
370	4973	74.65
370	4226	74.64
370	1240	73.06
370	1089	75.04
370	8636	72.30
370	2716	72.45
371	2571	94.66
371	112512	69.90
371	1258	94.35
371	4090	91.33
371	56715	93.83
371	3000	93.01
371	4226	94.58
371	4993	94.85
371	1748	93.91
372	335	69.90
372	924	69.93
372	318	73.10
372	1603	61.63
372	1479	64.50
372	589	70.34
372	81	65.48
372	387	59.35
372	616	66.94
372	337	69.11
372	1220	69.51
372	1201	71.38
372	165	68.26
372	1243	70.35
372	1258	70.88
372	377	67.08
372	1401	64.35
372	450	65.85
372	1206	71.15
372	1306	63.60
373	216	64.41
373	60	62.49
373	169	56.81
373	350	62.72
373	585	59.47
373	44	57.91
373	371	64.53
373	163	64.86
373	616	63.68
373	198	62.76
373	265	65.85
373	25	64.76
373	6	67.15
373	733	64.92
373	47	67.30
373	2	63.52
373	736	62.80
373	305	58.69
373	357	64.17
373	141	63.95
374	296	80.02
374	208	72.57
374	1219	79.15
374	480	77.46
374	592	75.74
374	1258	79.56
374	1339	76.03
375	344	76.50
375	1027	74.23
375	32	82.07
375	2628	76.94
375	3256	79.30
375	4226	82.79
375	500	77.83
376	91535	77.82
376	2002	77.07
376	1214	83.27
376	1101	79.09
376	2916	81.11
376	33794	82.74
376	1198	85.35
376	349	80.96
376	1371	77.95
376	376	78.97
376	1240	82.76
376	1375	79.84
376	4993	84.61
376	858	85.47
376	457	83.23
376	4226	84.34
376	5952	83.53
376	344	78.05
376	2763	81.75
376	2797	81.95
377	4942	69.90
377	2793	69.81
377	1262	81.02
377	2791	81.49
377	748	75.63
377	1345	77.17
377	5027	72.44
377	5113	75.44
377	27692	69.90
377	3421	79.19
377	6021	69.90
377	3364	78.44
377	2072	75.94
377	8641	79.94
377	2163	70.19
377	92760	69.90
377	2858	81.76
377	1503	70.94
377	2124	77.10
377	2015	77.58
378	33794	83.52
378	7153	85.20
378	48516	86.11
378	3114	83.35
378	858	86.25
378	68954	83.79
378	91529	84.43
378	71535	83.88
378	90600	82.11
378	364	84.21
379	318	75.00
379	377	68.89
379	19	65.02
379	292	68.62
379	480	70.59
379	367	67.20
379	597	69.53
379	344	66.70
380	60818	69.90
380	172875	69.90
380	172881	69.90
380	172887	69.90
380	355	65.97
380	6979	72.33
380	5476	58.64
380	2735	68.56
380	68194	79.64
380	63433	70.64
380	72356	79.64
380	105731	69.90
380	1833	70.10
380	551	74.20
380	6731	74.64
380	27831	75.35
380	1665	69.39
380	393	70.04
380	140956	74.64
380	2791	76.69
381	2085	70.57
381	1088	69.82
381	3253	70.49
381	185	68.52
381	317	69.41
381	27808	69.69
381	1240	73.36
381	19	67.06
381	3753	70.23
381	4321	69.77
381	72011	71.90
381	3082	70.63
381	333	73.08
381	2140	71.43
381	1385	68.19
381	2273	69.77
381	1208	75.78
381	457	73.82
381	104	70.97
381	2716	72.76
382	1204	73.69
382	142372	59.78
382	135532	67.28
382	1201	72.80
382	112171	67.92
382	1198	73.54
382	912	73.39
382	81847	70.88
382	4638	64.28
382	63540	57.78
382	1681	59.03
382	170289	69.90
382	103042	68.07
382	72737	70.88
382	2496	66.09
382	357	68.83
382	81537	65.78
382	59501	69.15
382	101362	62.18
382	4890	65.61
383	2436	78.87
383	2541	74.30
383	2496	72.58
383	1584	75.64
383	2558	68.84
383	1246	77.91
383	903	78.49
384	3527	61.29
384	1388	57.94
384	2683	59.34
384	2502	64.82
384	4333	56.44
384	3098	62.35
384	4396	56.81
384	457	63.58
384	358	56.74
384	968	62.98
384	2724	57.08
384	296	64.83
384	3991	56.44
384	1204	65.85
385	736	65.66
385	1080	70.22
385	249	68.26
385	1219	70.09
385	1036	69.47
385	1136	70.29
385	282	65.57
385	1073	69.85
385	1200	69.58
385	1228	70.80
385	1022	66.32
385	1007	63.97
385	1201	71.00
385	1246	69.62
385	344	64.44
385	589	69.96
385	1023	66.70
385	1287	71.15
385	594	67.67
385	1303	69.70
386	110	58.55
386	410	52.81
386	112	54.61
386	165	56.32
386	223	57.52
386	648	55.60
386	185	52.77
386	608	58.96
386	485	51.86
386	305	49.98
386	44	49.20
386	585	50.76
386	349	55.79
386	10	55.44
387	4393	69.90
387	5156	69.90
387	5780	69.90
387	7336	69.90
387	26124	69.90
387	40966	69.90
387	2712	65.97
387	5062	67.95
387	1247	67.72
387	5489	69.90
387	4195	61.95
387	7132	68.70
387	2946	62.95
387	1387	68.28
387	3000	67.13
387	51939	59.95
387	4995	67.64
387	912	69.56
387	7938	69.90
387	1783	60.45
388	6158	69.90
388	63239	69.90
388	33615	68.25
388	86298	65.36
388	62999	67.61
388	8360	69.53
389	17	87.46
389	140	85.08
389	628	86.18
389	762	79.61
389	743	79.18
389	95	82.09
389	32	88.80
390	6344	69.90
390	64957	73.76
390	4239	75.47
390	5220	68.75
390	1193	77.89
390	2571	77.60
390	9010	76.75
390	2291	75.05
390	5296	69.25
390	4226	77.51
390	7254	74.18
390	6377	76.16
390	63062	74.25
390	1206	77.55
390	2329	77.88
390	4014	73.43
390	1784	74.00
391	5575	69.90
391	500	73.00
391	3994	73.95
391	1213	78.39
391	516	72.59
391	199	78.21
391	4027	76.30
391	150	76.40
391	1408	76.74
391	4014	73.89
391	1527	75.48
391	1059	75.78
391	2916	74.73
391	4973	77.98
391	357	74.25
391	555	76.38
391	5026	77.21
391	4936	73.21
391	1210	78.22
391	3067	76.35
392	3004	57.78
392	2858	67.11
392	707	60.23
392	1198	68.54
392	1125	64.85
393	91658	74.46
393	102125	74.66
393	48394	76.28
393	36517	72.91
393	8636	75.96
393	110102	75.77
393	44199	75.48
393	5388	73.39
393	54259	75.00
393	4848	77.36
393	5669	76.81
393	1291	77.70
393	68848	77.54
393	86190	75.21
393	2571	78.41
393	1206	78.34
393	122892	73.23
393	106642	80.54
393	1625	75.64
393	106489	74.54
394	588	58.88
394	316	56.54
394	344	54.72
394	225	56.83
394	457	59.87
395	329	57.89
395	1025	60.14
395	296	62.88
395	160	56.07
395	208	55.44
395	173	53.51
395	485	55.45
395	355	51.31
395	520	57.04
395	595	60.10
395	126	53.98
395	48	57.60
395	367	57.00
396	1276	67.04
396	1597	58.90
396	1777	62.46
396	44	56.19
396	204	57.80
396	2081	62.70
397	4017	77.44
397	8645	80.92
397	1701	80.17
397	8228	77.17
397	6993	79.57
398	6408	69.90
398	1197	89.58
398	5971	87.93
398	7022	87.11
398	1198	89.79
398	60069	88.41
398	2455	84.57
398	1136	88.35
398	48516	89.77
398	82459	86.03
399	1198	81.19
399	110	79.59
399	5445	77.15
399	1196	80.74
399	593	80.48
399	480	77.83
399	1270	79.51
399	2194	78.60
400	608	93.59
400	356	93.95
400	2571	93.89
400	2959	94.89
400	7153	93.87
400	1221	94.55
400	3578	92.42
400	858	94.91
400	59615	86.35
401	5952	74.52
401	6297	71.35
401	55768	69.01
401	48982	71.58
401	166461	70.83
401	49274	64.46
401	50872	73.48
401	32031	69.18
401	79091	73.08
401	170939	69.90
401	38038	71.73
401	8360	72.75
401	3114	73.57
401	33615	71.47
401	1136	74.90
402	1084	79.25
402	597	76.42
402	52	76.33
402	329	74.95
402	296	79.97
402	586	72.86
402	315	72.91
402	1036	78.53
402	434	72.77
402	527	80.39
403	110	76.44
403	2427	73.60
403	3210	72.90
403	296	77.25
403	61465	70.36
403	1663	75.09
403	180	72.64
404	204	62.29
404	349	67.26
404	474	67.76
404	34	67.80
404	364	69.73
404	508	67.44
404	105	65.19
404	593	70.90
404	509	67.08
404	277	64.34
404	315	63.75
404	185	64.23
405	70708	69.90
405	293	83.61
405	7254	81.33
405	37731	83.05
405	2959	85.76
405	345	80.78
405	1213	85.08
405	7134	69.90
405	64614	83.32
405	6023	77.90
405	1241	82.10
405	2329	85.03
405	1247	83.68
405	3052	82.03
405	68237	84.16
405	1199	85.21
405	27592	83.90
405	27664	69.90
405	3418	80.05
405	1215	84.80
406	1586	59.16
406	135	59.32
406	56949	62.44
406	46972	60.81
406	724	60.22
407	7153	86.97
407	2959	87.99
407	6539	85.17
407	1240	85.29
407	54286	84.48
408	1198	88.54
408	122904	85.88
408	44840	80.03
408	165101	83.78
408	6618	85.49
408	1291	86.93
408	1210	87.79
408	89745	86.71
408	1278	86.78
408	7324	82.45
408	44	77.59
408	8641	85.28
408	115210	84.98
408	103596	68.78
408	68554	82.14
408	2571	87.62
408	109487	86.19
408	63131	84.38
408	80489	86.56
408	4649	84.78
409	2485	71.42
409	2490	75.36
409	2028	79.52
409	3812	73.60
409	1278	78.74
409	2997	78.30
409	296	79.62
409	1078	73.60
409	3016	73.29
409	1073	78.62
409	2683	74.14
409	2289	78.05
409	3846	73.74
409	912	80.36
409	2013	73.10
409	1911	70.26
409	2352	77.08
409	1230	78.06
409	2541	74.78
409	3174	75.61
410	389	69.90
410	3224	88.57
410	318	87.29
410	2302	79.26
410	4002	83.86
410	1060	82.61
410	4297	81.57
410	3263	76.72
410	1859	81.57
410	111	85.14
410	58	85.32
410	2145	79.28
410	3255	81.36
410	2321	80.74
410	3504	84.57
410	3948	81.11
410	11	82.69
410	4019	83.61
410	3	80.39
410	597	81.95
411	508	65.31
411	261	66.71
411	586	61.56
411	432	58.94
411	353	65.79
411	431	66.10
411	194	67.97
411	318	70.50
411	272	65.37
411	515	65.49
411	356	68.68
411	266	63.36
411	257	63.99
411	349	65.12
411	10	64.79
411	31	62.36
411	344	62.22
411	227	62.09
411	455	57.74
411	122	59.55
412	2828	62.26
412	2384	71.59
412	2915	76.81
412	903	80.48
412	608	80.82
412	2720	69.01
412	2858	80.59
412	1883	73.40
412	1307	78.90
412	1214	79.95
412	1784	77.50
412	2239	84.76
412	1	79.92
412	930	81.67
412	1136	80.58
412	2710	73.35
412	915	78.76
412	2398	80.26
412	17	78.97
412	1079	79.92
413	2706	90.74
413	1198	96.22
413	3753	90.50
413	2424	89.01
413	593	95.46
413	128360	92.10
413	4993	95.48
413	16	93.74
413	5574	91.60
413	3948	91.01
413	64957	91.46
413	2959	96.32
414	4458	69.90
414	4666	69.90
414	5285	69.90
414	5635	69.90
414	6033	69.90
414	6493	69.90
414	6563	69.90
414	6628	69.90
414	6797	69.90
414	48319	69.90
414	58879	69.90
414	169992	69.90
414	3802	59.04
414	3599	65.04
414	1600	71.04
414	8666	57.04
414	4975	67.09
414	7444	66.35
414	4081	59.04
414	177593	75.84
415	296	86.09
415	1213	86.37
415	4321	80.78
415	3507	85.47
415	4308	82.41
415	47	85.36
415	1021	74.70
415	111	85.77
415	2617	79.48
415	1276	86.85
415	3861	77.70
415	4369	79.57
415	99114	84.36
415	1221	86.72
415	63082	84.05
415	1234	84.93
415	45722	82.14
415	1197	86.74
415	175	85.41
416	5952	65.49
416	5951	59.53
416	531	60.09
416	1296	63.28
416	1199	66.84
416	1721	61.69
416	830	59.07
416	1206	66.33
416	7323	63.94
416	4848	65.35
416	3677	70.03
417	778	93.87
417	4995	93.44
417	4975	89.80
417	7254	91.17
417	1198	95.51
417	106782	93.49
417	27773	93.96
417	168250	88.60
417	1625	91.84
417	7153	94.59
417	74458	94.00
417	110102	91.97
417	48394	92.48
417	4878	93.66
418	356	80.06
418	296	80.03
418	63082	77.99
418	104374	78.83
418	1276	80.79
418	1136	79.45
418	117176	75.86
418	1573	76.01
418	137337	77.63
418	1682	77.81
418	5816	76.61
418	88125	78.63
418	74458	79.39
418	367	74.15
418	89745	79.06
418	45672	73.66
418	87869	77.13
418	7361	80.16
418	54001	78.55
419	4093	69.90
419	111	80.82
419	46976	77.89
419	27822	69.75
419	2858	80.58
419	319	79.71
419	6287	74.60
419	3578	79.64
419	1213	81.43
419	64969	78.41
419	47	80.42
419	79592	76.50
419	34319	76.08
419	89580	69.90
419	60756	76.55
419	27704	69.90
419	90943	69.90
419	2412	68.25
419	1240	79.43
419	52245	73.79
420	1161	79.24
420	4993	81.76
420	45499	76.60
420	923	80.93
420	26693	69.90
420	48385	76.21
420	1927	83.14
420	5608	79.24
420	2052	72.90
420	6934	74.78
420	7022	79.81
420	3979	71.40
420	59295	69.90
420	2329	81.86
420	54259	78.20
420	1131	81.40
420	2762	79.78
420	4973	81.51
420	5669	80.01
420	527	82.04
421	2858	80.76
421	909	78.13
421	5008	83.42
421	953	79.65
421	1178	83.42
421	2313	79.33
421	2478	75.28
421	1203	81.13
422	2539	65.50
422	2710	64.59
422	4947	71.50
422	4971	64.00
422	5039	72.10
422	4925	69.90
422	2581	65.50
422	4916	65.50
422	1265	71.05
422	2804	71.05
422	3053	71.50
422	2665	69.90
422	1283	72.05
422	4835	71.50
422	2908	69.08
422	3943	64.50
422	1213	72.68
422	2670	67.50
422	858	73.38
423	1653	82.13
423	110	82.50
423	2194	81.52
423	5349	79.99
423	1320	76.99
424	1193	77.25
424	141	72.96
424	2804	75.66
424	40278	73.34
424	608	76.68
424	108729	73.11
424	293	75.83
424	69122	74.08
424	1092	71.46
424	54503	75.42
424	58559	77.27
424	3186	72.71
424	66097	73.67
424	778	76.24
424	5679	71.74
424	3176	73.19
424	2288	75.65
424	2174	72.75
424	71668	74.61
424	112556	74.92
425	45517	70.12
425	377	70.54
425	2329	74.94
425	733	71.64
425	6	73.86
425	1645	70.65
425	8368	73.36
425	2081	71.14
425	4306	73.20
425	1680	70.82
425	1909	70.82
425	367	68.84
425	46723	70.68
425	1625	71.92
425	1036	73.31
425	4901	69.71
425	750	75.49
425	2353	70.48
425	1342	65.25
425	145	68.63
426	59784	70.60
426	150	73.12
426	471	71.70
426	337	72.68
426	54001	73.34
426	1197	75.47
426	6378	71.65
426	72641	71.30
426	4886	72.92
426	8644	71.71
426	37729	71.00
426	597	71.31
426	5444	72.29
426	91325	61.92
426	588	72.59
426	3247	67.28
426	4022	72.40
426	79091	72.42
427	4887	60.09
427	5463	58.59
427	5015	62.28
427	110	67.07
427	58	67.74
427	5528	63.74
427	6348	54.99
427	5312	62.49
427	2710	60.08
427	5696	54.99
427	4993	68.02
427	5266	61.20
427	2683	62.39
427	5400	59.99
427	5816	64.47
427	1208	68.59
427	5574	64.13
428	2471	48.66
428	2762	55.11
428	3827	48.94
428	1089	57.22
428	2953	46.91
428	2916	53.59
428	1380	51.70
428	1997	55.40
428	3440	44.73
428	4022	54.54
428	317	51.29
428	4255	44.73
428	1208	57.66
428	1391	51.16
428	6377	55.47
428	2581	50.07
428	260	57.15
428	3285	49.89
428	588	54.73
428	653	50.54
429	339	79.95
429	421	78.03
429	150	82.26
429	225	79.68
429	165	80.95
429	266	78.65
429	329	78.96
429	252	79.35
429	279	77.03
429	317	78.26
429	237	78.37
429	204	75.45
430	923	72.94
430	2987	70.31
430	3745	69.60
430	6287	67.10
430	2858	73.08
430	6365	68.66
430	2571	73.61
430	4447	69.02
430	4014	69.43
430	329	68.66
430	2076	71.72
430	4446	69.75
431	172	48.08
431	1625	54.46
431	1376	52.15
431	3948	52.91
431	802	52.77
432	1831	67.29
432	5630	73.18
432	6870	75.60
432	8640	68.81
432	6539	76.20
432	3916	75.75
432	5989	76.75
432	84189	69.90
432	110	77.23
432	35836	74.67
432	4886	76.14
432	2762	76.19
432	1206	77.94
432	49272	76.88
432	19	70.02
432	318	79.88
432	58559	78.29
432	69481	77.29
432	7158	75.00
432	33660	77.48
433	91529	73.88
433	1089	74.97
433	50	75.16
433	5299	68.70
433	110	73.99
434	1136	78.82
434	3147	79.30
434	1090	78.27
434	1265	78.05
434	5989	78.11
434	1101	74.00
434	1779	71.10
434	586	72.32
434	344	72.97
434	3863	73.14
434	1208	80.10
434	3160	76.76
434	589	78.49
434	780	75.29
434	6796	77.12
434	2791	78.56
434	4226	79.26
434	2194	77.70
434	8665	76.81
434	1291	78.66
435	2353	85.84
435	44191	88.71
435	485	82.65
435	3510	85.97
435	34405	88.58
435	2302	83.88
435	158	81.32
435	82459	87.18
435	48780	89.02
436	204	57.51
436	435	55.03
436	440	62.56
436	432	56.29
436	161	62.92
436	480	63.48
436	377	61.82
436	531	59.65
436	536	59.09
436	502	55.27
436	364	64.95
436	235	62.69
436	371	62.52
436	344	59.57
436	2	61.51
436	585	57.46
436	450	60.59
436	587	61.18
436	437	52.34
436	227	59.45
437	748	73.02
437	318	81.59
437	5	72.74
437	640	71.55
437	1299	80.42
437	1120	75.97
437	1396	75.18
437	1246	78.48
437	454	76.76
437	1171	74.97
437	1225	79.54
437	1183	76.43
437	1097	77.58
437	1307	77.47
437	1268	77.33
437	592	75.50
437	198	74.50
437	155	65.83
437	112	75.06
437	246	80.57
438	7154	62.94
438	2501	68.43
438	8966	68.00
438	27801	70.30
438	1527	68.07
438	6711	70.17
438	3898	54.80
438	1784	67.04
438	8644	67.58
438	6367	61.65
438	2424	64.35
438	3889	58.40
438	223	68.93
438	1517	67.13
438	7361	70.82
438	2641	63.71
438	5009	64.23
438	2617	64.08
438	3753	65.84
438	2393	65.55
439	356	83.18
439	4022	80.68
439	7153	83.05
439	78499	81.74
439	1240	81.38
440	8690	69.90
440	541	80.83
440	29	79.60
440	1653	79.84
440	1274	78.79
440	3174	76.90
440	1235	82.13
441	589	90.55
441	2683	85.94
441	2959	92.42
441	4306	89.92
441	260	91.64
441	296	91.49
441	51255	90.09
441	47	90.72
441	68358	90.20
442	2908	24.77
442	2881	22.05
442	1186	25.20
442	3752	22.14
442	4361	23.62
443	2329	85.90
443	79132	85.22
443	296	85.71
443	48394	83.51
443	106487	81.77
443	108190	77.77
443	7153	85.62
443	63082	83.63
444	356	77.88
444	592	73.58
444	208	70.39
444	21	73.20
444	111	77.45
444	110	77.05
444	235	74.48
444	296	77.86
444	344	71.40
445	2028	81.73
445	590	80.15
445	34405	80.35
445	47	81.12
445	116897	83.35
445	780	77.74
445	4011	81.44
445	899	82.06
445	593	81.96
445	33794	80.10
445	1080	81.19
445	45722	77.89
445	17	79.66
445	1230	80.26
445	306	82.20
445	2710	74.04
446	237	62.90
446	339	64.48
446	300	65.29
446	296	68.51
446	480	65.97
446	368	64.63
446	288	62.86
446	172	59.28
446	17	66.28
446	16	66.84
446	357	64.63
446	150	66.80
446	434	61.30
446	153	60.96
446	648	64.78
446	593	68.61
446	337	66.32
447	257	75.61
447	293	79.08
447	337	78.11
447	531	73.92
447	382	74.36
447	589	79.36
447	552	74.59
447	253	76.69
447	362	77.17
447	532	73.69
447	292	75.82
447	31	73.98
447	474	77.25
447	540	69.16
447	442	73.26
447	160	73.45
448	2368	69.90
448	3284	69.90
448	3933	69.90
448	6302	69.90
448	6476	69.90
448	7245	69.90
448	48262	69.90
448	49688	69.90
448	75803	69.90
448	75816	69.90
448	78116	69.90
448	79590	69.90
448	86593	69.90
448	92198	69.90
448	98908	69.90
448	100326	69.90
448	102819	69.90
448	104760	69.90
448	108715	69.90
448	109191	69.90
448	111680	69.90
448	113416	69.90
448	116207	69.90
448	116985	69.90
448	129657	69.90
448	130083	69.90
448	133377	69.90
448	136654	69.90
448	138546	69.90
448	142424	69.90
448	151777	69.90
448	152658	69.90
448	157130	69.90
448	158022	69.90
448	161290	69.90
448	164375	69.90
448	53996	58.00
448	136778	69.90
448	5418	59.27
448	288	55.76
448	88356	47.49
448	2580	59.31
448	155358	69.90
448	2889	59.49
448	4034	60.37
448	148888	54.49
448	81156	56.49
448	2713	52.69
448	103335	58.49
448	95441	55.49
448	34048	55.16
448	80126	52.49
448	3057	69.90
448	1057	57.49
448	2794	51.95
448	33830	69.90
448	8665	58.80
448	6059	56.49
448	110553	52.15
448	90374	69.90
448	151501	69.90
448	3764	49.24
448	6143	69.90
448	103819	69.90
448	4361	56.91
448	104913	59.20
448	3986	54.09
448	5528	57.24
448	1196	61.80
448	105351	54.49
448	83349	55.24
448	3276	69.90
448	1090	60.26
448	5349	58.15
448	587	56.56
448	106330	48.49
448	4677	54.99
448	95508	69.90
448	109895	45.49
448	110611	69.90
448	671	56.29
448	2289	59.79
448	152077	58.99
448	80693	53.99
448	111360	55.03
448	170	55.99
448	87444	57.49
448	94323	54.49
448	8493	57.49
448	3671	60.01
448	91653	55.49
448	4981	69.90
448	2991	58.74
448	78034	69.90
448	119145	60.07
448	5099	50.49
448	4299	55.99
448	2567	53.79
448	6996	44.74
448	109864	69.90
448	6582	51.49
448	73017	59.44
448	370	54.62
448	543	55.99
448	115617	59.42
448	590	59.67
448	154065	69.90
448	5553	55.49
448	41569	57.12
448	3286	47.49
448	6645	59.49
448	589	60.45
448	1920	53.36
448	2857	54.49
448	111663	57.49
448	78499	60.03
448	2657	56.49
448	6537	55.45
448	1148	60.34
448	46974	55.24
448	48516	62.23
448	80241	57.49
448	445	55.99
448	4262	59.89
448	3689	44.49
448	114935	56.74
448	6428	54.49
448	127194	69.90
448	109673	50.49
448	127096	60.49
448	89388	69.90
448	4156	69.90
448	3793	58.68
448	33679	56.67
448	2014	51.49
448	64285	57.49
448	3968	55.49
448	49530	58.95
448	3450	55.99
448	160563	56.29
448	5502	55.91
448	8169	57.49
448	6314	48.49
448	122490	69.90
448	3386	57.60
448	140725	60.49
448	4896	58.62
448	2642	49.87
448	127136	60.49
448	2763	58.65
448	2520	69.90
448	457	60.12
448	48783	57.49
448	3263	52.64
448	5400	53.49
448	5541	55.24
448	4011	60.97
448	58351	69.90
448	127132	69.90
448	152091	57.49
448	3698	56.31
448	435	50.41
448	4799	54.49
448	84152	61.34
448	3401	49.99
448	2858	60.81
448	3174	57.36
448	7076	58.99
448	106542	69.90
448	6218	56.42
448	2860	51.49
448	1283	61.03
448	3618	57.49
448	2616	53.49
448	90439	59.89
448	2404	50.49
448	4660	69.90
448	2530	52.99
448	26386	69.90
448	4327	57.49
448	3030	61.09
448	71464	57.82
448	32	60.51
448	91529	60.55
448	4158	53.74
448	99114	59.65
448	98585	58.24
448	93326	53.20
448	2268	58.77
448	80489	60.27
448	130576	49.49
448	105504	60.49
448	2791	60.54
448	50601	51.49
448	7007	56.29
448	4234	57.49
448	3623	53.45
448	80727	69.90
448	78467	46.99
448	8641	58.99
448	4128	58.72
448	106782	60.23
448	2537	45.49
448	112138	57.26
448	3247	53.84
448	112818	60.49
448	2027	47.49
448	3101	55.36
448	5779	69.90
448	82202	55.24
448	1704	61.07
448	98296	69.90
448	6863	56.49
448	89305	57.49
448	4203	56.89
448	1201	61.51
448	6212	49.99
448	637	54.35
448	84954	56.92
448	6814	69.90
448	94864	55.32
448	67695	52.99
448	159077	69.90
448	92439	60.49
448	6812	48.49
448	3156	53.94
448	802	56.89
448	118354	69.90
448	134130	61.36
448	138036	57.49
448	65135	69.90
448	52975	57.76
448	4368	49.24
448	90717	58.99
448	45722	57.43
448	79259	69.90
448	68157	61.85
448	4233	47.89
448	74458	60.74
448	3258	53.10
448	1262	60.07
448	3949	59.79
448	101025	49.24
448	69526	52.41
448	1831	50.63
448	1083	56.49
448	1884	60.58
448	1476	56.77
448	156609	55.49
448	3755	55.40
448	111659	51.49
448	4734	55.04
448	161	58.30
448	95201	69.90
448	135887	56.40
448	2598	53.09
448	87232	59.04
448	4634	66.49
448	5334	69.90
448	5459	54.21
448	146730	69.90
448	72694	69.90
448	157432	69.90
448	132488	69.90
448	4558	52.15
448	1375	56.74
448	6424	69.90
448	71518	55.24
448	2716	59.06
448	94780	53.74
448	3593	45.27
448	129354	55.34
448	158	52.62
448	1409	51.31
448	6514	69.90
448	2881	55.34
448	51662	58.58
448	90522	55.69
448	68554	55.85
448	2126	53.15
448	122932	69.90
448	93510	58.72
448	137857	58.15
448	125916	39.49
448	2953	51.34
448	2090	54.86
448	1760	43.69
448	480	58.85
448	58803	58.09
448	2109	56.70
448	50792	48.49
448	46062	43.99
448	85510	55.15
448	80864	69.90
448	112171	56.63
448	122900	59.07
448	2587	54.49
448	1527	58.76
448	117529	56.43
448	4993	61.51
448	92264	54.49
448	5247	54.49
448	533	53.40
448	912	62.10
448	26464	69.90
448	2249	54.49
448	4678	56.63
448	103772	56.59
448	114601	57.49
448	96861	61.24
448	420	53.06
448	59615	53.81
448	2349	58.99
448	109372	54.49
448	95207	54.49
448	348	58.24
448	19	53.36
448	136020	54.49
448	4502	47.49
448	91094	51.49
448	138208	51.49
448	3511	49.09
448	79428	57.99
448	2643	47.15
448	109183	69.90
448	2139	57.76
448	4212	69.90
448	5942	54.49
448	96417	56.49
448	112852	61.16
448	99728	58.99
448	89470	59.36
448	142448	55.99
448	64983	55.77
448	2640	58.07
448	2046	55.32
448	4881	59.29
448	3882	52.87
448	3744	52.41
448	1032	56.14
448	116799	59.74
448	5	54.39
448	4040	50.15
448	157407	69.90
448	2115	58.20
448	1617	61.47
448	4367	55.45
448	105254	69.90
448	3388	50.49
448	3760	60.49
448	2146	56.74
448	2968	59.05
448	6281	54.97
448	466	53.09
448	96448	45.49
448	86332	58.79
448	64969	58.64
448	115170	69.90
448	1036	59.98
448	3397	56.89
448	2474	57.79
448	1408	60.02
448	155743	69.90
448	106920	60.66
448	8542	57.49
448	120466	57.92
448	2051	48.49
448	7143	60.10
448	7150	54.11
448	89087	47.49
448	34150	53.14
448	2253	50.96
448	2973	59.24
449	1917	65.64
449	2502	71.83
449	4034	70.83
449	1222	71.99
449	2770	65.20
449	762	61.81
449	2011	68.05
449	2324	71.62
450	3977	74.05
450	589	81.75
450	110	81.85
450	3363	80.87
450	3535	79.80
450	3948	78.33
450	3409	75.68
450	1035	81.33
450	3568	69.90
450	358	74.58
450	1259	81.55
451	733	74.19
451	593	77.38
451	7	72.00
451	5	70.27
451	494	73.25
451	25	74.04
451	17	75.09
452	4025	88.35
452	2858	94.39
452	2617	88.35
452	5292	91.81
452	1206	94.86
452	1676	90.00
452	3219	88.61
452	47	94.22
452	3101	88.94
452	163	91.81
452	1092	89.41
452	1917	88.75
452	2126	86.73
452	1356	93.53
452	552	89.29
452	2628	88.96
452	1200	93.66
452	608	94.62
452	2707	89.43
452	3273	85.59
453	208	76.23
453	858	84.65
453	2335	77.68
453	4022	81.25
453	3618	79.77
453	1617	83.76
453	3452	77.32
453	1357	81.83
453	112	79.00
453	2671	80.61
453	1884	82.86
453	1894	76.13
453	2294	77.86
453	318	85.51
453	1614	75.65
453	3534	78.77
453	2959	84.63
453	798	74.67
453	5266	76.98
453	780	79.56
454	7361	77.98
454	2692	76.96
454	7116	73.96
454	55820	76.58
454	6016	77.63
454	27773	77.17
454	2160	79.01
454	2858	77.28
454	26131	79.96
455	272	71.22
455	432	64.79
455	367	68.64
455	590	72.86
455	253	70.94
455	364	73.46
455	555	72.77
455	252	69.91
455	110	73.77
455	225	70.24
455	588	72.29
455	597	70.99
456	1407	73.74
456	634	69.58
456	135	71.55
456	5	72.49
456	724	72.44
456	780	75.37
456	733	76.40
456	260	79.67
456	706	69.90
457	329	67.70
457	3593	56.57
457	2692	71.78
457	1356	71.25
457	223	70.92
457	2394	68.61
457	2701	60.86
457	3608	64.72
457	733	69.60
457	2094	67.23
458	597	82.59
458	185	79.58
458	10	82.25
458	380	82.25
458	95	78.54
458	454	83.14
458	300	82.93
458	595	83.35
458	153	78.61
458	587	81.30
458	150	84.45
458	552	80.43
459	79132	87.84
459	5618	88.01
459	8961	86.33
459	48780	87.24
459	50872	86.31
459	260	88.49
460	89039	69.90
460	4886	87.41
460	4703	89.91
460	3831	86.41
460	1441	84.91
460	4878	88.33
460	3483	81.66
460	8970	86.31
460	1	88.07
460	49272	88.15
460	40815	87.18
460	85414	86.27
460	68237	88.67
460	76093	88.15
460	47610	85.74
460	63082	87.27
460	2571	89.26
461	74458	63.30
461	2762	62.12
461	1036	62.57
461	91500	59.69
461	3578	62.46
461	539	59.89
462	26838	69.90
462	89090	69.90
462	164655	69.90
462	188189	69.90
462	1136	71.16
462	1219	70.96
462	158966	73.84
462	1248	72.18
462	508	68.41
462	1653	70.66
462	1674	68.66
462	8917	68.33
462	8620	49.84
462	3424	71.39
462	2146	67.09
462	7044	70.84
462	3814	73.34
462	1213	72.02
462	82857	69.90
462	26131	73.84
463	6377	78.94
463	2028	80.31
463	4310	73.18
463	3753	75.58
463	2006	72.96
463	1092	74.88
463	5995	80.53
464	1370	74.15
464	58025	71.83
464	63853	68.28
464	296	78.22
464	2019	78.02
464	3527	74.63
464	5254	72.54
464	7007	73.08
464	1101	72.79
464	1779	69.88
464	377	74.02
464	1653	77.10
464	55820	76.91
464	648	74.50
464	33493	74.23
464	1610	75.93
464	65088	74.28
464	74727	80.28
464	1617	78.27
464	62374	75.28
465	2941	83.95
465	2987	83.22
465	1200	85.26
465	3448	83.90
465	5060	85.10
465	1299	87.25
465	3703	84.11
465	3649	76.66
465	1625	83.76
465	292	82.10
465	904	86.70
465	3101	80.54
465	1754	82.96
465	750	87.33
465	1256	84.54
465	593	86.66
465	3732	82.66
465	3740	85.39
465	3334	86.09
465	377	82.38
466	5418	80.05
466	30793	75.74
466	79091	79.77
466	92259	83.01
466	5989	80.88
466	5459	75.00
466	318	84.00
466	63082	80.13
466	59784	77.95
466	5010	80.46
466	74458	81.52
466	6281	75.75
466	5952	81.21
466	8529	76.60
466	64716	81.27
466	68954	80.70
466	4993	82.30
466	45447	75.81
466	81845	81.46
466	55247	80.43
467	41	69.90
467	58	69.90
467	389	69.90
467	466	69.90
467	527	69.90
467	593	69.90
467	780	69.90
467	1183	69.90
467	1233	69.90
467	1357	69.90
467	1365	69.90
467	1408	69.90
467	1721	69.90
467	2028	69.90
467	2125	69.90
467	2324	69.90
467	2334	69.90
467	2384	69.90
467	2390	69.90
467	2393	69.90
467	2394	69.90
467	2493	69.90
468	592	70.76
468	349	71.46
468	1	73.72
468	317	69.27
468	296	75.04
468	32	74.10
468	165	71.99
469	3658	69.90
469	3832	69.90
469	3507	77.35
469	3032	76.32
469	2736	75.57
469	2132	77.07
469	1958	76.54
469	910	76.82
469	1090	76.84
469	1485	70.82
469	1388	71.07
469	2321	73.25
469	1234	76.81
469	2081	74.39
469	1193	78.21
469	36	76.08
469	2908	74.65
469	909	74.78
469	2023	73.44
469	3255	73.87
470	253	71.74
470	318	77.18
470	110	74.54
470	588	73.09
470	282	70.01
470	5	68.31
470	597	71.80
470	32	74.46
470	595	72.55
470	592	71.09
470	500	70.21
470	26	72.53
470	356	75.37
470	357	71.47
470	434	68.15
470	300	72.13
471	2571	81.54
471	8874	80.20
471	527	82.00
471	1	80.34
471	8360	78.84
471	7147	80.20
472	58559	84.18
472	3450	78.53
472	3298	80.91
472	2840	75.62
472	1221	84.55
472	858	84.91
473	4979	66.33
473	2959	70.11
473	60	63.63
473	7147	67.77
473	6281	62.73
473	3897	67.32
473	48322	69.25
473	2596	66.00
474	638	69.90
474	2179	69.90
474	2697	69.90
474	4046	69.90
474	5114	69.90
474	5311	69.90
474	5353	69.90
474	5455	69.90
474	5601	69.90
474	6201	69.90
474	6273	69.90
474	6382	69.90
474	6407	69.90
474	6592	69.90
474	6912	69.90
474	7702	69.90
474	7826	69.90
474	7832	69.90
474	7839	69.90
474	8057	69.90
474	8446	69.90
474	8458	69.90
474	8459	69.90
474	8611	69.90
474	8650	69.90
474	8774	69.90
474	8938	69.90
474	1466	69.44
474	6708	69.57
474	2940	71.20
474	2616	64.20
474	2334	63.86
474	7139	70.00
474	4218	69.90
474	371	68.63
474	750	72.86
474	2935	71.20
474	8645	71.95
474	5481	64.76
474	6370	73.45
474	25865	69.90
474	2553	66.70
474	912	72.81
474	2467	70.34
474	5548	68.20
474	7301	69.90
474	52967	69.70
474	5945	66.55
474	480	69.56
474	1983	62.20
474	3462	69.85
474	1068	69.90
474	8600	69.90
474	6650	69.90
474	8482	69.90
474	6791	74.20
474	4016	69.09
474	1784	68.44
474	3668	69.20
474	3977	63.47
474	8961	70.12
474	4160	71.20
474	30820	68.20
474	6984	69.90
474	2750	65.20
474	5034	65.20
474	7716	69.90
474	2612	69.90
474	4419	74.20
474	1300	72.91
474	4187	71.20
474	1187	67.20
474	6565	69.35
474	272	68.83
474	5440	69.90
474	25937	66.70
474	1099	65.20
474	3125	69.90
474	5826	69.90
474	5649	69.90
474	7256	72.70
474	4912	71.20
474	6016	71.87
474	1208	72.79
474	2083	69.95
474	3385	65.80
474	2310	68.20
474	3360	69.70
474	3163	74.20
474	1413	71.20
474	4081	59.20
474	1643	68.20
474	968	70.24
474	2116	64.20
474	26965	71.20
474	5954	70.34
474	1263	71.11
474	5116	69.90
474	3536	68.20
474	8778	69.90
474	63433	65.20
474	2952	67.90
474	318	73.91
474	3394	63.70
474	1200	70.80
474	3384	74.20
474	4356	69.70
474	932	72.20
474	7698	69.70
474	516	66.58
474	4873	69.48
474	48385	66.67
474	39869	72.20
474	1902	69.90
474	2641	65.11
474	7036	68.20
474	2181	69.20
474	4638	63.70
474	31116	65.20
474	2455	67.74
474	2146	67.45
474	628	68.63
474	3897	70.27
474	1030	64.00
474	4022	69.67
474	344	65.64
474	3196	71.20
474	92	62.20
474	237	66.53
474	6770	68.20
474	3259	66.70
474	3368	65.20
474	26151	69.90
474	1293	71.63
474	34072	67.73
474	3044	69.70
474	1639	68.55
474	5944	66.13
474	6539	70.25
474	477	67.34
474	7361	72.22
474	55687	69.90
474	58	71.95
474	4014	67.88
474	3467	68.20
474	8154	73.20
474	4191	65.20
474	2134	65.90
474	4644	71.20
474	4293	65.20
474	5013	70.84
474	1399	71.20
474	1196	72.51
474	2918	70.58
474	5899	71.20
474	4465	68.95
474	100	63.86
474	361	65.63
474	3341	72.70
474	8921	69.90
474	195	68.20
474	3789	69.90
474	4709	65.20
474	1588	66.12
474	3468	73.74
474	4678	67.34
474	2723	66.97
474	2118	68.20
474	1939	73.20
474	7019	69.90
474	3147	71.99
474	1792	65.20
474	33903	73.20
474	1682	69.88
474	41566	67.45
474	1693	67.13
474	1957	70.82
474	5021	65.20
474	2313	70.11
474	3870	69.90
474	948	70.45
474	47099	70.22
474	3447	71.20
474	6614	63.70
474	216	68.50
474	5619	71.20
474	3987	61.45
474	5060	70.63
474	3111	74.20
474	45950	68.57
474	32584	64.20
474	5525	69.90
474	2567	64.50
474	5956	68.50
474	7	66.82
474	1172	71.68
474	3217	68.20
474	8331	69.90
474	587	67.27
474	5238	68.20
474	1189	70.20
474	2416	66.40
474	832	67.66
474	3095	71.57
474	7386	69.70
474	1223	71.67
474	7058	69.90
474	5246	57.70
474	5418	69.97
474	27803	71.70
474	26	69.32
474	4002	70.49
474	1135	67.20
474	45	68.06
474	6945	77.20
474	2411	63.01
474	2520	69.90
474	7347	67.04
474	5375	69.90
474	5673	68.43
474	3039	69.09
474	7833	69.90
474	33781	62.20
474	720	72.30
474	2103	65.20
474	33154	71.20
474	608	71.75
474	1327	59.20
474	101	70.80
474	7061	69.90
474	5451	64.20
474	5682	69.90
474	5434	70.20
474	6609	69.90
474	31658	71.73
474	4578	56.20
474	2009	67.45
474	4704	69.90
474	7572	69.90
474	4929	60.70
474	3306	71.20
474	6334	71.20
474	5379	72.70
474	5437	65.20
474	42418	68.20
474	4128	69.43
474	7451	69.44
474	2786	59.20
474	2243	66.36
474	27846	70.77
474	6197	66.70
474	3264	61.60
474	3608	64.14
474	5603	77.20
474	6124	68.20
474	1222	72.24
474	1663	69.93
474	3566	62.70
474	3755	66.11
474	2628	66.09
474	4815	64.60
474	2089	67.82
474	7102	61.20
474	27706	66.36
474	7013	70.45
474	1348	68.80
474	45666	62.86
474	5755	59.20
474	4055	69.90
474	2058	66.83
474	4462	53.20
474	1544	63.54
474	2405	63.70
474	4998	69.90
474	273	65.04
474	1977	62.20
474	1732	70.97
474	7822	69.90
474	7073	69.90
474	41527	71.20
474	4787	67.34
474	1676	67.13
474	3708	65.95
474	6669	67.00
474	317	66.42
474	25940	69.90
474	971	75.40
474	7366	64.34
474	3115	71.20
474	7026	62.20
474	2710	64.28
474	50685	68.95
474	2114	69.83
474	3809	67.45
474	3516	69.90
474	2770	65.45
474	535	65.66
474	4878	71.11
474	5992	68.86
474	41997	70.55
474	1083	67.20
474	4487	65.20
474	7293	68.29
474	1016	66.20
474	2006	64.63
474	1007	65.20
474	4993	72.21
474	3412	67.60
474	5007	69.90
474	3929	59.20
474	6639	71.20
474	8712	69.90
474	1876	63.91
474	3546	69.90
474	34359	69.90
474	7579	69.70
474	7325	68.20
474	6837	69.90
474	2634	68.20
474	7753	68.20
474	8943	69.90
474	8385	69.90
474	4308	68.41
474	3246	73.60
474	3745	68.05
474	1148	71.05
474	42002	67.00
474	50740	68.20
474	3952	63.70
474	1927	73.60
474	7581	65.20
474	910	70.94
474	3948	67.74
474	54881	70.53
474	1284	74.70
474	4007	70.00
474	5341	69.90
474	3675	72.20
474	52975	68.47
474	6244	71.20
474	965	69.40
474	454	69.11
474	1247	70.97
474	7215	68.20
474	1282	69.82
474	8207	71.95
474	6242	67.20
474	6502	70.84
474	4509	67.20
474	3528	71.20
474	2391	69.00
474	4262	70.60
474	4039	65.95
474	42018	50.20
474	3271	70.20
474	976	69.90
474	48394	69.93
474	5384	69.90
474	5168	69.90
474	1358	70.17
474	6534	61.54
474	8773	69.90
474	2384	62.53
474	48780	71.03
474	1269	70.03
474	4600	71.20
474	2642	60.58
474	111	71.76
474	933	73.34
474	3578	70.58
474	5297	69.90
474	944	71.20
474	6020	69.90
474	2123	63.20
474	748	65.38
474	4896	69.33
474	5380	70.20
474	53953	67.31
474	3712	65.20
474	25996	69.90
474	1997	70.53
474	4464	71.20
474	4085	67.76
474	51540	69.07
474	2707	66.56
474	2069	77.20
474	6710	68.20
474	1488	65.57
474	6378	68.93
474	928	71.63
474	3038	72.70
474	7116	68.20
474	44511	69.90
474	594	68.89
474	1962	68.86
474	421	66.20
474	4316	56.20
474	2761	71.39
474	4823	64.88
474	892	67.86
474	1345	66.93
474	5294	72.20
474	1408	70.73
474	6579	69.90
474	3272	67.77
474	3421	68.95
474	3844	66.70
474	6787	71.51
474	37736	68.20
474	2249	65.20
474	1610	69.84
474	2468	62.20
474	3498	75.20
474	4902	69.48
474	6268	71.20
474	5225	71.80
474	5404	74.20
474	929	69.90
474	25999	69.90
474	7835	69.90
474	805	69.02
474	4126	71.20
475	6539	90.14
475	4993	92.11
475	87232	89.64
475	40815	89.85
475	5816	88.56
475	8644	88.87
475	81564	89.40
475	4701	86.52
475	81834	91.09
475	6564	80.45
475	68791	88.08
475	111759	91.27
475	7153	91.92
475	1527	89.36
475	71530	84.39
475	4896	89.22
475	106487	88.08
475	112852	91.76
475	3578	90.47
475	82461	86.72
476	594	76.18
476	34	76.42
476	380	75.52
476	158	70.62
476	153	71.88
476	586	72.32
476	440	75.95
476	364	78.35
476	378	70.23
476	357	75.54
476	224	76.57
476	165	76.40
476	296	79.41
476	11	76.61
477	34	75.88
477	913	78.80
477	3100	77.61
477	2105	73.94
477	1271	75.54
477	1207	79.50
477	70687	59.96
477	2174	74.60
477	45672	72.49
477	4571	76.13
477	3973	64.46
477	4226	78.72
477	1103	78.24
477	5291	75.56
477	348	75.72
477	3593	62.75
477	1	77.62
477	1274	76.72
477	6502	77.61
477	59615	71.29
478	1917	56.18
478	3114	60.48
478	594	59.19
478	1584	58.86
478	1101	56.99
479	5365	69.90
479	4488	68.34
479	524	64.84
479	1025	66.51
479	3707	62.34
479	1220	67.49
479	4010	61.84
479	3244	65.34
479	3526	65.34
479	4092	59.34
479	1968	67.09
479	4700	62.64
479	4003	65.34
479	3671	67.87
479	2671	66.18
479	341	69.90
479	2012	64.63
479	2542	68.34
479	454	66.26
479	2384	59.68
480	43914	69.90
480	2700	66.96
480	8533	66.09
480	2193	65.80
480	2797	66.85
480	3484	62.06
480	2571	69.34
480	1210	69.50
480	2596	66.24
480	8866	66.69
480	47610	65.81
480	6306	71.49
480	5379	69.99
480	2018	64.31
480	7153	69.33
480	3911	66.70
480	44191	68.02
480	38061	69.02
480	5673	65.72
480	380	65.50
481	1608	52.18
481	1687	51.91
481	1629	50.71
481	1729	53.89
481	1620	50.34
481	1597	50.23
481	1485	50.46
482	2068	77.87
482	8985	64.67
482	1036	71.36
482	474	69.75
482	1042	66.51
482	4389	71.87
482	780	68.65
482	27706	67.03
482	3211	69.90
482	1610	70.51
482	4367	66.83
482	1374	71.34
482	1220	71.02
482	1602	59.87
482	653	66.35
482	592	68.51
482	30812	70.43
482	4862	59.87
482	8361	66.02
482	8529	67.19
483	105325	69.90
483	783	71.60
483	2541	71.84
483	2959	77.66
483	109971	69.90
483	45722	72.74
483	1199	77.11
483	50872	74.70
483	2000	73.57
483	4306	75.19
483	69757	73.94
483	2683	71.20
483	2273	71.39
483	1588	70.73
483	109487	75.22
483	66934	75.63
483	1721	71.95
483	2328	65.30
483	68522	69.90
483	8972	71.20
484	93320	69.90
484	1438	72.06
484	6155	74.89
484	6944	76.64
484	2706	76.17
484	33166	78.57
484	6874	79.71
484	3697	75.18
484	1059	78.46
484	76293	76.89
484	919	78.88
484	2762	78.93
484	1821	72.39
484	837	75.51
484	5810	75.18
484	1753	75.77
484	3254	75.46
484	4718	73.33
484	2413	76.39
484	3646	67.89
485	588	78.93
485	161	78.09
485	253	77.58
485	292	76.69
485	231	74.82
486	653	79.23
486	47	84.95
486	110	84.91
486	153	78.16
486	474	82.64
486	95	78.09
486	288	80.06
486	329	80.68
486	161	82.59
486	318	87.55
486	292	81.21
486	6	84.80
487	27611	61.54
487	8961	62.53
487	318	66.33
487	1198	65.36
487	31658	64.14
487	1197	65.15
487	6539	62.66
487	5445	61.35
487	116797	63.99
487	4027	62.69
487	8874	63.12
487	86377	67.35
488	720	80.80
488	838	78.50
488	608	80.26
488	1223	80.17
488	26	77.82
488	5135	78.95
488	2109	75.91
488	7720	71.70
488	7303	79.70
488	4014	76.37
488	5995	80.70
488	457	79.34
488	105	75.01
488	1136	80.02
488	272	77.33
488	1269	78.53
488	3176	76.77
488	1278	79.70
488	1125	77.77
488	910	79.44
489	79536	69.90
489	86000	69.90
489	4848	63.62
489	736	59.49
489	8387	44.81
489	4700	58.11
489	45666	55.47
489	4720	61.41
489	2683	59.21
489	2021	60.70
489	2389	51.81
489	1619	59.91
489	950	61.81
489	58559	64.95
489	2236	57.81
489	2167	59.41
489	1616	57.81
489	247	63.81
489	376	59.19
489	2717	56.67
490	46578	66.66
490	89492	66.42
490	81591	64.04
490	91077	68.85
490	60074	60.90
490	5816	64.83
490	4144	67.95
490	54001	66.77
490	1	67.01
490	1784	64.60
490	7153	68.19
490	4993	68.38
490	89759	70.35
490	86320	62.10
490	60128	64.35
490	76251	65.13
490	8368	66.89
490	69122	65.32
490	2006	60.78
490	78499	66.90
491	106782	88.27
491	69757	86.67
491	7293	85.62
491	27808	84.03
491	4246	86.33
491	3948	85.08
491	104374	88.23
491	86833	87.89
491	140110	83.81
491	8529	83.85
491	180231	69.90
491	4306	87.91
491	88405	82.96
492	736	75.96
492	784	73.44
492	628	77.71
492	858	82.16
492	852	74.96
492	64	70.28
492	990	68.28
492	830	73.82
492	743	70.71
492	62	78.32
492	52	77.58
492	1499	68.12
492	66	73.08
492	1210	81.29
492	881	68.28
492	1474	67.28
492	1405	72.90
492	724	74.14
492	1047	75.10
492	65	70.87
493	2985	69.65
493	4444	71.53
493	2916	70.55
493	1275	72.03
493	2571	73.89
493	1527	71.30
493	2028	73.81
493	3793	71.22
493	2167	68.64
493	1215	73.92
493	4701	68.46
493	2924	74.03
493	260	74.12
494	1196	90.54
494	4498	81.68
494	3578	88.60
494	2028	90.00
494	1210	90.23
495	140523	69.90
495	115149	81.92
495	1259	82.80
495	1721	79.18
495	136562	80.78
495	80489	82.81
495	19	75.90
495	50872	81.93
495	231	77.57
495	102123	77.03
495	52319	81.53
495	7254	80.46
495	7360	81.28
495	8528	81.42
495	1645	79.86
495	46578	82.33
495	30810	79.22
495	2918	82.41
495	148626	82.70
495	56775	78.13
496	1221	68.44
496	99149	62.92
496	858	68.80
496	904	67.95
496	8865	58.15
496	114713	63.92
497	1193	75.73
497	112556	73.40
497	112290	73.21
497	1916	72.34
497	92259	76.33
497	2329	75.72
497	112552	74.49
497	1258	75.12
497	2762	73.64
497	5349	72.26
497	111362	73.33
498	344	83.03
498	231	83.08
498	648	85.71
498	10	85.55
498	300	86.24
498	356	89.52
498	316	84.85
499	1202	78.75
499	2337	75.15
499	38304	85.15
499	327	74.49
499	56286	75.15
499	1304	80.78
500	2599	61.96
500	2987	62.44
500	543	60.38
500	2700	63.36
500	2542	64.88
500	1265	64.43
500	2916	62.41
500	356	65.80
500	3301	61.62
500	1784	62.12
500	1914	64.13
500	595	63.01
500	2355	62.24
500	3536	61.88
500	1885	61.88
500	322	61.28
500	838	63.68
500	720	65.99
501	6	66.65
501	62	64.66
501	93	61.03
501	45	63.46
501	3	62.42
501	637	60.47
501	11	64.72
501	18	64.96
501	662	65.40
502	7236	78.80
502	1077	78.35
502	4412	69.90
502	3469	78.05
502	2001	75.58
502	2520	69.90
502	1777	77.38
503	7455	69.90
503	7361	72.72
503	4878	71.62
503	356	72.62
503	91500	68.34
503	593	72.71
503	527	73.02
503	858	73.58
503	4226	72.45
503	1259	71.47
503	1342	63.12
503	2877	64.20
503	92509	67.20
503	90866	69.77
503	500	67.49
503	441	70.90
503	48516	73.44
503	2858	72.03
503	48394	70.43
504	4995	77.81
504	5812	77.69
504	2321	74.29
504	1	77.77
504	3556	76.81
504	7153	78.95
504	6708	76.49
504	1288	78.90
504	6927	69.90
504	4033	77.12
504	4700	72.42
504	6565	76.27
504	342	75.28
504	3408	75.12
504	6879	74.43
504	4361	74.54
504	5952	78.05
504	5955	73.92
505	1241	83.33
505	4105	82.88
505	1029	81.77
505	74685	81.13
505	273	78.98
505	6502	84.78
505	54999	80.63
506	59258	69.30
506	54272	71.55
506	37741	72.49
506	56782	74.85
506	62293	69.80
506	51834	67.20
506	49286	70.45
506	112556	72.60
506	61024	73.80
507	165	70.97
507	266	68.66
507	253	70.38
507	377	69.78
507	593	74.09
508	2872	44.50
508	2011	42.80
508	1952	45.97
508	1175	46.55
508	898	48.41
509	26958	69.90
509	130073	69.90
509	2028	68.14
509	87232	65.93
509	33830	69.90
509	5313	56.68
509	48	62.99
509	2090	61.75
509	2080	64.14
509	6942	66.09
509	8907	58.97
509	6156	62.37
509	5816	64.85
509	39	63.58
509	3988	61.37
509	6807	66.87
509	7458	64.46
509	1196	68.68
509	45447	61.91
509	616	63.96
510	1882	46.72
510	7026	49.60
510	35836	56.13
510	494	55.48
510	1198	60.37
510	514	55.14
510	457	58.25
510	2935	58.60
510	858	60.48
510	2699	51.43
510	317	53.83
510	8949	56.84
510	2918	57.99
510	145	53.41
510	1262	58.19
510	6787	58.92
510	1208	60.20
510	372	51.02
510	1242	59.52
510	40819	57.80
511	2959	86.46
511	53953	80.71
511	115149	83.49
511	164179	84.07
511	6534	74.94
511	99114	83.76
511	92259	86.33
511	318	87.33
511	2324	85.26
511	1653	84.41
511	56757	82.47
512	480	77.10
512	150	77.95
512	349	76.08
512	47	78.88
512	350	74.29
512	442	72.56
512	457	78.36
512	50	80.01
512	317	73.89
512	593	79.75
513	5952	78.98
513	318	81.78
513	2174	75.67
513	235	76.63
513	1304	78.66
513	1220	78.18
513	1080	79.28
514	1335	69.90
514	5704	69.90
514	62586	69.90
514	168358	69.90
514	180263	69.90
514	1704	70.09
514	2005	67.35
514	2792	65.01
514	2013	63.86
514	1673	70.51
514	134130	70.38
514	76093	69.24
514	1333	67.54
514	58998	68.10
514	68157	70.87
514	2406	66.36
514	3210	66.05
514	54503	68.82
514	4855	67.92
514	1644	58.76
515	33794	100.00
515	2028	100.00
515	527	100.00
515	91529	100.00
515	58559	100.00
515	2959	100.00
516	260	69.90
516	457	69.90
516	480	69.90
516	647	69.90
516	708	69.90
516	1042	69.90
516	1090	69.90
516	1197	69.90
516	1198	69.90
516	1954	69.90
516	1958	69.90
516	2021	69.90
516	2259	69.90
516	2268	69.90
516	3052	69.90
516	3471	69.90
516	4027	69.90
516	4291	69.90
516	4306	69.90
516	4321	69.90
516	4322	69.90
516	4333	69.90
516	4337	69.90
516	4349	69.90
516	4361	69.90
516	4429	69.90
517	4306	51.39
517	53125	49.10
517	1265	51.56
517	165489	69.90
517	97938	50.87
517	88744	48.68
517	86880	46.54
517	4148	46.49
517	26761	69.90
517	3398	49.24
517	1293	52.44
517	3988	46.01
517	2858	52.34
517	4963	51.03
517	1204	53.92
517	1704	52.59
517	47629	50.72
517	7669	51.01
517	1206	52.81
517	46578	51.31
518	3101	67.24
518	2657	68.36
518	783	68.16
518	1876	65.08
518	6365	68.26
519	1704	91.74
519	356	92.06
519	140110	86.44
519	6378	88.88
519	7445	87.49
519	1968	89.90
520	7266	69.90
520	318	82.88
520	1049	75.07
520	59315	78.90
520	4995	79.84
520	32	80.18
520	2716	78.72
520	4333	72.65
520	1291	80.30
520	1732	79.92
520	4085	76.71
520	2723	75.92
520	3081	77.02
520	3994	76.90
520	33493	77.10
520	135	73.11
520	2393	75.90
520	60516	71.15
520	2406	77.00
520	1584	77.52
521	661	71.12
521	112	71.26
521	86	75.26
521	104	71.82
521	58	75.78
521	79	68.57
521	52	72.33
521	852	69.71
522	99114	79.14
522	81932	78.21
522	89492	79.04
522	63113	76.22
522	2959	81.83
522	1193	81.11
522	1375	76.22
522	4993	81.00
522	223	79.11
522	27611	77.91
522	76060	70.97
522	180	76.25
522	59315	78.72
522	1617	80.96
522	10	77.01
522	67255	80.14
522	2023	76.34
522	6187	79.97
522	318	82.71
522	127098	80.97
523	168252	98.03
523	8970	94.26
523	5989	95.97
523	318	99.08
523	91529	96.43
523	1721	92.51
523	293	96.07
523	65261	95.24
523	4270	90.03
523	3147	97.16
523	27731	95.61
523	134130	97.23
523	31696	92.52
523	527	97.66
523	101962	94.36
524	1356	72.28
524	150	72.03
524	552	68.04
524	748	66.99
524	344	67.29
524	442	66.70
524	253	70.13
524	1225	73.51
524	20	63.47
524	589	72.80
524	1242	73.73
524	544	65.60
524	173	64.33
524	1302	69.65
524	380	69.84
524	457	72.46
524	1020	67.53
524	788	64.68
524	193	63.28
524	466	65.41
525	120807	69.90
525	317	69.53
525	6863	70.31
525	8622	71.65
525	33004	71.40
525	7147	73.83
525	2396	72.38
525	40815	73.07
525	137337	72.80
525	1639	71.66
525	1968	73.05
525	91869	69.90
525	45880	68.64
525	2100	68.72
525	339	71.21
525	4886	73.30
525	50872	73.20
525	86332	72.61
525	8983	71.12
525	3996	73.10
526	593	87.36
526	55247	85.52
526	46578	85.67
526	176415	69.90
526	1295	81.49
526	90430	81.86
526	4014	83.04
526	2352	84.70
526	176413	69.90
526	215	85.57
526	81845	86.55
526	51255	85.93
527	2137	81.75
527	3114	84.24
527	3210	81.79
527	3016	79.80
527	2161	82.62
527	4571	83.41
527	2118	82.25
527	3421	83.00
527	455	75.25
527	2867	81.82
527	2450	72.65
527	1909	82.25
527	1214	84.94
527	4299	80.75
527	736	80.94
527	2477	76.25
527	588	83.92
527	4016	83.14
527	1259	85.02
527	2533	78.58
528	4886	70.94
528	2278	69.62
528	80906	73.14
528	4037	71.94
528	1240	71.13
528	64614	71.36
528	3821	62.19
528	150	71.16
528	1291	72.11
528	80463	71.58
528	593	72.98
528	99813	69.69
528	85342	73.14
528	48516	73.69
528	58559	73.10
529	653	61.27
529	135	59.75
529	65	57.38
529	62	64.84
529	733	64.61
530	292	75.76
530	500	75.10
530	300	77.03
530	586	73.12
530	593	80.35
530	11	77.41
531	593	77.89
531	590	76.07
531	919	75.86
531	480	75.26
531	1215	77.77
532	1721	85.44
532	4863	92.28
532	457	88.93
532	290	89.01
532	1245	91.21
532	1242	90.20
532	2023	85.65
532	2329	90.41
532	1304	88.91
532	517	84.56
533	1200	93.05
533	6502	93.09
533	79132	93.88
533	46578	92.75
533	93840	93.45
533	4973	94.22
533	2455	89.99
533	66934	93.27
534	116724	69.90
534	97913	77.09
534	94953	72.85
534	2003	75.10
534	2167	74.46
534	7569	78.25
534	153	72.22
534	1485	72.60
534	65514	78.10
534	104218	72.85
534	344	73.30
534	2571	79.69
534	5445	76.60
534	95875	73.35
534	112818	78.85
534	82461	74.49
534	96610	77.10
534	2987	76.41
534	138036	75.85
534	1566	75.44
535	2571	50.18
535	2581	43.35
535	2700	47.82
535	2688	43.07
535	2583	48.44
535	2882	37.34
536	232	70.63
536	272	67.07
536	356	70.42
536	335	69.90
536	225	66.09
536	150	68.69
536	434	63.18
536	589	69.45
537	80906	84.57
537	367	78.40
537	7153	84.22
537	53322	79.37
537	104218	77.37
537	97304	81.88
537	6539	82.44
537	318	86.15
537	89745	83.31
537	105504	83.37
538	595	92.45
538	3671	93.86
538	80549	93.70
538	4039	89.08
538	69757	92.47
538	5047	88.71
538	44889	69.90
538	66934	94.16
539	4306	77.00
539	6753	74.07
539	5218	75.32
539	50872	76.52
539	88	72.90
539	3301	74.36
539	4886	76.60
539	69122	75.58
540	2598	77.55
540	2959	86.81
540	1073	84.83
540	8874	84.47
540	1681	72.20
540	2183	80.95
540	2841	81.72
540	2747	77.95
540	1196	86.27
541	590	68.81
541	457	69.24
541	413	63.24
541	15	63.58
541	110	69.70
541	595	67.72
541	597	66.97
541	480	67.97
541	356	70.53
541	203	65.07
541	529	68.40
541	357	66.64
541	22	64.73
541	345	66.45
541	546	57.36
541	586	63.41
541	281	69.58
541	350	65.20
542	6539	72.63
542	30793	68.04
542	5299	68.47
542	2542	73.57
542	34319	69.40
542	33679	69.75
542	4963	72.60
542	5481	67.13
542	1997	72.90
542	4025	67.86
542	3623	66.54
542	924	73.14
542	4369	67.95
542	6378	71.30
542	2571	74.43
542	7254	71.00
542	41566	69.82
542	37733	70.92
542	7361	74.60
542	45517	69.87
543	73881	92.28
543	1702	82.46
543	595	87.41
543	3301	86.02
543	231	83.83
543	2378	81.88
543	2379	77.61
543	86882	85.93
543	6377	88.69
543	588	87.95
543	377	86.00
543	48385	84.75
543	2571	90.14
543	4526	77.28
543	4388	81.10
543	92259	91.02
544	1	69.90
544	3	69.90
544	14	69.90
544	32	69.90
544	40	69.90
544	62	69.90
544	68	69.90
544	95	69.90
544	116	69.90
544	619	69.90
544	626	69.90
544	648	69.90
544	650	69.90
544	694	69.90
544	736	69.90
544	780	69.90
544	839	69.90
544	1042	69.90
544	1047	69.90
544	1059	69.90
544	1105	69.90
544	1356	69.90
545	1438	58.77
545	1267	68.17
545	2763	64.77
545	1367	61.18
545	44	57.41
546	1270	71.13
546	3328	71.74
546	480	69.40
546	1970	64.13
546	2456	62.03
546	1976	58.53
546	589	71.00
546	2657	67.03
546	1673	72.03
546	3941	69.90
546	3959	66.53
546	3566	62.53
546	1977	62.03
547	1211	82.65
547	2859	83.03
547	2917	82.28
547	1394	83.45
547	1288	83.81
548	69	69.90
548	260	69.90
548	356	69.90
548	733	69.90
548	1196	69.90
548	1393	69.90
548	1477	69.90
548	1621	69.90
548	2571	69.90
548	2716	69.90
548	3263	69.90
548	3578	69.90
548	3916	69.90
548	4776	69.90
548	4899	69.90
548	5955	69.90
548	6874	69.90
548	7458	69.90
548	8531	69.90
548	49910	69.90
548	58559	69.90
548	74532	69.90
548	80862	69.90
548	122904	69.90
548	125916	69.90
548	168712	69.90
549	2571	73.15
549	2028	73.01
549	4226	72.98
549	1210	73.25
549	589	72.27
550	167296	69.90
550	102125	84.85
550	106782	87.48
550	116797	88.12
550	112852	88.41
550	122882	86.45
551	5010	76.73
551	34162	74.01
551	60069	77.93
551	1544	69.88
551	45186	75.37
551	103772	73.64
551	51935	76.14
551	4226	78.30
551	2353	74.20
551	7153	78.38
551	5989	77.15
551	135569	74.79
551	115149	76.44
551	88129	76.21
551	134130	78.41
551	6934	71.59
551	47	77.71
551	4701	72.98
551	2959	79.40
551	98809	76.26
552	2916	62.87
552	3317	64.14
552	1405	57.97
552	2953	56.19
552	2245	60.05
552	2944	64.89
552	2890	63.74
552	2125	63.59
552	508	62.91
552	3948	61.89
552	5349	63.01
552	2959	67.20
552	2857	59.34
552	173	56.87
552	2991	63.59
552	2871	65.09
552	2628	60.24
552	4308	62.55
552	4878	65.26
552	3101	60.22
553	55765	88.99
553	3481	86.94
553	1923	86.56
553	2571	89.84
553	4011	89.48
553	50	90.30
553	3949	88.30
553	1089	90.15
553	44199	86.93
553	5513	69.90
553	2231	87.69
553	2395	86.52
553	3052	87.12
553	61257	69.90
553	1221	90.51
553	33166	87.67
553	2959	90.85
554	1196	84.35
554	1022	79.37
554	2820	69.90
554	1207	84.57
554	1517	80.36
554	1282	81.65
554	1210	84.05
554	1760	66.23
554	2282	79.03
554	1225	83.74
554	907	77.03
554	1358	82.00
554	2096	79.60
554	1028	82.71
554	593	84.04
554	608	83.59
554	953	82.26
554	2324	83.70
555	790	69.90
555	3664	69.90
555	1	72.06
555	3111	75.40
555	3395	66.40
555	104	69.19
555	1334	60.40
555	2506	67.15
555	2072	66.90
555	4002	71.70
555	1266	72.67
555	2641	66.31
555	2256	66.40
555	2791	72.45
555	2701	61.48
555	1333	70.43
555	1320	67.07
555	337	71.15
555	1393	69.36
555	3526	69.40
556	162600	69.90
556	122890	80.83
556	3081	81.90
556	88125	84.53
556	588	83.68
556	72998	82.47
556	74789	78.79
557	648	80.24
557	231	77.59
557	1291	83.20
557	260	84.13
557	1210	84.05
557	150	82.25
558	5329	77.01
558	5064	80.78
558	4903	75.39
558	2297	80.69
558	2568	75.46
558	4993	82.91
558	4306	81.27
558	367	76.90
558	5283	75.29
558	1097	80.63
558	4164	81.89
558	5294	82.89
559	552	62.43
559	608	67.76
559	355	56.53
559	329	63.11
559	544	60.00
559	1527	65.47
559	173	58.73
559	377	63.92
559	745	66.48
559	174	59.91
559	529	66.02
559	350	62.82
559	349	64.58
559	533	60.11
559	836	60.65
559	1210	68.21
559	420	59.78
559	786	61.70
559	227	61.55
559	253	64.52
560	5839	69.90
560	91535	68.52
560	136018	62.29
560	67997	76.54
560	79132	74.72
560	3253	70.59
560	142558	69.90
560	2355	71.64
560	39435	66.79
560	1527	72.56
560	40414	72.79
560	64614	73.71
560	48744	77.29
560	56587	70.39
560	593	75.28
560	76251	72.06
560	84944	72.44
560	109313	69.90
560	5878	74.29
560	40819	73.49
561	168174	69.90
561	5308	64.33
561	78469	65.32
561	3703	69.33
561	60069	71.27
561	91535	65.12
561	2105	66.86
561	73017	69.84
561	5445	68.63
561	2000	68.65
561	83134	71.10
561	79132	71.33
561	79592	67.14
561	80463	70.52
561	89745	70.82
561	527	72.20
561	8972	66.29
561	353	68.94
561	33162	68.64
561	68157	72.25
562	27140	69.90
562	6870	83.39
562	6377	84.34
562	2580	83.76
562	1249	86.06
562	4776	83.83
562	36529	83.90
562	1259	84.70
562	1982	81.93
562	2268	83.22
562	2133	81.12
562	83134	85.15
562	3210	81.47
562	48394	83.67
562	30707	84.26
562	33836	73.27
562	2692	84.93
562	88163	85.18
562	99191	69.90
562	1240	84.11
563	61071	69.90
563	70932	69.90
563	80858	69.90
563	919	68.64
563	74450	63.65
563	588	68.31
563	5943	60.19
563	118997	57.65
563	86833	69.01
563	1197	71.20
563	128832	69.90
563	85397	69.65
563	45221	58.40
563	33499	60.65
563	7380	65.45
563	96821	68.80
563	81784	61.65
563	95307	57.65
563	65585	66.65
563	55250	59.15
564	50942	69.90
564	356	75.57
564	31685	69.88
564	131013	68.68
564	61024	74.68
564	79224	63.28
564	87869	72.68
564	500	70.47
564	108156	66.68
564	81784	66.68
564	93270	66.43
564	6188	72.57
564	106918	74.04
564	65230	68.98
564	67087	72.11
564	80693	68.18
564	94677	69.23
564	8984	71.35
564	73266	67.18
564	2671	72.52
565	590	76.78
565	231	72.08
565	19	70.37
565	21	73.81
565	50	78.84
565	539	74.33
566	648	71.32
566	10	71.16
566	231	68.68
566	329	70.03
566	342	71.25
566	141	70.95
566	203	69.59
566	345	70.97
566	39	70.34
566	497	73.14
566	265	72.85
566	588	72.79
566	708	70.10
566	353	72.15
566	2	70.52
567	8189	69.90
567	26743	69.90
567	92681	69.90
567	109897	69.90
567	152071	69.90
567	5690	49.43
567	136602	48.61
567	122888	69.90
567	6333	47.27
567	1274	47.37
567	122922	48.24
567	153070	69.90
567	151687	69.90
567	117877	69.90
567	108928	42.61
567	954	50.00
567	122924	45.34
567	27773	48.83
567	648	45.81
567	135887	44.52
568	50	69.90
568	147	69.90
568	296	69.90
568	356	69.90
568	480	69.90
568	593	69.90
568	765	69.90
568	1103	69.90
568	1104	69.90
568	1257	69.90
568	1298	69.90
568	1895	69.90
568	2313	69.90
568	2359	69.90
568	2863	69.90
568	3053	69.90
568	3148	69.90
568	3261	69.90
568	3363	69.90
568	8169	69.90
568	46723	69.90
568	63853	69.90
568	65088	69.90
569	231	82.62
569	50	89.38
569	380	85.11
569	588	86.74
569	592	84.76
570	208	64.66
570	8636	69.61
570	48516	72.94
570	1225	71.90
570	586	65.01
570	2683	66.59
570	457	70.83
570	1196	72.51
570	110	71.28
570	4993	72.22
570	7361	72.22
570	1198	72.96
570	1079	70.85
570	10	68.23
570	3793	69.38
570	1391	66.29
570	589	71.17
570	380	68.21
570	527	72.51
570	185	65.53
571	1331	69.90
571	2982	69.90
571	2366	53.76
571	1128	48.91
571	610	52.67
571	2902	47.91
571	1998	69.90
571	3696	54.41
571	1980	69.90
571	1987	69.90
571	70	53.10
571	1924	49.48
571	2279	46.57
571	1327	43.91
571	3732	52.91
571	1972	41.51
571	1278	55.91
571	1644	45.16
571	2327	58.91
571	1978	43.91
572	1961	85.02
572	2570	80.36
572	2788	86.50
572	2321	82.54
572	111	86.93
572	904	87.40
572	2987	83.92
572	2302	81.06
572	1834	87.11
572	2539	80.36
572	2917	85.61
572	1307	85.00
572	1	86.02
572	161	84.18
572	3421	84.11
572	838	85.16
572	1356	85.83
572	2006	79.79
572	3167	80.36
572	1953	84.92
573	89745	86.64
573	72998	84.14
573	3752	81.65
573	356	87.63
573	7293	83.80
573	6754	84.31
573	8665	85.02
573	32587	85.89
573	1073	86.58
573	88744	83.37
573	1127	83.90
573	68954	86.14
573	98809	85.42
573	2640	84.29
573	48516	88.45
573	71535	86.22
573	59369	84.19
573	60069	87.09
573	88140	84.25
573	1562	76.77
574	47	69.90
574	110	69.90
574	150	69.90
574	153	69.90
574	161	69.90
574	185	69.90
574	225	69.90
574	231	69.90
574	292	69.90
574	296	69.90
574	300	69.90
574	316	69.90
574	318	69.90
574	329	69.90
574	339	69.90
574	344	69.90
574	380	69.90
574	410	69.90
574	434	69.90
574	588	69.90
574	592	69.90
574	593	69.90
574	595	69.90
575	2566	57.03
575	2580	61.85
575	296	63.91
575	2581	57.03
575	2572	60.19
575	2542	63.03
575	2574	51.03
575	2598	55.63
576	849	58.23
576	1321	61.70
576	1373	58.70
576	1479	58.85
576	2289	64.00
577	2415	69.90
577	1183	71.52
577	1288	74.71
577	1129	71.04
577	2944	73.47
577	2194	73.12
577	733	71.74
577	1213	75.10
577	2076	72.89
577	2020	74.10
577	1262	73.51
577	1931	75.12
577	1391	69.02
577	2987	71.48
577	952	71.26
577	1909	70.92
577	260	75.01
577	919	72.91
577	2248	72.80
577	1270	74.03
578	6751	69.90
578	52668	89.28
578	45668	84.56
578	830	82.82
578	72407	80.88
578	75446	69.90
579	3174	79.03
579	2485	74.84
579	1022	78.50
579	2018	77.98
579	838	80.96
579	1917	76.85
579	1391	77.26
579	596	78.90
579	1573	79.04
579	2965	69.90
579	1653	81.97
579	2599	79.24
579	892	78.83
579	2687	77.93
579	595	80.29
580	5767	69.90
580	6583	69.90
580	480	72.33
580	8844	69.90
580	6989	70.96
580	3809	70.21
580	41569	70.60
580	3699	69.21
580	4041	71.63
580	33166	72.64
580	356	74.87
580	508	71.53
580	8376	70.56
580	3578	73.35
580	608	74.52
580	3785	67.33
580	3089	76.14
580	1320	68.63
580	54286	72.33
580	1201	74.98
581	7153	90.27
581	5995	90.43
581	4973	90.20
581	116797	89.82
581	3949	88.74
581	4306	88.82
581	109487	88.85
581	6377	88.84
582	91529	84.52
582	2959	86.32
582	116797	84.84
582	4993	85.48
582	5618	85.06
582	2571	85.30
582	76251	82.24
582	69844	83.83
582	104841	82.37
582	48516	86.20
582	97752	82.26
582	76093	84.19
583	8533	70.06
583	88405	66.89
583	2706	68.74
583	117590	71.17
583	317	67.68
583	60756	68.75
583	6942	71.17
583	595	70.58
583	46578	71.76
583	104	69.24
583	2694	68.10
583	7451	70.70
584	288	80.28
584	22	80.11
584	203	80.45
584	315	78.84
584	500	80.77
584	316	81.31
584	539	81.80
584	234	76.23
584	296	85.95
584	257	81.20
584	434	78.71
584	586	78.80
584	338	77.83
584	349	82.37
584	282	80.56
584	480	83.39
584	590	84.24
585	3173	83.11
585	1228	90.17
585	54503	88.65
585	2959	91.20
585	428	86.95
585	1405	81.97
585	7254	86.77
585	441	88.54
585	1805	83.83
585	296	90.22
585	27373	69.90
585	5325	87.09
585	79132	89.78
586	34332	83.41
586	4016	88.05
586	111659	81.16
586	106002	86.47
586	149406	84.16
586	167036	88.16
586	45499	86.03
586	136556	69.90
586	5445	87.91
586	117851	84.16
586	1291	90.31
586	71264	88.66
586	106489	87.16
586	135436	83.16
586	3753	86.21
586	2640	87.75
586	3147	90.96
586	122916	90.73
586	3793	88.35
586	101362	80.56
587	1234	81.73
587	628	79.42
587	2012	78.28
587	534	79.81
587	2002	75.48
587	1641	80.25
587	236	78.71
587	1376	77.77
587	2622	76.74
587	1541	72.14
587	3260	81.99
587	497	81.03
587	3082	78.44
587	445	77.49
587	3448	80.24
587	2574	69.99
587	765	77.61
587	691	75.99
587	329	77.90
587	3406	75.99
588	50	67.80
588	16	65.74
588	20	57.13
588	356	67.47
588	350	62.09
588	198	62.13
588	593	67.53
588	364	66.33
588	163	64.22
588	253	63.81
588	223	65.60
588	3	62.28
589	1092	77.58
589	318	85.02
589	590	81.48
589	373	80.23
589	586	76.07
589	587	78.33
589	527	83.59
589	337	80.99
590	924	69.02
590	8807	67.22
590	2371	63.28
590	38061	69.98
590	81834	69.44
590	40815	68.21
590	4890	63.28
590	903	69.66
590	5	63.34
590	3624	64.70
590	555	68.61
590	4047	67.19
590	51662	67.54
590	2085	65.83
590	419	62.04
590	595	67.56
590	329	65.35
590	2376	65.34
590	3635	64.94
590	2398	69.44
591	2908	62.96
591	2706	61.67
591	2712	63.41
591	2355	62.74
591	3615	60.58
591	3578	64.78
591	2394	62.22
591	3798	59.95
591	356	66.30
591	223	64.52
591	2724	58.53
592	514	70.90
592	2	70.79
592	153	67.77
592	415	66.73
592	110	74.51
592	177	69.86
592	420	66.95
592	380	71.42
592	44	65.18
592	788	66.24
592	588	73.05
592	163	72.12
592	204	66.78
592	610	71.13
592	39	70.60
592	419	66.96
592	253	71.70
592	432	65.57
592	240	68.36
593	1196	71.17
593	1073	69.73
593	1086	70.95
593	1617	70.83
593	4034	69.73
593	41566	66.10
593	1197	71.40
593	344	64.32
593	8368	69.39
593	339	66.76
593	2959	71.72
593	8961	68.78
593	5816	67.33
593	2797	68.21
593	4896	67.99
593	588	68.52
593	595	67.98
593	5952	69.80
593	377	66.58
593	141	66.70
594	7031	69.90
594	2671	79.51
594	7115	77.67
594	1616	75.67
594	5943	72.21
594	1188	79.02
594	2269	77.17
594	1733	87.67
594	4902	79.95
594	6996	65.92
594	780	78.45
594	1429	78.90
594	6140	69.90
594	7046	74.92
594	39	77.89
594	595	79.79
594	799	78.97
594	2028	82.44
594	8482	69.90
594	7169	75.67
595	265	83.45
595	50	86.00
595	1186	82.70
595	1199	86.00
595	1966	80.20
596	33649	69.90
596	43744	69.90
596	182793	69.90
596	129397	60.96
596	128908	69.90
596	1	72.62
596	142488	73.82
596	122922	72.59
596	4310	66.62
596	71838	66.96
596	4025	67.25
596	2501	71.60
596	110102	71.19
596	149406	66.96
596	2774	69.90
596	5502	68.39
596	8665	71.28
596	6537	67.93
596	2571	73.80
596	345	69.84
597	1799	79.19
597	490	77.84
597	3040	76.23
597	2529	82.45
597	2858	83.42
597	903	83.31
597	3039	80.98
597	2000	80.85
597	1291	83.24
597	357	80.13
597	1228	83.92
597	1845	82.59
597	2411	74.91
597	1580	79.93
597	1148	82.94
597	1198	84.85
597	2723	78.86
597	485	76.56
597	592	79.73
597	2692	83.09
598	56367	86.38
598	8360	86.19
598	593	89.04
598	114265	69.90
598	103543	76.03
599	26142	69.90
599	26567	69.90
599	26590	69.90
599	26676	69.90
599	26854	69.90
599	27595	69.90
599	34800	69.90
599	53450	69.90
599	60803	69.90
599	69131	69.90
599	74696	69.90
599	79895	69.90
599	84523	69.90
599	87960	69.90
599	92674	69.90
599	98799	69.90
599	102735	69.90
599	102852	69.90
599	104017	69.90
599	105020	69.90
599	122433	69.90
599	157865	69.90
599	158874	69.90
599	160978	69.90
599	161044	69.90
599	174727	69.90
599	179053	69.90
599	1801	54.09
599	6035	55.69
599	3387	51.69
599	33437	52.69
599	112	51.92
599	5995	56.69
599	167706	69.90
599	4394	69.90
599	836	49.15
599	7235	51.94
599	8809	55.69
599	102749	69.90
599	89087	42.69
599	42011	44.98
599	432	46.89
599	471	53.47
599	5628	53.44
599	1015	49.69
599	2	52.10
599	2269	51.19
599	69	54.19
599	3947	51.19
599	79091	54.19
599	104837	69.90
599	4037	55.69
599	7587	55.69
599	6881	55.69
599	1449	56.02
599	7225	55.69
599	81229	52.69
599	68952	55.69
599	4728	50.15
599	5081	49.69
599	33966	69.90
599	1779	48.29
599	3669	69.90
599	87197	69.90
599	170297	69.90
599	79057	52.02
599	95965	69.90
599	55207	69.90
599	4007	54.49
599	1220	54.84
599	80831	53.89
599	46723	52.55
599	71282	55.69
599	7757	53.44
599	3259	51.19
599	92309	55.69
599	1376	51.47
599	7192	49.69
599	4654	50.44
599	101423	69.90
599	53468	51.69
599	62662	69.90
599	3174	52.56
599	3698	51.52
599	2882	43.69
599	2359	53.86
599	1183	53.29
599	2792	51.19
599	1095	53.55
599	8387	36.69
599	53125	52.78
599	115713	56.08
599	2949	53.91
599	2471	48.29
599	3	51.51
599	1231	54.64
599	3861	48.19
599	240	49.69
599	1480	52.26
599	2301	53.29
599	1445	45.69
599	8045	69.90
599	586	49.50
599	2942	49.15
599	1185	55.19
599	4594	69.90
599	2474	52.99
599	3671	55.21
599	3196	55.69
599	64839	54.52
599	98697	69.90
599	2606	47.24
599	1777	52.77
599	5309	47.19
599	7022	54.77
599	4873	53.98
599	541	56.49
599	27311	57.19
599	43921	53.69
599	67734	52.69
599	4240	69.90
599	5026	55.69
599	168	49.54
599	33493	52.64
599	4125	37.69
599	7354	49.69
599	207	53.07
599	1094	52.38
599	742	49.69
599	1609	43.69
599	1042	50.33
599	3362	55.07
599	4553	53.69
599	4632	52.69
599	2278	53.37
599	468	51.36
599	122904	54.79
599	75416	69.90
599	42718	54.94
599	4285	43.69
599	79274	57.19
599	1794	69.90
599	45081	46.09
599	108192	69.90
599	3489	51.64
599	3503	55.69
599	89804	50.98
599	163809	69.90
599	577	45.69
599	3071	50.44
599	1204	57.60
599	3981	46.69
599	95771	69.90
599	45382	55.69
599	6548	49.94
599	59387	55.99
599	166528	56.14
599	168492	69.90
599	6691	69.90
599	605	48.83
599	424	43.69
599	2991	53.94
599	248	49.69
599	97950	69.90
599	3865	52.69
599	1216	51.69
599	342	52.85
599	35836	53.22
599	27772	48.69
599	176419	69.90
599	151781	69.90
599	277	50.15
599	6320	37.69
599	39381	55.09
599	5111	69.90
599	4090	53.19
599	2450	43.09
599	2676	51.94
599	2356	47.44
599	79702	54.23
599	1597	49.21
599	410	50.09
599	1721	51.84
599	3702	52.58
599	183301	69.90
599	1387	56.02
599	2072	50.19
599	26729	54.94
599	2393	51.44
599	4247	47.02
599	4591	50.44
599	1032	51.35
599	3087	49.88
599	1895	50.89
599	634	46.69
599	210	51.69
599	2074	55.69
599	51575	48.19
599	3505	54.83
599	5247	49.69
599	481	50.61
599	4215	46.69
599	1355	40.69
599	2657	51.69
599	2028	56.46
599	4011	56.18
599	420	48.27
599	552	50.92
599	1196	57.00
599	2395	53.22
599	5303	52.69
599	1752	49.69
599	3186	52.28
599	4310	49.35
599	1784	52.93
599	3200	57.69
599	7254	53.12
599	688	46.32
599	473	42.19
599	1079	55.35
599	1552	49.38
599	1148	55.54
599	1544	48.03
599	63113	51.94
599	2325	51.19
599	26649	55.69
599	6804	69.90
599	161	53.50
599	4109	50.44
599	34332	48.94
599	1653	55.50
599	4808	45.69
599	7707	69.90
599	3468	58.23
599	502	45.87
599	1221	57.21
599	1792	49.69
599	68319	49.55
599	6787	56.01
599	2119	40.69
599	3884	43.69
599	4254	45.36
599	3973	42.19
599	103609	69.90
599	8934	69.90
599	5377	54.63
599	42632	56.69
599	55290	52.69
599	4506	51.19
599	7840	55.69
599	5568	50.69
599	1689	47.29
599	7005	69.90
599	103228	54.69
599	59947	69.90
599	786	50.19
599	4351	50.89
599	172253	69.90
599	4679	50.55
599	1411	56.51
599	117630	69.90
599	1590	48.46
599	112623	51.57
599	3146	46.94
599	8984	52.36
599	1920	48.57
599	519	45.49
599	179817	57.19
599	3979	46.36
599	3741	56.36
599	44020	49.69
599	26630	69.90
599	7285	53.82
599	3030	56.29
599	1021	45.19
599	8638	56.07
599	87	48.49
599	7153	56.52
599	2877	48.19
599	2018	51.51
599	3173	49.46
599	5198	69.90
599	7101	50.29
599	7701	42.19
599	3213	55.32
599	26159	69.90
599	2339	69.90
599	33896	54.19
599	2000	53.46
599	4006	52.09
599	136562	53.44
599	37382	51.19
599	6645	54.69
599	171763	59.19
599	8528	54.08
599	27008	69.90
599	4017	52.96
599	4167	50.36
599	86142	56.69
599	1249	56.82
599	3255	52.48
599	736	51.37
599	2779	51.33
599	84414	61.69
599	27773	55.91
599	2083	54.44
599	98499	49.69
599	4034	55.57
599	119828	69.90
599	1993	44.69
599	94864	50.52
599	6631	69.90
599	2321	51.87
599	26242	51.19
599	3703	54.14
599	41566	51.94
599	2529	55.06
599	1968	54.44
599	8914	55.44
599	3257	49.57
599	159403	69.90
599	1036	55.18
599	76093	55.43
599	5103	53.22
599	6947	53.34
599	1952	55.96
599	2124	51.36
599	4084	49.42
599	6016	56.37
599	778	55.81
599	81	50.82
599	2171	52.09
599	1253	54.98
599	4275	46.69
599	7982	50.69
599	3723	58.69
599	849	49.22
599	2681	51.19
599	6565	53.85
599	39414	51.94
599	122916	56.25
599	6440	54.69
599	8917	53.17
599	72011	53.41
599	1605	49.69
599	1240	54.87
599	923	55.88
599	68157	57.05
599	5961	69.90
599	5053	69.90
599	3571	55.69
599	2403	52.82
599	3871	55.69
599	44238	69.90
599	72226	55.46
599	7004	48.69
599	2054	47.87
599	62970	49.69
599	5159	50.89
599	354	54.19
599	122924	52.42
599	48774	55.75
599	1394	56.11
599	3763	50.19
599	70286	55.23
599	1904	43.69
599	3969	53.12
599	81562	56.69
599	102590	69.90
599	233	52.96
599	4155	52.69
599	1031	52.55
599	76	52.15
599	459	45.69
599	1097	54.44
599	1178	58.69
599	60291	55.69
599	3328	56.40
599	1232	55.69
599	3036	57.19
599	5283	49.09
599	4327	52.69
599	610	52.45
599	2726	56.12
599	4732	42.49
599	5970	50.69
599	2396	53.77
599	594	53.38
599	1247	55.47
599	45499	51.56
599	3476	52.19
599	2399	46.69
599	137218	69.90
599	1997	55.02
599	3271	54.69
599	27801	56.19
599	6365	51.59
599	1799	51.79
599	580	52.69
599	122900	54.27
599	2803	48.94
599	80219	50.69
599	466	48.30
599	110882	55.69
599	3997	42.57
599	26176	69.90
599	2378	48.29
599	117895	39.19
599	26662	56.24
599	90603	57.19
599	119218	69.90
599	44	46.50
599	809	46.32
599	1960	53.64
599	4519	51.19
599	1959	54.19
599	414	46.69
599	1073	55.56
599	61236	46.69
599	1479	49.84
599	4019	54.74
599	1245	57.62
599	37857	54.83
599	161032	69.90
599	371	53.12
599	3020	53.15
599	88593	69.90
599	6774	53.89
599	2005	53.54
599	90405	50.82
599	26285	69.90
599	6793	43.19
599	627	51.94
599	1617	56.68
599	6734	43.69
599	108090	69.90
599	2427	52.93
599	51024	55.69
599	122922	55.32
599	3440	44.36
599	6874	55.51
599	4919	52.69
599	338	48.57
599	81591	52.38
599	1704	56.27
599	1499	43.53
599	357	52.73
599	62155	50.69
599	144	49.69
599	34148	69.90
599	53519	51.27
599	4504	69.90
599	2796	48.69
599	216	53.00
599	6827	34.69
599	1429	52.92
599	7445	52.02
599	1385	49.69
599	90471	52.69
599	8425	69.90
599	10	52.73
599	26542	52.69
599	7387	55.89
599	72998	53.13
599	89470	54.57
599	3629	57.94
599	1297	53.12
599	3424	56.24
599	1672	51.57
599	44761	56.59
599	196	48.57
599	70703	69.90
599	2383	42.69
599	180	51.97
599	4040	45.36
599	6333	54.35
599	4440	61.69
599	5291	53.29
599	88235	55.69
599	1639	53.05
599	4580	34.69
599	153236	69.90
599	86190	53.36
599	4477	44.89
599	103027	69.90
599	32291	51.19
599	34811	69.90
599	5171	49.16
599	122260	69.90
599	8784	53.99
599	5954	54.83
599	8798	53.89
599	707	49.15
599	880	48.59
599	314	53.59
599	61323	52.60
600	3269	56.16
600	1394	63.48
600	3785	56.43
600	2717	55.93
600	5569	60.06
600	4306	62.45
600	1206	63.86
600	56775	58.17
600	2015	59.21
600	7	58.69
600	2013	57.42
600	262	63.06
600	1210	64.08
600	1060	61.10
600	2431	58.71
600	2077	61.06
600	2423	59.63
600	4641	59.67
600	527	64.37
600	5076	57.06
601	141846	69.90
601	68157	93.45
601	1262	91.68
601	106782	91.84
601	60069	92.48
601	49272	91.83
601	5445	89.84
601	1193	93.23
601	1207	93.63
601	79132	92.53
601	904	93.13
601	166024	95.09
601	1917	86.78
601	7153	92.93
601	2324	92.76
601	170697	92.09
601	31658	92.63
601	5989	91.70
601	88810	90.89
601	2571	92.94
602	161	66.74
602	19	61.78
602	350	64.53
602	494	65.78
602	14	66.72
602	471	66.68
602	125	65.90
602	434	62.65
602	235	66.51
602	481	63.82
602	315	62.78
602	371	66.33
602	474	66.79
602	527	70.27
602	21	65.22
602	349	66.30
602	440	66.37
602	339	65.82
602	480	67.31
602	163	66.66
603	602	69.90
603	803	69.90
603	2008	69.90
603	2577	69.90
603	3459	69.90
603	4787	69.58
603	2912	71.34
603	1769	66.94
603	485	66.91
603	4420	69.90
603	920	70.25
603	1	73.09
603	2706	69.72
603	1844	73.44
603	3787	79.44
603	1222	74.48
603	190	69.44
603	2716	72.00
603	3983	75.31
603	101	73.04
604	220	69.90
604	292	68.23
604	151	68.61
604	329	67.70
604	410	66.19
604	426	66.78
604	435	61.71
604	316	68.09
604	22	66.93
604	235	69.38
604	181	60.87
604	332	66.90
604	273	65.62
604	637	65.64
604	285	69.90
604	173	63.31
604	588	70.45
604	23	66.21
604	553	70.48
604	1	71.44
605	35347	69.90
605	6787	67.91
605	1197	69.14
605	5667	69.90
605	42738	62.51
605	51662	65.69
605	7373	63.84
605	596	64.33
605	780	64.37
605	4571	65.75
605	2316	64.09
605	7454	59.64
605	150	66.78
605	60040	62.34
605	8977	58.16
605	3269	60.69
605	72982	69.90
605	1210	68.60
605	62376	58.59
605	60937	58.59
606	263	69.90
606	563	69.90
606	583	69.90
606	3808	69.90
606	4671	69.90
606	4840	69.90
606	5856	69.90
606	6111	69.90
606	6573	69.90
606	8685	69.90
606	32728	69.90
606	55805	69.90
606	3147	76.99
606	4392	70.19
606	2311	74.34
606	6308	64.19
606	50842	79.19
606	6591	79.19
606	8270	73.19
606	2025	76.79
607	891	78.37
607	1610	77.01
607	448	74.77
607	3147	79.17
607	1094	75.06
607	1307	77.00
607	592	75.02
607	204	70.78
607	1552	72.06
607	527	79.69
607	3476	74.87
607	296	79.27
607	2313	77.28
607	3440	67.03
607	423	71.87
607	1518	74.12
607	2118	75.37
607	2193	75.68
607	380	75.39
607	2028	79.15
608	52245	59.62
608	2997	65.64
608	3793	64.27
608	2763	64.25
608	174	58.80
608	2000	63.85
608	1214	65.77
608	919	65.07
608	2700	64.56
608	4161	61.96
608	5146	62.08
608	1639	63.44
608	541	66.88
608	473	52.58
608	2529	65.45
608	522	64.88
608	4343	59.14
608	1909	63.08
608	2431	61.73
608	1220	65.24
609	296	68.28
609	833	54.63
609	356	68.30
609	339	64.28
609	454	65.30
609	318	70.12
609	208	60.85
609	292	63.83
610	5953	69.90
610	58975	69.90
610	70206	69.90
610	78626	69.90
610	82765	69.90
610	97988	69.90
610	107447	69.90
610	107462	69.90
610	110591	69.90
610	110746	69.90
610	118082	69.90
610	139655	69.90
610	160341	69.90
610	86644	68.40
610	56801	68.29
610	61024	76.54
610	77561	74.80
610	4816	73.62
610	62434	73.17
610	3972	77.04
