1	260	93.15
1	1927	100.00
1	804	77.23
1	3	83.24
1	1009	74.53
1	2406	83.63
1	1587	77.23
1	3671	93.03
1	2617	77.75
1	3053	97.15
1	2571	91.81
1	1222	99.49
1	2137	90.27
1	1377	74.28
1	2395	88.99
1	2761	100.00
1	2641	76.58
1	2872	91.76
1	1258	93.39
1	2700	87.90
2	333	73.94
2	122882	74.22
2	71535	75.87
2	46970	61.81
2	58559	80.83
2	80489	76.82
3	5764	69.90
3	647	32.66
3	6835	69.90
3	5919	87.36
3	2851	31.68
3	2288	52.44
3	5048	42.48
3	4518	48.58
4	106	69.90
4	1291	78.89
4	3408	49.09
4	265	60.97
4	52	62.57
4	4347	76.30
4	2467	74.76
4	908	90.58
4	345	69.67
4	1304	86.32
4	1923	60.75
4	2959	74.95
4	368	52.01
4	1219	78.39
4	4765	73.18
4	1199	76.95
4	4166	41.30
4	1732	71.00
4	21	60.88
4	2858	67.19
5	515	66.95
5	1	77.00
5	364	75.86
5	608	79.69
5	290	77.49
5	261	70.52
5	34	66.05
5	318	86.84
5	21	59.89
6	349	74.39
6	318	90.33
6	775	69.90
6	141	76.63
6	348	72.10
6	104	78.11
6	327	63.35
6	410	64.00
6	165	81.69
6	87	66.55
6	366	64.44
6	17	81.93
6	1084	87.58
6	222	81.05
6	16	71.82
6	416	50.37
6	277	70.69
6	460	60.49
6	867	16.10
6	316	71.57
7	8528	69.68
7	3623	54.81
7	8636	66.65
7	8360	72.67
7	1517	63.83
7	466	50.53
7	8373	43.61
7	1220	81.06
7	7155	46.42
7	8808	46.86
7	6863	62.65
7	31878	74.81
7	1610	73.75
7	1219	87.55
7	4700	60.17
7	45668	57.04
7	8970	67.25
7	27741	74.90
7	6333	71.71
7	8865	45.55
8	356	85.77
8	47	83.82
8	231	62.24
8	318	91.26
8	454	74.76
8	292	67.59
8	32	81.09
8	141	65.83
8	380	70.98
8	252	64.42
9	5451	60.72
9	923	88.44
9	5890	69.90
9	2901	67.55
9	922	91.54
9	6044	69.90
9	1987	69.90
9	5378	68.62
9	3735	81.74
9	5447	63.92
10	597	59.27
10	33679	65.82
10	8533	73.75
10	8969	54.99
10	72720	76.35
10	88810	73.00
10	136020	60.30
10	6377	64.39
10	5943	47.35
10	109374	69.60
10	113394	69.90
10	61250	45.82
10	82167	57.53
10	140110	63.90
10	5377	71.83
10	77841	69.90
10	6942	72.23
10	1028	68.38
10	72330	69.90
10	66203	50.04
11	733	76.72
11	1584	78.63
11	1210	90.30
11	170	66.44
11	1438	60.58
11	648	75.84
11	1918	63.05
11	493	78.23
11	10	73.25
11	457	81.99
11	1693	77.98
11	150	86.44
11	1923	79.21
12	2717	76.64
12	2100	79.64
12	838	97.19
12	2072	84.03
12	1876	75.60
12	2581	80.26
12	6942	96.81
13	3717	70.97
13	3624	73.84
13	3798	68.30
13	2174	78.16
13	47	89.82
13	3893	74.67
13	305	62.76
14	344	58.20
14	477	69.61
14	110	74.83
14	540	51.38
14	597	67.60
14	153	58.53
14	592	66.92
14	4	46.19
14	539	68.47
14	105	67.75
15	91529	62.02
15	7438	66.05
15	111759	55.70
15	2329	83.96
15	1	76.80
15	1909	81.66
15	1240	82.05
15	115713	68.10
15	1200	80.44
15	293	73.26
15	2571	80.85
15	3949	71.80
15	120466	59.49
15	1198	84.70
15	2028	88.64
15	2011	73.36
15	158	49.71
15	160980	50.10
15	4306	74.31
15	4022	70.47
16	1230	70.09
16	78499	71.58
16	913	72.66
16	1136	70.63
16	1299	76.88
16	1617	75.68
16	1203	72.11
16	3429	83.02
16	2858	69.03
16	608	72.24
16	3683	72.66
16	4002	66.45
16	1199	79.15
16	912	76.74
16	2707	55.89
16	5782	68.22
16	1260	63.15
16	319	73.54
16	27773	74.12
16	2109	58.47
17	260	91.37
17	64839	77.79
17	296	91.60
17	5952	87.53
17	527	92.94
17	1193	89.65
17	3681	87.40
17	1240	85.70
17	2717	63.56
17	2858	87.54
17	1093	71.35
17	81932	76.35
17	5618	88.92
17	50	90.09
17	5971	85.72
17	2959	90.14
17	1201	87.70
17	541	88.64
17	82459	77.60
17	1	87.14
18	8117	69.90
18	65596	69.90
18	88094	69.90
18	145283	69.90
18	157110	69.90
18	166015	69.90
18	171023	69.90
18	103253	67.95
18	60684	76.60
18	44199	73.39
18	2	63.64
18	86628	80.04
18	59784	70.88
18	2918	79.03
18	109374	74.66
18	4226	84.28
18	53129	89.02
18	139385	72.57
18	47	81.42
18	1291	81.08
19	3692	69.90
19	3662	48.87
19	54	69.02
19	2733	28.48
19	1702	45.21
19	1240	74.54
19	1270	77.11
19	3712	54.27
19	1881	50.77
19	216	55.63
19	3	50.08
19	1834	66.54
19	2184	60.46
19	3017	54.68
19	2044	34.27
19	2354	41.56
19	2005	63.12
19	3146	46.04
19	3387	54.12
19	2694	52.49
20	1566	80.52
20	5419	56.72
20	4014	75.86
20	2140	71.92
20	586	70.49
20	661	77.04
20	3189	72.38
20	5014	87.70
20	1333	89.51
20	4161	67.30
20	3784	60.23
20	1030	65.45
20	5313	33.71
20	2804	91.55
20	2054	63.24
20	34	86.03
20	1097	89.23
20	6358	69.90
20	4519	65.55
20	1722	57.93
21	107013	69.90
21	117922	69.90
21	140301	69.90
21	57640	79.54
21	2985	61.14
21	2990	77.04
21	2717	58.53
21	5418	70.15
21	31433	54.83
21	112175	76.43
21	7153	68.51
21	30793	58.85
21	4446	67.69
21	52973	69.14
21	45186	71.98
21	2023	69.77
21	79185	74.30
21	1721	66.89
21	102125	65.89
21	5459	66.01
22	8961	55.57
22	2723	42.35
22	60950	30.77
22	64575	33.04
22	1193	66.28
22	70286	46.11
22	4993	60.58
22	2160	69.32
22	39183	47.57
22	7147	49.45
22	3996	59.50
22	3481	58.06
22	55765	37.82
22	48780	54.65
22	7361	57.49
22	51540	43.33
22	6711	52.45
22	2968	54.33
22	3949	55.74
22	48394	44.84
23	6234	69.90
23	3996	67.45
23	293	71.19
23	1206	74.82
23	1136	70.32
23	1960	63.71
23	7587	78.54
23	3424	72.80
23	3181	77.56
23	2467	69.66
23	1248	76.53
23	1617	76.08
23	6807	66.70
23	1952	75.31
23	6440	67.59
23	1258	73.90
23	1243	70.94
23	1080	70.07
23	8228	60.13
23	1711	49.58
24	1784	66.78
24	2617	62.32
24	111759	77.72
24	134853	77.82
24	58998	74.78
24	1265	76.46
24	1198	85.86
24	3147	81.09
24	1197	83.24
24	1220	74.98
24	2424	60.95
24	5418	74.60
24	72011	70.43
24	54286	71.06
24	27773	78.23
24	64957	67.08
24	356	80.88
24	44191	75.79
24	1682	72.62
24	68358	77.29
25	58559	99.58
25	60069	96.97
25	74458	96.10
25	79132	97.02
25	527	100.00
25	260	99.83
26	10	69.90
26	34	69.90
26	47	69.90
26	150	69.90
26	153	69.90
26	165	69.90
26	185	69.90
26	208	69.90
26	225	69.90
26	288	69.90
26	296	69.90
26	300	69.90
26	344	69.90
26	349	69.90
26	356	69.90
26	380	69.90
26	434	69.90
26	454	69.90
26	457	69.90
26	592	69.90
26	593	69.90
27	1196	79.69
27	2478	60.62
27	2640	69.57
27	3508	76.58
27	3555	67.31
27	1201	75.58
27	3519	55.46
27	969	76.19
27	2080	73.69
27	673	54.66
27	2886	21.67
27	2529	74.16
27	1387	74.05
27	1101	64.68
27	1947	71.41
27	1250	84.53
27	1276	86.37
27	3114	79.19
27	1083	69.74
27	3809	67.23
28	27450	69.90
28	60943	69.90
28	61011	69.90
28	63033	69.90
28	5617	65.82
28	59369	68.22
28	60046	69.90
28	507	53.68
28	3300	58.79
28	55094	46.79
28	59018	69.90
28	26695	69.90
28	2951	70.39
28	3006	62.09
28	2231	65.17
28	5418	71.39
28	26812	36.79
28	2058	49.25
28	353	53.84
28	61167	69.90
29	98961	87.40
29	7379	72.86
29	1250	87.72
29	1201	88.57
29	111362	81.46
29	48516	90.28
29	1100	56.00
29	26554	69.90
29	3441	75.65
29	4327	77.58
29	2872	81.74
29	2301	78.64
29	1617	87.29
29	3681	90.32
29	55820	84.25
29	4223	71.89
29	99114	80.90
30	5952	95.62
30	108932	95.31
30	1200	92.73
30	91529	98.82
30	116823	94.51
30	112852	99.68
30	1198	100.00
31	1198	93.77
31	1200	85.56
31	648	76.57
31	1363	71.53
31	1073	89.39
31	1036	83.36
31	1197	92.90
31	377	73.34
31	1246	84.40
31	1270	89.00
32	236	74.46
32	314	79.49
32	1356	78.39
32	357	76.40
32	224	79.48
32	627	77.90
32	1079	84.03
32	1084	82.52
32	318	94.62
32	761	54.94
32	1197	89.97
32	849	62.73
32	912	90.69
32	880	59.73
32	1198	90.70
32	58	91.31
32	203	68.63
32	608	86.58
32	497	86.44
32	410	63.37
33	110	84.95
33	17	86.35
33	2396	80.04
33	2272	54.70
33	448	68.54
33	428	70.88
33	265	79.03
33	1280	89.75
33	1177	91.27
33	1617	90.37
33	50	90.02
33	261	84.31
33	11	81.77
33	452	49.47
33	345	77.91
33	608	85.56
33	150	85.22
33	1188	74.02
33	800	80.78
33	2690	87.37
34	780	66.04
34	2273	60.87
34	3717	61.94
34	26606	69.90
34	45499	64.76
34	3996	76.33
34	4310	57.73
34	3624	65.65
34	31685	61.50
34	1721	61.08
34	5146	69.56
34	7090	76.23
34	70	69.36
34	2006	58.76
34	3000	72.43
34	4306	72.38
34	27728	2.02
34	3997	50.04
35	11	81.34
35	185	70.43
35	595	83.31
35	21	74.55
35	300	81.93
36	5171	37.00
36	3066	66.06
36	552	45.12
36	4025	38.57
36	1262	53.26
36	2735	37.65
36	2359	59.48
36	1372	50.77
36	1278	57.26
36	2194	57.58
36	3347	65.44
36	1704	57.68
37	344	79.16
37	356	100.00
37	661	85.63
37	329	82.20
37	457	95.39
38	434	52.63
38	39	58.53
38	223	64.58
38	161	66.36
38	246	85.42
38	168	55.26
38	273	54.91
38	480	68.40
38	356	78.58
38	457	69.80
38	364	71.83
38	50	81.94
38	500	60.95
38	300	71.92
38	551	64.21
38	21	63.63
39	2571	94.66
39	2391	84.75
39	1921	90.05
39	1862	42.28
39	1219	86.34
39	1907	71.07
39	2081	64.68
39	2459	73.07
39	924	81.72
39	2529	78.93
39	1729	74.62
39	47	89.71
39	260	92.06
39	2080	62.24
39	592	74.31
39	296	92.05
39	3213	84.59
39	610	71.37
39	589	83.84
39	596	62.85
40	440	78.57
40	454	76.89
40	588	78.37
40	339	75.06
40	158	57.30
40	432	49.63
40	431	82.77
40	186	50.16
40	616	71.41
40	514	74.34
40	21	75.90
40	592	71.08
40	1	82.21
40	223	79.20
40	585	55.79
40	216	69.89
40	104	73.46
40	371	77.43
40	111	88.24
40	267	65.34
41	96829	74.64
41	64839	69.71
41	122882	57.29
41	6287	59.07
41	1569	52.52
41	106920	68.26
41	86781	86.24
41	3160	68.46
41	1721	49.50
41	2028	61.66
41	6763	36.17
41	5418	64.13
41	53519	52.23
41	122904	60.22
41	55247	75.51
41	924	56.23
41	4011	70.42
41	2324	74.08
41	35836	65.16
41	5995	79.84
42	3869	75.21
42	4654	67.35
42	1021	50.07
42	2423	77.61
42	3248	40.45
42	4477	50.13
42	2500	41.97
42	1431	52.59
42	195	76.28
42	3326	100.00
42	2407	72.30
42	1090	85.29
42	2735	61.24
42	3693	51.14
42	1020	62.04
42	4545	70.00
42	4132	54.18
42	2263	64.60
42	3535	81.91
42	2805	57.94
43	225	83.95
43	296	96.70
43	596	93.52
43	588	91.84
43	587	81.23
43	420	70.67
43	158	79.17
43	631	97.11
43	5	82.24
43	597	88.93
43	168	79.13
43	355	69.18
43	47	95.25
43	367	80.12
43	519	69.56
43	594	91.66
43	236	88.65
43	1	96.02
43	60	94.17
43	259	86.35
44	36	77.01
44	663	66.66
44	12	47.86
44	661	66.67
44	94	81.53
44	1	81.64
44	104	73.14
44	112	70.37
44	494	67.91
44	889	69.90
45	2718	68.15
45	1036	90.11
45	2028	95.74
45	1653	88.02
45	1682	91.32
45	2396	81.88
45	3249	63.21
45	261	79.69
45	4308	80.88
45	329	74.78
45	1367	69.16
45	2890	80.26
45	593	96.45
45	1127	80.64
45	2431	75.99
45	6377	95.44
45	569	58.28
45	1197	93.74
45	1060	85.35
45	2858	94.94
46	590	86.00
46	588	83.31
46	315	73.02
46	208	71.25
46	1	88.51
46	432	62.39
46	225	76.92
46	434	69.57
46	339	79.65
47	508	59.06
47	68932	68.76
47	72395	63.83
47	2420	54.08
47	597	56.00
47	148626	66.95
47	5989	59.37
47	96588	64.89
47	69122	50.56
47	6155	55.90
47	4975	47.44
47	30749	59.34
47	106100	68.15
47	45950	66.94
47	2028	64.45
47	4018	44.18
47	1259	59.70
47	6373	54.54
47	33166	56.58
47	2407	50.19
48	4886	86.55
48	1320	74.54
48	1527	84.75
48	1193	94.12
48	3793	83.70
48	48	77.00
48	1653	89.91
49	2028	86.83
49	1214	83.45
49	139385	79.41
49	318	93.35
49	527	88.52
50	8143	69.90
50	114335	69.90
50	136564	69.90
50	142074	69.90
50	171759	69.90
50	175693	69.90
50	179073	69.90
50	175707	69.90
50	71264	47.42
50	82848	69.90
50	1377	43.02
50	44555	69.05
50	8157	57.81
50	6807	63.87
50	95543	42.51
50	8253	56.52
50	96610	45.67
50	924	71.73
50	32875	69.90
50	4896	54.35
51	7040	69.90
51	5620	63.36
51	2613	57.01
51	4437	85.04
51	2023	76.67
51	1500	88.84
51	522	80.01
51	858	100.00
51	4508	82.13
51	2951	91.09
51	1014	93.83
51	1407	71.10
51	2282	69.86
51	2420	84.91
51	3388	57.81
51	260	85.77
51	3186	73.83
51	3994	65.34
51	3501	48.04
51	2371	67.62
52	152081	91.54
52	51255	92.90
52	74458	96.10
52	1923	82.53
52	7438	90.99
52	40583	78.84
52	59784	77.86
52	55765	100.00
52	112852	99.08
52	86892	69.90
52	55363	96.45
52	112138	82.53
52	49272	93.05
52	52245	75.84
52	69481	95.80
52	50794	72.87
52	1704	91.70
52	54736	90.67
52	44665	93.53
52	47200	83.53
53	481	93.67
53	1100	83.38
53	249	100.00
53	1125	100.00
53	916	100.00
54	296	69.35
54	593	69.82
54	639	47.07
54	1	65.32
54	205	51.94
54	161	59.21
54	500	52.93
55	2407	47.20
55	673	46.54
55	3275	75.99
55	2890	59.44
55	4011	72.18
56	786	73.53
56	253	84.59
56	165	87.12
56	110	91.84
56	589	92.13
56	370	73.39
56	434	72.03
56	410	74.44
56	69	84.65
56	185	72.83
57	2140	70.12
57	942	93.21
57	920	77.23
57	3175	74.43
57	1784	74.79
57	3429	80.94
57	933	96.10
57	1193	92.90
57	3446	69.90
57	160	51.70
57	1499	28.01
57	2640	72.11
57	892	63.64
57	11	71.12
57	2947	70.62
57	6	76.64
57	2478	51.90
57	2291	82.79
57	1688	70.14
57	2301	66.11
58	588	83.42
58	282	70.47
58	185	63.00
58	419	61.80
58	367	70.28
58	277	69.46
58	48	77.41
58	280	89.04
58	337	78.07
58	345	80.24
58	3	70.18
58	357	77.16
58	527	97.18
58	587	75.97
58	218	71.15
58	500	76.56
58	508	80.61
58	368	75.54
58	364	87.11
58	353	78.90
59	1696	68.00
59	6460	100.00
59	3489	63.22
59	1188	81.54
59	1222	81.77
59	2076	81.10
59	3448	82.61
59	1263	89.66
59	1247	82.38
59	527	87.53
59	1244	91.52
59	904	92.90
59	903	91.59
59	965	82.71
59	2616	64.82
59	1953	85.45
59	608	82.65
59	105	72.28
59	912	93.41
59	3471	78.96
60	832	67.90
60	58559	82.82
60	805	71.83
60	455	47.59
60	858	84.54
61	266	71.03
61	1101	70.02
61	7438	83.02
61	173	57.71
61	555	81.91
61	2012	72.28
61	4878	84.24
61	3949	82.40
62	99114	88.23
62	176371	82.04
62	3793	80.87
62	56757	82.92
62	73017	88.69
62	30793	72.40
62	179819	64.37
62	68554	72.81
62	185135	100.00
62	168248	88.27
62	5903	87.16
62	4878	95.43
62	2028	94.42
62	5502	77.67
62	6058	63.28
62	344	70.25
62	1721	75.70
62	45499	73.10
62	41566	80.96
62	78105	60.15
63	5669	73.82
63	4246	63.30
63	48780	75.70
63	500	66.13
63	6016	81.82
63	31658	81.43
63	2858	74.18
63	64285	73.30
63	85414	74.89
63	1221	79.41
63	106696	69.38
63	4963	68.95
63	50	82.13
63	1097	71.31
63	260	80.13
63	110	75.01
63	1222	68.16
63	4979	62.17
63	5952	73.93
63	77561	71.01
64	5878	86.52
64	3101	74.82
64	2640	73.37
64	2959	90.05
64	8784	78.03
64	2054	55.07
64	4239	81.60
64	4025	60.86
64	5026	87.65
64	40819	80.94
64	266	69.46
64	2699	53.32
64	27266	85.85
64	3969	77.51
64	1805	66.55
64	6296	79.47
64	4776	83.40
64	3148	76.66
64	4262	82.92
64	356	86.07
65	1246	78.85
65	33660	81.99
65	7458	70.20
65	2329	84.67
65	4993	83.65
65	91542	73.51
65	3147	82.52
66	593	85.95
66	47	86.98
66	5418	87.04
66	922	89.48
66	2139	77.16
66	2956	65.34
66	3745	76.92
66	1956	90.25
66	4581	69.90
66	5349	81.45
66	1210	83.53
66	1094	76.79
66	2001	64.69
66	380	75.53
66	6539	88.80
66	671	72.20
66	1	80.69
66	6378	82.15
66	7766	84.34
66	296	89.59
67	99114	76.63
67	4306	75.79
67	27193	65.34
67	79132	79.31
67	60069	79.54
67	2012	67.45
67	4886	74.84
67	4993	80.03
68	47978	69.90
68	95218	69.90
68	6534	48.14
68	48696	65.07
68	67267	59.17
68	30825	56.59
68	1799	64.43
68	3556	68.91
68	8622	72.38
68	4351	55.38
68	63113	72.94
68	58295	67.98
68	7151	60.55
68	2413	57.83
68	6287	64.85
68	653	62.70
68	41566	63.39
68	5541	55.23
68	260	78.26
68	48043	69.03
69	4370	83.82
69	4848	95.60
69	3671	93.59
69	2476	97.06
69	1193	98.92
69	356	97.92
69	553	93.47
69	4022	90.46
69	260	98.87
69	3994	82.55
70	1193	87.89
70	1097	81.04
70	1914	85.94
70	1269	82.55
70	4995	84.51
70	318	93.39
70	8949	79.82
70	1968	81.77
70	1210	88.19
70	89492	82.25
70	1250	89.22
70	1235	94.62
70	2366	77.07
71	494	71.62
71	647	73.38
71	736	69.28
71	95	61.17
71	733	77.26
71	589	82.86
71	7	67.50
72	1047	70.16
72	150	84.01
72	858	93.48
72	2490	76.67
72	1357	84.21
72	260	90.33
72	50	91.25
72	1198	93.36
72	1196	91.35
73	1193	88.16
73	45720	70.34
73	105037	41.97
73	6333	83.07
73	59315	85.17
73	76293	70.10
73	138204	78.41
73	2706	66.49
73	152081	91.95
73	45221	49.87
73	68135	75.65
73	150	75.68
73	8376	68.37
73	93510	81.96
73	59784	71.83
73	116823	83.50
73	106072	80.12
73	1682	78.33
73	52245	67.77
73	35836	76.63
74	31522	69.90
74	2594	82.20
74	2908	80.09
74	30749	82.45
74	6870	82.85
74	3006	83.72
74	52281	74.63
74	49772	85.21
74	55118	87.97
74	2997	89.36
74	6305	80.48
74	608	94.54
74	4546	83.13
74	41863	86.43
74	27773	89.74
74	6001	90.67
74	1251	93.47
74	6552	80.34
74	46976	78.69
74	44555	93.16
75	5445	69.57
75	1240	71.01
75	5952	79.12
75	2193	64.88
75	6870	73.47
75	2529	77.04
75	168	52.40
75	541	72.72
75	3176	59.68
75	1962	61.87
75	2078	71.67
75	1889	70.44
75	1266	70.75
75	1374	75.54
76	48877	47.71
76	5956	57.93
76	2918	72.23
76	58803	57.76
76	1247	74.80
76	74458	69.29
76	7669	62.36
76	79132	66.51
76	8957	52.55
76	858	84.25
76	55820	66.57
76	1258	77.59
76	63436	49.32
76	1201	76.02
76	1208	85.07
76	48	39.19
76	288	54.96
76	34405	66.35
76	1	64.81
76	1196	75.14
77	3996	71.70
77	4973	78.38
77	7361	77.55
77	8636	72.55
77	3578	73.72
77	33794	73.72
78	296	83.11
78	165	72.70
78	3809	65.61
78	589	78.55
78	546	35.50
78	27904	72.95
78	260	83.26
78	590	76.63
78	480	74.96
78	68791	65.81
78	344	60.36
78	44974	62.72
78	380	69.13
79	3266	100.00
79	3029	73.29
79	589	87.00
79	1916	85.75
79	307	90.09
79	4005	74.40
79	260	90.36
79	1189	91.02
79	1345	73.24
79	2000	81.75
79	1374	87.41
79	2659	69.90
79	2076	88.34
80	7445	84.26
80	96691	78.61
80	84189	69.90
80	91630	83.12
80	49530	89.78
80	8950	96.20
80	6539	89.46
80	4223	82.23
80	5630	80.46
80	3527	84.35
80	76251	86.44
80	80363	72.30
80	52604	88.30
80	6502	91.10
80	34048	78.08
80	1221	95.54
80	60684	91.11
80	6952	67.39
80	5989	90.77
80	77561	87.72
81	10	69.90
81	32	69.90
81	47	69.90
81	110	69.90
81	150	69.90
81	153	69.90
81	161	69.90
81	165	69.90
81	208	69.90
81	231	69.90
81	288	69.90
81	296	69.90
81	316	69.90
81	318	69.90
81	329	69.90
81	344	69.90
81	356	69.90
81	364	69.90
81	367	69.90
81	377	69.90
81	380	69.90
81	457	69.90
81	480	69.90
81	588	69.90
81	589	69.90
81	592	69.90
82	6886	69.90
82	2381	54.50
82	2378	59.47
82	6566	74.23
82	368	73.34
82	6536	79.76
82	3253	69.78
82	4310	63.50
82	1608	66.61
82	1372	64.38
82	145	69.77
82	356	80.18
82	6708	87.36
82	1485	61.85
82	4369	70.36
82	6564	56.98
82	6888	59.89
82	5803	55.69
82	4015	65.75
82	364	75.35
83	56367	61.76
83	7143	71.21
83	7323	70.22
83	6539	62.43
83	161	63.72
83	586	54.81
83	2115	62.56
83	1270	76.05
83	6874	66.44
83	2324	82.56
83	1537	70.15
83	7153	69.32
83	68954	67.75
83	48774	67.98
83	30749	58.90
83	8014	86.04
83	1222	72.94
83	3753	53.87
83	1223	77.36
83	64983	45.66
84	55	69.90
84	987	69.90
84	912	83.63
84	1096	81.65
84	420	57.80
84	1227	81.44
84	113	59.02
84	580	75.46
84	5060	77.17
84	1293	86.03
84	900	74.71
84	1097	71.89
84	62	78.22
84	368	70.01
84	1305	85.95
84	1247	77.53
84	1296	76.88
84	11	80.28
84	1073	75.70
84	1094	73.30
85	1519	69.90
85	1624	54.88
85	1140	69.90
85	1694	42.63
85	1643	67.50
85	1747	67.98
85	1635	77.19
86	4993	84.33
86	4310	57.70
86	6947	75.92
86	2411	57.56
86	457	79.88
86	5418	77.52
86	3996	79.70
86	4901	67.35
86	1835	68.65
86	33794	77.86
86	1196	85.42
86	3555	69.16
86	1097	77.32
86	2687	63.11
87	4023	73.51
87	2009	80.49
87	3504	91.06
87	671	75.91
87	2139	80.64
88	7312	69.90
88	74795	79.89
88	4993	93.24
88	68157	94.87
88	5952	89.24
88	1193	93.20
88	223	86.64
88	8665	84.97
88	4262	88.27
88	56782	94.54
88	8677	50.97
88	58559	93.90
89	26645	69.90
89	32060	69.90
89	44851	69.90
89	53280	69.90
89	53578	69.90
89	67888	69.90
89	69211	69.90
89	81087	69.90
89	84246	69.90
89	103602	69.90
89	108078	69.90
89	109596	69.90
89	118894	69.90
89	121007	69.90
89	128089	69.90
89	128944	69.90
89	131098	69.90
89	131439	69.90
89	134847	69.90
89	140481	69.90
89	146684	69.90
89	148632	69.90
89	150554	69.90
89	164226	69.90
89	30793	48.66
89	169912	44.11
89	87869	61.72
89	1923	44.49
89	4015	48.53
89	950	56.24
89	173253	69.90
89	2324	52.89
89	27826	69.90
89	92259	73.13
89	11	39.22
89	3977	30.66
89	86298	51.43
89	8154	65.84
89	77688	69.90
89	2997	41.47
89	170837	69.90
89	49274	41.15
89	157775	69.90
89	1	50.44
89	142196	69.90
89	99117	55.65
89	62008	69.90
89	72624	69.90
89	108156	50.29
89	3752	51.51
89	2059	52.68
89	128520	79.05
89	3175	41.97
89	133879	69.90
89	48649	69.90
89	126088	69.90
89	5529	69.90
89	65588	69.90
89	99130	69.90
89	40962	69.90
89	1732	44.82
89	68659	62.67
89	91666	69.90
89	2683	42.96
89	3751	54.38
89	750	41.18
89	6650	69.90
89	149508	69.90
89	2395	37.61
89	51575	48.45
89	65230	43.13
89	171751	69.90
89	85881	68.46
89	139157	69.90
89	6863	54.47
89	4246	53.75
89	108949	64.08
89	1230	42.96
89	160567	84.11
89	73319	54.10
89	177185	69.90
89	130520	65.66
89	5220	50.02
89	121338	69.90
89	153386	69.90
89	50872	63.04
89	149566	69.90
89	145491	69.90
89	4890	50.33
89	129354	56.48
89	32243	69.90
89	84944	72.25
89	6402	69.90
89	1288	42.13
89	140133	69.90
89	119141	60.40
89	947	68.13
89	176621	69.90
89	4973	55.58
89	158398	69.90
89	69469	69.90
89	54503	55.99
89	141928	69.90
89	102481	64.20
90	1137	69.90
90	1144	69.90
90	581	89.08
90	81	71.76
90	892	79.03
90	1073	83.50
90	116	67.88
90	896	55.79
90	17	80.50
90	7	69.01
90	613	73.27
91	3013	69.90
91	6395	69.90
91	8147	69.90
91	7153	88.82
91	3360	72.39
91	2791	83.16
91	3897	68.06
91	1080	79.67
91	4850	58.95
91	3429	82.45
91	7000	68.21
91	2060	57.89
91	2916	76.64
91	1391	66.51
91	2100	56.19
91	318	93.22
91	2146	68.11
91	1225	75.08
91	1246	75.20
91	8501	74.38
92	2572	84.91
92	2114	88.08
92	1015	74.79
92	2454	82.31
92	1801	91.53
93	736	85.10
93	1917	79.34
93	552	84.30
93	1721	82.83
93	539	86.05
93	480	91.28
93	1372	90.82
93	368	91.22
93	2355	86.90
93	1923	85.68
93	2193	92.92
93	2006	76.62
93	339	88.39
93	1097	89.41
93	1591	70.10
93	260	96.34
93	2968	98.12
93	1676	84.30
93	593	99.58
93	558	80.24
94	231	57.42
94	377	63.90
94	367	59.45
94	364	75.36
94	288	52.16
94	19	51.86
94	10	66.99
94	586	52.18
94	590	72.32
94	380	69.57
94	589	76.27
94	318	82.24
95	18	86.32
95	4878	90.74
95	6979	74.82
95	4732	48.71
95	3019	89.56
95	5246	47.90
95	32	91.85
95	2952	75.69
95	1247	91.88
95	1198	99.02
95	5283	72.61
95	3361	81.64
95	1513	66.83
95	2009	79.94
95	539	79.53
95	122	63.74
95	1584	84.99
95	1240	91.69
95	4262	92.99
95	5349	83.44
96	527	92.07
96	1094	77.57
96	272	70.24
96	3819	93.26
96	150	84.74
96	2021	76.28
96	2571	90.06
96	1214	88.22
96	2058	66.14
96	1220	87.51
96	733	76.57
96	2340	62.78
96	1721	72.54
96	2396	85.13
96	367	69.72
96	1291	87.28
97	4701	81.81
97	4306	91.37
97	3578	91.96
97	4993	97.24
97	4963	90.49
97	4299	80.04
97	3981	66.60
97	4161	79.44
98	81845	86.91
98	8961	80.01
98	122912	80.86
98	5299	68.11
98	63992	56.31
98	187541	97.59
98	56152	84.52
98	134853	88.59
98	69644	59.55
98	6863	69.19
98	5618	92.08
98	56801	56.84
98	3499	85.20
98	134130	93.33
98	74789	68.04
98	82461	69.46
98	1258	88.43
98	88810	84.78
98	79132	91.00
99	318	100.00
99	161	90.45
99	420	74.29
99	592	87.52
99	196	70.87
99	122	69.09
99	145	79.50
99	150	97.24
99	316	88.68
99	236	84.79
99	588	96.77
100	497	83.10
100	296	87.46
100	1393	77.32
100	95	64.22
100	592	75.53
100	605	66.99
100	6059	74.70
100	28	93.74
100	2245	71.76
100	62	82.92
100	4308	79.06
100	1777	74.66
100	838	87.02
100	2125	85.76
100	1288	82.86
100	234	65.82
100	1197	88.16
100	2005	80.03
100	4014	77.01
100	4623	76.53
101	2580	76.45
101	3285	64.36
101	2723	61.44
101	2700	73.55
101	2908	79.29
101	2390	83.74
101	3175	69.54
101	2395	77.57
101	358	60.25
101	2702	71.77
101	3394	59.13
101	2997	84.57
101	2502	82.11
102	158	52.33
102	588	73.59
102	150	75.07
102	592	66.36
102	253	72.81
102	480	73.36
102	344	61.57
102	539	68.92
102	553	78.37
102	593	81.98
102	586	58.46
102	223	77.17
103	86014	69.90
103	1954	85.20
103	60040	60.94
103	1968	86.26
103	77206	69.90
103	2161	78.46
103	1732	89.75
103	81834	64.89
103	608	85.45
103	2384	55.23
103	4254	46.38
103	104	77.32
103	139642	57.24
103	56782	91.19
103	2096	76.65
103	101	88.19
103	6534	50.26
103	374	53.48
103	60069	69.49
103	30793	61.39
104	4740	69.90
104	743	47.37
104	5218	77.40
104	8643	76.53
104	1288	72.43
104	47997	78.78
104	468	64.96
104	76251	70.64
104	8533	79.10
104	4018	70.61
104	38038	77.98
104	1566	70.26
104	7361	81.46
104	6060	69.90
104	3034	74.39
104	1641	71.92
104	4641	68.00
104	108190	58.77
104	616	71.82
104	7034	83.23
105	4788	69.90
105	69685	69.90
105	95311	69.90
105	95313	69.90
105	110586	69.90
105	141816	69.90
105	141818	69.90
105	170597	69.90
105	172587	69.90
105	172793	69.90
105	173351	69.90
105	173535	69.90
105	6433	57.00
105	4974	63.36
105	70286	82.83
105	108981	69.90
105	95175	69.90
105	69122	75.35
105	1243	88.67
105	3916	80.35
106	69844	93.05
106	72998	84.19
106	59501	86.69
106	86880	74.62
106	5349	86.38
106	53125	84.84
106	59784	81.19
107	231	73.72
107	253	83.38
107	590	89.67
107	165	85.64
107	434	71.09
107	208	71.13
107	318	99.89
108	800	91.80
108	6022	68.59
108	4995	87.54
108	2585	69.90
108	5316	64.52
108	4975	75.75
108	3978	64.29
108	5349	81.67
108	2926	71.21
108	4246	84.98
108	4878	91.37
108	4994	70.12
108	1968	86.58
108	1684	66.54
108	497	84.91
108	5380	78.65
109	380	63.61
109	1033	67.69
109	231	58.22
109	364	74.53
109	589	74.93
109	480	68.58
109	62	67.71
109	31	62.12
109	587	61.22
109	1032	63.43
109	586	55.86
109	778	81.86
109	540	45.23
109	256	50.58
109	163	68.29
109	252	60.05
109	223	75.88
109	553	70.89
109	537	57.38
109	168	54.75
110	26171	47.89
110	2468	53.04
110	1198	83.84
110	1089	82.79
110	1222	81.00
110	1208	84.27
110	4881	77.19
110	47	78.78
110	527	83.01
110	1193	83.05
110	2428	45.41
111	100194	69.90
111	162602	69.90
111	171251	69.90
111	2145	56.85
111	96588	77.35
111	65088	68.95
111	66203	51.48
111	84772	62.33
111	2081	74.56
111	91529	74.16
111	6365	48.86
111	45666	52.81
111	3255	69.30
111	1282	65.08
111	6539	65.36
111	86833	81.93
111	122882	66.42
111	59143	88.65
111	86911	68.78
111	5283	56.30
112	788	51.28
112	161	64.51
112	1917	67.04
112	16	82.91
112	21	52.97
112	208	55.83
112	434	54.17
112	39	62.11
112	3717	64.91
112	19	54.06
112	110	83.88
112	32	80.75
112	70286	88.15
113	4083	69.90
113	39	68.04
113	3168	69.32
113	932	83.46
113	2331	50.00
113	3359	85.66
113	1086	88.10
113	3504	83.00
113	1339	68.12
113	904	86.10
113	3546	69.90
113	4063	44.46
113	4062	65.01
113	1077	76.91
113	1589	66.03
113	2475	61.96
113	3831	77.59
113	46	58.48
113	1733	100.00
113	4007	70.77
114	141718	69.90
114	54001	64.14
114	2291	61.95
114	167732	69.90
114	122886	63.94
114	8961	64.56
114	3147	69.83
115	1580	70.45
115	2804	90.63
115	1387	88.37
115	2792	76.82
115	3146	59.30
115	3273	54.48
115	3052	76.01
115	2841	77.54
115	2719	45.67
115	595	76.59
115	2700	73.36
115	383	68.53
115	2027	41.48
115	2148	62.05
115	2770	62.58
115	3785	57.54
115	2916	74.38
115	3175	73.53
115	588	80.37
115	1377	67.52
116	2716	73.64
116	858	79.30
116	1299	75.97
116	62383	26.27
116	1339	63.09
116	1276	77.89
116	597	68.44
116	1029	70.73
116	1101	61.83
116	2797	70.02
116	2657	60.19
116	1961	71.71
116	1407	59.93
116	5995	77.76
116	1704	73.79
116	165	66.68
116	2115	67.92
116	8360	75.30
117	708	64.32
117	587	68.63
117	589	75.88
117	151	67.82
117	36	73.14
117	1036	74.62
117	595	72.95
117	288	62.10
117	596	71.69
117	48	65.43
117	315	57.58
117	454	72.46
117	353	69.52
117	474	70.92
117	10	67.28
117	60	63.30
117	805	68.29
117	491	65.99
117	616	69.32
117	485	54.47
118	1221	82.65
118	1625	70.79
118	153	52.60
118	1961	69.89
118	1810	63.43
119	95441	76.61
119	117176	78.37
119	1092	71.05
119	91529	89.03
119	74458	90.22
119	4387	89.34
119	79132	90.54
119	168252	96.24
119	44022	76.04
119	78499	87.46
119	122904	83.19
119	106782	88.58
119	442	73.55
119	4993	91.43
119	31685	77.48
119	6365	76.43
119	141004	53.49
119	4148	73.51
119	88744	81.18
119	8644	86.05
120	260	79.44
120	32	75.93
120	5	52.16
120	631	58.34
120	52	66.77
121	497	72.05
121	440	65.99
121	161	66.48
121	527	81.48
121	292	63.38
121	344	54.55
121	186	49.66
121	316	63.61
121	1	77.30
121	19	51.25
121	163	69.20
121	337	71.99
122	27660	91.45
122	69784	87.72
122	7022	93.60
122	148652	69.90
122	4816	87.27
122	56174	85.57
122	94959	90.09
122	81591	83.60
122	71535	91.59
122	30810	85.21
122	2997	95.62
122	1732	98.21
122	108932	88.30
122	780	87.70
122	1090	96.84
122	3253	85.30
122	106782	94.53
122	72226	95.32
122	1200	96.60
122	1214	95.96
123	68554	68.35
123	115569	87.90
123	79132	84.55
123	109487	81.32
123	1196	85.95
123	4226	84.64
123	296	82.61
123	7153	84.17
123	143458	69.90
123	47	81.42
123	96829	90.30
123	2858	82.64
124	56145	72.89
124	2161	79.26
124	260	89.65
124	175	88.15
124	1358	83.70
124	6377	83.67
124	4226	87.81
124	3147	88.40
124	608	89.84
124	1223	86.77
125	5088	69.90
125	86721	69.90
125	110330	69.90
125	54503	77.81
125	72011	74.51
125	162578	88.83
125	119145	78.90
125	176371	77.73
125	55247	76.07
125	1240	79.42
125	86332	79.00
125	68157	84.84
125	112623	68.07
125	4082	45.89
125	160567	92.51
125	3342	63.32
125	109487	80.28
125	88140	73.51
125	98607	69.90
125	81562	88.22
126	364	75.10
126	349	65.07
126	231	54.94
126	380	66.74
126	410	54.10
126	300	68.95
126	253	63.93
126	457	71.92
127	2915	56.24
127	903	70.05
127	55276	56.54
127	5060	67.89
127	272	60.30
128	904	87.19
128	965	71.54
128	926	93.61
128	1066	86.78
128	1721	70.35
128	1080	84.64
128	1198	89.36
129	4370	75.89
129	480	77.01
129	3698	69.32
129	2692	83.82
129	2138	93.14
129	1968	80.96
129	8368	86.29
129	653	69.49
129	7143	87.99
129	316	74.85
129	6874	81.64
129	239	69.74
129	2916	79.02
129	733	79.51
129	4896	77.91
129	2028	86.71
129	3977	64.12
129	3000	81.14
129	1907	81.15
129	31658	86.95
130	208	56.54
130	316	64.79
130	292	67.85
130	110	76.23
130	590	74.34
130	296	79.93
131	2273	55.18
131	6947	64.60
131	58559	72.93
131	908	76.27
131	4878	70.23
131	89745	69.07
131	7256	79.08
131	68237	73.62
131	2722	48.92
131	2028	73.50
131	48516	75.61
131	3178	63.45
131	64614	68.90
131	969	72.39
132	6251	69.90
132	3275	76.75
132	4995	71.84
132	2987	61.46
132	7444	59.89
132	3262	57.40
132	4168	44.91
132	31658	66.00
132	44191	69.82
132	1089	73.11
132	3967	70.37
132	5502	55.84
132	50	70.80
132	58559	70.70
132	5992	61.44
132	2108	50.82
132	1844	70.95
132	2657	54.70
132	47	75.74
132	2470	50.77
133	454	56.28
133	356	67.43
133	589	64.42
133	150	61.27
133	153	41.69
133	380	54.19
133	527	68.54
134	442	63.21
134	595	75.78
134	349	75.77
134	380	73.81
134	367	65.97
134	509	74.48
134	296	86.42
135	592	71.22
135	4084	63.02
135	893	63.00
135	3994	82.84
135	2004	67.35
135	608	89.40
135	1358	82.64
135	3852	64.42
135	3489	69.28
135	1614	59.29
135	1198	97.17
135	4128	77.43
135	1883	64.35
135	2302	64.55
135	1291	87.85
135	410	62.19
135	1261	85.25
135	4022	81.42
135	4881	77.65
135	1077	80.28
136	161	71.37
136	193	50.73
136	585	58.62
136	338	53.51
136	277	58.38
136	380	65.67
136	181	43.39
136	337	76.44
136	437	32.15
136	165	66.73
136	611	47.31
136	151	69.22
136	340	73.02
136	252	70.98
136	432	43.86
136	552	62.14
136	350	69.47
136	280	82.15
136	273	57.70
136	150	69.11
137	6787	89.20
137	2716	75.35
137	1198	86.35
137	750	92.42
137	919	79.09
137	1270	80.80
137	318	87.55
137	150	75.31
137	2997	80.87
137	1200	79.56
137	6986	69.90
137	7153	83.12
137	1242	83.17
137	110	78.44
137	33493	68.03
137	1197	87.09
137	2959	84.59
137	1237	82.79
137	903	88.16
137	7762	75.46
138	2707	70.03
138	1960	84.17
138	1959	85.76
138	849	67.55
138	3996	80.75
139	4025	33.44
139	7445	38.49
139	60684	48.25
139	4865	43.82
139	68319	35.14
139	7090	53.99
139	5502	33.32
139	260	62.63
139	8371	39.57
139	53953	30.89
139	58025	38.66
139	106782	52.06
139	6957	31.62
139	7163	27.69
139	3827	28.74
139	3624	40.96
139	52722	34.26
139	54259	42.92
139	4367	38.60
139	115617	49.66
140	5699	69.90
140	5299	60.88
140	1393	65.28
140	356	80.29
140	609	74.63
140	32596	59.61
140	4795	54.93
140	34072	71.04
140	1617	71.44
140	5256	69.90
140	5943	47.08
140	1084	73.42
140	4337	69.90
140	3108	64.99
140	43396	76.01
140	4719	44.72
140	1005	52.94
140	4321	60.28
140	5812	77.43
140	4259	61.52
141	5418	70.16
141	54503	74.08
141	4963	66.38
141	2478	60.42
141	71535	75.34
141	317	59.41
141	68954	78.63
141	54286	69.02
141	6365	57.12
141	54272	70.26
141	4447	66.54
141	5502	63.02
141	6377	70.73
141	6373	65.67
141	1265	69.46
141	91529	83.15
141	2502	74.73
141	441	77.96
141	1517	65.25
141	48516	77.47
142	434	62.92
142	384	73.43
142	588	79.81
142	50	87.87
142	527	88.41
142	356	86.49
142	337	79.47
142	377	71.94
143	1721	56.27
143	61250	40.48
143	6942	57.54
143	7169	47.30
143	8533	62.87
143	106696	67.89
143	3421	51.05
143	87232	60.86
143	78316	69.90
143	69069	47.13
143	59421	44.88
143	2144	64.52
143	96821	71.08
143	7173	51.87
143	500	50.72
144	589	77.46
144	541	78.49
144	8368	83.01
144	597	72.09
144	590	76.60
144	410	60.21
144	1246	77.73
144	527	81.95
144	356	80.68
144	500	66.94
144	19	55.20
144	2700	73.84
144	434	59.49
144	733	72.20
144	780	63.60
144	1036	72.37
144	5377	77.09
144	552	67.22
144	586	60.77
144	2081	71.36
145	344	55.47
145	339	64.71
145	380	64.18
145	318	83.31
145	588	70.47
146	7293	64.77
146	3257	59.65
146	32	73.90
146	1367	57.13
146	3686	51.50
146	410	55.71
146	47610	67.10
147	1234	84.93
147	168	58.26
147	552	62.47
147	555	79.44
147	2395	79.24
148	88125	76.55
148	5618	79.33
148	108932	74.01
148	81847	73.96
148	72998	66.81
148	5816	67.08
148	8368	75.47
148	7153	77.43
148	81834	75.85
148	4993	77.38
149	1097	65.25
149	1374	63.24
149	1831	36.34
149	1527	63.81
149	260	72.92
149	173	42.54
149	1206	71.23
149	1200	68.11
149	2021	56.94
149	1580	57.82
149	1391	51.76
149	1375	52.03
150	3	66.59
150	1356	80.72
150	5	60.89
150	95	59.70
150	733	75.39
150	1073	81.05
151	786	72.51
151	562	87.19
151	780	83.64
151	837	71.97
151	747	69.31
151	1265	94.16
151	828	81.89
151	1073	91.28
151	1	92.58
151	648	85.99
151	1393	86.04
151	1359	55.02
152	50	83.71
152	2959	86.71
152	116897	89.55
152	89492	76.27
152	1193	83.30
152	69481	79.83
152	85774	70.61
152	115713	81.91
152	111	81.78
152	92259	86.99
152	1234	76.94
152	79132	81.30
152	318	89.40
153	134853	51.49
153	1732	46.74
153	8533	41.26
153	4014	48.53
153	81456	19.78
153	106782	46.45
153	8528	32.02
153	6863	38.39
153	87194	55.66
153	2617	16.03
153	1246	57.12
153	106100	50.91
153	1954	40.54
153	7458	36.66
153	4226	52.39
153	89904	53.77
153	72998	41.38
153	133780	69.90
153	586	25.64
153	36535	54.94
154	114662	89.30
154	119145	93.79
154	81834	93.45
154	122904	92.25
154	106072	79.84
154	76093	95.97
154	77561	91.74
155	153	60.55
155	3286	42.13
155	1200	82.65
155	260	87.56
155	141	72.69
155	2355	76.18
155	2384	55.51
155	2948	81.34
155	432	54.01
155	2959	89.79
156	26313	69.90
156	31038	69.90
156	1230	79.85
156	1711	56.72
156	3341	79.21
156	6296	71.86
156	762	45.62
156	2361	48.13
156	2076	74.19
156	4784	55.35
156	661	56.60
156	2926	62.77
156	8571	69.90
156	47	75.84
156	3176	71.84
156	58	79.81
156	848	59.57
156	866	79.68
156	1485	53.81
156	923	80.42
157	785	65.77
157	3617	65.01
157	2720	41.84
157	2770	60.08
157	527	83.17
158	1093	68.08
158	2605	63.50
158	2872	81.33
158	2723	71.54
158	2428	54.56
158	66320	69.90
159	2959	74.34
159	60069	72.92
159	45720	64.92
159	597	67.29
159	4022	73.06
159	89864	57.62
159	49286	68.70
159	140110	65.66
159	84954	56.80
159	4447	69.18
159	1197	78.57
159	68954	75.23
159	6942	79.46
159	1961	62.81
159	106696	72.74
159	480	67.78
159	539	63.19
159	166643	74.83
159	40819	59.51
159	63082	65.23
160	126	46.44
160	1371	37.61
160	1198	78.98
160	196	44.46
160	3408	59.66
160	5349	69.80
160	3213	61.50
160	2408	28.10
160	839	37.37
160	3593	15.41
160	2748	69.90
160	533	46.84
160	1975	33.72
160	1676	50.14
160	3745	58.79
160	2011	66.74
160	733	59.72
160	3826	30.86
160	778	82.08
160	2840	34.94
161	4980	68.57
161	7247	72.52
161	47610	75.43
161	1223	89.05
161	38038	77.52
161	3429	97.01
161	2144	79.78
161	2336	78.98
162	150	88.87
162	225	78.07
162	168	69.75
162	50	94.78
162	300	81.06
162	266	75.92
162	31	76.52
162	62	84.90
163	1608	56.62
163	1810	60.66
163	1747	59.81
163	1777	63.11
163	1837	42.78
164	1036	90.02
164	2916	84.33
164	110	92.02
164	589	91.14
164	3527	82.56
164	1101	76.84
164	1201	95.57
164	2167	77.32
165	2353	67.82
165	3624	65.80
165	110	81.14
165	5505	62.93
165	5527	62.48
165	3256	67.29
165	5956	70.96
165	5418	76.22
165	5530	40.22
165	5450	64.69
165	1127	68.71
165	3409	59.93
165	5881	66.71
166	33794	85.26
166	1721	73.99
166	4011	81.31
166	5378	71.09
166	3481	74.58
166	49530	79.14
166	2353	73.09
166	47644	68.67
166	54272	81.87
166	8961	83.66
166	1198	90.19
166	2542	83.24
166	1036	79.30
166	608	85.62
166	434	61.05
166	5219	71.78
166	5418	85.27
166	2396	78.03
166	349	72.45
166	2324	86.83
167	33493	73.39
167	4886	83.99
167	778	75.75
167	3052	75.62
167	7147	80.75
167	6857	76.12
167	45501	49.11
167	6480	69.90
167	1682	77.06
167	2231	68.41
167	784	59.29
167	33794	82.07
167	2083	79.13
167	2413	64.16
167	6333	79.90
167	8961	82.60
167	2139	69.47
167	150	67.35
167	6773	83.35
167	35836	74.20
168	3730	91.48
168	1248	95.01
168	1201	94.06
168	1089	93.36
168	296	92.50
168	923	93.72
168	1222	96.13
168	5291	84.37
168	3543	90.82
168	1302	80.04
168	3362	90.52
168	1148	90.84
168	3101	70.83
168	57669	96.05
168	2076	86.91
168	1729	82.89
168	908	96.47
168	85354	69.30
168	80463	91.46
169	3536	85.03
169	2028	94.73
169	364	97.01
169	953	89.86
169	4886	90.21
169	5400	70.86
169	8644	84.22
169	524	86.58
169	2795	80.74
169	1022	88.51
169	3114	91.02
169	3967	91.64
169	1517	87.66
169	1035	96.11
169	8641	91.07
169	6365	78.06
169	661	79.42
169	457	90.34
169	3287	55.59
169	1416	83.90
170	318	82.06
170	296	76.47
170	586	53.65
170	377	65.95
170	34	68.02
170	592	62.10
170	277	60.38
170	500	60.06
170	266	64.21
170	588	69.36
171	485	74.08
171	1220	92.70
171	1025	91.03
171	801	74.39
171	1259	93.61
171	1079	92.29
171	828	95.83
171	317	80.32
171	869	85.36
171	380	85.38
171	1136	96.56
171	1225	97.92
171	661	82.82
171	318	100.00
171	47	93.80
171	1198	100.00
171	1208	100.00
172	3087	61.43
172	3578	79.33
172	7438	79.32
172	2072	62.56
172	3793	75.60
172	2762	77.16
173	10	72.48
173	329	67.86
173	586	63.08
173	597	75.14
173	588	77.61
174	553	88.31
174	520	72.44
174	224	78.39
174	648	79.21
174	161	85.05
174	317	74.64
174	158	59.57
174	780	73.75
174	315	63.92
174	485	64.35
174	282	68.29
174	440	74.72
174	350	80.07
174	10	77.96
175	531	75.15
175	8911	69.90
175	43904	22.19
175	38388	69.90
175	8362	56.14
176	165	77.52
176	434	64.21
176	39	71.70
176	368	73.91
176	380	74.84
176	780	75.18
176	47	84.15
176	471	79.28
177	42002	70.73
177	91542	74.22
177	6332	49.20
177	3668	70.99
177	45672	53.97
177	783	69.81
177	27706	66.29
177	2657	66.97
177	114662	74.85
177	1206	77.31
177	83132	83.18
177	5218	72.66
177	508	77.21
177	3114	73.31
177	1321	68.20
177	2176	71.12
177	8798	68.86
177	88140	75.07
177	2012	65.72
177	339	73.04
178	7361	91.56
178	527	92.15
178	2329	90.45
178	5995	91.10
178	6502	85.16
178	4235	87.94
178	1198	92.17
178	208	62.59
178	6539	82.62
178	296	89.00
178	349	78.08
178	10	74.89
178	4226	89.08
178	1240	83.17
178	2579	84.60
178	318	94.54
179	367	73.27
179	589	87.79
179	161	79.65
179	231	71.15
179	288	70.80
179	743	56.35
179	1061	79.71
179	317	71.59
179	786	70.80
179	592	77.02
179	671	73.16
179	296	90.64
179	434	67.13
179	364	87.81
180	1261	78.64
180	260	82.86
180	1748	80.76
180	1242	83.10
180	2140	71.49
181	157	55.17
181	593	74.12
181	596	59.63
181	353	62.02
181	539	67.56
181	516	57.55
181	132	53.48
181	169	45.34
181	25	66.03
181	31	59.67
181	542	51.64
181	6	71.65
181	707	57.64
181	185	53.24
181	464	48.62
181	502	45.50
181	415	48.30
181	480	69.84
181	592	62.34
181	344	54.71
182	4879	69.90
182	6969	69.90
182	3911	68.62
182	2728	69.15
182	4313	69.90
182	8042	76.70
182	1291	71.03
182	3113	53.10
182	3578	67.48
182	1590	56.74
182	161	64.43
182	4452	48.11
182	224	76.98
182	4980	48.68
182	4262	81.83
182	2353	60.56
182	2890	73.07
182	1127	63.98
182	541	76.66
182	6041	74.72
183	480	78.35
183	380	73.45
183	1196	84.47
183	2951	75.19
183	2534	30.90
183	4085	69.78
183	1287	83.66
183	2194	79.35
183	3247	58.06
183	1233	84.78
183	2662	55.11
183	1408	80.77
184	158035	69.90
184	181413	69.90
184	193565	69.90
184	97304	83.50
184	74754	64.49
184	168250	69.83
184	191005	69.90
184	106072	71.27
184	166291	71.27
184	127152	69.90
184	86332	79.73
184	80463	87.93
184	5816	74.66
184	122898	55.42
184	81845	87.89
184	5810	67.81
184	170813	73.75
184	174479	69.90
184	112852	90.81
184	148626	85.55
185	1685	69.90
185	2396	74.60
185	5377	77.00
185	1721	67.38
185	5952	79.80
185	1393	69.70
185	595	74.03
185	2085	68.82
185	4995	80.33
185	899	81.41
186	2605	70.56
186	1214	87.45
186	1291	90.20
186	3745	82.92
186	1269	83.36
186	2527	77.49
186	2532	70.48
186	4361	76.66
186	1307	86.64
186	2968	82.10
186	4306	85.45
186	2541	74.57
186	1702	75.29
186	480	84.17
186	1097	86.12
186	3977	67.33
186	919	87.03
186	3527	78.64
186	593	89.25
186	1196	91.99
187	26122	69.90
187	3949	76.49
187	49272	68.00
187	231	47.60
187	1206	83.53
187	6874	71.84
187	1729	72.92
187	1209	90.39
187	48394	76.64
187	6502	74.46
187	2701	28.92
187	4027	77.11
187	288	56.72
187	2542	75.77
187	7153	70.06
187	39427	31.61
187	6890	81.38
187	1222	80.35
187	8949	74.43
187	1748	85.53
188	2346	79.81
188	1212	97.25
188	594	88.24
188	1282	89.18
188	3469	82.69
188	2396	84.56
188	1091	63.99
188	3341	98.28
188	1264	91.97
188	2206	100.00
189	48516	85.67
189	4993	83.24
189	79132	81.52
189	2959	86.04
189	58559	83.76
190	6711	82.41
190	4776	76.10
190	8784	75.93
190	4995	79.89
190	5630	67.14
190	4306	78.50
190	30749	72.41
190	1221	85.10
190	4975	68.33
190	8961	77.00
190	858	87.63
190	8464	76.94
190	69844	83.29
190	7438	78.19
191	496	69.90
191	21	67.58
191	72	56.77
191	175	90.00
191	494	70.18
191	417	84.86
191	17	81.61
191	6	85.73
191	85	86.36
191	292	57.56
191	314	70.57
191	58	95.12
191	235	81.13
191	213	100.00
191	161	65.20
191	160	46.74
191	162	90.55
192	356	94.41
192	288	75.15
192	316	81.38
192	349	84.47
192	432	64.55
193	44555	69.66
193	55442	73.55
193	4878	66.90
193	6016	69.95
193	307	66.26
193	1270	67.89
193	5618	69.77
194	163	75.28
194	1396	70.18
194	1500	74.61
194	1288	82.87
194	5060	80.20
195	3424	74.61
195	2770	56.02
195	1041	88.60
195	1653	79.33
195	1923	67.27
195	3160	67.35
195	4723	40.17
195	1863	46.30
195	2336	62.08
195	2166	43.41
195	4308	67.66
195	1909	69.03
195	260	87.23
195	2028	84.94
195	3252	78.72
195	2908	67.83
195	1392	78.02
195	1365	83.41
195	70	72.83
195	190	61.63
196	70286	76.38
196	3578	74.89
196	59315	72.78
196	58559	80.79
196	364	78.02
196	1214	75.98
196	110	78.54
197	1513	56.82
197	1240	78.44
197	1882	45.27
197	786	65.29
197	2167	68.76
197	153	63.91
197	1784	71.33
198	3894	69.90
198	3499	63.23
198	920	69.30
198	1213	78.99
198	3949	71.28
198	1994	58.93
198	1485	54.58
198	2572	58.69
198	4019	75.10
198	1089	75.64
198	110	71.71
198	593	80.63
198	4128	63.42
198	1270	71.35
198	4886	74.75
198	1079	67.97
198	2117	73.11
198	912	81.01
198	1573	57.24
198	1682	68.95
199	5464	63.28
199	2165	69.90
199	2280	69.90
199	736	58.83
199	5673	69.30
199	349	66.24
199	5502	59.60
199	482	75.52
199	8532	69.90
199	1172	80.11
199	300	73.02
199	50068	72.17
199	4881	69.98
199	3175	67.01
199	7445	60.26
199	2973	74.45
199	34338	71.13
199	41997	70.87
199	1956	78.24
199	377	58.69
200	3809	71.00
200	7022	83.61
200	50802	69.58
200	3968	70.56
200	2485	70.83
200	500	70.42
200	5610	38.69
200	590	83.29
200	1029	76.12
200	53996	80.47
200	2572	88.59
200	4993	89.87
200	4041	75.68
200	57640	92.05
200	1302	75.89
200	1784	75.77
200	6383	57.71
200	1653	82.75
200	1569	81.72
200	1517	75.78
201	1748	94.94
201	1527	86.04
201	1584	84.22
201	2858	93.44
201	339	80.88
201	589	95.91
201	2717	67.01
201	994	94.01
201	788	69.47
201	1196	100.00
201	2797	94.56
201	733	81.65
201	1259	97.52
201	2174	83.16
201	1198	100.00
201	2455	78.81
201	1569	85.62
201	1213	95.27
201	160	67.33
201	24	73.19
202	3329	69.90
202	924	81.24
202	29	85.96
202	2289	84.51
202	1197	91.67
202	1196	87.05
202	2966	78.48
202	161	73.56
202	608	85.06
202	1209	87.52
202	1296	77.98
202	3194	68.90
202	1784	77.94
202	469	75.07
202	923	86.91
202	2000	73.67
202	1587	58.13
202	1719	92.33
202	3147	84.90
202	32	79.03
203	56174	75.94
203	8665	79.20
203	2407	66.50
203	5952	82.13
203	590	79.28
203	49272	83.50
203	40815	80.35
203	333	76.77
203	296	85.49
204	1136	87.18
204	3949	85.49
204	33794	84.85
204	48394	82.53
204	27075	69.90
204	1080	88.02
204	79008	89.19
204	6104	90.61
204	8874	85.01
204	81591	78.68
204	4878	86.79
204	91658	78.00
204	711	71.80
204	2313	85.52
204	86320	71.88
204	55820	86.50
204	5218	78.14
205	912	89.37
205	99114	78.46
205	91542	74.94
205	5816	74.15
205	95167	73.62
205	96079	80.22
206	36	88.62
206	608	91.62
206	733	81.20
206	140	79.20
206	141	79.71
207	2991	72.75
207	2428	42.69
207	2707	56.59
207	3740	72.87
207	100	29.29
208	1210	82.97
208	2628	62.84
208	380	67.22
208	2353	68.54
208	2278	70.54
208	2762	76.55
209	60684	85.91
209	1291	88.38
209	68157	92.03
209	74458	87.64
209	185029	90.34
209	122886	84.40
209	88125	84.87
210	123553	69.90
210	34405	91.15
210	166203	69.90
210	3147	90.47
210	31696	79.87
210	7649	60.67
210	58559	94.51
210	2105	77.29
210	6365	77.61
210	34397	69.90
210	4625	50.61
210	84772	71.31
210	122926	94.09
210	76093	89.03
210	62836	69.90
210	33493	80.42
210	1584	80.29
210	47610	80.26
210	108932	85.03
210	122918	91.47
211	58559	84.37
211	63113	65.47
211	90405	63.60
211	57669	84.16
211	60684	76.36
211	7153	85.02
211	73017	81.45
211	2105	69.50
211	4367	63.65
211	356	87.95
211	2642	47.63
211	1556	32.98
211	318	92.00
211	44665	76.63
211	85414	72.58
211	1198	89.55
211	1136	85.47
211	260	86.43
212	170697	72.65
212	122920	74.40
212	122892	64.86
212	2571	71.76
212	5218	64.23
212	48394	69.98
212	3578	68.20
212	1196	72.63
212	135143	67.91
212	74795	70.64
212	179401	81.30
212	79132	75.91
212	77800	76.12
212	108932	77.00
212	110102	72.30
212	96821	76.63
212	8874	73.44
212	65261	72.30
212	59784	61.96
212	2291	67.18
213	3285	66.65
213	87520	50.24
213	80363	66.48
213	76251	80.11
213	8957	71.37
213	2860	60.31
213	1234	85.13
213	5419	66.77
213	51935	81.08
213	69844	86.62
213	39446	59.32
213	4132	55.33
213	858	90.14
213	69526	59.54
213	4558	62.05
213	49530	82.34
213	58559	90.35
214	83	69.90
214	628	59.37
214	743	36.31
214	1363	49.86
214	802	55.52
215	1172	85.48
215	4973	84.60
215	63082	76.87
215	1291	79.00
215	2028	79.60
215	3252	76.93
215	3210	69.10
215	1968	79.59
215	1247	81.97
215	49272	81.95
215	1089	81.46
215	72407	59.78
215	5650	76.41
215	318	88.83
215	1208	83.11
215	2000	71.24
215	1197	86.01
215	1196	83.49
215	1297	74.10
215	4019	83.36
216	104	62.56
216	21	65.13
216	3996	76.24
216	3946	42.91
216	2946	56.42
216	3993	61.97
216	3897	73.15
216	2599	74.75
216	34	67.30
216	3994	67.30
216	4034	78.21
216	3363	75.65
216	1965	64.94
216	3422	60.13
216	3555	70.67
216	3253	63.28
216	2087	72.88
216	3986	60.43
216	2018	62.19
216	1923	64.98
217	1867	69.90
217	3434	69.90
217	1275	61.98
217	2468	46.79
217	3197	48.82
217	1912	64.53
217	2302	49.14
217	1876	54.43
217	380	62.47
217	1221	72.33
217	2471	47.37
217	1918	51.35
217	1385	53.82
217	3165	71.99
217	1590	45.45
217	1562	44.49
217	1703	54.35
217	2056	69.90
217	1831	40.85
217	160	48.30
218	2657	63.53
218	2692	76.24
218	1380	64.38
218	1198	82.77
218	6934	57.30
218	5349	69.11
219	60072	59.01
219	2115	69.96
219	59315	74.72
219	6539	73.33
219	442	54.84
219	30707	75.76
219	1704	80.40
219	180	62.75
219	1219	71.12
219	1005	43.53
219	27773	79.14
219	56156	62.86
219	6188	75.00
219	6721	63.60
219	30825	59.69
219	2997	72.56
219	1552	57.75
219	1500	65.05
219	2890	64.96
219	1921	73.32
220	3996	89.15
220	733	79.94
220	1198	98.63
220	3994	81.70
220	6539	92.52
220	1258	90.52
220	1917	74.73
220	4545	72.19
220	33794	91.56
220	165	78.82
220	71264	77.93
220	4623	75.23
220	53464	63.12
220	5218	84.83
220	6365	77.47
220	3751	88.51
220	32	87.87
220	1036	90.44
220	5502	75.38
220	1591	57.13
221	4338	69.90
221	7013	85.74
221	8529	69.65
221	1080	81.73
221	3246	95.30
221	2871	83.33
221	1208	92.15
221	7063	90.19
221	2702	72.52
221	4029	89.43
221	5954	86.64
221	2352	80.12
221	922	87.78
221	2997	76.99
221	1278	85.36
221	2858	83.84
221	1212	94.51
221	1959	82.88
221	1961	75.96
221	3671	82.29
222	81831	69.90
222	100498	34.65
222	48516	82.01
222	1249	71.79
222	99813	65.53
222	91529	77.14
222	59900	49.21
222	93287	78.09
222	1721	58.23
222	2706	64.43
222	3273	47.99
222	2411	43.12
222	64622	66.49
222	7143	70.72
222	87869	69.81
222	778	71.84
222	30825	63.84
222	42011	42.10
222	673	53.11
222	64839	71.01
223	55854	69.90
223	6711	78.22
223	1	71.70
223	736	54.44
223	1961	67.51
223	457	66.44
223	2716	69.65
223	48394	70.54
223	608	74.49
223	8784	70.12
223	48516	78.40
223	3863	50.08
223	4306	73.60
223	260	75.81
223	2683	58.01
224	3496	69.90
224	3044	84.18
224	356	90.76
224	2915	79.49
224	289	69.77
224	3668	72.76
224	1270	89.90
224	2797	85.16
224	1721	77.37
224	2716	87.93
224	1259	88.80
225	2423	74.60
225	1285	76.70
225	588	83.80
225	1717	64.00
225	2791	87.72
225	1321	77.78
225	1136	87.26
225	1197	92.37
225	1753	69.10
225	2004	68.09
225	2371	66.31
225	1407	65.00
225	785	69.86
225	1060	79.25
225	3024	51.96
226	6938	69.90
226	32666	69.90
226	3552	84.19
226	542	52.41
226	1240	77.54
226	3098	73.83
226	2804	82.23
226	3668	78.34
226	3653	97.37
226	2231	78.52
226	145	65.98
226	2253	57.30
226	3052	73.95
226	2628	65.14
226	762	48.22
226	53129	86.51
226	4816	71.26
226	16	81.10
226	2144	74.97
226	46948	64.02
227	46976	77.14
227	52319	82.68
227	81845	87.02
227	109487	84.46
227	134130	89.99
227	215	84.67
227	48738	79.64
227	47099	85.90
227	1196	88.50
227	32587	81.92
227	912	90.09
227	55721	95.91
227	1682	78.42
227	750	91.16
227	778	83.41
227	40629	83.24
227	97913	80.30
227	70286	83.55
227	150	80.99
228	2571	84.92
228	1373	62.36
228	362	75.54
228	318	90.86
228	3113	56.99
229	34	76.63
229	589	82.47
229	377	73.14
229	45	71.16
229	587	70.41
229	5	65.24
229	475	89.64
229	442	62.12
229	597	74.77
229	364	83.76
229	213	93.86
229	110	82.03
229	527	88.20
230	34330	69.90
230	52715	69.90
230	47	62.56
230	7438	69.62
230	527	60.66
230	3147	66.00
230	45499	70.45
230	6537	65.39
230	2291	54.62
230	1387	65.19
230	6863	65.70
230	1485	47.75
230	595	52.32
230	4022	58.94
230	2096	55.64
230	588	56.70
230	4034	63.64
230	1676	62.43
230	8644	76.39
230	2641	45.34
231	92259	85.17
231	858	85.02
231	593	80.94
231	1198	85.78
231	109487	77.70
232	31867	69.90
232	41769	69.90
232	57526	69.90
232	70336	61.16
232	8644	78.63
232	1586	52.69
232	44972	49.89
232	4019	80.82
232	43928	37.48
232	30883	69.90
232	65802	55.95
232	8376	67.72
232	39292	76.37
232	1035	70.50
232	66198	58.65
232	66097	73.79
232	32011	42.10
232	6564	46.84
232	7451	75.05
232	33164	38.55
233	48394	69.17
233	3751	66.25
233	48516	80.36
233	1721	62.14
233	356	78.13
233	106100	63.87
233	162600	69.90
233	608	73.95
233	7153	76.75
233	134214	72.39
233	57669	73.95
233	122920	60.68
233	2329	77.86
233	4239	68.97
233	7371	72.94
233	3977	49.13
233	3147	78.35
233	3948	62.37
233	49272	70.71
233	5418	67.00
234	2616	61.33
234	2140	75.78
234	172	57.03
234	126	59.76
234	1562	56.40
234	4519	66.90
234	153	68.75
234	2710	63.14
234	3624	76.13
234	3483	67.24
234	1391	66.27
234	438	60.54
234	1460	79.47
234	2987	79.80
234	65	49.28
234	260	89.82
234	1359	55.94
234	3175	76.84
234	588	85.88
234	2080	80.39
235	480	75.71
235	736	67.99
235	500	70.32
235	454	70.41
235	592	67.86
235	235	76.44
235	595	74.74
235	32	81.54
235	527	91.51
235	648	73.28
235	223	79.46
235	588	72.44
235	377	70.61
236	1214	69.90
236	1278	69.90
236	1345	69.90
236	1350	69.90
236	1387	69.90
236	1388	69.90
236	1982	69.90
236	1997	69.90
236	1998	69.90
236	2447	69.90
236	2459	69.90
236	2490	69.90
236	2496	69.90
236	2502	69.90
236	2505	69.90
236	2542	69.90
236	2572	69.90
236	2580	69.90
236	2596	69.90
236	2598	69.90
236	2606	69.90
236	2657	69.90
236	2683	69.90
236	2694	69.90
236	2718	69.90
236	2770	69.90
236	2806	69.90
236	2858	69.90
236	3024	69.90
236	3052	69.90
237	32	69.77
237	4254	34.84
237	94959	58.58
237	293	70.10
237	1371	48.57
237	1193	74.93
237	7361	72.38
237	7980	71.40
237	43936	50.29
237	1374	69.01
238	4954	81.18
238	3528	79.86
238	4265	63.70
238	4901	67.11
238	4238	64.10
238	593	83.40
238	4499	80.27
238	4957	47.97
238	1193	84.03
239	58559	93.57
239	5459	63.22
239	4085	73.85
239	380	75.56
239	95	63.51
239	7445	79.47
239	608	90.25
239	7147	84.32
239	6378	85.94
239	2115	78.96
239	4896	82.31
239	36529	87.11
239	3994	74.18
239	33679	78.27
239	47	89.41
239	590	83.13
239	4022	86.38
239	208	67.85
239	733	78.13
239	51662	82.74
240	368	79.32
240	543	71.90
240	480	85.87
240	367	76.78
240	810	55.22
240	500	73.02
240	546	55.53
240	110	89.76
240	173	67.36
240	1	87.69
240	542	72.71
240	104	89.11
240	34	82.09
240	174	73.16
240	204	64.17
240	225	80.49
240	383	74.55
240	262	86.71
240	434	68.19
240	420	70.99
241	81786	69.90
241	71899	87.78
241	527	78.60
241	1206	82.31
241	1193	79.49
241	99114	76.11
241	100714	61.14
241	8981	76.17
241	53123	81.01
241	116897	91.10
241	56367	72.60
241	3910	81.43
241	106782	81.52
241	115569	85.90
241	4235	79.93
241	48780	73.67
242	39	69.81
242	380	70.56
242	231	63.47
242	457	81.22
242	592	71.00
242	454	74.18
242	111	87.40
243	112	81.61
243	353	89.06
243	62	87.74
243	588	88.92
243	193	65.13
243	586	72.73
243	181	62.13
243	376	78.07
244	3090	88.86
244	1049	74.55
244	110	81.15
244	257	66.95
244	165	73.83
244	151	63.06
244	1090	82.83
244	3755	70.26
244	2278	75.47
244	648	77.55
244	1580	77.96
244	1957	81.12
244	1610	81.51
244	1196	91.02
244	3256	74.09
244	1573	75.27
244	1242	90.08
244	3753	73.82
244	2243	68.83
245	3196	55.80
245	2739	61.42
245	3114	50.79
245	3274	46.70
245	1361	60.56
246	1304	81.92
246	616	84.07
246	1680	82.56
246	6016	90.20
246	3081	79.27
246	44191	90.36
246	60684	91.52
246	4973	92.16
246	1732	88.35
246	1298	76.91
246	53125	81.39
246	2291	83.91
246	2692	86.74
246	293	88.17
246	4011	93.79
246	5013	87.77
246	60069	94.25
246	48082	88.48
246	82202	77.59
246	95167	88.53
247	48516	82.15
247	593	78.86
247	2858	79.09
247	49272	76.04
247	1961	69.16
247	44191	74.87
247	527	83.14
247	116797	79.14
247	68358	74.74
247	122886	74.91
247	480	70.63
247	223	70.19
247	1265	71.89
247	2078	67.52
247	1198	77.72
247	1682	71.57
247	6377	72.54
247	1089	77.76
247	953	71.78
247	919	67.96
248	4886	76.32
248	1198	84.31
248	166528	81.01
248	176371	74.73
248	316	65.92
248	147374	88.04
248	102903	68.29
248	189333	70.03
248	122912	74.14
248	58559	83.41
248	5218	71.95
249	110350	69.90
249	102903	73.14
249	2167	73.08
249	94959	85.25
249	84601	68.80
249	2395	74.80
249	97306	76.99
249	3408	74.53
249	89047	69.90
249	91500	76.34
249	91542	82.44
249	40815	81.22
249	69844	81.92
249	904	86.39
249	46723	77.01
249	3826	56.15
249	68791	77.03
249	88812	57.91
249	67695	57.22
249	50	90.63
250	1282	88.71
250	2407	78.77
250	318	100.00
250	1597	71.74
250	1246	92.28
250	8880	82.93
251	142115	100.00
251	293	93.98
251	356	97.12
251	318	100.00
251	1089	99.12
252	164179	85.30
252	89745	86.90
252	6377	90.38
252	164909	66.66
252	1682	88.08
252	166643	85.83
252	143355	71.91
252	78499	87.56
253	44555	93.18
253	916	95.72
253	608	94.32
253	2300	86.23
253	7099	92.24
253	4217	69.90
253	26366	69.90
253	1192	100.00
253	4642	95.91
253	3363	90.08
254	46578	81.07
254	44195	85.40
254	207	77.06
254	49278	70.79
254	6333	76.49
254	780	69.37
254	110	83.33
254	1210	85.96
254	49272	77.26
254	27846	86.63
254	32587	80.94
254	2571	86.87
254	44929	78.36
254	47	87.35
254	293	88.02
254	1580	72.74
254	5995	89.43
254	32	81.84
254	592	68.77
254	48394	81.68
255	1270	57.81
255	4467	54.45
255	2023	44.53
255	3501	26.40
255	1663	54.97
255	1394	55.06
255	3392	45.57
255	2542	59.13
255	2915	45.97
256	3247	70.57
256	88744	76.95
256	377	81.07
256	4973	83.30
256	53972	78.48
256	118696	74.06
256	95441	69.40
256	104841	77.03
256	71535	82.55
256	2953	62.76
256	81229	80.70
256	53121	73.96
256	30707	84.65
256	2571	89.63
256	68791	74.45
256	170	77.54
256	6942	85.28
256	90405	75.61
256	6537	76.09
256	33493	76.64
257	1500	64.35
257	594	68.24
257	2502	80.27
257	494	59.51
257	2406	63.65
258	4995	84.05
258	7147	87.54
258	72641	70.08
258	76093	79.23
258	47099	80.71
259	508	62.67
259	5945	55.26
259	1784	62.70
259	4886	67.35
259	1356	70.88
259	1584	62.47
260	7361	84.80
260	3556	74.28
260	162	76.47
260	903	82.02
260	5690	78.73
260	6337	73.43
260	4878	82.53
260	5617	80.02
260	342	67.99
260	5219	59.72
260	2997	84.25
260	8011	75.21
260	1206	87.56
260	3317	78.00
260	6709	58.22
260	8874	78.37
260	2348	75.62
260	3822	75.87
260	2959	87.49
260	8645	77.24
261	3897	76.02
261	16	78.67
261	2060	61.44
261	296	86.03
261	2723	62.11
261	1682	76.90
261	4085	65.61
261	2194	76.10
261	7361	84.60
261	4238	60.66
261	58559	88.02
262	708	58.15
262	539	57.48
262	457	69.19
262	322	57.38
262	339	58.26
262	85	72.82
262	26	64.43
262	17	65.94
262	213	70.20
262	273	48.10
262	593	73.77
262	728	67.45
263	223	79.40
263	150	81.09
263	500	68.47
263	2987	75.70
263	2953	50.10
263	110	83.13
263	4226	84.94
263	8370	80.44
263	1197	88.80
263	7458	69.36
263	708	70.23
263	1111	83.62
263	2125	76.26
263	6942	76.54
263	5013	83.25
263	163	70.28
263	457	80.79
263	8636	75.71
263	1967	75.68
263	2085	67.59
264	7841	90.78
264	1376	68.42
264	151	62.11
264	5816	75.59
264	1907	81.14
264	1320	59.12
264	1917	61.30
264	150	77.32
264	3578	78.10
264	1090	72.15
264	253	66.26
264	1876	58.05
265	3807	69.90
265	316	65.81
265	253	70.91
265	1302	68.63
265	724	56.89
265	1240	77.15
265	3504	75.99
265	230	65.50
265	3831	72.13
265	1956	71.39
265	3098	71.67
265	529	73.64
265	1270	81.12
265	3791	59.53
265	1177	79.59
265	2322	59.27
265	1488	66.36
265	2474	63.97
265	1198	90.73
265	1962	66.78
266	476	69.90
266	2812	69.90
266	2700	72.26
266	2278	77.75
266	24	51.07
266	2770	64.85
266	2702	69.12
266	64	33.61
266	1405	59.21
266	2580	78.88
266	1527	77.23
266	2167	66.81
266	457	75.49
266	1580	70.39
266	2300	79.09
266	1923	67.85
266	2094	57.60
266	132	60.09
266	2571	91.31
266	2097	50.11
267	2858	89.82
267	593	92.28
267	1175	92.06
267	3006	79.43
267	1302	81.85
267	3999	66.71
267	3113	62.96
267	1093	68.47
267	589	87.59
267	2571	89.64
267	923	90.40
267	3996	80.05
268	1641	64.66
268	587	48.46
268	1125	66.14
268	1911	41.08
268	2802	49.86
268	1036	60.96
268	1370	50.28
268	50	73.42
268	2064	73.34
268	1784	57.00
268	1912	70.78
268	1966	67.03
268	454	59.65
268	1234	71.70
268	2247	48.83
268	1394	73.30
268	2829	67.28
268	802	55.30
268	260	71.35
268	2858	68.91
269	724	66.77
269	743	53.81
269	95	62.62
269	1	84.81
269	63	66.74
269	648	75.83
270	661	58.27
270	62	64.00
270	79	48.36
270	628	67.94
270	14	68.60
270	1356	71.30
270	141	63.78
270	25	70.06
271	3897	67.64
271	32	70.79
271	2791	70.33
271	969	72.51
271	6787	77.24
271	2858	72.91
271	55765	73.47
271	1320	52.50
271	2288	67.66
272	177765	68.77
272	1240	77.10
272	51662	73.14
272	122922	78.36
272	49272	78.47
272	158238	77.77
272	6365	65.91
273	440	79.29
273	593	90.42
273	500	71.28
273	608	90.10
273	223	84.05
273	111	92.85
273	150	84.98
273	21	73.44
273	466	64.39
273	235	82.42
273	520	71.41
274	50147	69.90
274	2947	74.06
274	3037	76.85
274	1645	69.87
274	4951	70.26
274	2036	44.52
274	1359	56.80
274	35957	62.03
274	553	76.61
274	76293	67.88
274	3918	71.31
274	1503	50.74
274	45431	63.89
274	4816	68.96
274	54999	62.99
274	5667	69.90
274	4876	54.68
274	56805	66.73
274	1921	73.98
274	54004	59.55
275	1784	76.02
275	2289	87.56
275	5884	69.90
275	1171	80.54
275	357	80.86
275	1912	85.25
275	2539	67.11
275	235	80.69
275	4886	75.35
275	2572	74.49
275	2355	68.71
275	3253	76.84
275	1192	100.00
275	926	90.12
275	111	86.24
275	2100	66.90
275	3089	91.65
275	1393	71.65
275	1719	94.81
275	1392	92.83
276	673	74.32
276	356	100.00
276	466	78.32
276	104	90.15
276	631	81.93
276	648	89.45
276	2	87.56
276	1367	81.02
276	344	84.07
277	637	68.47
277	736	75.47
277	656	70.13
277	1	89.93
277	780	80.37
277	260	96.38
278	2371	60.85
278	1347	58.35
278	4002	82.54
278	318	98.78
278	2369	58.10
279	134130	82.04
279	1101	66.61
279	166528	77.46
279	90405	62.76
279	61132	58.39
279	79132	78.81
279	56782	82.63
279	97913	71.83
279	1608	67.66
279	4226	76.67
279	59315	68.49
279	88129	76.16
279	54286	70.41
279	1258	74.85
279	8665	69.15
279	58559	80.18
279	4993	78.55
279	8376	62.52
279	107406	69.19
279	1200	82.78
280	92535	90.57
280	344	66.84
280	262	91.86
280	3146	56.15
280	4239	87.27
280	4447	73.60
280	8638	90.53
280	919	80.97
280	72641	79.38
280	86817	59.56
280	8368	84.37
280	49530	83.62
280	6863	75.27
280	35836	79.74
280	55052	77.24
280	54503	85.67
280	4246	78.58
280	48516	92.75
280	1911	55.17
280	3916	83.90
281	46578	74.14
281	8361	55.86
281	35836	67.59
281	3897	70.66
281	3861	47.80
282	5995	93.45
282	3977	62.80
282	3263	66.83
282	25	77.37
282	6708	75.26
282	2683	76.98
282	4718	62.90
282	6711	87.21
282	5481	62.06
282	6863	71.68
282	5669	87.80
282	3752	67.62
282	588	80.36
282	80463	82.79
282	1921	85.21
282	1193	89.07
282	4369	70.53
282	48322	90.72
282	1194	77.73
282	784	65.96
283	1580	62.79
283	39	61.96
283	1704	75.92
283	356	77.79
283	586	54.13
283	2082	47.52
283	805	70.20
284	474	80.60
284	173	62.71
284	2	81.49
284	296	95.46
284	15	69.51
284	348	81.38
284	248	67.23
284	318	100.00
284	47	94.00
284	353	87.13
284	275	45.46
284	44	60.47
284	339	78.75
284	367	76.21
284	276	71.93
284	165	84.53
284	637	67.88
284	235	80.90
285	1193	84.85
285	949	79.07
285	1247	82.64
285	6978	61.98
285	113207	69.90
285	4447	65.71
285	441	74.14
285	296	83.81
286	454	77.76
286	778	82.41
286	5989	78.62
286	1333	73.65
286	165	74.43
286	500	66.52
286	7438	79.67
286	2294	64.03
286	4993	86.89
286	4995	83.71
286	7361	89.93
286	70	72.12
286	4980	60.00
286	1258	86.58
286	4963	77.80
286	1097	75.65
286	4848	82.94
286	539	73.29
286	377	71.32
286	110	83.27
287	3160	67.20
287	3578	57.60
287	223	70.79
287	2633	75.33
287	1059	63.69
287	586	41.78
287	3005	39.26
287	532	54.91
287	1193	78.75
287	2599	69.58
287	2028	61.49
287	1485	41.34
287	3826	29.68
287	2081	52.00
287	8949	70.91
287	2012	51.25
287	101	63.65
287	4034	76.71
287	2422	25.88
287	2115	60.26
288	4473	69.90
288	4966	69.90
288	1008	69.90
288	2867	56.86
288	42015	63.41
288	141	60.70
288	2571	84.75
288	13	58.14
288	53519	63.14
288	2407	61.20
288	5418	75.92
288	3916	70.81
288	2347	31.00
288	2528	56.71
288	30810	69.33
288	575	38.28
288	32587	79.93
288	587	68.45
288	2517	49.86
288	8361	57.00
289	3	69.90
289	16	69.90
289	235	69.90
289	266	69.90
289	594	69.90
289	708	69.90
289	750	69.90
289	1080	69.90
289	1101	69.90
289	1208	69.90
289	1220	69.90
289	1258	69.90
289	1917	69.90
289	2012	69.90
289	2174	69.90
289	2710	69.90
289	2797	69.90
289	4322	69.90
289	6125	69.90
289	6327	69.90
289	6453	69.90
289	7025	69.90
289	7028	69.90
289	26704	69.90
290	1228	90.08
290	1299	93.12
290	2494	88.68
290	2739	89.64
290	608	88.16
290	2130	78.17
290	908	92.75
290	341	69.90
290	1447	70.44
290	342	79.31
290	1056	61.39
290	1719	91.72
290	953	85.60
290	928	89.60
290	1394	89.81
290	2648	80.13
290	475	92.23
290	2731	77.98
290	1357	85.26
290	2385	41.74
291	40815	92.25
291	122892	80.56
291	106489	84.20
291	134853	95.76
291	7153	96.93
291	88125	95.25
291	1	93.69
292	520	56.21
292	103339	69.14
292	122900	75.93
292	4896	72.51
292	2291	68.69
292	474	71.76
292	85056	66.57
292	46972	66.24
292	95167	76.42
292	164909	59.65
292	3176	65.12
292	3476	62.30
292	1608	62.90
292	31221	34.96
292	1101	65.54
292	3985	71.60
292	3984	75.06
292	1017	72.76
292	69844	78.68
292	231	59.79
293	1682	65.12
293	1673	73.13
293	344	51.71
293	1617	71.47
293	1097	65.87
294	416	41.10
294	3869	62.99
294	1064	46.99
294	2794	45.75
294	610	61.10
294	2133	61.40
294	1391	54.27
294	3868	49.32
294	1129	62.94
294	520	50.12
294	3387	54.40
294	355	26.62
294	2378	42.23
294	3693	42.24
294	785	59.04
294	2193	57.92
294	2367	40.64
294	2458	39.44
294	348	57.30
294	3501	40.23
295	1221	92.90
295	3198	76.11
295	1287	89.20
295	1213	87.42
295	4351	69.84
295	1198	89.41
295	858	91.79
295	318	96.77
295	2329	89.53
296	160848	69.90
296	2028	82.67
296	169034	69.90
296	4144	82.06
296	50	86.44
296	2324	82.89
297	832	42.65
297	543	51.70
297	1645	53.48
297	111	72.36
297	454	53.28
297	1089	73.78
297	6	63.61
297	1249	71.98
297	1047	43.42
297	1370	51.38
297	1488	44.58
297	150	57.94
297	170	47.16
297	1092	53.48
297	866	69.19
298	57640	63.83
298	95510	54.11
298	6811	33.83
298	8370	60.17
298	8807	59.42
298	63131	50.91
298	6881	55.45
298	3785	36.49
298	122900	57.34
298	103042	49.95
298	6294	34.06
298	2167	53.54
298	2005	58.69
298	6006	38.70
298	653	42.69
298	55995	29.76
298	3018	46.29
298	69757	56.11
298	103772	41.83
298	3825	32.93
299	3793	80.60
299	1387	87.48
299	188	74.68
299	1198	93.04
299	1214	85.21
300	318	69.90
300	356	69.90
300	527	69.90
300	593	69.90
300	1172	69.90
300	1704	69.90
300	2028	69.90
300	2324	69.90
300	2329	69.90
300	2571	69.90
300	2762	69.90
300	2858	69.90
300	2959	69.90
300	4848	69.90
300	4973	69.90
300	5995	69.90
300	6016	69.90
300	6711	69.90
300	7361	69.90
300	8950	69.90
300	48394	69.90
300	56174	69.90
300	63082	69.90
300	79132	69.90
300	81591	69.90
300	92259	69.90
300	99114	69.90
300	109487	69.90
300	112183	69.90
300	112290	69.90
300	112552	69.90
300	112556	69.90
301	21	64.41
301	357	64.31
301	2490	47.61
301	6711	79.51
301	589	69.98
301	8949	68.68
301	837	48.59
301	3948	61.79
301	364	78.49
301	527	81.59
301	5989	79.40
301	4963	79.59
301	608	71.58
301	292	62.82
301	3578	71.38
301	3897	78.54
301	4226	82.27
301	3753	54.37
301	1393	60.32
301	1792	46.35
302	480	80.05
302	14	78.97
302	3	69.46
302	25	78.21
302	648	76.06
302	707	60.71
302	110	85.69
303	5378	66.94
303	3703	81.91
303	1127	76.23
303	5544	74.22
303	1196	88.06
303	3471	76.75
303	1580	72.81
303	1394	74.47
303	2683	64.05
303	920	65.35
303	1358	73.11
304	314	77.84
304	2571	88.42
304	2433	74.30
304	10	76.22
304	1376	80.60
304	480	81.88
304	1373	75.24
304	1777	69.18
304	1270	85.16
304	1517	75.29
304	151	80.04
304	356	84.65
304	208	61.27
304	474	79.55
304	1214	82.96
304	1375	75.81
304	640	63.98
304	1722	71.08
304	185	69.15
304	2701	44.49
305	74624	69.90
305	140627	69.90
305	87869	76.62
305	919	83.48
305	1197	86.62
305	106100	76.62
305	138210	67.84
305	788	57.11
305	7482	81.19
305	80590	64.84
305	103075	70.06
305	903	93.35
305	6537	67.57
305	93840	83.42
305	54736	79.39
305	592	71.30
305	2288	86.93
305	58803	73.93
305	55276	81.46
305	1272	87.43
306	5784	34.80
306	68954	66.64
306	69644	48.69
306	6377	62.47
306	95543	72.57
306	81847	69.22
306	111743	53.28
306	85367	56.90
306	168418	72.86
306	167018	70.29
306	72998	57.94
306	122904	64.72
306	69406	67.97
306	85788	53.16
306	4963	62.46
306	115664	59.77
306	134368	68.45
306	112852	71.79
306	161634	63.51
306	133419	69.27
307	2190	69.90
307	4181	69.90
307	31424	69.90
307	49314	69.90
307	5010	75.76
307	7845	46.42
307	3392	39.49
307	1220	62.76
307	6793	27.12
307	6483	0.79
307	2332	18.41
307	56003	41.90
307	1991	40.48
307	3273	35.51
307	4876	40.43
307	3421	60.98
307	1409	37.19
307	413	45.31
307	4447	51.85
307	52867	69.90
308	2959	57.90
308	45517	54.23
308	96821	67.68
308	72998	52.50
308	318	57.91
308	2	48.16
308	904	44.30
308	589	39.46
308	8961	54.14
308	56152	67.91
308	56367	59.69
308	5618	66.67
308	36	33.99
308	410	28.71
308	79132	62.07
308	4993	64.23
308	8464	49.14
308	1221	44.49
308	2248	54.79
308	6	34.05
309	2202	90.43
309	1645	64.99
309	898	89.97
309	1682	70.12
309	296	77.61
309	1089	77.56
309	1269	68.09
309	7153	78.86
309	6947	70.55
309	8340	68.51
309	1104	79.03
309	7218	69.90
309	25886	86.29
309	1219	72.34
309	8154	79.40
309	971	85.07
309	1944	74.73
309	6365	62.00
309	1262	76.71
309	2762	72.11
310	6863	61.57
310	6947	72.55
310	1101	64.54
310	6503	40.53
310	2524	63.70
310	2457	78.84
310	5899	80.15
310	733	68.23
310	246	83.29
310	3254	57.99
310	1223	87.75
310	1080	79.63
310	2671	77.91
311	6561	69.90
311	5992	42.30
311	1517	42.02
311	6461	47.70
311	1407	35.82
311	2706	38.40
312	5816	76.09
312	1375	70.44
312	3499	82.91
312	589	77.86
312	2454	74.85
312	1358	78.69
312	4878	84.83
312	4103	80.07
312	3793	75.68
312	2028	85.29
312	1371	64.17
312	4121	66.89
312	2366	80.48
312	2747	56.35
312	4105	75.83
312	5446	68.04
312	2699	64.94
312	2529	84.81
312	1350	85.85
312	1356	78.54
313	4980	57.35
313	170	59.66
313	3917	76.80
313	2455	59.71
313	5544	86.20
313	541	83.43
313	2193	53.85
313	2000	67.41
313	6	76.19
313	1968	59.64
313	1089	83.09
313	1301	67.57
313	1240	71.65
313	3175	57.60
313	4865	78.54
313	2005	51.10
313	2167	66.24
313	1375	62.81
313	2087	48.61
313	2530	59.14
314	7	61.75
314	1042	57.39
314	44	39.83
314	165	57.57
314	457	65.32
314	293	70.22
314	597	61.87
314	329	54.06
314	442	51.78
314	26	73.27
314	830	58.12
314	728	70.31
314	618	69.90
314	107	62.48
314	536	57.70
314	10	60.14
314	1376	59.53
314	153	42.47
314	208	48.05
314	150	62.62
315	1262	71.20
315	2729	62.95
315	2529	67.83
315	2067	73.55
315	2553	60.22
315	909	65.18
315	902	68.59
316	1748	71.78
316	253	64.79
316	3968	57.34
316	158	49.84
316	5445	65.22
316	3751	64.35
316	7438	70.61
316	6874	72.12
316	48	60.32
316	3882	47.51
316	2572	65.52
317	133115	69.90
317	73321	64.31
317	91529	69.04
317	74545	80.82
317	7445	65.37
317	1213	90.90
317	48774	79.62
317	4262	74.89
317	1884	79.12
317	5989	76.46
317	3578	76.16
317	4011	89.54
317	68358	71.44
317	1208	86.92
317	72011	68.17
317	3897	78.51
317	3499	76.91
317	96829	86.82
317	116797	71.03
317	56782	78.92
318	26713	69.90
318	81191	69.90
318	90245	69.90
318	111817	69.90
318	127180	69.90
318	145080	69.90
318	150696	69.90
318	7445	66.78
318	1090	75.98
318	116799	81.39
318	82459	73.94
318	48385	64.37
318	2294	66.65
318	64839	77.13
318	88125	72.55
318	109487	76.04
318	4021	89.89
318	33794	74.47
318	54286	69.50
318	89753	82.90
319	115617	87.26
319	6377	89.96
319	356	95.00
319	136864	53.48
319	1221	95.80
319	122904	86.94
319	110	91.68
320	72998	71.22
320	71535	79.63
320	31184	73.04
320	59315	76.10
320	1013	67.73
321	587	68.94
321	356	85.19
321	160	68.24
321	592	71.12
321	597	75.65
321	780	74.76
321	339	74.70
321	355	52.66
321	410	67.42
321	3	74.45
321	500	69.92
321	457	78.62
322	2882	23.43
322	1968	59.57
322	2542	67.59
322	58559	71.53
322	2788	67.58
322	2146	53.78
322	2617	50.11
322	2918	64.45
322	778	65.61
322	2599	54.10
322	4027	62.66
322	4993	70.66
322	1230	59.01
322	51540	58.21
322	1	65.68
322	1617	66.87
322	1923	55.26
322	4010	50.08
322	11	66.98
322	1035	67.16
323	377	59.25
323	480	63.28
323	356	71.07
323	1094	59.27
323	161	61.40
323	115569	69.58
323	1198	74.26
323	29	73.06
323	551	67.74
323	22	52.20
323	318	79.13
323	112183	52.38
323	253	63.00
323	111659	38.27
323	3257	51.80
323	260	73.67
323	150	66.91
323	329	56.62
323	342	63.75
323	266	55.51
324	2764	85.01
324	3972	78.21
324	3864	29.83
324	3949	71.34
324	3897	72.03
325	2848	69.90
325	235	77.10
325	2986	53.77
325	262	77.13
325	1573	67.51
325	2596	66.72
325	1584	72.25
325	1217	89.54
325	1676	64.38
325	4714	38.63
325	3770	49.86
325	3261	66.36
325	2894	69.90
325	2155	73.88
325	1279	81.11
325	1614	51.86
325	3994	68.92
325	2268	71.73
325	2915	66.81
325	5008	93.18
326	8665	78.50
326	47610	80.15
326	20	50.65
326	2858	83.54
326	86882	70.23
326	5418	77.47
326	4973	86.86
326	133771	78.46
326	48774	85.53
326	2324	82.37
326	1293	86.89
326	2692	80.12
326	72605	65.28
326	70159	65.33
326	54286	75.68
326	5446	72.03
326	6591	94.93
326	4226	84.87
326	105844	70.39
326	31410	81.09
327	3301	83.81
327	150	91.89
327	858	97.84
327	1923	86.96
327	51255	96.28
327	48516	100.00
327	1304	83.72
327	765	82.42
327	6888	66.77
327	2706	82.93
328	2687	53.01
328	112852	68.19
328	70286	60.35
328	1196	78.09
328	457	69.26
328	364	73.68
328	80463	52.41
328	3489	58.61
328	318	75.92
328	595	63.05
328	5349	63.27
328	2542	74.29
328	1219	75.79
328	35836	44.66
328	3751	66.21
328	79091	54.08
328	7153	75.28
328	596	63.49
328	2398	74.60
328	1148	79.75
329	130482	69.90
329	136850	69.90
329	858	49.16
329	1884	40.28
329	750	48.31
330	5378	62.08
330	316	58.01
330	1639	76.23
330	2918	81.89
330	919	81.37
330	3949	80.34
330	3535	73.31
330	5349	75.57
330	380	56.63
330	1676	61.11
330	2502	83.72
330	3703	64.64
330	1682	83.92
330	2683	65.14
330	1206	75.13
330	1721	65.93
330	2791	80.78
330	2081	71.66
330	8874	80.55
330	592	56.07
331	8874	77.57
331	6157	36.65
331	88125	78.90
331	6539	72.46
331	3897	72.14
331	4446	63.04
331	7361	87.57
331	50872	70.47
331	4995	80.02
331	4306	70.56
331	6874	75.18
331	5502	60.14
331	3911	71.32
331	608	86.82
331	4447	58.86
331	593	85.96
331	3751	69.17
331	8665	69.69
331	4367	55.06
331	2959	92.46
332	47	78.75
332	1653	76.28
332	1258	82.89
332	316	62.11
332	8983	68.72
332	431	71.18
332	97757	69.90
332	2291	74.27
332	1835	67.05
332	356	82.75
332	5502	60.86
332	4308	72.10
332	1203	82.68
332	1682	75.23
332	1249	79.34
332	76251	65.14
332	2905	83.54
332	318	89.10
332	2294	60.28
332	32	74.28
333	3785	45.54
333	3752	48.47
333	3616	46.77
333	3615	49.62
333	3646	22.40
334	55820	67.31
334	1196	75.86
334	1580	64.56
334	1291	72.01
334	3996	66.88
334	589	70.50
334	30810	56.92
334	4027	66.21
334	1	72.94
334	64957	60.70
334	1625	66.08
334	50601	43.55
334	44195	74.24
334	27416	74.87
334	6867	63.05
334	2997	69.21
334	293	69.30
334	480	65.99
334	5378	55.35
334	51935	65.09
335	780	72.65
335	592	71.63
335	356	87.38
335	296	86.92
335	2699	59.39
335	2001	67.58
336	1267	94.89
336	1	88.73
336	38798	70.16
336	33660	90.73
336	1784	81.81
336	2001	78.14
336	2268	86.20
336	293	89.39
336	1625	84.62
336	4886	87.66
336	50	92.24
336	150	88.32
337	318	99.54
337	47	92.45
337	16	87.72
337	805	87.21
337	1393	80.89
337	266	74.99
337	667	74.33
337	168	73.89
337	784	71.13
337	65	65.76
337	110	92.61
337	708	82.44
337	25	78.31
337	1356	90.51
337	277	75.51
337	786	81.19
338	189111	69.90
338	190207	69.90
338	190215	69.90
338	190219	69.90
338	7153	72.94
338	593	78.70
338	187541	30.87
338	185029	54.63
339	72641	77.55
339	5445	79.81
339	84152	89.31
339	96079	71.18
339	106072	65.23
339	69122	73.33
339	5617	83.09
339	41285	74.72
339	56869	69.90
339	48322	93.04
339	65216	86.24
339	91630	70.28
339	86504	88.41
339	91529	78.50
339	83613	64.57
339	4993	82.78
339	3470	93.89
339	102407	65.50
339	2028	87.41
339	5952	84.31
340	10	69.90
340	110	69.90
340	150	69.90
340	153	69.90
340	161	69.90
340	165	69.90
340	185	69.90
340	208	69.90
340	253	69.90
340	288	69.90
340	292	69.90
340	296	69.90
340	316	69.90
340	318	69.90
340	329	69.90
340	344	69.90
340	349	69.90
340	356	69.90
340	454	69.90
340	457	69.90
340	480	69.90
340	589	69.90
340	590	69.90
340	592	69.90
340	595	69.90
340	648	69.90
340	780	69.90
340	1356	69.90
341	2335	66.32
341	3624	68.41
341	130087	60.61
341	1370	75.49
341	135137	61.57
341	117529	72.65
341	5459	63.53
341	45672	65.84
341	1	82.57
341	47099	80.73
341	4025	65.60
342	2683	65.90
342	2598	59.20
342	2881	63.64
342	2369	55.18
342	1268	75.20
342	2605	61.74
342	2599	69.85
342	1198	87.66
342	3157	49.95
342	3826	47.42
342	2428	49.33
342	2827	44.97
342	3863	60.36
342	1959	74.27
343	858	89.45
343	3000	80.78
343	48394	79.90
343	4226	86.49
343	4878	85.87
343	3993	73.99
343	2571	87.16
343	1617	86.28
343	31658	83.94
343	55363	89.90
343	55820	82.31
343	296	86.49
344	111362	85.00
344	380	69.86
344	316	66.66
344	2628	63.88
344	4226	72.88
344	2571	86.26
344	4014	66.68
344	2012	71.24
344	4034	71.74
344	260	84.59
344	2541	68.70
344	4973	77.71
344	5418	73.64
344	2712	67.50
345	1019	74.88
345	2539	65.28
345	926	90.75
345	5902	87.03
345	8810	63.08
345	344	66.66
345	5707	60.87
345	2366	78.04
345	56949	78.75
345	3649	51.44
345	6658	69.90
345	3489	71.56
345	412	69.20
346	3174	67.04
346	778	76.05
346	608	79.04
346	6711	79.98
346	6286	79.21
346	306	81.82
346	7323	75.34
346	307	77.56
346	3535	74.21
346	1212	86.07
346	357	60.94
346	3949	75.54
346	714	83.94
346	7937	69.90
346	7396	83.85
346	5878	81.32
346	1120	66.44
346	1131	80.28
346	3627	74.40
346	7115	68.47
347	434	58.30
347	590	76.97
347	39	67.55
347	150	78.59
347	454	72.41
347	380	71.09
347	587	68.07
347	317	64.90
347	457	78.45
348	318	100.00
348	2324	97.22
348	4368	54.70
348	1213	98.29
348	6016	97.32
348	2959	100.00
348	6893	92.23
348	4973	97.34
348	1221	99.29
348	1960	86.53
348	2019	97.45
349	10	73.12
349	161	76.05
349	589	81.99
349	381	81.61
349	349	73.01
349	231	64.57
349	588	78.74
349	509	75.22
350	852	58.97
350	7	61.89
350	637	57.56
350	648	67.81
350	733	70.68
350	12	47.20
350	858	81.60
350	661	66.05
351	88932	69.90
351	87222	68.46
351	73344	91.87
351	52579	63.06
351	2231	77.68
351	88744	68.63
351	43836	63.90
351	79132	78.59
351	597	73.09
351	58559	84.03
351	12	46.23
351	8914	82.21
351	8950	80.18
351	63082	74.67
351	6214	79.46
351	90376	71.53
351	84152	85.21
351	480	75.01
351	4878	79.28
351	1193	83.53
352	72998	71.61
352	71745	57.25
352	1801	78.21
352	34319	64.62
352	2600	80.30
352	65682	70.54
352	1080	77.62
352	79695	58.33
352	110730	47.17
352	38038	66.45
352	130490	58.83
352	97752	74.60
352	1214	83.22
352	94864	63.38
352	41566	67.08
352	56587	71.73
352	44191	76.11
352	114935	76.42
352	59315	78.80
352	47610	73.34
353	552	67.38
353	25	80.05
353	267	54.45
353	216	72.81
353	367	72.39
353	288	71.20
353	144	64.95
353	186	53.73
353	333	79.07
353	266	71.85
353	112	71.60
353	198	68.88
353	234	52.47
353	145	63.21
353	293	81.65
353	158	55.00
353	163	82.93
353	296	89.11
354	1610	76.15
354	4306	75.42
354	2692	79.91
354	3147	81.43
354	47	80.75
354	903	76.35
354	733	75.34
354	3977	55.48
354	1225	81.03
354	35836	72.19
354	648	73.59
354	44191	78.74
354	8665	76.32
354	1917	62.82
354	7147	78.41
354	1923	73.81
354	589	80.57
354	2959	84.50
354	4718	58.29
354	1196	79.48
355	316	75.74
355	1580	79.62
355	3035	93.55
355	3175	81.76
355	317	69.70
355	916	92.95
356	2248	82.86
356	52435	86.62
356	52975	74.87
356	7122	69.90
356	44889	69.90
356	1641	79.11
356	2706	71.99
356	4011	86.20
356	802	74.17
356	7323	79.63
356	2502	88.97
356	56367	79.70
356	1223	92.07
356	55118	83.43
356	3949	83.06
356	3996	79.40
356	1246	83.10
356	1466	81.19
356	223	83.77
356	7153	85.76
357	4354	69.90
357	8998	69.90
357	27329	69.90
357	2804	86.06
357	595	79.72
357	529	79.45
357	4663	62.32
357	4091	73.88
357	1224	79.35
357	1242	85.11
357	34	76.16
357	208	56.54
357	58559	87.69
357	6296	79.96
357	30793	67.43
357	1042	69.51
357	2100	66.06
357	551	77.59
357	471	75.29
357	2067	80.69
358	26095	69.90
358	605	63.15
358	5066	63.46
358	52328	65.17
358	2226	69.90
358	42728	69.88
358	7361	83.56
358	69844	76.88
358	36525	59.83
359	405	36.25
359	1092	53.24
359	1101	58.96
359	51412	47.86
359	648	64.51
359	296	74.42
359	1097	64.80
359	2396	65.68
359	2424	57.97
359	593	74.23
359	2701	32.65
359	2942	61.23
359	1682	66.46
359	2530	46.37
359	4995	78.75
360	1422	64.58
360	1620	63.81
360	1488	62.87
360	1711	61.34
360	1414	66.17
361	47099	68.49
361	1580	55.48
361	377	53.09
361	1552	53.16
361	49272	63.64
361	1263	55.39
361	53125	68.42
361	589	58.50
361	49822	65.27
361	8360	65.01
361	318	67.02
361	2529	59.81
361	5218	59.23
361	6188	61.72
361	2422	15.77
361	3082	58.88
361	1732	55.11
361	1370	55.64
361	46972	66.19
361	7458	67.14
362	1945	91.15
362	592	76.30
362	6539	86.20
362	51540	80.80
362	5989	85.31
362	637	67.72
362	70	79.85
362	7153	89.85
362	1252	94.85
362	44665	85.72
362	407	75.37
362	6874	86.74
362	2959	94.04
362	1196	92.44
362	1208	93.39
362	8961	84.60
362	48516	92.24
362	7438	87.17
362	356	88.78
362	1201	94.03
363	1552	47.97
363	1732	67.38
363	1517	59.95
363	296	70.58
363	653	49.46
363	318	76.26
364	858	89.99
364	9	76.65
364	783	76.53
364	376	74.15
364	1	83.89
365	59315	56.30
365	81229	64.72
365	128975	46.54
365	6874	60.22
365	90345	67.48
365	158872	51.79
365	129354	64.64
365	103075	47.34
365	135536	44.13
365	70286	55.22
365	112852	60.36
365	76077	57.70
365	112818	58.67
365	1777	61.55
365	6502	57.45
365	155820	69.90
365	541	58.29
365	95720	59.85
365	93270	44.10
365	135569	57.34
366	116797	84.50
366	59315	77.77
366	33794	78.55
366	91529	83.16
366	2028	85.14
366	122882	78.57
366	7438	80.29
367	926	98.07
367	3061	63.61
367	1270	93.38
367	1287	97.49
367	486	56.40
367	3536	69.13
367	3824	40.15
367	2384	61.32
367	3072	81.25
367	898	92.41
367	3618	73.46
367	3225	59.55
367	2248	92.48
367	3157	66.88
367	3969	85.94
367	3717	78.81
367	1259	90.80
367	4023	77.32
367	1196	91.56
367	1258	90.97
368	3753	54.41
368	2112	53.81
368	1944	68.21
368	2986	42.64
368	3869	64.58
368	1214	70.66
368	2947	65.70
368	415	43.66
368	3035	78.49
368	832	59.30
368	50	84.23
368	2819	71.32
368	1801	60.91
368	2490	57.31
368	1917	54.26
368	1391	51.73
368	2193	61.41
368	225	61.33
368	161	65.66
368	2881	52.16
369	1256	70.99
369	785	57.60
369	47	77.06
369	2706	62.39
369	839	43.96
369	377	62.77
369	52973	66.91
369	743	40.55
369	4214	51.98
369	5418	70.28
369	3863	57.11
369	1372	62.06
369	27904	72.82
369	60069	77.44
369	2857	56.29
369	1967	72.73
369	150	69.75
369	2011	62.50
369	1580	60.06
369	3174	69.58
370	4011	71.54
370	4878	72.57
370	8961	71.07
370	6377	69.12
370	2628	52.51
370	1748	70.57
370	2116	44.64
370	589	70.44
370	2329	75.05
370	7438	69.05
370	3977	45.07
370	1676	54.88
370	593	73.37
370	4973	82.00
370	4226	75.64
370	1240	64.00
370	1089	71.25
370	8636	68.07
370	2716	63.32
371	2571	100.00
371	112512	69.90
371	1258	99.33
371	4090	90.95
371	56715	98.40
371	3000	95.49
371	4226	100.00
371	4993	100.00
371	1748	97.38
372	335	69.90
372	924	76.00
372	318	91.94
372	1603	43.05
372	1479	55.54
372	589	86.31
372	81	61.33
372	387	38.37
372	616	65.76
372	337	71.37
372	1220	74.79
372	1201	75.51
372	165	80.13
372	1243	69.02
372	1258	82.19
372	377	75.79
372	1401	57.97
372	450	55.50
372	1206	78.19
372	1306	50.92
373	216	60.80
373	60	55.96
373	169	36.55
373	350	53.80
373	585	42.83
373	44	39.67
373	371	65.22
373	163	59.77
373	616	58.27
373	198	60.78
373	265	75.98
373	25	70.66
373	6	72.42
373	733	63.97
373	47	74.83
373	2	61.83
373	736	55.08
373	305	43.14
373	357	64.79
373	141	59.00
374	296	84.09
374	208	60.05
374	1219	85.40
374	480	76.77
374	592	70.94
374	1258	85.17
374	1339	77.06
375	344	70.16
375	1027	60.31
375	32	90.55
375	2628	74.27
375	3256	81.28
375	4226	93.85
375	500	74.47
376	91535	68.40
376	2002	60.21
376	1214	82.18
376	1101	69.16
376	2916	78.07
376	33794	81.21
376	1198	88.44
376	349	81.18
376	1371	68.54
376	376	74.55
376	1240	82.52
376	1375	70.79
376	4993	84.71
376	858	88.89
376	457	86.46
376	4226	80.51
376	5952	81.01
376	344	67.98
376	2763	80.93
376	2797	75.77
377	4942	69.90
377	2793	51.75
377	1262	88.52
377	2791	91.48
377	748	76.81
377	1345	71.13
377	5027	53.32
377	5113	68.38
377	27692	69.90
377	3421	81.21
377	6021	69.90
377	3364	71.23
377	2072	74.41
377	8641	83.58
377	2163	51.23
377	92760	69.90
377	2858	92.20
377	1503	56.61
377	2124	77.29
377	2015	81.51
378	33794	79.15
378	7153	85.62
378	48516	88.59
378	3114	80.09
378	858	89.78
378	68954	78.90
378	91529	81.62
378	71535	79.74
378	90600	72.86
378	364	82.04
379	318	84.71
379	377	65.36
379	19	52.60
379	292	68.05
379	480	72.37
379	367	60.53
379	597	68.03
379	344	60.71
380	60818	69.90
380	172875	69.90
380	172881	69.90
380	172887	69.90
380	355	53.76
380	6979	83.13
380	5476	29.83
380	2735	62.81
380	68194	91.90
380	63433	61.42
380	72356	90.89
380	105731	69.90
380	1833	58.28
380	551	82.65
380	6731	79.81
380	27831	79.89
380	1665	60.11
380	393	61.62
380	140956	76.50
380	2791	92.15
381	2085	67.42
381	1088	70.65
381	3253	69.13
381	185	56.03
381	317	55.44
381	27808	65.91
381	1240	72.84
381	19	52.05
381	3753	67.36
381	4321	56.81
381	72011	80.23
381	3082	67.75
381	333	72.60
381	2140	65.46
381	1385	56.30
381	2273	60.27
381	1208	84.77
381	457	70.50
381	104	70.65
381	2716	73.48
382	1204	99.42
382	142372	39.91
382	135532	71.81
382	1201	96.56
382	112171	75.09
382	1198	100.00
382	912	98.56
382	81847	85.55
382	4638	60.75
382	63540	38.74
382	1681	40.19
382	170289	69.90
382	103042	81.11
382	72737	81.58
382	2496	71.64
382	357	83.67
382	81537	56.65
382	59501	84.47
382	101362	55.56
382	4890	67.52
383	2436	85.72
383	2541	69.17
383	2496	60.94
383	1584	72.24
383	2558	51.72
383	1246	81.14
383	903	83.25
384	3527	68.34
384	1388	53.74
384	2683	61.57
384	2502	80.28
384	4333	42.16
384	3098	68.58
384	4396	50.57
384	457	72.68
384	358	50.35
384	968	75.55
384	2724	51.34
384	296	82.04
384	3991	53.54
384	1204	79.08
385	736	64.16
385	1080	82.80
385	249	71.71
385	1219	77.75
385	1036	79.68
385	1136	82.77
385	282	58.35
385	1073	77.18
385	1200	80.63
385	1228	76.55
385	1022	62.81
385	1007	57.09
385	1201	83.19
385	1246	74.21
385	344	57.75
385	589	78.63
385	1023	57.39
385	1287	81.19
385	594	66.16
385	1303	75.54
386	110	62.51
386	410	40.49
386	112	51.00
386	165	54.81
386	223	60.74
386	648	53.50
386	185	43.31
386	608	67.51
386	485	43.73
386	305	37.28
386	44	32.87
386	585	44.90
386	349	56.52
386	10	52.02
387	4393	69.90
387	5156	69.90
387	5780	69.90
387	7336	69.90
387	26124	69.90
387	40966	69.90
387	2712	72.51
387	5062	77.75
387	1247	80.33
387	5489	69.90
387	4195	65.17
387	7132	75.21
387	2946	60.59
387	1387	73.66
387	3000	76.93
387	51939	47.30
387	4995	76.10
387	912	84.44
387	7938	69.90
387	1783	50.02
388	6158	69.90
388	63239	69.90
388	33615	80.46
388	86298	65.78
388	62999	77.61
388	8360	82.12
389	17	93.50
389	140	85.80
389	628	89.08
389	762	65.82
389	743	65.50
389	95	74.67
389	32	96.13
390	6344	69.90
390	64957	63.86
390	4239	70.73
390	5220	51.34
390	1193	77.68
390	2571	77.70
390	9010	84.08
390	2291	67.10
390	5296	50.10
390	4226	78.88
390	7254	69.34
390	6377	70.93
390	63062	71.55
390	1206	79.79
390	2329	80.39
390	4014	67.43
390	1784	65.32
391	5575	69.90
391	500	59.35
391	3994	64.36
391	1213	84.57
391	516	60.44
391	199	85.38
391	4027	78.15
391	150	67.48
391	1408	77.35
391	4014	59.99
391	1527	66.57
391	1059	71.95
391	2916	62.80
391	4973	86.21
391	357	63.38
391	555	75.31
391	5026	75.07
391	4936	68.62
391	1210	77.88
391	3067	85.54
392	3004	52.51
392	2858	82.00
392	707	48.75
392	1198	83.90
392	1125	72.32
393	91658	66.90
393	102125	75.68
393	48394	83.93
393	36517	59.24
393	8636	78.99
393	110102	77.78
393	44199	70.16
393	5388	66.00
393	54259	73.22
393	4848	67.17
393	5669	77.26
393	1291	77.59
393	68848	84.33
393	86190	68.71
393	2571	85.83
393	1206	82.82
393	122892	70.99
393	106642	97.15
393	1625	66.77
393	106489	74.71
394	588	62.83
394	316	55.80
394	344	48.93
394	225	56.69
394	457	66.66
395	329	61.01
395	1025	63.56
395	296	74.92
395	160	54.81
395	208	54.82
395	173	48.12
395	485	55.06
395	355	38.82
395	520	61.13
395	595	65.37
395	126	45.25
395	48	59.64
395	367	54.07
396	1276	76.06
396	1597	46.34
396	1777	60.06
396	44	37.26
396	204	51.82
396	2081	62.31
397	4017	67.69
397	8645	77.17
397	1701	85.97
397	8228	76.68
397	6993	85.16
398	6408	69.90
398	1197	94.14
398	5971	90.33
398	7022	80.26
398	1198	93.18
398	60069	88.83
398	2455	76.58
398	1136	90.42
398	48516	89.76
398	82459	76.31
399	1198	82.92
399	110	77.02
399	5445	71.64
399	1196	81.57
399	593	79.17
399	480	71.63
399	1270	77.13
399	2194	72.53
400	608	93.26
400	356	93.43
400	2571	94.09
400	2959	96.88
400	7153	90.94
400	1221	95.57
400	3578	86.69
400	858	97.68
400	59615	65.47
401	5952	71.58
401	6297	69.88
401	55768	62.11
401	48982	65.41
401	166461	64.49
401	49274	48.54
401	50872	73.03
401	32031	61.25
401	79091	72.36
401	170939	69.90
401	38038	66.10
401	8360	68.35
401	3114	67.97
401	33615	66.23
401	1136	74.53
402	1084	88.37
402	597	80.20
402	52	79.91
402	329	76.07
402	296	90.16
402	586	69.26
402	315	67.11
402	1036	87.60
402	434	69.15
402	527	92.86
403	110	82.07
403	2427	72.53
403	3210	69.01
403	296	84.83
403	61465	65.36
403	1663	74.67
403	180	69.50
404	204	52.40
404	349	67.41
404	474	69.46
404	34	68.92
404	364	75.70
404	508	68.36
404	105	61.49
404	593	78.71
404	509	64.18
404	277	57.95
404	315	56.41
404	185	57.73
405	70708	69.90
405	293	82.74
405	7254	77.08
405	37731	82.22
405	2959	88.07
405	345	73.65
405	1213	87.03
405	7134	69.90
405	64614	81.75
405	6023	67.69
405	1241	81.72
405	2329	85.96
405	1247	81.63
405	3052	78.47
405	68237	82.22
405	1199	87.03
405	27592	87.12
405	27664	69.90
405	3418	70.44
405	1215	88.34
406	1586	39.99
406	135	44.11
406	56949	76.68
406	46972	62.14
406	724	54.52
407	7153	86.93
407	2959	90.55
407	6539	81.03
407	1240	81.16
407	54286	78.38
408	1198	95.74
408	122904	83.95
408	44840	71.62
408	165101	81.30
408	6618	90.12
408	1291	91.35
408	1210	92.91
408	89745	91.30
408	1278	94.09
408	7324	80.38
408	44	65.87
408	8641	88.62
408	115210	85.80
408	103596	30.86
408	68554	78.74
408	2571	93.00
408	109487	83.97
408	63131	81.16
408	80489	94.87
408	4649	86.16
409	2485	50.07
409	2490	73.08
409	2028	86.68
409	3812	64.67
409	1278	85.72
409	2997	84.15
409	296	88.41
409	1078	72.22
409	3016	62.37
409	1073	81.44
409	2683	65.29
409	2289	89.48
409	3846	62.92
409	912	92.98
409	2013	66.62
409	1911	48.66
409	2352	84.12
409	1230	83.23
409	2541	61.76
409	3174	69.75
410	389	69.90
410	3224	100.00
410	318	83.87
410	2302	66.28
410	4002	83.46
410	1060	72.33
410	4297	71.05
410	3263	58.21
410	1859	73.25
410	111	83.19
410	58	83.24
410	2145	60.32
410	3255	72.51
410	2321	68.45
410	3504	89.83
410	3948	61.66
410	11	72.36
410	4019	72.99
410	3	67.83
410	597	63.64
411	508	67.71
411	261	70.33
411	586	60.60
411	432	51.58
411	353	75.07
411	431	74.09
411	194	75.42
411	318	92.03
411	272	62.14
411	515	64.56
411	356	86.20
411	266	64.53
411	257	70.18
411	349	73.39
411	10	73.23
411	31	59.93
411	344	65.08
411	227	60.85
411	455	45.48
411	122	48.67
412	2828	13.40
412	2384	64.01
412	2915	72.01
412	903	87.35
412	608	81.46
412	2720	30.47
412	2858	80.52
412	1883	55.50
412	1307	81.64
412	1214	80.51
412	1784	69.56
412	2239	100.00
412	1	78.55
412	930	93.52
412	1136	79.79
412	2710	55.91
412	915	83.32
412	2398	85.20
412	17	84.88
412	1079	85.72
413	2706	82.87
413	1198	100.00
413	3753	84.33
413	2424	83.09
413	593	100.00
413	128360	85.74
413	4993	100.00
413	16	96.22
413	5574	89.75
413	3948	83.98
413	64957	86.24
413	2959	100.00
414	4458	69.90
414	4666	69.90
414	5285	69.90
414	5635	69.90
414	6033	69.90
414	6493	69.90
414	6563	69.90
414	6628	69.90
414	6797	69.90
414	48319	69.90
414	58879	69.90
414	169992	69.90
414	3802	40.41
414	3599	58.96
414	1600	79.66
414	8666	29.11
414	4975	73.25
414	7444	69.77
414	4081	33.33
414	177593	99.55
415	296	86.67
415	1213	87.85
415	4321	70.20
415	3507	86.15
415	4308	74.34
415	47	84.42
415	1021	45.68
415	111	88.91
415	2617	63.82
415	1276	93.03
415	3861	58.27
415	4369	63.32
415	99114	81.54
415	1221	90.74
415	63082	80.80
415	1234	85.74
415	45722	72.57
415	1197	88.82
415	175	87.21
416	5952	53.60
416	5951	56.90
416	531	53.17
416	1296	57.63
416	1199	66.82
416	1721	38.21
416	830	45.69
416	1206	61.62
416	7323	61.51
416	4848	63.42
416	3677	77.41
417	778	93.55
417	4995	94.20
417	4975	80.82
417	7254	84.06
417	1198	97.61
417	106782	88.68
417	27773	91.60
417	168250	70.56
417	1625	85.28
417	7153	98.00
417	74458	89.12
417	110102	82.96
417	48394	90.77
417	4878	92.91
418	356	89.47
418	296	90.01
418	63082	78.22
418	104374	77.63
418	1276	90.82
418	1136	91.71
418	117176	71.13
418	1573	66.20
418	137337	72.84
418	1682	81.32
418	5816	73.42
418	88125	77.94
418	74458	86.99
418	367	62.92
418	89745	80.37
418	45672	64.03
418	87869	73.76
418	7361	90.83
418	54001	82.50
419	4093	69.90
419	111	81.44
419	46976	74.70
419	27822	55.60
419	2858	80.62
419	319	82.46
419	6287	65.13
419	3578	83.52
419	1213	83.16
419	64969	78.32
419	47	82.46
419	79592	76.22
419	34319	75.02
419	89580	69.90
419	60756	72.18
419	27704	69.90
419	90943	69.90
419	2412	43.37
419	1240	79.49
419	52245	66.68
420	1161	80.24
420	4993	83.61
420	45499	63.94
420	923	81.11
420	26693	69.90
420	48385	64.24
420	1927	91.01
420	5608	77.17
420	2052	57.79
420	6934	60.64
420	7022	78.88
420	3979	51.17
420	59295	69.90
420	2329	81.15
420	54259	73.60
420	1131	81.00
420	2762	76.93
420	4973	83.20
420	5669	78.34
420	527	82.67
421	2858	84.70
421	909	75.10
421	5008	97.87
421	953	80.16
421	1178	93.48
421	2313	79.84
421	2478	64.64
421	1203	86.92
422	2539	59.97
422	2710	54.44
422	4947	88.03
422	4971	53.09
422	5039	79.87
422	4925	69.90
422	2581	57.49
422	4916	61.57
422	1265	76.60
422	2804	76.13
422	3053	68.38
422	2665	69.90
422	1283	76.47
422	4835	82.29
422	2908	70.17
422	3943	54.35
422	1213	83.03
422	2670	68.18
422	858	86.09
423	1653	83.19
423	110	89.01
423	2194	81.13
423	5349	76.27
423	1320	67.76
424	1193	73.41
424	141	66.71
424	2804	73.47
424	40278	77.28
424	608	70.24
424	108729	67.53
424	293	65.03
424	69122	67.15
424	1092	62.29
424	54503	77.98
424	58559	76.19
424	3186	64.25
424	66097	68.37
424	778	72.35
424	5679	61.98
424	3176	64.79
424	2288	69.80
424	2174	66.48
424	71668	72.65
424	112556	75.71
425	45517	65.72
425	377	69.14
425	2329	83.29
425	733	69.09
425	6	78.41
425	1645	66.22
425	8368	78.05
425	2081	66.22
425	4306	75.47
425	1680	70.19
425	1909	66.88
425	367	59.77
425	46723	70.42
425	1625	71.18
425	1036	74.09
425	4901	68.33
425	750	76.94
425	2353	69.36
425	1342	50.74
425	145	62.83
426	59784	63.30
426	150	76.92
426	471	69.09
426	337	71.16
426	54001	83.57
426	1197	80.12
426	6378	66.00
426	72641	68.24
426	4886	74.39
426	8644	58.78
426	37729	67.24
426	597	74.54
426	5444	77.54
426	91325	31.41
426	588	75.86
426	3247	53.66
426	4022	70.27
426	79091	75.12
427	4887	54.80
427	5463	47.84
427	5015	62.93
427	110	79.91
427	58	84.04
427	5528	65.48
427	6348	34.52
427	5312	61.62
427	2710	58.37
427	5696	39.71
427	4993	82.85
427	5266	56.11
427	2683	67.22
427	5400	53.04
427	5816	68.81
427	1208	87.16
427	5574	64.87
428	2471	33.26
428	2762	53.97
428	3827	37.26
428	1089	73.50
428	2953	25.48
428	2916	50.50
428	1380	43.65
428	1997	58.68
428	3440	19.70
428	4022	58.28
428	317	39.98
428	4255	32.02
428	1208	76.29
428	1391	45.96
428	6377	59.05
428	2581	35.35
428	260	64.61
428	3285	53.96
428	588	49.26
428	653	47.18
429	339	89.13
429	421	76.73
429	150	95.09
429	225	86.74
429	165	90.69
429	266	82.88
429	329	83.33
429	252	87.11
429	279	72.93
429	317	81.31
429	237	81.50
429	204	71.99
430	923	80.07
430	2987	68.51
430	3745	68.40
430	6287	60.28
430	2858	80.28
430	6365	63.55
430	2571	81.37
430	4447	64.03
430	4014	68.89
430	329	63.75
430	2076	74.68
430	4446	66.33
431	172	38.87
431	1625	62.78
431	1376	56.17
431	3948	53.44
431	802	55.66
432	1831	50.82
432	5630	68.56
432	6870	71.03
432	8640	55.98
432	6539	77.39
432	3916	77.49
432	5989	78.01
432	84189	69.90
432	110	71.64
432	35836	70.66
432	4886	74.01
432	2762	67.50
432	1206	76.44
432	49272	76.40
432	19	51.55
432	318	84.10
432	58559	83.70
432	69481	84.17
432	7158	73.39
432	33660	80.27
433	91529	71.59
433	1089	76.46
433	50	76.90
433	5299	56.33
433	110	73.68
434	1136	87.22
434	3147	87.71
434	1090	85.19
434	1265	84.72
434	5989	74.11
434	1101	64.34
434	1779	54.93
434	586	52.48
434	344	61.34
434	3863	68.54
434	1208	94.20
434	3160	78.38
434	589	89.54
434	780	70.39
434	6796	79.46
434	2791	88.46
434	4226	90.54
434	2194	80.86
434	8665	71.31
434	1291	86.81
435	2353	77.30
435	44191	87.13
435	485	67.10
435	3510	75.70
435	34405	86.08
435	2302	71.58
435	158	63.24
435	82459	81.88
435	48780	88.61
436	204	51.36
436	435	42.46
436	440	71.10
436	432	48.91
436	161	64.83
436	480	68.42
436	377	66.28
436	531	57.67
436	536	60.67
436	502	46.60
436	364	77.02
436	235	72.80
436	371	68.06
436	344	55.19
436	2	66.55
436	585	53.96
436	450	65.97
436	587	61.78
436	437	36.61
436	227	53.22
437	748	61.72
437	318	96.31
437	5	55.68
437	640	50.31
437	1299	92.36
437	1120	83.40
437	1396	69.40
437	1246	85.67
437	454	74.18
437	1171	71.90
437	1225	88.96
437	1183	80.44
437	1097	80.41
437	1307	77.59
437	1268	82.20
437	592	68.77
437	198	68.82
437	155	44.75
437	112	65.71
437	246	96.49
438	7154	61.24
438	2501	73.97
438	8966	74.31
438	27801	82.43
438	1527	79.19
438	6711	81.48
438	3898	32.58
438	1784	73.51
438	8644	74.76
438	6367	46.31
438	2424	61.61
438	3889	45.70
438	223	82.57
438	1517	74.67
438	7361	85.79
438	2641	65.96
438	5009	60.52
438	2617	65.01
438	3753	70.73
438	2393	71.38
439	356	82.27
439	4022	74.58
439	7153	82.11
439	78499	77.77
439	1240	76.12
440	8690	69.90
440	541	87.37
440	29	82.23
440	1653	84.74
440	1274	80.35
440	3174	73.58
440	1235	90.57
441	589	90.52
441	2683	79.60
441	2959	96.99
441	4306	89.66
441	260	93.71
441	296	92.07
441	51255	94.08
441	47	90.36
441	68358	88.11
442	2908	28.10
442	2881	21.26
442	1186	27.12
442	3752	18.14
442	4361	24.24
443	2329	85.53
443	79132	85.06
443	296	84.96
443	48394	79.37
443	106487	77.56
443	108190	61.91
443	7153	85.60
443	63082	79.26
444	356	82.08
444	592	67.88
444	208	55.60
444	21	65.95
444	111	84.06
444	110	79.16
444	235	74.17
444	296	82.73
444	344	58.55
445	2028	87.04
445	590	80.46
445	34405	77.85
445	47	85.72
445	116897	87.77
445	780	73.39
445	4011	81.84
445	899	81.71
445	593	91.28
445	33794	79.33
445	1080	85.66
445	45722	67.68
445	17	77.45
445	1230	72.80
445	306	84.50
445	2710	61.07
446	237	62.21
446	339	63.41
446	300	69.17
446	296	74.03
446	480	65.60
446	368	64.05
446	288	53.60
446	172	45.46
446	17	72.09
446	16	72.83
446	357	64.28
446	150	68.84
446	434	51.61
446	153	49.29
446	648	62.84
446	593	78.04
446	337	69.01
447	257	79.56
447	293	90.08
447	337	80.72
447	531	72.55
447	382	73.45
447	589	84.56
447	552	72.87
447	253	77.57
447	362	77.98
447	532	67.22
447	292	72.87
447	31	69.75
447	474	79.11
447	540	55.86
447	442	69.56
447	160	66.05
448	2368	69.90
448	3284	69.90
448	3933	69.90
448	6302	69.90
448	6476	69.90
448	7245	69.90
448	48262	69.90
448	49688	69.90
448	75803	69.90
448	75816	69.90
448	78116	69.90
448	79590	69.90
448	86593	69.90
448	92198	69.90
448	98908	69.90
448	100326	69.90
448	102819	69.90
448	104760	69.90
448	108715	69.90
448	109191	69.90
448	111680	69.90
448	113416	69.90
448	116207	69.90
448	116985	69.90
448	129657	69.90
448	130083	69.90
448	133377	69.90
448	136654	69.90
448	138546	69.90
448	142424	69.90
448	151777	69.90
448	152658	69.90
448	157130	69.90
448	158022	69.90
448	161290	69.90
448	164375	69.90
448	53996	65.13
448	136778	69.90
448	5418	71.82
448	288	65.54
448	88356	25.97
448	2580	75.11
448	155358	69.90
448	2889	74.66
448	4034	76.85
448	148888	48.44
448	81156	59.83
448	2713	45.88
448	103335	55.25
448	95441	50.26
448	34048	51.90
448	80126	50.72
448	3057	69.90
448	1057	71.47
448	2794	53.55
448	33830	69.90
448	8665	72.36
448	6059	54.85
448	110553	33.56
448	90374	69.90
448	151501	69.90
448	3764	45.03
448	6143	69.90
448	103819	69.90
448	4361	67.06
448	104913	59.96
448	3986	43.15
448	5528	71.21
448	1196	84.26
448	105351	48.44
448	83349	47.21
448	3276	69.90
448	1090	78.64
448	5349	71.17
448	587	66.68
448	106330	32.26
448	4677	62.04
448	95508	69.90
448	109895	22.87
448	110611	69.90
448	671	64.50
448	2289	82.41
448	152077	62.40
448	80693	48.75
448	111360	44.57
448	170	56.90
448	87444	58.85
448	94323	52.26
448	8493	73.98
448	3671	75.78
448	91653	56.20
448	4981	69.90
448	2991	79.43
448	78034	69.90
448	119145	63.30
448	5099	45.14
448	4299	58.73
448	2567	55.10
448	6996	25.59
448	109864	69.90
448	6582	50.19
448	73017	63.98
448	370	59.91
448	543	67.92
448	115617	62.69
448	590	76.20
448	154065	69.90
448	5553	59.45
448	41569	56.26
448	3286	33.22
448	6645	83.33
448	589	77.21
448	1920	52.59
448	2857	59.19
448	111663	60.76
448	78499	69.56
448	2657	69.20
448	6537	48.56
448	1148	83.22
448	46974	59.99
448	48516	84.91
448	80241	59.90
448	445	65.20
448	4262	73.07
448	3689	24.81
448	114935	58.33
448	6428	56.21
448	127194	69.90
448	109673	40.36
448	127096	67.70
448	89388	69.90
448	4156	69.90
448	3793	72.63
448	33679	59.57
448	2014	56.24
448	64285	59.33
448	3968	56.79
448	49530	71.56
448	3450	64.98
448	160563	55.30
448	5502	59.92
448	8169	61.10
448	6314	39.76
448	122490	69.90
448	3386	66.37
448	140725	64.20
448	4896	79.84
448	2642	48.81
448	127136	80.18
448	2763	77.03
448	2520	69.90
448	457	78.56
448	48783	65.73
448	3263	57.64
448	5400	45.68
448	5541	62.71
448	4011	79.37
448	58351	69.90
448	127132	69.90
448	152091	57.86
448	3698	65.15
448	435	44.42
448	4799	58.46
448	84152	74.92
448	3401	43.07
448	2858	84.22
448	3174	62.00
448	7076	82.74
448	106542	69.90
448	6218	62.24
448	2860	42.35
448	1283	82.46
448	3618	68.06
448	2616	53.86
448	90439	68.59
448	2404	37.13
448	4660	69.90
448	2530	62.31
448	26386	69.90
448	4327	72.77
448	3030	84.87
448	71464	66.14
448	32	82.97
448	91529	75.16
448	4158	48.33
448	99114	69.37
448	98585	62.29
448	93326	43.52
448	2268	64.51
448	80489	67.04
448	130576	33.41
448	105504	72.95
448	2791	84.31
448	50601	37.83
448	7007	48.96
448	4234	73.28
448	3623	50.46
448	80727	69.90
448	78467	32.63
448	8641	70.65
448	4128	65.89
448	106782	72.87
448	2537	31.05
448	112138	57.46
448	3247	59.03
448	112818	63.22
448	2027	41.61
448	3101	64.86
448	5779	69.90
448	82202	56.55
448	1704	81.07
448	98296	69.90
448	6863	57.26
448	89305	54.51
448	4203	69.69
448	1201	87.46
448	6212	38.02
448	637	53.48
448	84954	58.39
448	6814	69.90
448	94864	51.64
448	67695	42.69
448	159077	69.90
448	92439	76.02
448	6812	39.76
448	3156	47.49
448	802	65.77
448	118354	69.90
448	134130	71.69
448	138036	57.81
448	65135	69.90
448	52975	62.42
448	4368	28.09
448	90717	67.41
448	45722	60.43
448	79259	69.90
448	68157	79.23
448	4233	37.38
448	74458	77.06
448	3258	57.19
448	1262	81.73
448	3949	75.43
448	101025	23.97
448	69526	39.49
448	1831	40.99
448	1083	63.39
448	1884	81.95
448	1476	69.30
448	156609	57.20
448	3755	55.50
448	111659	35.24
448	4734	62.79
448	161	71.40
448	95201	69.90
448	135887	55.96
448	2598	56.01
448	87232	62.82
448	4634	97.05
448	5334	69.90
448	5459	47.88
448	146730	69.90
448	72694	69.90
448	157432	69.90
448	132488	69.90
448	4558	44.69
448	1375	65.66
448	6424	69.90
448	71518	59.55
448	2716	80.73
448	94780	39.93
448	3593	16.19
448	129354	51.77
448	158	48.64
448	1409	45.99
448	6514	69.90
448	2881	55.85
448	51662	67.92
448	90522	52.84
448	68554	47.16
448	2126	48.45
448	122932	69.90
448	93510	67.79
448	137857	58.66
448	125916	8.74
448	2953	43.86
448	2090	62.52
448	1760	13.99
448	480	77.00
448	58803	64.14
448	2109	70.07
448	50792	39.76
448	46062	15.52
448	85510	49.49
448	80864	69.90
448	112171	53.03
448	122900	61.06
448	2587	48.36
448	1527	67.63
448	117529	49.44
448	4993	82.07
448	92264	44.80
448	5247	64.29
448	533	53.90
448	912	90.00
448	26464	69.90
448	2249	59.60
448	4678	56.76
448	103772	48.87
448	114601	62.63
448	96861	63.48
448	420	54.64
448	59615	45.10
448	2349	74.97
448	109372	52.26
448	95207	50.94
448	348	71.07
448	19	59.91
448	136020	48.11
448	4502	36.19
448	91094	37.31
448	138208	53.91
448	3511	33.33
448	79428	55.83
448	2643	35.85
448	109183	69.90
448	2139	71.15
448	4212	69.90
448	5942	47.92
448	96417	52.13
448	112852	69.32
448	99728	64.43
448	89470	62.25
448	142448	57.26
448	64983	52.65
448	2640	65.37
448	2046	56.61
448	4881	77.09
448	3882	48.26
448	3744	45.54
448	1032	62.26
448	116799	69.09
448	5	57.96
448	4040	40.72
448	157407	69.90
448	2115	80.38
448	1617	91.07
448	4367	47.52
448	105254	69.90
448	3388	50.96
448	3760	83.84
448	2146	69.82
448	2968	68.49
448	6281	55.68
448	466	54.50
448	96448	20.09
448	86332	58.68
448	64969	63.38
448	115170	69.90
448	1036	73.92
448	3397	70.67
448	2474	71.63
448	1408	79.81
448	155743	69.90
448	106920	69.10
448	8542	69.70
448	120466	61.76
448	2051	40.76
448	7143	73.38
448	7150	54.98
448	89087	21.97
448	34150	41.34
448	2253	52.39
448	2973	78.28
449	1917	57.39
449	2502	76.91
449	4034	74.90
449	1222	78.03
449	2770	54.12
449	762	40.82
449	2011	64.53
449	2324	77.00
450	3977	61.00
450	589	86.46
450	110	84.79
450	3363	84.12
450	3535	79.67
450	3948	77.58
450	3409	67.06
450	1035	84.25
450	3568	69.90
450	358	64.32
450	1259	84.81
451	733	76.73
451	593	87.66
451	7	70.46
451	5	63.73
451	494	75.88
451	25	76.18
451	17	81.10
452	4025	83.81
452	2858	95.69
452	2617	79.36
452	5292	87.58
452	1206	100.00
452	1676	85.39
452	3219	77.77
452	47	97.84
452	3101	87.31
452	163	89.46
452	1092	85.53
452	1917	79.94
452	2126	79.72
452	1356	94.06
452	552	85.26
452	2628	79.85
452	1200	92.03
452	608	99.32
452	2707	87.82
452	3273	76.64
453	208	76.06
453	858	91.96
453	2335	80.01
453	4022	84.54
453	3618	66.74
453	1617	89.47
453	3452	73.19
453	1357	84.79
453	112	80.52
453	2671	83.96
453	1884	89.93
453	1894	73.45
453	2294	77.93
453	318	96.54
453	1614	69.03
453	3534	77.85
453	2959	93.06
453	798	57.16
453	5266	70.15
453	780	76.01
454	7361	79.49
454	2692	76.71
454	7116	68.66
454	55820	72.62
454	6016	77.76
454	27773	76.79
454	2160	80.78
454	2858	77.44
454	26131	86.87
455	272	71.40
455	432	47.55
455	367	61.26
455	590	76.02
455	253	69.38
455	364	78.03
455	555	73.41
455	252	65.62
455	110	79.63
455	225	69.16
455	588	74.08
455	597	71.74
456	1407	74.50
456	634	59.35
456	135	64.19
456	5	66.98
456	724	68.80
456	780	77.28
456	733	82.33
456	260	94.04
456	706	69.90
457	329	65.90
457	3593	31.91
457	2692	78.26
457	1356	77.93
457	223	77.49
457	2394	71.90
457	2701	42.77
457	3608	54.71
457	733	72.08
457	2094	64.10
458	597	80.62
458	185	73.84
458	10	82.49
458	380	83.83
458	95	70.95
458	454	87.97
458	300	85.65
458	595	82.32
458	153	69.01
458	587	79.82
458	150	89.64
458	552	77.06
459	79132	88.35
459	5618	87.71
459	8961	82.86
459	48780	86.48
459	50872	85.19
459	260	88.34
460	89039	69.90
460	4886	87.93
460	4703	97.18
460	3831	84.55
460	1441	77.35
460	4878	93.22
460	3483	65.24
460	8970	82.83
460	1	87.58
460	49272	90.42
460	40815	88.37
460	85414	84.51
460	68237	93.54
460	76093	91.53
460	47610	82.63
460	63082	88.00
460	2571	93.14
461	74458	53.72
461	2762	57.03
461	1036	57.81
461	91500	45.37
461	3578	56.72
461	539	55.92
462	26838	69.90
462	89090	69.90
462	164655	69.90
462	188189	69.90
462	1136	63.38
462	1219	68.81
462	158966	73.64
462	1248	77.95
462	508	45.20
462	1653	65.15
462	1674	60.71
462	8917	68.72
462	8620	0.00
462	3424	79.83
462	2146	58.54
462	7044	74.04
462	3814	87.73
462	1213	61.96
462	82857	69.90
462	26131	90.73
463	6377	82.89
463	2028	87.73
463	4310	65.09
463	3753	72.18
463	2006	64.02
463	1092	69.60
463	5995	87.98
464	1370	78.49
464	58025	61.93
464	63853	50.59
464	296	92.98
464	2019	88.29
464	3527	76.99
464	5254	71.86
464	7007	70.68
464	1101	71.43
464	1779	58.86
464	377	77.00
464	1653	82.47
464	55820	83.64
464	648	78.21
464	33493	80.10
464	1610	83.32
464	65088	73.42
464	74727	95.20
464	1617	88.95
464	62374	78.21
465	2941	85.09
465	2987	80.17
465	1200	86.28
465	3448	79.28
465	5060	83.77
465	1299	95.72
465	3703	81.67
465	3649	64.29
465	1625	79.54
465	292	71.88
465	904	96.89
465	3101	68.53
465	1754	79.43
465	750	95.78
465	1256	83.17
465	593	92.93
465	3732	83.96
465	3740	84.22
465	3334	92.35
465	377	75.54
466	5418	74.33
466	30793	70.58
466	79091	78.25
466	92259	91.83
466	5989	81.38
466	5459	71.14
466	318	85.35
466	63082	85.35
466	59784	76.15
466	5010	80.92
466	74458	82.67
466	6281	72.25
466	5952	78.65
466	8529	75.45
466	64716	89.80
466	68954	82.80
466	4993	81.92
466	45447	72.04
466	81845	86.28
466	55247	86.08
467	41	69.90
467	58	69.90
467	389	69.90
467	466	69.90
467	527	69.90
467	593	69.90
467	780	69.90
467	1183	69.90
467	1233	69.90
467	1357	69.90
467	1365	69.90
467	1408	69.90
467	1721	69.90
467	2028	69.90
467	2125	69.90
467	2324	69.90
467	2334	69.90
467	2384	69.90
467	2390	69.90
467	2393	69.90
467	2394	69.90
467	2493	69.90
468	592	71.77
468	349	75.18
468	1	80.77
468	317	67.42
468	296	84.21
468	32	80.90
468	165	76.34
469	3658	69.90
469	3832	69.90
469	3507	81.12
469	3032	73.78
469	2736	76.36
469	2132	78.32
469	1958	82.31
469	910	87.94
469	1090	87.73
469	1485	60.21
469	1388	55.36
469	2321	70.87
469	1234	87.41
469	2081	72.26
469	1193	88.72
469	36	73.84
469	2908	76.47
469	909	77.54
469	2023	73.48
469	3255	71.90
470	253	78.40
470	318	89.03
470	110	85.85
470	588	78.04
470	282	70.83
470	5	61.38
470	597	75.27
470	32	83.71
470	595	79.36
470	592	73.43
470	500	70.89
470	26	76.13
470	356	85.46
470	357	76.54
470	434	62.46
470	300	72.44
471	2571	78.94
471	8874	74.80
471	527	80.77
471	1	74.32
471	8360	69.62
471	7147	74.67
472	58559	87.65
472	3450	72.04
472	3298	80.04
472	2840	61.12
472	1221	89.15
472	858	89.55
473	4979	75.73
473	2959	88.18
473	60	63.02
473	7147	80.89
473	6281	62.12
473	3897	77.47
473	48322	79.03
473	2596	73.85
474	638	69.90
474	2179	69.90
474	2697	69.90
474	4046	69.90
474	5114	69.90
474	5311	69.90
474	5353	69.90
474	5455	69.90
474	5601	69.90
474	6201	69.90
474	6273	69.90
474	6382	69.90
474	6407	69.90
474	6592	69.90
474	6912	69.90
474	7702	69.90
474	7826	69.90
474	7832	69.90
474	7839	69.90
474	8057	69.90
474	8446	69.90
474	8458	69.90
474	8459	69.90
474	8611	69.90
474	8650	69.90
474	8774	69.90
474	8938	69.90
474	1466	73.36
474	6708	74.03
474	2940	73.15
474	2616	49.87
474	2334	50.37
474	7139	76.97
474	4218	69.90
474	371	68.24
474	750	83.60
474	2935	76.44
474	8645	77.10
474	5481	57.92
474	6370	82.81
474	25865	69.90
474	2553	55.04
474	912	84.83
474	2467	79.17
474	5548	66.89
474	7301	69.90
474	52967	70.98
474	5945	60.15
474	480	74.65
474	1983	44.35
474	3462	71.60
474	1068	69.90
474	8600	69.90
474	6650	69.90
474	8482	69.90
474	6791	84.27
474	4016	73.66
474	1784	71.45
474	3668	71.15
474	3977	54.51
474	8961	77.87
474	4160	77.22
474	30820	64.42
474	6984	69.90
474	2750	56.60
474	5034	55.27
474	7716	69.90
474	2612	69.90
474	4419	88.95
474	1300	80.76
474	4187	75.41
474	1187	62.86
474	6565	78.51
474	272	72.39
474	5440	69.90
474	25937	59.44
474	1099	62.49
474	3125	69.90
474	5826	69.90
474	5649	69.90
474	7256	79.48
474	4912	77.95
474	6016	82.04
474	1208	83.54
474	2083	76.55
474	3385	51.43
474	2310	65.47
474	3360	71.52
474	3163	87.20
474	1413	79.04
474	4081	26.43
474	1643	63.07
474	968	71.23
474	2116	55.17
474	26965	81.84
474	5954	76.08
474	1263	77.50
474	5116	69.90
474	3536	60.70
474	8778	69.90
474	63433	59.88
474	2952	66.73
474	318	86.86
474	3394	38.04
474	1200	71.98
474	3384	83.55
474	4356	67.45
474	932	77.43
474	7698	69.69
474	516	53.23
474	4873	76.09
474	48385	66.56
474	39869	79.30
474	1902	69.90
474	2641	57.45
474	7036	65.76
474	2181	70.69
474	4638	52.34
474	31116	64.07
474	2455	64.45
474	2146	63.54
474	628	63.79
474	3897	79.79
474	1030	42.96
474	4022	79.21
474	344	58.81
474	3196	78.80
474	92	45.99
474	237	57.92
474	6770	73.01
474	3259	61.05
474	3368	59.85
474	26151	69.90
474	1293	77.63
474	34072	72.10
474	3044	70.41
474	1639	72.64
474	5944	55.86
474	6539	78.45
474	477	64.87
474	7361	81.61
474	55687	69.90
474	58	78.13
474	4014	70.77
474	3467	69.69
474	8154	82.51
474	4191	58.76
474	2134	48.59
474	4644	77.41
474	4293	49.16
474	5013	72.85
474	1399	77.95
474	1196	85.06
474	2918	79.35
474	5899	75.57
474	4465	70.10
474	100	47.27
474	361	56.97
474	3341	81.17
474	8921	69.90
474	195	60.17
474	3789	69.90
474	4709	53.23
474	1588	52.69
474	3468	82.50
474	4678	66.72
474	2723	58.43
474	2118	65.37
474	1939	80.17
474	7019	69.90
474	3147	83.52
474	1792	53.91
474	33903	84.17
474	1682	73.13
474	41566	70.55
474	1693	61.53
474	1957	78.20
474	5021	58.36
474	2313	74.31
474	3870	69.90
474	948	74.85
474	47099	77.94
474	3447	78.11
474	6614	55.44
474	216	66.89
474	5619	67.64
474	3987	44.72
474	5060	74.12
474	3111	83.75
474	45950	74.83
474	32584	51.97
474	5525	69.90
474	2567	55.14
474	5956	73.17
474	7	66.02
474	1172	76.93
474	3217	63.17
474	8331	69.90
474	587	64.83
474	5238	69.95
474	1189	71.65
474	2416	55.16
474	832	64.16
474	3095	76.03
474	7386	74.76
474	1223	77.76
474	7058	69.90
474	5246	26.31
474	5418	78.63
474	27803	76.91
474	26	64.45
474	4002	72.37
474	1135	58.52
474	45	66.15
474	6945	99.69
474	2411	43.58
474	2520	69.90
474	7347	71.74
474	5375	69.90
474	5673	70.63
474	3039	66.39
474	7833	69.90
474	33781	49.71
474	720	77.17
474	2103	53.66
474	33154	73.83
474	608	77.98
474	1327	32.51
474	101	70.01
474	7061	69.90
474	5451	52.54
474	5682	69.90
474	5434	73.88
474	6609	69.90
474	31658	81.29
474	4578	28.68
474	2009	68.26
474	4704	69.90
474	7572	69.90
474	4929	42.28
474	3306	76.70
474	6334	75.81
474	5379	84.05
474	5437	54.13
474	42418	68.10
474	4128	72.10
474	7451	71.85
474	2786	36.23
474	2243	59.38
474	27846	73.47
474	6197	60.71
474	3264	42.19
474	3608	52.29
474	5603	97.29
474	6124	65.75
474	1222	79.19
474	1663	67.36
474	3566	48.60
474	3755	62.02
474	2628	59.87
474	4815	59.15
474	2089	59.98
474	7102	42.93
474	27706	64.30
474	7013	75.55
474	1348	64.35
474	45666	50.14
474	5755	31.62
474	4055	69.90
474	2058	57.81
474	4462	15.81
474	1544	49.30
474	2405	51.72
474	4998	69.90
474	273	57.95
474	1977	37.68
474	1732	73.54
474	7822	69.90
474	7073	69.90
474	41527	75.81
474	4787	65.23
474	1676	66.32
474	3708	58.62
474	6669	63.42
474	317	60.27
474	25940	69.90
474	971	86.37
474	7366	58.08
474	3115	78.54
474	7026	42.92
474	2710	57.50
474	50685	69.67
474	2114	72.90
474	3809	65.07
474	3516	69.90
474	2770	57.50
474	535	57.33
474	4878	77.52
474	5992	73.17
474	41997	80.01
474	1083	61.60
474	4487	54.08
474	7293	71.37
474	1016	60.29
474	2006	54.49
474	1007	50.06
474	4993	87.67
474	3412	61.49
474	5007	69.90
474	3929	27.27
474	6639	73.34
474	8712	69.90
474	1876	51.06
474	3546	69.90
474	34359	69.90
474	7579	73.02
474	7325	64.84
474	6837	69.90
474	2634	70.57
474	7753	67.03
474	8943	69.90
474	8385	69.90
474	4308	71.95
474	3246	86.74
474	3745	72.42
474	1148	78.16
474	42002	67.23
474	50740	66.58
474	3952	49.61
474	1927	82.34
474	7581	58.81
474	910	75.85
474	3948	67.60
474	54881	72.55
474	1284	85.58
474	4007	69.03
474	5341	69.90
474	3675	81.71
474	52975	72.32
474	6244	77.50
474	965	68.81
474	454	73.21
474	1247	76.85
474	7215	63.56
474	1282	74.46
474	8207	82.43
474	6242	63.31
474	6502	78.93
474	4509	50.07
474	3528	77.95
474	2391	70.66
474	4262	71.91
474	4039	56.47
474	42018	6.58
474	3271	72.11
474	976	69.90
474	48394	78.13
474	5384	69.90
474	5168	69.90
474	1358	72.04
474	6534	50.54
474	8773	69.90
474	2384	50.30
474	48780	76.73
474	1269	70.93
474	4600	75.81
474	2642	39.25
474	111	81.94
474	933	83.19
474	3578	78.78
474	5297	69.90
474	944	75.12
474	6020	69.90
474	2123	52.13
474	748	56.37
474	4896	75.49
474	5380	70.28
474	53953	70.24
474	3712	55.81
474	25996	69.90
474	1997	78.11
474	4464	74.84
474	4085	58.32
474	51540	72.05
474	2707	58.64
474	2069	97.29
474	6710	65.87
474	1488	54.24
474	6378	67.56
474	928	80.44
474	3038	79.31
474	7116	68.81
474	44511	69.90
474	594	71.05
474	1962	73.06
474	421	57.47
474	4316	23.94
474	2761	75.07
474	4823	56.87
474	892	66.03
474	1345	62.41
474	5294	79.48
474	1408	76.19
474	6579	69.90
474	3272	65.01
474	3421	69.29
474	3844	63.43
474	6787	81.59
474	37736	67.15
474	2249	50.57
474	1610	73.67
474	2468	37.34
474	3498	81.08
474	4902	68.88
474	6268	75.81
474	5225	84.29
474	5404	81.45
474	929	69.90
474	25999	69.90
474	7835	69.90
474	805	67.04
474	4126	69.15
475	6539	91.32
475	4993	98.90
475	87232	87.77
475	40815	93.22
475	5816	88.10
475	8644	91.68
475	81564	87.08
475	4701	87.63
475	81834	88.96
475	6564	62.02
475	68791	88.29
475	111759	89.88
475	7153	98.09
475	1527	95.43
475	71530	72.11
475	4896	90.89
475	106487	80.72
475	112852	92.40
475	3578	94.79
475	82461	74.25
476	594	82.03
476	34	79.74
476	380	73.81
476	158	61.44
476	153	62.88
476	586	65.94
476	440	78.23
476	364	85.74
476	378	55.94
476	357	76.75
476	224	79.25
476	165	77.28
476	296	89.23
476	11	78.62
477	34	74.39
477	913	87.07
477	3100	80.77
477	2105	65.49
477	1271	75.23
477	1207	89.90
477	70687	37.28
477	2174	70.85
477	45672	73.68
477	4571	72.37
477	3973	41.96
477	4226	88.61
477	1103	86.96
477	5291	76.07
477	348	79.41
477	3593	23.89
477	1	81.90
477	1274	79.58
477	6502	86.87
477	59615	67.95
478	1917	52.38
478	3114	70.22
478	594	62.99
478	1584	61.82
478	1101	54.34
479	5365	69.90
479	4488	83.87
479	524	66.79
479	1025	75.76
479	3707	58.92
479	1220	79.87
479	4010	54.01
479	3244	76.95
479	3526	71.28
479	4092	49.57
479	1968	80.83
479	4700	67.54
479	4003	72.99
479	3671	77.59
479	2671	77.57
479	341	69.90
479	2012	66.44
479	2542	78.41
479	454	63.18
479	2384	49.16
480	43914	69.90
480	2700	72.23
480	8533	67.04
480	2193	71.56
480	2797	76.27
480	3484	51.32
480	2571	87.14
480	1210	86.36
480	2596	71.26
480	8866	62.28
480	47610	71.98
480	6306	87.90
480	5379	75.51
480	2018	58.62
480	7153	77.44
480	3911	70.87
480	44191	77.09
480	38061	77.21
480	5673	64.45
480	380	70.85
481	1608	54.79
481	1687	52.63
481	1629	45.49
481	1729	59.86
481	1620	47.77
481	1597	45.94
481	1485	48.79
482	2068	100.00
482	8985	59.64
482	1036	85.74
482	474	77.31
482	1042	62.38
482	4389	81.16
482	780	80.80
482	27706	69.81
482	3211	69.90
482	1610	84.37
482	4367	71.83
482	1374	89.81
482	1220	81.12
482	1602	49.78
482	653	70.36
482	592	83.12
482	30812	70.21
482	4862	38.83
482	8361	64.91
482	8529	69.75
483	105325	69.90
483	783	68.62
483	2541	70.80
483	2959	91.03
483	109971	69.90
483	45722	70.49
483	1199	88.90
483	50872	81.73
483	2000	69.42
483	4306	79.87
483	69757	82.84
483	2683	64.18
483	2273	59.92
483	1588	64.63
483	109487	86.63
483	66934	81.99
483	1721	66.47
483	2328	45.62
483	68522	69.90
483	8972	68.72
484	93320	69.90
484	1438	61.31
484	6155	71.32
484	6944	78.56
484	2706	73.11
484	33166	78.85
484	6874	77.49
484	3697	72.27
484	1059	83.90
484	76293	77.02
484	919	85.48
484	2762	79.74
484	1821	68.06
484	837	83.62
484	5810	68.41
484	1753	81.54
484	3254	75.52
484	4718	70.36
484	2413	74.02
484	3646	51.59
485	588	82.17
485	161	80.70
485	253	76.98
485	292	74.42
485	231	68.70
486	653	77.68
486	47	95.43
486	110	93.66
486	153	69.32
486	474	85.08
486	95	74.66
486	288	78.06
486	329	75.60
486	161	84.01
486	318	100.00
486	292	80.01
486	6	96.12
487	27611	61.61
487	8961	64.87
487	318	75.92
487	1198	72.74
487	31658	71.84
487	1197	72.14
487	6539	65.39
487	5445	58.88
487	116797	68.67
487	4027	65.32
487	8874	68.12
487	86377	65.79
488	720	84.91
488	838	73.11
488	608	82.03
488	1223	88.66
488	26	74.50
488	5135	79.79
488	2109	63.96
488	7720	47.54
488	7303	79.41
488	4014	81.62
488	5995	90.38
488	457	80.30
488	105	58.62
488	1136	89.26
488	272	64.01
488	1269	70.11
488	3176	73.54
488	1278	80.36
488	1125	70.16
488	910	78.35
489	79536	69.90
489	86000	69.90
489	4848	75.04
489	736	59.99
489	8387	2.69
489	4700	55.61
489	45666	35.34
489	4720	64.45
489	2683	54.23
489	2021	60.06
489	2389	23.65
489	1619	56.79
489	950	60.84
489	58559	81.91
489	2236	43.37
489	2167	52.38
489	1616	43.92
489	247	81.23
489	376	62.41
489	2717	50.93
490	46578	69.13
490	89492	67.27
490	81591	60.38
490	91077	72.42
490	60074	46.34
490	5816	57.36
490	4144	75.73
490	54001	62.41
490	1	66.15
490	1784	58.97
490	7153	72.09
490	4993	72.35
490	89759	80.84
490	86320	59.81
490	60128	59.42
490	76251	61.55
490	8368	64.74
490	69122	61.62
490	2006	42.14
490	78499	69.75
491	106782	89.72
491	69757	87.00
491	7293	85.21
491	27808	80.24
491	4246	88.10
491	3948	80.75
491	104374	89.38
491	86833	85.12
491	140110	77.80
491	8529	78.25
491	180231	69.90
491	4306	93.16
491	88405	73.55
492	736	75.11
492	784	65.53
492	628	78.78
492	858	90.80
492	852	76.77
492	64	54.42
492	990	61.49
492	830	70.31
492	743	60.36
492	62	86.34
492	52	79.45
492	1499	62.75
492	66	69.55
492	1210	89.44
492	881	51.64
492	1474	49.15
492	1405	67.09
492	724	78.50
492	1047	76.55
492	65	68.19
493	2985	67.29
493	4444	70.83
493	2916	70.04
493	1275	76.14
493	2571	83.64
493	1527	76.15
493	2028	82.85
493	3793	75.19
493	2167	62.71
493	1215	81.18
493	4701	64.37
493	2924	80.27
493	260	83.47
494	1196	94.75
494	4498	60.02
494	3578	88.17
494	2028	93.41
494	1210	94.13
495	140523	69.90
495	115149	92.96
495	1259	89.93
495	1721	67.46
495	136562	87.25
495	80489	92.19
495	19	66.11
495	50872	85.44
495	231	65.27
495	102123	75.92
495	52319	88.04
495	7254	76.51
495	7360	84.91
495	8528	92.95
495	1645	76.97
495	46578	88.30
495	30810	82.48
495	2918	87.24
495	148626	86.38
495	56775	63.32
496	1221	77.85
496	99149	65.57
496	858	79.51
496	904	75.49
496	8865	41.98
496	114713	61.36
497	1193	67.35
497	112556	69.25
497	112290	76.97
497	1916	60.14
497	92259	77.71
497	2329	66.90
497	112552	74.26
497	1258	69.42
497	2762	57.11
497	5349	55.24
497	111362	65.74
498	344	73.67
498	231	75.71
498	648	82.22
498	10	82.09
498	300	82.41
498	356	95.15
498	316	79.58
499	1202	73.76
499	2337	56.69
499	38304	100.00
499	327	60.99
499	56286	65.04
499	1304	84.14
500	2599	66.94
500	2987	67.42
500	543	60.82
500	2700	72.01
500	2542	79.82
500	1265	80.10
500	2916	71.58
500	356	81.08
500	3301	70.27
500	1784	71.91
500	1914	60.32
500	595	67.43
500	2355	66.88
500	3536	70.08
500	1885	63.48
500	322	56.76
500	838	66.84
500	720	79.42
501	6	79.21
501	62	72.53
501	93	50.35
501	45	68.61
501	3	67.82
501	637	57.01
501	11	71.71
501	18	65.85
501	662	70.72
502	7236	78.69
502	1077	79.01
502	4412	69.90
502	3469	83.11
502	2001	68.39
502	2520	69.90
502	1777	75.26
503	7455	69.90
503	7361	73.01
503	4878	71.28
503	356	75.66
503	91500	53.77
503	593	76.36
503	527	78.07
503	858	81.03
503	4226	75.52
503	1259	70.06
503	1342	55.08
503	2877	55.73
503	92509	55.68
503	90866	63.08
503	500	56.94
503	441	71.35
503	48516	75.57
503	2858	72.97
503	48394	61.63
504	4995	83.21
504	5812	80.18
504	2321	68.63
504	1	80.77
504	3556	74.69
504	7153	84.43
504	6708	75.24
504	1288	82.32
504	6927	69.90
504	4033	83.68
504	4700	65.20
504	6565	76.57
504	342	75.92
504	3408	73.85
504	6879	73.72
504	4361	73.81
504	5952	80.58
504	5955	74.51
505	1241	87.28
505	4105	83.64
505	1029	75.19
505	74685	79.29
505	273	67.21
505	6502	87.40
505	54999	69.65
506	59258	60.84
506	54272	70.71
506	37741	72.01
506	56782	80.81
506	62293	63.68
506	51834	60.02
506	49286	68.37
506	112556	74.09
506	61024	76.46
507	165	67.35
507	266	60.80
507	253	65.24
507	377	63.87
507	593	77.45
508	2872	49.51
508	2011	53.29
508	1952	51.25
508	1175	64.16
508	898	62.67
509	26958	69.90
509	130073	69.90
509	2028	79.43
509	87232	73.48
509	33830	69.90
509	5313	31.26
509	48	62.39
509	2090	54.49
509	2080	59.98
509	6942	65.78
509	8907	43.70
509	6156	55.73
509	5816	67.50
509	39	60.17
509	3988	53.36
509	6807	72.53
509	7458	61.52
509	1196	82.83
509	45447	57.55
509	616	65.14
510	1882	23.79
510	7026	34.47
510	35836	54.60
510	494	48.45
510	1198	69.24
510	514	54.44
510	457	56.98
510	2935	67.05
510	858	73.76
510	2699	43.07
510	317	39.20
510	8949	52.97
510	2918	68.20
510	145	40.18
510	1262	71.22
510	6787	66.16
510	1208	71.17
510	372	41.76
510	1242	68.69
510	40819	63.02
511	2959	94.21
511	53953	73.48
511	115149	81.13
511	164179	84.82
511	6534	55.02
511	99114	84.51
511	92259	93.33
511	318	98.28
511	2324	89.71
511	1653	87.55
511	56757	79.89
512	480	76.85
512	150	78.58
512	349	71.63
512	47	86.00
512	350	66.05
512	442	64.20
512	457	81.20
512	50	89.53
512	317	64.82
512	593	88.01
513	5952	79.04
513	318	88.59
513	2174	68.01
513	235	72.53
513	1304	79.75
513	1220	77.39
513	1080	80.24
514	1335	69.90
514	5704	69.90
514	62586	69.90
514	168358	69.90
514	180263	69.90
514	1704	77.20
514	2005	78.58
514	2792	63.90
514	2013	60.15
514	1673	85.44
514	134130	77.41
514	76093	70.96
514	1333	80.31
514	58998	70.42
514	68157	77.28
514	2406	73.06
514	3210	67.24
514	54503	73.36
514	4855	71.73
514	1644	42.40
515	33794	94.37
515	2028	98.87
515	527	100.00
515	91529	97.78
515	58559	100.00
515	2959	100.00
516	260	69.90
516	457	69.90
516	480	69.90
516	647	69.90
516	708	69.90
516	1042	69.90
516	1090	69.90
516	1197	69.90
516	1198	69.90
516	1954	69.90
516	1958	69.90
516	2021	69.90
516	2259	69.90
516	2268	69.90
516	3052	69.90
516	3471	69.90
516	4027	69.90
516	4291	69.90
516	4306	69.90
516	4321	69.90
516	4322	69.90
516	4333	69.90
516	4337	69.90
516	4349	69.90
516	4361	69.90
516	4429	69.90
517	4306	58.83
517	53125	46.18
517	1265	58.97
517	165489	69.90
517	97938	51.15
517	88744	39.08
517	86880	35.25
517	4148	29.31
517	26761	69.90
517	3398	57.97
517	1293	48.71
517	3988	46.47
517	2858	53.48
517	4963	53.50
517	1204	59.08
517	1704	63.52
517	47629	56.41
517	7669	51.40
517	1206	49.46
517	46578	54.82
518	3101	64.34
518	2657	66.08
518	783	66.43
518	1876	56.38
518	6365	71.18
519	1704	96.12
519	356	97.19
519	140110	77.56
519	6378	86.68
519	7445	82.94
519	1968	89.96
520	7266	69.90
520	318	84.51
520	1049	72.01
520	59315	79.97
520	4995	79.17
520	32	75.71
520	2716	72.80
520	4333	58.53
520	1291	83.69
520	1732	77.63
520	4085	75.16
520	2723	71.28
520	3081	70.07
520	3994	74.33
520	33493	70.88
520	135	62.26
520	2393	68.91
520	60516	58.57
520	2406	75.81
520	1584	72.51
521	661	71.60
521	112	71.89
521	86	86.68
521	104	74.22
521	58	85.26
521	79	60.75
521	52	77.04
521	852	68.87
522	99114	81.41
522	81932	72.17
522	89492	81.51
522	63113	67.23
522	2959	91.65
522	1193	84.58
522	1375	75.42
522	4993	83.58
522	223	83.82
522	27611	72.58
522	76060	57.64
522	180	66.49
522	59315	79.45
522	1617	88.15
522	10	72.16
522	67255	84.12
522	2023	72.29
522	6187	82.08
522	318	89.97
522	127098	92.67
523	168252	100.00
523	8970	88.03
523	5989	96.70
523	318	100.00
523	91529	97.20
523	1721	84.12
523	293	96.41
523	65261	92.81
523	4270	77.39
523	3147	99.97
523	27731	94.84
523	134130	100.00
523	31696	82.63
523	527	100.00
523	101962	87.75
524	1356	82.14
524	150	74.32
524	552	60.88
524	748	60.04
524	344	61.34
524	442	58.91
524	253	71.70
524	1225	73.37
524	20	47.94
524	589	82.87
524	1242	85.10
524	544	63.80
524	173	52.04
524	1302	71.75
524	380	71.99
524	457	79.87
524	1020	69.95
524	788	50.33
524	193	44.97
524	466	58.07
525	120807	69.90
525	317	61.56
525	6863	68.40
525	8622	70.07
525	33004	67.15
525	7147	79.08
525	2396	74.29
525	40815	74.58
525	137337	70.04
525	1639	75.04
525	1968	77.64
525	91869	69.90
525	45880	61.17
525	2100	61.91
525	339	68.78
525	4886	71.55
525	50872	71.76
525	86332	70.13
525	8983	68.17
525	3996	77.64
526	593	86.35
526	55247	78.80
526	46578	82.69
526	176415	69.90
526	1295	70.23
526	90430	75.88
526	4014	76.35
526	2352	81.73
526	176413	69.90
526	215	82.09
526	81845	84.69
526	51255	80.23
527	2137	80.67
527	3114	85.69
527	3210	73.07
527	3016	76.13
527	2161	82.21
527	4571	85.61
527	2118	80.45
527	3421	78.66
527	455	56.45
527	2867	75.27
527	2450	46.42
527	1909	81.91
527	1214	89.09
527	4299	71.81
527	736	78.88
527	2477	66.79
527	588	87.38
527	4016	83.15
527	1259	89.41
527	2533	69.61
528	4886	74.80
528	2278	73.64
528	80906	72.03
528	4037	73.96
528	1240	79.87
528	64614	72.34
528	3821	44.20
528	150	77.13
528	1291	79.54
528	80463	69.43
528	593	81.47
528	99813	64.93
528	85342	74.22
528	48516	78.93
528	58559	81.87
529	653	61.78
529	135	56.16
529	65	47.98
529	62	73.95
529	733	73.16
530	292	73.16
530	500	72.33
530	300	77.72
530	586	64.80
530	593	89.08
530	11	79.19
531	593	89.92
531	590	82.73
531	919	83.24
531	480	81.90
531	1215	84.32
532	1721	72.49
532	4863	98.98
532	457	85.14
532	290	88.11
532	1245	95.14
532	1242	90.61
532	2023	77.21
532	2329	88.06
532	1304	85.86
532	517	75.13
533	1200	90.32
533	6502	90.31
533	79132	95.99
533	46578	87.90
533	93840	94.40
533	4973	93.55
533	2455	78.95
533	66934	90.88
534	116724	69.90
534	97913	78.14
534	94953	64.49
534	2003	80.33
534	2167	80.15
534	7569	86.59
534	153	70.82
534	1485	72.66
534	65514	72.63
534	104218	62.05
534	344	72.62
534	2571	91.57
534	5445	78.82
534	95875	67.88
534	112818	81.07
534	82461	67.54
534	96610	70.84
534	2987	82.80
534	138036	68.34
534	1566	79.39
535	2571	66.19
535	2581	43.92
535	2700	57.03
535	2688	38.27
535	2583	62.64
535	2882	0.00
536	232	79.89
536	272	67.29
536	356	73.43
536	335	69.90
536	225	60.30
536	150	68.66
536	434	48.59
536	589	70.62
537	80906	86.54
537	367	70.77
537	7153	86.63
537	53322	77.70
537	104218	67.13
537	97304	77.73
537	6539	81.89
537	318	89.20
537	89745	85.16
537	105504	85.15
538	595	88.35
538	3671	92.43
538	80549	91.49
538	4039	78.09
538	69757	86.80
538	5047	73.81
538	44889	69.90
538	66934	93.35
539	4306	83.28
539	6753	73.43
539	5218	78.67
539	50872	84.69
539	88	69.58
539	3301	74.82
539	4886	82.87
539	69122	80.18
540	2598	68.63
540	2959	98.62
540	1073	92.15
540	8874	90.89
540	1681	51.66
540	2183	75.36
540	2841	81.26
540	2747	69.06
540	1196	97.48
541	590	75.27
541	457	74.21
541	413	60.06
541	15	62.11
541	110	74.04
541	595	67.40
541	597	65.03
541	480	68.13
541	356	73.49
541	203	67.38
541	529	74.36
541	357	63.86
541	22	62.10
541	345	59.27
541	546	30.44
541	586	50.79
541	281	77.24
541	350	66.44
542	6539	73.20
542	30793	56.69
542	5299	60.90
542	2542	73.71
542	34319	60.45
542	33679	62.48
542	4963	71.62
542	5481	53.40
542	1997	79.74
542	4025	58.87
542	3623	46.91
542	924	78.87
542	4369	53.04
542	6378	65.52
542	2571	78.53
542	7254	71.79
542	41566	64.09
542	37733	60.89
542	7361	81.85
542	45517	72.69
543	73881	99.89
543	1702	76.76
543	595	90.36
543	3301	85.30
543	231	74.89
543	2378	62.52
543	2379	62.95
543	86882	70.16
543	6377	89.75
543	588	88.60
543	377	82.66
543	48385	76.16
543	2571	98.30
543	4526	52.35
543	4388	65.70
543	92259	91.18
544	1	69.90
544	3	69.90
544	14	69.90
544	32	69.90
544	40	69.90
544	62	69.90
544	68	69.90
544	95	69.90
544	116	69.90
544	619	69.90
544	626	69.90
544	648	69.90
544	650	69.90
544	694	69.90
544	736	69.90
544	780	69.90
544	839	69.90
544	1042	69.90
544	1047	69.90
544	1059	69.90
544	1105	69.90
544	1356	69.90
545	1438	62.14
545	1267	87.54
545	2763	86.13
545	1367	64.94
545	44	56.59
546	1270	67.72
546	3328	75.40
546	480	64.54
546	1970	54.82
546	2456	52.74
546	1976	43.00
546	589	73.09
546	2657	55.49
546	1673	76.34
546	3941	69.90
546	3959	64.18
546	3566	48.98
546	1977	54.00
547	1211	80.11
547	2859	84.84
547	2917	73.57
547	1394	80.82
547	1288	77.72
548	69	69.90
548	260	69.90
548	356	69.90
548	733	69.90
548	1196	69.90
548	1393	69.90
548	1477	69.90
548	1621	69.90
548	2571	69.90
548	2716	69.90
548	3263	69.90
548	3578	69.90
548	3916	69.90
548	4776	69.90
548	4899	69.90
548	5955	69.90
548	6874	69.90
548	7458	69.90
548	8531	69.90
548	49910	69.90
548	58559	69.90
548	74532	69.90
548	80862	69.90
548	122904	69.90
548	125916	69.90
548	168712	69.90
549	2571	72.85
549	2028	70.64
549	4226	74.67
549	1210	70.91
549	589	68.44
550	167296	69.90
550	102125	79.05
550	106782	87.22
550	116797	90.31
550	112852	91.15
550	122882	83.91
551	5010	74.66
551	34162	68.99
551	60069	77.31
551	1544	54.73
551	45186	72.29
551	103772	67.22
551	51935	73.72
551	4226	71.84
551	2353	71.76
551	7153	72.59
551	5989	71.08
551	135569	75.17
551	115149	75.58
551	88129	72.04
551	134130	80.08
551	6934	54.11
551	47	74.97
551	4701	68.67
551	2959	75.83
551	98809	73.61
552	2916	72.81
552	3317	71.52
552	1405	49.24
552	2953	43.47
552	2245	56.38
552	2944	75.63
552	2890	77.27
552	2125	62.09
552	508	64.69
552	3948	70.57
552	5349	77.29
552	2959	88.42
552	2857	47.24
552	173	45.82
552	2991	70.32
552	2871	78.51
552	2628	65.84
552	4308	65.22
552	4878	83.33
552	3101	62.15
553	55765	92.83
553	3481	81.89
553	1923	82.69
553	2571	91.20
553	4011	92.26
553	50	92.84
553	3949	88.17
553	1089	92.94
553	44199	82.82
553	5513	69.90
553	2231	84.27
553	2395	80.15
553	3052	84.47
553	61257	69.90
553	1221	95.09
553	33166	84.31
553	2959	94.73
554	1196	91.75
554	1022	81.39
554	2820	69.90
554	1207	94.55
554	1517	73.53
554	1282	83.85
554	1210	93.61
554	1760	38.96
554	2282	70.62
554	1225	88.98
554	907	71.76
554	1358	85.12
554	2096	79.52
554	1028	88.75
554	593	91.73
554	608	85.42
554	953	85.24
554	2324	89.58
555	790	69.90
555	3664	69.90
555	1	86.36
555	3111	87.79
555	3395	57.46
555	104	75.97
555	1334	44.64
555	2506	67.88
555	2072	71.03
555	4002	80.33
555	1266	92.35
555	2641	63.57
555	2256	56.70
555	2791	84.15
555	2701	50.88
555	1333	78.55
555	1320	67.16
555	337	80.62
555	1393	74.86
555	3526	75.10
556	162600	69.90
556	122890	75.87
556	3081	77.98
556	88125	86.13
556	588	83.58
556	72998	80.14
556	74789	67.52
557	648	76.53
557	231	66.86
557	1291	85.19
557	260	87.86
557	1210	87.21
557	150	83.94
558	5329	78.47
558	5064	83.52
558	4903	62.52
558	2297	84.50
558	2568	69.93
558	4993	91.77
558	4306	88.55
558	367	70.60
558	5283	69.11
558	1097	83.21
558	4164	81.33
558	5294	89.29
559	552	56.92
559	608	80.71
559	355	40.71
559	329	63.06
559	544	59.53
559	1527	75.17
559	173	45.89
559	377	63.93
559	745	76.26
559	174	52.49
559	529	73.85
559	350	58.11
559	349	65.22
559	533	51.93
559	836	56.52
559	1210	83.27
559	420	50.37
559	786	61.65
559	227	57.69
559	253	64.67
560	5839	69.90
560	91535	55.85
560	136018	41.43
560	67997	87.64
560	79132	78.21
560	3253	72.96
560	142558	69.90
560	2355	71.58
560	39435	55.00
560	1527	76.62
560	40414	71.26
560	64614	74.47
560	48744	89.40
560	56587	64.01
560	593	80.61
560	76251	72.33
560	84944	76.84
560	109313	69.90
560	5878	78.47
560	40819	74.19
561	168174	69.90
561	5308	56.13
561	78469	56.46
561	3703	78.16
561	60069	70.73
561	91535	47.41
561	2105	65.96
561	73017	77.31
561	5445	69.87
561	2000	77.25
561	83134	68.12
561	79132	76.12
561	79592	62.77
561	80463	72.88
561	89745	69.18
561	527	87.73
561	8972	57.90
561	353	75.57
561	33162	63.92
561	68157	82.57
562	27140	69.90
562	6870	86.53
562	6377	85.72
562	2580	88.40
562	1249	94.76
562	4776	85.61
562	36529	78.49
562	1259	86.08
562	1982	75.79
562	2268	84.51
562	2133	83.18
562	83134	85.12
562	3210	77.50
562	48394	85.69
562	30707	87.28
562	33836	53.55
562	2692	87.26
562	88163	93.51
562	99191	69.90
562	1240	85.59
563	61071	69.90
563	70932	69.90
563	80858	69.90
563	919	76.55
563	74450	56.11
563	588	75.23
563	5943	46.59
563	118997	40.61
563	86833	74.25
563	1197	85.15
563	128832	69.90
563	85397	70.97
563	45221	41.77
563	33499	50.20
563	7380	66.56
563	96821	76.62
563	81784	49.42
563	95307	42.64
563	65585	64.64
563	55250	47.15
564	50942	69.90
564	356	82.99
564	31685	66.41
564	131013	69.56
564	61024	86.78
564	79224	48.45
564	87869	75.52
564	500	69.29
564	108156	62.97
564	81784	59.65
564	93270	54.27
564	6188	79.36
564	106918	77.78
564	65230	59.59
564	67087	77.80
564	80693	63.62
564	94677	69.24
564	8984	70.39
564	73266	60.71
564	2671	77.06
565	590	77.64
565	231	61.67
565	19	55.76
565	21	69.03
565	50	86.02
565	539	69.39
566	648	66.49
566	10	67.48
566	231	59.35
566	329	64.34
566	342	71.69
566	141	72.80
566	203	65.88
566	345	67.50
566	39	67.36
566	497	77.60
566	265	78.01
566	588	70.76
566	708	69.31
566	353	70.23
566	2	65.39
567	8189	69.90
567	26743	69.90
567	92681	69.90
567	109897	69.90
567	152071	69.90
567	5690	60.02
567	136602	59.54
567	122888	69.90
567	6333	51.93
567	1274	52.61
567	122922	55.25
567	153070	69.90
567	151687	69.90
567	117877	69.90
567	108928	42.76
567	954	56.08
567	122924	48.70
567	27773	63.32
567	648	43.32
567	135887	42.48
568	50	69.90
568	147	69.90
568	296	69.90
568	356	69.90
568	480	69.90
568	593	69.90
568	765	69.90
568	1103	69.90
568	1104	69.90
568	1257	69.90
568	1298	69.90
568	1895	69.90
568	2313	69.90
568	2359	69.90
568	2863	69.90
568	3053	69.90
568	3148	69.90
568	3261	69.90
568	3363	69.90
568	8169	69.90
568	46723	69.90
568	63853	69.90
568	65088	69.90
569	231	75.98
569	50	96.67
569	380	84.81
569	588	88.94
569	592	83.14
570	208	53.81
570	8636	73.49
570	48516	79.46
570	1225	72.25
570	586	55.87
570	2683	64.22
570	457	75.06
570	1196	80.92
570	110	76.07
570	4993	80.46
570	7361	79.78
570	1198	82.35
570	1079	73.58
570	10	67.24
570	3793	74.96
570	1391	59.35
570	589	77.15
570	380	66.59
570	527	80.53
570	185	58.65
571	1331	69.90
571	2982	69.90
571	2366	67.20
571	1128	55.51
571	610	64.58
571	2902	54.19
571	1998	69.90
571	3696	68.17
571	1980	69.90
571	1987	69.90
571	70	69.79
571	1924	55.64
571	2279	48.20
571	1327	38.32
571	3732	65.90
571	1972	34.06
571	1278	79.17
571	1644	44.11
571	2327	85.34
571	1978	45.34
572	1961	77.61
572	2570	66.99
572	2788	86.90
572	2321	71.61
572	111	92.57
572	904	92.59
572	2987	77.75
572	2302	72.49
572	1834	94.79
572	2539	65.02
572	2917	84.36
572	1307	79.13
572	1	81.56
572	161	81.51
572	3421	76.47
572	838	82.06
572	1356	86.98
572	2006	63.67
572	3167	70.36
572	1953	85.99
573	89745	97.63
573	72998	83.15
573	3752	76.33
573	356	97.25
573	7293	91.19
573	6754	84.08
573	8665	83.15
573	32587	93.63
573	1073	90.71
573	88744	79.40
573	1127	78.55
573	68954	95.68
573	98809	92.60
573	2640	84.51
573	48516	97.35
573	71535	93.18
573	59369	84.56
573	60069	97.85
573	88140	88.78
573	1562	58.40
574	47	69.90
574	110	69.90
574	150	69.90
574	153	69.90
574	161	69.90
574	185	69.90
574	225	69.90
574	231	69.90
574	292	69.90
574	296	69.90
574	300	69.90
574	316	69.90
574	318	69.90
574	329	69.90
574	339	69.90
574	344	69.90
574	380	69.90
574	410	69.90
574	434	69.90
574	588	69.90
574	592	69.90
574	593	69.90
574	595	69.90
575	2566	76.83
575	2580	78.11
575	296	84.88
575	2581	61.25
575	2572	72.19
575	2542	81.75
575	2574	42.51
575	2598	57.35
576	849	53.53
576	1321	61.87
576	1373	52.94
576	1479	55.91
576	2289	61.76
577	2415	69.90
577	1183	66.85
577	1288	76.89
577	1129	71.53
577	2944	79.38
577	2194	73.30
577	733	70.75
577	1213	79.90
577	2076	70.31
577	2020	78.34
577	1262	81.03
577	1931	85.64
577	1391	55.24
577	2987	66.48
577	952	69.73
577	1909	70.79
577	260	78.55
577	919	79.08
577	2248	71.46
577	1270	73.79
578	6751	69.90
578	52668	95.78
578	45668	81.45
578	830	74.92
578	72407	71.01
578	75446	69.90
579	3174	80.05
579	2485	70.82
579	1022	74.85
579	2018	71.35
579	838	90.24
579	1917	74.39
579	1391	76.13
579	596	74.24
579	1573	80.34
579	2965	69.90
579	1653	91.13
579	2599	78.43
579	892	75.55
579	2687	74.15
579	595	82.30
580	5767	69.90
580	6583	69.90
580	480	70.42
580	8844	69.90
580	6989	62.26
580	3809	70.66
580	41569	79.52
580	3699	53.67
580	4041	64.29
580	33166	86.16
580	356	81.67
580	508	71.49
580	8376	74.99
580	3578	90.06
580	608	88.80
580	3785	64.20
580	3089	74.13
580	1320	60.54
580	54286	84.91
580	1201	79.02
581	7153	89.26
581	5995	90.04
581	4973	90.14
581	116797	88.81
581	3949	84.39
581	4306	85.79
581	109487	83.19
581	6377	87.00
582	91529	84.51
582	2959	90.30
582	116797	84.73
582	4993	83.96
582	5618	85.86
582	2571	83.60
582	76251	73.73
582	69844	84.92
582	104841	73.86
582	48516	88.87
582	97752	76.29
582	76093	84.08
583	8533	69.57
583	88405	58.74
583	2706	63.56
583	117590	73.45
583	317	66.99
583	60756	63.45
583	6942	73.59
583	595	75.50
583	46578	73.88
583	104	66.74
583	2694	63.83
583	7451	73.13
584	288	69.61
584	22	75.71
584	203	74.99
584	315	77.84
584	500	80.41
584	316	76.80
584	539	83.02
584	234	69.54
584	296	88.48
584	257	86.21
584	434	72.49
584	586	68.76
584	338	68.46
584	349	86.60
584	282	75.48
584	480	88.89
584	590	90.29
585	3173	69.51
585	1228	92.40
585	54503	85.01
585	2959	92.09
585	428	80.64
585	1405	65.42
585	7254	77.89
585	441	84.20
585	1805	68.95
585	296	90.04
585	27373	69.90
585	5325	80.37
585	79132	88.94
586	34332	77.18
586	4016	87.76
586	111659	67.95
586	106002	83.79
586	149406	81.16
586	167036	90.76
586	45499	81.19
586	136556	69.90
586	5445	81.75
586	117851	73.45
586	1291	86.47
586	71264	94.26
586	106489	85.07
586	135436	77.84
586	3753	81.01
586	2640	83.91
586	3147	86.90
586	122916	97.18
586	3793	84.55
586	101362	65.35
587	1234	88.78
587	628	76.93
587	2012	76.64
587	534	85.71
587	2002	70.57
587	1641	81.85
587	236	83.12
587	1376	75.19
587	2622	66.08
587	1541	55.07
587	3260	90.12
587	497	90.32
587	3082	73.01
587	445	75.02
587	3448	83.43
587	2574	53.19
587	765	76.17
587	691	71.15
587	329	79.79
587	3406	74.45
588	50	75.32
588	16	69.35
588	20	44.50
588	356	75.67
588	350	54.92
588	198	56.53
588	593	75.48
588	364	70.55
588	163	66.30
588	253	62.03
588	223	68.20
588	3	57.76
589	1092	73.38
589	318	99.94
589	590	87.25
589	373	80.59
589	586	70.54
589	587	79.85
589	527	95.92
589	337	86.51
590	924	82.42
590	8807	58.93
590	2371	56.33
590	38061	72.18
590	81834	75.54
590	40815	73.11
590	4890	46.69
590	903	81.26
590	5	50.86
590	3624	55.94
590	555	76.71
590	4047	63.86
590	51662	65.49
590	2085	67.49
590	419	46.89
590	595	72.07
590	329	66.16
590	2376	61.99
590	3635	58.85
590	2398	84.40
591	2908	67.86
591	2706	68.43
591	2712	71.14
591	2355	71.42
591	3615	62.97
591	3578	77.86
591	2394	68.25
591	3798	63.18
591	356	82.41
591	223	74.87
591	2724	64.83
592	514	71.86
592	2	77.05
592	153	69.30
592	415	58.66
592	110	89.66
592	177	68.59
592	420	63.07
592	380	80.81
592	44	56.62
592	788	61.34
592	588	87.16
592	163	76.92
592	204	60.74
592	610	76.32
592	39	78.79
592	419	59.76
592	253	75.42
592	432	56.58
592	240	62.62
593	1196	72.63
593	1073	60.00
593	1086	85.31
593	1617	81.46
593	4034	65.81
593	41566	48.09
593	1197	72.53
593	344	46.87
593	8368	60.16
593	339	61.79
593	2959	72.95
593	8961	57.25
593	5816	53.02
593	2797	58.18
593	4896	55.01
593	588	61.53
593	595	59.67
593	5952	64.53
593	377	56.11
593	141	62.16
594	7031	69.90
594	2671	85.63
594	7115	52.82
594	1616	71.19
594	5943	71.75
594	1188	77.88
594	2269	71.57
594	1733	100.00
594	4902	64.92
594	6996	34.52
594	780	85.33
594	1429	79.09
594	6140	69.90
594	7046	70.84
594	39	79.47
594	595	91.78
594	799	82.29
594	2028	94.75
594	8482	69.90
594	7169	82.61
595	265	91.61
595	50	96.96
595	1186	86.90
595	1199	97.60
595	1966	74.76
596	33649	69.90
596	43744	69.90
596	182793	69.90
596	129397	44.80
596	128908	69.90
596	1	75.58
596	142488	82.83
596	122922	79.82
596	4310	52.56
596	71838	60.98
596	4025	55.37
596	2501	69.66
596	110102	71.81
596	149406	64.42
596	2774	69.90
596	5502	62.78
596	8665	71.19
596	6537	59.59
596	2571	77.45
596	345	66.10
597	1799	71.43
597	490	64.78
597	3040	64.23
597	2529	91.23
597	2858	97.34
597	903	95.39
597	3039	87.48
597	2000	83.55
597	1291	88.85
597	357	79.34
597	1228	100.00
597	1845	83.32
597	2411	64.49
597	1580	84.26
597	1148	89.59
597	1198	98.21
597	2723	68.88
597	485	57.29
597	592	73.81
597	2692	91.53
598	56367	79.89
598	8360	81.16
598	593	85.82
598	114265	69.90
598	103543	41.71
599	26142	69.90
599	26567	69.90
599	26590	69.90
599	26676	69.90
599	26854	69.90
599	27595	69.90
599	34800	69.90
599	53450	69.90
599	60803	69.90
599	69131	69.90
599	74696	69.90
599	79895	69.90
599	84523	69.90
599	87960	69.90
599	92674	69.90
599	98799	69.90
599	102735	69.90
599	102852	69.90
599	104017	69.90
599	105020	69.90
599	122433	69.90
599	157865	69.90
599	158874	69.90
599	160978	69.90
599	161044	69.90
599	174727	69.90
599	179053	69.90
599	1801	58.95
599	6035	67.80
599	3387	51.23
599	33437	56.32
599	112	51.24
599	5995	72.01
599	167706	69.90
599	4394	69.90
599	836	46.67
599	7235	54.90
599	8809	67.82
599	102749	69.90
599	89087	24.87
599	42011	31.14
599	432	35.30
599	471	60.11
599	5628	58.01
599	1015	48.28
599	2	56.07
599	2269	50.18
599	69	59.23
599	3947	52.03
599	79091	64.46
599	104837	69.90
599	4037	68.60
599	7587	66.10
599	6881	65.83
599	1449	64.67
599	7225	71.23
599	81229	57.45
599	68952	68.15
599	4728	45.72
599	5081	46.17
599	33966	69.90
599	1779	41.38
599	3669	69.90
599	87197	69.90
599	170297	69.90
599	79057	54.70
599	95965	69.90
599	55207	69.90
599	4007	61.84
599	1220	74.45
599	80831	59.99
599	46723	56.88
599	71282	66.69
599	7757	57.80
599	3259	49.70
599	92309	68.35
599	1376	59.86
599	7192	47.80
599	4654	47.18
599	101423	69.90
599	53468	52.52
599	62662	69.90
599	3174	53.54
599	3698	60.97
599	2882	32.52
599	2359	58.81
599	1183	63.93
599	2792	46.37
599	1095	61.00
599	8387	6.89
599	53125	50.98
599	115713	68.80
599	2949	65.22
599	2471	43.79
599	3	46.01
599	1231	60.40
599	3861	41.65
599	240	36.66
599	1480	58.94
599	2301	55.68
599	1445	33.18
599	8045	69.90
599	586	49.73
599	2942	41.92
599	1185	64.56
599	4594	69.90
599	2474	60.08
599	3671	69.46
599	3196	63.46
599	64839	60.79
599	98697	69.90
599	2606	43.52
599	1777	54.64
599	5309	36.96
599	7022	62.91
599	4873	64.97
599	541	83.91
599	27311	75.62
599	43921	56.71
599	67734	55.91
599	4240	69.90
599	5026	72.13
599	168	44.85
599	33493	59.88
599	4125	6.29
599	7354	46.29
599	207	55.58
599	1094	59.30
599	742	44.85
599	1609	26.29
599	1042	50.79
599	3362	69.16
599	4553	63.53
599	4632	55.67
599	2278	63.46
599	468	45.33
599	122904	65.31
599	75416	69.90
599	42718	62.55
599	4285	27.92
599	79274	75.62
599	1794	69.90
599	45081	32.75
599	108192	69.90
599	3489	59.61
599	3503	65.07
599	89804	49.59
599	163809	69.90
599	577	34.54
599	3071	47.12
599	1204	82.48
599	3981	40.17
599	95771	69.90
599	45382	64.33
599	6548	44.58
599	59387	66.62
599	166528	65.97
599	168492	69.90
599	6691	69.90
599	605	40.67
599	424	25.79
599	2991	62.44
599	248	48.91
599	97950	69.90
599	3865	57.69
599	1216	54.94
599	342	54.51
599	35836	55.65
599	27772	46.93
599	176419	69.90
599	151781	69.90
599	277	47.35
599	6320	8.87
599	39381	65.66
599	5111	69.90
599	4090	62.15
599	2450	30.26
599	2676	54.51
599	2356	35.56
599	79702	62.13
599	1597	50.75
599	410	51.51
599	1721	58.76
599	3702	70.75
599	183301	69.90
599	1387	79.21
599	2072	53.52
599	26729	70.06
599	2393	61.98
599	4247	37.28
599	4591	44.42
599	1032	59.75
599	3087	45.00
599	1895	47.32
599	634	29.28
599	210	47.88
599	2074	67.79
599	51575	39.60
599	3505	63.91
599	5247	47.87
599	481	49.60
599	4215	31.69
599	1355	21.12
599	2657	61.97
599	2028	83.73
599	4011	78.01
599	420	42.59
599	552	53.95
599	1196	84.49
599	2395	61.60
599	5303	57.98
599	1752	48.40
599	3186	51.67
599	4310	46.92
599	1784	63.13
599	3200	72.95
599	7254	59.20
599	688	38.63
599	473	27.26
599	1079	70.14
599	1552	50.76
599	1148	73.05
599	1544	54.30
599	63113	54.11
599	2325	55.63
599	26649	65.68
599	6804	69.90
599	161	62.60
599	4109	48.21
599	34332	41.62
599	1653	75.24
599	4808	32.85
599	7707	69.90
599	3468	74.47
599	502	27.46
599	1221	88.16
599	1792	46.77
599	68319	44.39
599	6787	71.61
599	2119	16.29
599	3884	18.86
599	4254	32.78
599	3973	23.35
599	103609	69.90
599	8934	69.90
599	5377	64.12
599	42632	68.32
599	55290	55.17
599	4506	52.05
599	7840	69.94
599	5568	49.47
599	1689	37.12
599	7005	69.90
599	103228	63.49
599	59947	69.90
599	786	51.03
599	4351	48.53
599	172253	69.90
599	4679	46.61
599	1411	67.83
599	117630	69.90
599	1590	47.04
599	112623	56.81
599	3146	38.51
599	8984	55.72
599	1920	48.88
599	519	39.00
599	179817	71.29
599	3979	37.69
599	3741	73.84
599	44020	51.23
599	26630	69.90
599	7285	59.42
599	3030	71.01
599	1021	30.84
599	8638	66.12
599	87	43.48
599	7153	76.23
599	2877	40.10
599	2018	56.05
599	3173	46.81
599	5198	69.90
599	7101	48.79
599	7701	22.91
599	3213	70.93
599	26159	69.90
599	2339	69.90
599	33896	65.36
599	2000	72.97
599	4006	59.84
599	136562	61.41
599	37382	53.94
599	6645	63.12
599	171763	75.48
599	8528	58.80
599	27008	69.90
599	4017	56.15
599	4167	47.90
599	86142	71.35
599	1249	72.40
599	3255	52.72
599	736	54.53
599	2779	52.84
599	84414	91.23
599	27773	75.15
599	2083	63.07
599	98499	48.35
599	4034	73.58
599	119828	69.90
599	1993	32.26
599	94864	51.81
599	6631	69.90
599	2321	51.34
599	26242	52.05
599	3703	73.76
599	41566	51.09
599	2529	73.94
599	1968	69.77
599	8914	67.07
599	3257	52.00
599	159403	69.90
599	1036	80.71
599	76093	61.88
599	5103	56.85
599	6947	62.87
599	1952	65.17
599	2124	63.55
599	4084	45.13
599	6016	81.61
599	778	79.93
599	81	53.65
599	2171	55.42
599	1253	68.47
599	4275	38.11
599	7982	52.07
599	3723	76.86
599	849	52.08
599	2681	54.16
599	6565	57.13
599	39414	52.77
599	122916	68.13
599	6440	67.03
599	8917	59.96
599	72011	56.65
599	1605	43.48
599	1240	75.44
599	923	74.06
599	68157	77.85
599	5961	69.90
599	5053	69.90
599	3571	67.79
599	2403	62.98
599	3871	66.44
599	44238	69.90
599	72226	65.43
599	7004	44.73
599	2054	49.65
599	62970	46.06
599	5159	41.92
599	354	59.26
599	122924	54.89
599	48774	69.67
599	1394	69.18
599	3763	51.39
599	70286	65.07
599	1904	27.92
599	3969	55.67
599	81562	70.37
599	102590	69.90
599	233	52.03
599	4155	51.01
599	1031	55.24
599	76	51.35
599	459	35.37
599	1097	67.97
599	1178	75.34
599	60291	66.76
599	3328	74.62
599	1232	67.29
599	3036	68.29
599	5283	45.11
599	4327	57.36
599	610	62.96
599	2726	67.68
599	4732	24.01
599	5970	49.45
599	2396	60.67
599	594	60.74
599	1247	73.17
599	45499	57.01
599	3476	58.02
599	2399	37.94
599	137218	69.90
599	1997	68.66
599	3271	65.11
599	27801	69.86
599	6365	55.93
599	1799	53.74
599	580	56.34
599	122900	62.23
599	2803	43.72
599	80219	49.66
599	466	48.32
599	110882	67.36
599	3997	22.80
599	26176	69.90
599	2378	39.69
599	117895	11.21
599	26662	69.81
599	90603	73.90
599	119218	69.90
599	44	39.94
599	809	31.18
599	1960	62.71
599	4519	54.42
599	1959	61.60
599	414	39.89
599	1073	72.25
599	61236	38.95
599	1479	54.22
599	4019	59.92
599	1245	71.85
599	37857	72.31
599	161032	69.90
599	371	54.39
599	3020	58.98
599	88593	69.90
599	6774	63.01
599	2005	64.28
599	90405	50.88
599	26285	69.90
599	6793	24.05
599	627	52.54
599	1617	77.57
599	6734	28.35
599	108090	69.90
599	2427	66.09
599	51024	65.77
599	122922	62.34
599	3440	34.98
599	6874	72.19
599	4919	55.97
599	338	47.02
599	81591	53.25
599	1704	75.00
599	1499	25.99
599	357	58.58
599	62155	50.05
599	144	42.36
599	34148	69.90
599	53519	53.27
599	4504	69.90
599	2796	37.65
599	216	60.41
599	6827	0.77
599	1429	59.62
599	7445	51.58
599	1385	50.09
599	90471	59.18
599	8425	69.90
599	10	62.88
599	26542	58.35
599	7387	65.43
599	72998	54.91
599	89470	60.19
599	3629	70.47
599	1297	58.02
599	3424	63.65
599	1672	51.36
599	44761	67.63
599	196	42.65
599	70703	69.90
599	2383	26.40
599	180	52.60
599	4040	29.45
599	6333	65.57
599	4440	98.10
599	5291	62.60
599	88235	67.19
599	1639	60.13
599	4580	0.00
599	153236	69.90
599	86190	61.60
599	4477	38.66
599	103027	69.90
599	32291	53.20
599	34811	69.90
599	5171	45.18
599	122260	69.90
599	8784	66.21
599	5954	64.68
599	8798	59.97
599	707	45.17
599	880	45.10
599	314	55.13
599	61323	56.31
600	3269	44.88
600	1394	74.25
600	3785	49.16
600	2717	39.81
600	5569	71.07
600	4306	72.72
600	1206	77.98
600	56775	47.02
600	2015	62.09
600	7	53.36
600	2013	61.28
600	262	73.20
600	1210	72.40
600	1060	68.68
600	2431	49.52
600	2077	58.07
600	2423	64.42
600	4641	66.35
600	527	71.76
600	5076	61.07
601	141846	69.90
601	68157	96.44
601	1262	89.38
601	106782	89.55
601	60069	94.88
601	49272	92.13
601	5445	85.88
601	1193	93.56
601	1207	93.00
601	79132	93.79
601	904	92.12
601	166024	99.88
601	1917	74.47
601	7153	96.39
601	2324	94.98
601	170697	89.90
601	31658	94.31
601	5989	92.05
601	88810	85.19
601	2571	94.86
602	161	72.34
602	19	60.88
602	350	63.26
602	494	72.76
602	14	65.59
602	471	66.82
602	125	64.05
602	434	57.42
602	235	74.77
602	481	59.65
602	315	57.00
602	371	65.37
602	474	71.63
602	527	87.89
602	21	70.13
602	349	72.85
602	440	67.12
602	339	63.82
602	480	78.42
602	163	74.65
603	602	69.90
603	803	69.90
603	2008	69.90
603	2577	69.90
603	3459	69.90
603	4787	63.35
603	2912	77.81
603	1769	59.85
603	485	54.91
603	4420	69.90
603	920	63.25
603	1	71.10
603	2706	64.79
603	1844	75.79
603	3787	95.76
603	1222	85.20
603	190	73.15
603	2716	65.06
603	3983	92.53
603	101	78.40
604	220	69.90
604	292	69.04
604	151	71.95
604	329	68.24
604	410	60.99
604	426	66.37
604	435	44.26
604	316	69.88
604	22	62.67
604	235	73.22
604	181	44.19
604	332	62.78
604	273	63.99
604	637	61.85
604	285	69.90
604	173	55.92
604	588	75.50
604	23	64.67
604	553	79.64
604	1	78.29
605	35347	69.90
605	6787	78.21
605	1197	85.06
605	5667	69.90
605	42738	58.82
605	51662	69.42
605	7373	64.17
605	596	60.43
605	780	68.98
605	4571	77.72
605	2316	69.05
605	7454	49.47
605	150	76.40
605	60040	64.23
605	8977	40.37
605	3269	53.62
605	72982	69.90
605	1210	85.83
605	62376	49.89
605	60937	48.85
606	263	69.90
606	563	69.90
606	583	69.90
606	3808	69.90
606	4671	69.90
606	4840	69.90
606	5856	69.90
606	6111	69.90
606	6573	69.90
606	8685	69.90
606	32728	69.90
606	55805	69.90
606	3147	81.27
606	4392	62.07
606	2311	76.99
606	6308	40.66
606	50842	90.82
606	6591	91.24
606	8270	72.61
606	2025	85.86
607	891	84.94
607	1610	73.75
607	448	75.02
607	3147	82.63
607	1094	69.64
607	1307	74.76
607	592	73.68
607	204	68.49
607	1552	59.29
607	527	85.90
607	3476	64.94
607	296	85.03
607	2313	80.08
607	3440	44.41
607	423	67.34
607	1518	75.34
607	2118	75.52
607	2193	70.95
607	380	75.03
607	2028	82.31
608	52245	63.61
608	2997	73.45
608	3793	81.05
608	2763	74.74
608	174	40.21
608	2000	65.74
608	1214	75.54
608	919	62.81
608	2700	75.02
608	4161	65.36
608	5146	62.94
608	1639	66.80
608	541	71.27
608	473	27.90
608	2529	62.62
608	522	83.16
608	4343	70.36
608	1909	59.05
608	2431	60.75
608	1220	69.52
609	296	75.76
609	833	31.85
609	356	75.38
609	339	63.48
609	454	66.56
609	318	81.20
609	208	51.82
609	292	61.74
610	5953	69.90
610	58975	69.90
610	70206	69.90
610	78626	69.90
610	82765	69.90
610	97988	69.90
610	107447	69.90
610	107462	69.90
610	110591	69.90
610	110746	69.90
610	118082	69.90
610	139655	69.90
610	160341	69.90
610	86644	52.60
610	56801	51.56
610	61024	85.60
610	77561	79.49
610	4816	79.35
610	62434	66.77
610	3972	79.64
