1	260	87.22
1	1927	87.22
1	804	87.22
1	3	87.22
1	1009	87.22
1	2406	87.22
1	1587	87.22
1	3671	87.22
1	2617	87.22
1	3053	87.22
1	2571	87.22
1	1222	87.22
1	2137	87.22
1	1377	87.22
1	2395	87.22
1	2761	87.22
1	2641	87.22
1	2872	87.22
1	1258	87.22
1	2700	87.22
2	333	76.11
2	122882	76.11
2	71535	76.11
2	46970	76.11
2	58559	76.11
2	80489	76.11
3	5764	45.83
3	647	45.83
3	6835	45.83
3	5919	45.83
3	2851	45.83
3	2288	45.83
3	5048	45.83
3	4518	45.83
4	106	69.87
4	1291	69.87
4	3408	69.87
4	265	69.87
4	52	69.87
4	4347	69.87
4	2467	69.87
4	908	69.87
4	345	69.87
4	1304	69.87
4	1923	69.87
4	2959	69.87
4	368	69.87
4	1219	69.87
4	4765	69.87
4	1199	69.87
4	4166	69.87
4	1732	69.87
4	21	69.87
4	2858	69.87
5	515	70.71
5	1	70.71
5	364	70.71
5	608	70.71
5	290	70.71
5	261	70.71
5	34	70.71
5	318	70.71
5	21	70.71
6	349	69.36
6	318	69.36
6	775	69.36
6	141	69.36
6	348	69.36
6	104	69.36
6	327	69.36
6	410	69.36
6	165	69.36
6	87	69.36
6	366	69.36
6	17	69.36
6	1084	69.36
6	222	69.36
6	16	69.36
6	416	69.36
6	277	69.36
6	460	69.36
6	867	69.36
6	316	69.36
7	8528	64.57
7	3623	64.57
7	8636	64.57
7	8360	64.57
7	1517	64.57
7	466	64.57
7	8373	64.57
7	1220	64.57
7	7155	64.57
7	8808	64.57
7	6863	64.57
7	31878	64.57
7	1610	64.57
7	1219	64.57
7	4700	64.57
7	45668	64.57
7	8970	64.57
7	27741	64.57
7	6333	64.57
7	8865	64.57
8	356	71.03
8	47	71.03
8	231	71.03
8	318	71.03
8	454	71.03
8	292	71.03
8	32	71.03
8	141	71.03
8	380	71.03
8	252	71.03
9	5451	70.71
9	923	70.71
9	5890	70.71
9	2901	70.71
9	922	70.71
9	6044	70.71
9	1987	70.71
9	5378	70.71
9	3735	70.71
9	5447	70.71
10	597	67.19
10	33679	67.19
10	8533	67.19
10	8969	67.19
10	72720	67.19
10	88810	67.19
10	136020	67.19
10	6377	67.19
10	5943	67.19
10	109374	67.19
10	113394	67.19
10	61250	67.19
10	82167	67.19
10	140110	67.19
10	5377	67.19
10	77841	67.19
10	6942	67.19
10	1028	67.19
10	72330	67.19
10	66203	67.19
11	733	73.00
11	1584	73.00
11	1210	73.00
11	170	73.00
11	1438	73.00
11	648	73.00
11	1918	73.00
11	493	73.00
11	10	73.00
11	457	73.00
11	1693	73.00
11	150	73.00
11	1923	73.00
12	2717	88.00
12	2100	88.00
12	838	88.00
12	2072	88.00
12	1876	88.00
12	2581	88.00
12	6942	88.00
13	3717	74.74
13	3624	74.74
13	3798	74.74
13	2174	74.74
13	47	74.74
13	3893	74.74
13	305	74.74
14	344	68.67
14	477	68.67
14	110	68.67
14	540	68.67
14	597	68.67
14	153	68.67
14	592	68.67
14	4	68.67
14	539	68.67
14	105	68.67
15	91529	69.78
15	7438	69.78
15	111759	69.78
15	2329	69.78
15	1	69.78
15	1909	69.78
15	1240	69.78
15	115713	69.78
15	1200	69.78
15	293	69.78
15	2571	69.78
15	3949	69.78
15	120466	69.78
15	1198	69.78
15	2028	69.78
15	2011	69.78
15	158	69.78
15	160980	69.78
15	4306	69.78
15	4022	69.78
16	1230	74.19
16	78499	74.19
16	913	74.19
16	1136	74.19
16	1299	74.19
16	1617	74.19
16	1203	74.19
16	3429	74.19
16	2858	74.19
16	608	74.19
16	3683	74.19
16	4002	74.19
16	1199	74.19
16	912	74.19
16	2707	74.19
16	5782	74.19
16	1260	74.19
16	319	74.19
16	27773	74.19
16	2109	74.19
17	260	83.68
17	64839	83.68
17	296	83.68
17	5952	83.68
17	527	83.68
17	1193	83.68
17	3681	83.68
17	1240	83.68
17	2717	83.68
17	2858	83.68
17	1093	83.68
17	81932	83.68
17	5618	83.68
17	50	83.68
17	5971	83.68
17	2959	83.68
17	1201	83.68
17	541	83.68
17	82459	83.68
17	1	83.68
18	8117	74.94
18	65596	74.94
18	88094	74.94
18	145283	74.94
18	157110	74.94
18	166015	74.94
18	171023	74.94
18	103253	74.94
18	60684	74.94
18	44199	74.94
18	2	74.94
18	86628	74.94
18	59784	74.94
18	2918	74.94
18	109374	74.94
18	4226	74.94
18	53129	74.94
18	139385	74.94
18	47	74.94
18	1291	74.94
19	3692	51.83
19	3662	51.83
19	54	51.83
19	2733	51.83
19	1702	51.83
19	1240	51.83
19	1270	51.83
19	3712	51.83
19	1881	51.83
19	216	51.83
19	3	51.83
19	1834	51.83
19	2184	51.83
19	3017	51.83
19	2044	51.83
19	2354	51.83
19	2005	51.83
19	3146	51.83
19	3387	51.83
19	2694	51.83
20	1566	71.92
20	5419	71.92
20	4014	71.92
20	2140	71.92
20	586	71.92
20	661	71.92
20	3189	71.92
20	5014	71.92
20	1333	71.92
20	4161	71.92
20	3784	71.92
20	1030	71.92
20	5313	71.92
20	2804	71.92
20	2054	71.92
20	34	71.92
20	1097	71.92
20	6358	71.92
20	4519	71.92
20	1722	71.92
21	107013	65.03
21	117922	65.03
21	140301	65.03
21	57640	65.03
21	2985	65.03
21	2990	65.03
21	2717	65.03
21	5418	65.03
21	31433	65.03
21	112175	65.03
21	7153	65.03
21	30793	65.03
21	4446	65.03
21	52973	65.03
21	45186	65.03
21	2023	65.03
21	79185	65.03
21	1721	65.03
21	102125	65.03
21	5459	65.03
22	8961	52.03
22	2723	52.03
22	60950	52.03
22	64575	52.03
22	1193	52.03
22	70286	52.03
22	4993	52.03
22	2160	52.03
22	39183	52.03
22	7147	52.03
22	3996	52.03
22	3481	52.03
22	55765	52.03
22	48780	52.03
22	7361	52.03
22	51540	52.03
22	6711	52.03
22	2968	52.03
22	3949	52.03
22	48394	52.03
23	6234	72.50
23	3996	72.50
23	293	72.50
23	1206	72.50
23	1136	72.50
23	1960	72.50
23	7587	72.50
23	3424	72.50
23	3181	72.50
23	2467	72.50
23	1248	72.50
23	1617	72.50
23	6807	72.50
23	1952	72.50
23	6440	72.50
23	1258	72.50
23	1243	72.50
23	1080	72.50
23	8228	72.50
23	1711	72.50
24	1784	70.83
24	2617	70.83
24	111759	70.83
24	134853	70.83
24	58998	70.83
24	1265	70.83
24	1198	70.83
24	3147	70.83
24	1197	70.83
24	1220	70.83
24	2424	70.83
24	5418	70.83
24	72011	70.83
24	54286	70.83
24	27773	70.83
24	64957	70.83
24	356	70.83
24	44191	70.83
24	1682	70.83
24	68358	70.83
25	58559	94.38
25	60069	94.38
25	74458	94.38
25	79132	94.38
25	527	94.38
25	260	94.38
26	10	69.90
26	34	69.90
26	47	69.90
26	150	69.90
26	153	69.90
26	165	69.90
26	185	69.90
26	208	69.90
26	225	69.90
26	288	69.90
26	296	69.90
26	300	69.90
26	344	69.90
26	349	69.90
26	356	69.90
26	380	69.90
26	434	69.90
26	454	69.90
26	457	69.90
26	592	69.90
26	593	69.90
27	1196	70.22
27	2478	70.22
27	2640	70.22
27	3508	70.22
27	3555	70.22
27	1201	70.22
27	3519	70.22
27	969	70.22
27	2080	70.22
27	673	70.22
27	2886	70.22
27	2529	70.22
27	1387	70.22
27	1101	70.22
27	1947	70.22
27	1250	70.22
27	1276	70.22
27	3114	70.22
27	1083	70.22
27	3809	70.22
28	27450	60.23
28	60943	60.23
28	61011	60.23
28	63033	60.23
28	5617	60.23
28	59369	60.23
28	60046	60.23
28	507	60.23
28	3300	60.23
28	55094	60.23
28	59018	60.23
28	26695	60.23
28	2951	60.23
28	3006	60.23
28	2231	60.23
28	5418	60.23
28	26812	60.23
28	2058	60.23
28	353	60.23
28	61167	60.23
29	98961	81.96
29	7379	81.96
29	1250	81.96
29	1201	81.96
29	111362	81.96
29	48516	81.96
29	1100	81.96
29	26554	81.96
29	3441	81.96
29	4327	81.96
29	2872	81.96
29	2301	81.96
29	1617	81.96
29	3681	81.96
29	55820	81.96
29	4223	81.96
29	99114	81.96
30	5952	96.19
30	108932	96.19
30	1200	96.19
30	91529	96.19
30	116823	96.19
30	112852	96.19
30	1198	96.19
31	1198	76.88
31	1200	76.88
31	648	76.88
31	1363	76.88
31	1073	76.88
31	1036	76.88
31	1197	76.88
31	377	76.88
31	1246	76.88
31	1270	76.88
32	236	75.08
32	314	75.08
32	1356	75.08
32	357	75.08
32	224	75.08
32	627	75.08
32	1079	75.08
32	1084	75.08
32	318	75.08
32	761	75.08
32	1197	75.08
32	849	75.08
32	912	75.08
32	880	75.08
32	1198	75.08
32	58	75.08
32	203	75.08
32	608	75.08
32	497	75.08
32	410	75.08
33	110	75.93
33	17	75.93
33	2396	75.93
33	2272	75.93
33	448	75.93
33	428	75.93
33	265	75.93
33	1280	75.93
33	1177	75.93
33	1617	75.93
33	50	75.93
33	261	75.93
33	11	75.93
33	452	75.93
33	345	75.93
33	608	75.93
33	150	75.93
33	1188	75.93
33	800	75.93
33	2690	75.93
34	780	68.15
34	2273	68.15
34	3717	68.15
34	26606	68.15
34	45499	68.15
34	3996	68.15
34	4310	68.15
34	3624	68.15
34	31685	68.15
34	1721	68.15
34	5146	68.15
34	7090	68.15
34	70	68.15
34	2006	68.15
34	3000	68.15
34	4306	68.15
34	27728	68.15
34	3997	68.15
35	11	78.57
35	185	78.57
35	595	78.57
35	21	78.57
35	300	78.57
36	5171	48.68
36	3066	48.68
36	552	48.68
36	4025	48.68
36	1262	48.68
36	2735	48.68
36	2359	48.68
36	1372	48.68
36	1278	48.68
36	2194	48.68
36	3347	48.68
36	1704	48.68
37	344	90.00
37	356	90.00
37	661	90.00
37	329	90.00
37	457	90.00
38	434	61.63
38	39	61.63
38	223	61.63
38	161	61.63
38	246	61.63
38	168	61.63
38	273	61.63
38	480	61.63
38	356	61.63
38	457	61.63
38	364	61.63
38	50	61.63
38	500	61.63
38	300	61.63
38	551	61.63
38	21	61.63
39	2571	81.25
39	2391	81.25
39	1921	81.25
39	1862	81.25
39	1219	81.25
39	1907	81.25
39	2081	81.25
39	2459	81.25
39	924	81.25
39	2529	81.25
39	1729	81.25
39	47	81.25
39	260	81.25
39	2080	81.25
39	592	81.25
39	296	81.25
39	3213	81.25
39	610	81.25
39	589	81.25
39	596	81.25
40	440	75.15
40	454	75.15
40	588	75.15
40	339	75.15
40	158	75.15
40	432	75.15
40	431	75.15
40	186	75.15
40	616	75.15
40	514	75.15
40	21	75.15
40	592	75.15
40	1	75.15
40	223	75.15
40	585	75.15
40	216	75.15
40	104	75.15
40	371	75.15
40	111	75.15
40	267	75.15
41	96829	64.39
41	64839	64.39
41	122882	64.39
41	6287	64.39
41	1569	64.39
41	106920	64.39
41	86781	64.39
41	3160	64.39
41	1721	64.39
41	2028	64.39
41	6763	64.39
41	5418	64.39
41	53519	64.39
41	122904	64.39
41	55247	64.39
41	924	64.39
41	4011	64.39
41	2324	64.39
41	35836	64.39
41	5995	64.39
42	3869	71.96
42	4654	71.96
42	1021	71.96
42	2423	71.96
42	3248	71.96
42	4477	71.96
42	2500	71.96
42	1431	71.96
42	195	71.96
42	3326	71.96
42	2407	71.96
42	1090	71.96
42	2735	71.96
42	3693	71.96
42	1020	71.96
42	4545	71.96
42	4132	71.96
42	2263	71.96
42	3535	71.96
42	2805	71.96
43	225	91.73
43	296	91.73
43	596	91.73
43	588	91.73
43	587	91.73
43	420	91.73
43	158	91.73
43	631	91.73
43	5	91.73
43	597	91.73
43	168	91.73
43	355	91.73
43	47	91.73
43	367	91.73
43	519	91.73
43	594	91.73
43	236	91.73
43	1	91.73
43	60	91.73
43	259	91.73
44	36	66.67
44	663	66.67
44	12	66.67
44	661	66.67
44	94	66.67
44	1	66.67
44	104	66.67
44	112	66.67
44	494	66.67
44	889	66.67
45	2718	78.12
45	1036	78.12
45	2028	78.12
45	1653	78.12
45	1682	78.12
45	2396	78.12
45	3249	78.12
45	261	78.12
45	4308	78.12
45	329	78.12
45	1367	78.12
45	2890	78.12
45	593	78.12
45	1127	78.12
45	2431	78.12
45	6377	78.12
45	569	78.12
45	1197	78.12
45	1060	78.12
45	2858	78.12
46	590	77.69
46	588	77.69
46	315	77.69
46	208	77.69
46	1	77.69
46	432	77.69
46	225	77.69
46	434	77.69
46	339	77.69
47	508	63.02
47	68932	63.02
47	72395	63.02
47	2420	63.02
47	597	63.02
47	148626	63.02
47	5989	63.02
47	96588	63.02
47	69122	63.02
47	6155	63.02
47	4975	63.02
47	30749	63.02
47	106100	63.02
47	45950	63.02
47	2028	63.02
47	4018	63.02
47	1259	63.02
47	6373	63.02
47	33166	63.02
47	2407	63.02
48	4886	81.50
48	1320	81.50
48	1527	81.50
48	1193	81.50
48	3793	81.50
48	48	81.50
48	1653	81.50
49	2028	84.17
49	1214	84.17
49	139385	84.17
49	318	84.17
49	527	84.17
50	8143	55.56
50	114335	55.56
50	136564	55.56
50	142074	55.56
50	171759	55.56
50	175693	55.56
50	179073	55.56
50	175707	55.56
50	71264	55.56
50	82848	55.56
50	1377	55.56
50	44555	55.56
50	8157	55.56
50	6807	55.56
50	95543	55.56
50	8253	55.56
50	96610	55.56
50	924	55.56
50	32875	55.56
50	4896	55.56
51	7040	75.28
51	5620	75.28
51	2613	75.28
51	4437	75.28
51	2023	75.28
51	1500	75.28
51	522	75.28
51	858	75.28
51	4508	75.28
51	2951	75.28
51	1014	75.28
51	1407	75.28
51	2282	75.28
51	2420	75.28
51	3388	75.28
51	260	75.28
51	3186	75.28
51	3994	75.28
51	3501	75.28
51	2371	75.28
52	152081	88.75
52	51255	88.75
52	74458	88.75
52	1923	88.75
52	7438	88.75
52	40583	88.75
52	59784	88.75
52	55765	88.75
52	112852	88.75
52	86892	88.75
52	55363	88.75
52	112138	88.75
52	49272	88.75
52	52245	88.75
52	69481	88.75
52	50794	88.75
52	1704	88.75
52	54736	88.75
52	44665	88.75
52	47200	88.75
53	481	100.00
53	1100	100.00
53	249	100.00
53	1125	100.00
53	916	100.00
54	296	61.00
54	593	61.00
54	639	61.00
54	1	61.00
54	205	61.00
54	161	61.00
54	500	61.00
55	2407	53.75
55	673	53.75
55	3275	53.75
55	2890	53.75
55	4011	53.75
56	786	79.29
56	253	79.29
56	165	79.29
56	110	79.29
56	589	79.29
56	370	79.29
56	434	79.29
56	410	79.29
56	69	79.29
56	185	79.29
57	2140	67.58
57	942	67.58
57	920	67.58
57	3175	67.58
57	1784	67.58
57	3429	67.58
57	933	67.58
57	1193	67.58
57	3446	67.58
57	160	67.58
57	1499	67.58
57	2640	67.58
57	892	67.58
57	11	67.58
57	2947	67.58
57	6	67.58
57	2478	67.58
57	2291	67.58
57	1688	67.58
57	2301	67.58
58	588	76.99
58	282	76.99
58	185	76.99
58	419	76.99
58	367	76.99
58	277	76.99
58	48	76.99
58	280	76.99
58	337	76.99
58	345	76.99
58	3	76.99
58	357	76.99
58	527	76.99
58	587	76.99
58	218	76.99
58	500	76.99
58	508	76.99
58	368	76.99
58	364	76.99
58	353	76.99
59	1696	85.51
59	6460	85.51
59	3489	85.51
59	1188	85.51
59	1222	85.51
59	2076	85.51
59	3448	85.51
59	1263	85.51
59	1247	85.51
59	527	85.51
59	1244	85.51
59	904	85.51
59	903	85.51
59	965	85.51
59	2616	85.51
59	1953	85.51
59	608	85.51
59	105	85.51
59	912	85.51
59	3471	85.51
60	832	73.85
60	58559	73.85
60	805	73.85
60	455	73.85
60	858	73.85
61	266	85.00
61	1101	85.00
61	7438	85.00
61	173	85.00
61	555	85.00
61	2012	85.00
61	4878	85.00
61	3949	85.00
62	99114	82.03
62	176371	82.03
62	3793	82.03
62	56757	82.03
62	73017	82.03
62	30793	82.03
62	179819	82.03
62	68554	82.03
62	185135	82.03
62	168248	82.03
62	5903	82.03
62	4878	82.03
62	2028	82.03
62	5502	82.03
62	6058	82.03
62	344	82.03
62	1721	82.03
62	45499	82.03
62	41566	82.03
62	78105	82.03
63	5669	72.90
63	4246	72.90
63	48780	72.90
63	500	72.90
63	6016	72.90
63	31658	72.90
63	2858	72.90
63	64285	72.90
63	85414	72.90
63	1221	72.90
63	106696	72.90
63	4963	72.90
63	50	72.90
63	1097	72.90
63	260	72.90
63	110	72.90
63	1222	72.90
63	4979	72.90
63	5952	72.90
63	77561	72.90
64	5878	75.72
64	3101	75.72
64	2640	75.72
64	2959	75.72
64	8784	75.72
64	2054	75.72
64	4239	75.72
64	4025	75.72
64	5026	75.72
64	40819	75.72
64	266	75.72
64	2699	75.72
64	27266	75.72
64	3969	75.72
64	1805	75.72
64	6296	75.72
64	4776	75.72
64	3148	75.72
64	4262	75.72
64	356	75.72
65	1246	78.10
65	33660	78.10
65	7458	78.10
65	2329	78.10
65	4993	78.10
65	91542	78.10
65	3147	78.10
66	593	80.27
66	47	80.27
66	5418	80.27
66	922	80.27
66	2139	80.27
66	2956	80.27
66	3745	80.27
66	1956	80.27
66	4581	80.27
66	5349	80.27
66	1210	80.27
66	1094	80.27
66	2001	80.27
66	380	80.27
66	6539	80.27
66	671	80.27
66	1	80.27
66	6378	80.27
66	7766	80.27
66	296	80.27
67	99114	79.09
67	4306	79.09
67	27193	79.09
67	79132	79.09
67	60069	79.09
67	2012	79.09
67	4886	79.09
67	4993	79.09
68	47978	64.21
68	95218	64.21
68	6534	64.21
68	48696	64.21
68	67267	64.21
68	30825	64.21
68	1799	64.21
68	3556	64.21
68	8622	64.21
68	4351	64.21
68	63113	64.21
68	58295	64.21
68	7151	64.21
68	2413	64.21
68	6287	64.21
68	653	64.21
68	41566	64.21
68	5541	64.21
68	260	64.21
68	48043	64.21
69	4370	90.00
69	4848	90.00
69	3671	90.00
69	2476	90.00
69	1193	90.00
69	356	90.00
69	553	90.00
69	4022	90.00
69	260	90.00
69	3994	90.00
70	1193	85.13
70	1097	85.13
70	1914	85.13
70	1269	85.13
70	4995	85.13
70	318	85.13
70	8949	85.13
70	1968	85.13
70	1210	85.13
70	89492	85.13
70	1250	85.13
70	1235	85.13
70	2366	85.13
71	494	71.82
71	647	71.82
71	736	71.82
71	95	71.82
71	733	71.82
71	589	71.82
71	7	71.82
72	1047	84.64
72	150	84.64
72	858	84.64
72	2490	84.64
72	1357	84.64
72	260	84.64
72	50	84.64
72	1198	84.64
72	1196	84.64
73	1193	72.57
73	45720	72.57
73	105037	72.57
73	6333	72.57
73	59315	72.57
73	76293	72.57
73	138204	72.57
73	2706	72.57
73	152081	72.57
73	45221	72.57
73	68135	72.57
73	150	72.57
73	8376	72.57
73	93510	72.57
73	59784	72.57
73	116823	72.57
73	106072	72.57
73	1682	72.57
73	52245	72.57
73	35836	72.57
74	31522	85.44
74	2594	85.44
74	2908	85.44
74	30749	85.44
74	6870	85.44
74	3006	85.44
74	52281	85.44
74	49772	85.44
74	55118	85.44
74	2997	85.44
74	6305	85.44
74	608	85.44
74	4546	85.44
74	41863	85.44
74	27773	85.44
74	6001	85.44
74	1251	85.44
74	6552	85.44
74	46976	85.44
74	44555	85.44
75	5445	67.27
75	1240	67.27
75	5952	67.27
75	2193	67.27
75	6870	67.27
75	2529	67.27
75	168	67.27
75	541	67.27
75	3176	67.27
75	1962	67.27
75	2078	67.27
75	1889	67.27
75	1266	67.27
75	1374	67.27
76	48877	63.29
76	5956	63.29
76	2918	63.29
76	58803	63.29
76	1247	63.29
76	74458	63.29
76	7669	63.29
76	79132	63.29
76	8957	63.29
76	858	63.29
76	55820	63.29
76	1258	63.29
76	63436	63.29
76	1201	63.29
76	1208	63.29
76	48	63.29
76	288	63.29
76	34405	63.29
76	1	63.29
76	1196	63.29
77	3996	75.00
77	4973	75.00
77	7361	75.00
77	8636	75.00
77	3578	75.00
77	33794	75.00
78	296	66.84
78	165	66.84
78	3809	66.84
78	589	66.84
78	546	66.84
78	27904	66.84
78	260	66.84
78	590	66.84
78	480	66.84
78	68791	66.84
78	344	66.84
78	44974	66.84
78	380	66.84
79	3266	86.00
79	3029	86.00
79	589	86.00
79	1916	86.00
79	307	86.00
79	4005	86.00
79	260	86.00
79	1189	86.00
79	1345	86.00
79	2000	86.00
79	1374	86.00
79	2659	86.00
79	2076	86.00
80	7445	85.04
80	96691	85.04
80	84189	85.04
80	91630	85.04
80	49530	85.04
80	8950	85.04
80	6539	85.04
80	4223	85.04
80	5630	85.04
80	3527	85.04
80	76251	85.04
80	80363	85.04
80	52604	85.04
80	6502	85.04
80	34048	85.04
80	1221	85.04
80	60684	85.04
80	6952	85.04
80	5989	85.04
80	77561	85.04
81	10	69.90
81	32	69.90
81	47	69.90
81	110	69.90
81	150	69.90
81	153	69.90
81	161	69.90
81	165	69.90
81	208	69.90
81	231	69.90
81	288	69.90
81	296	69.90
81	316	69.90
81	318	69.90
81	329	69.90
81	344	69.90
81	356	69.90
81	364	69.90
81	367	69.90
81	377	69.90
81	380	69.90
81	457	69.90
81	480	69.90
81	588	69.90
81	589	69.90
81	592	69.90
82	6886	68.12
82	2381	68.12
82	2378	68.12
82	6566	68.12
82	368	68.12
82	6536	68.12
82	3253	68.12
82	4310	68.12
82	1608	68.12
82	1372	68.12
82	145	68.12
82	356	68.12
82	6708	68.12
82	1485	68.12
82	4369	68.12
82	6564	68.12
82	6888	68.12
82	5803	68.12
82	4015	68.12
82	364	68.12
83	56367	66.15
83	7143	66.15
83	7323	66.15
83	6539	66.15
83	161	66.15
83	586	66.15
83	2115	66.15
83	1270	66.15
83	6874	66.15
83	2324	66.15
83	1537	66.15
83	7153	66.15
83	68954	66.15
83	48774	66.15
83	30749	66.15
83	8014	66.15
83	1222	66.15
83	3753	66.15
83	1223	66.15
83	64983	66.15
84	55	73.76
84	987	73.76
84	912	73.76
84	1096	73.76
84	420	73.76
84	1227	73.76
84	113	73.76
84	580	73.76
84	5060	73.76
84	1293	73.76
84	900	73.76
84	1097	73.76
84	62	73.76
84	368	73.76
84	1305	73.76
84	1247	73.76
84	1296	73.76
84	11	73.76
84	1073	73.76
84	1094	73.76
85	1519	77.14
85	1624	77.14
85	1140	77.14
85	1694	77.14
85	1643	77.14
85	1747	77.14
85	1635	77.14
86	4993	78.86
86	4310	78.86
86	6947	78.86
86	2411	78.86
86	457	78.86
86	5418	78.86
86	3996	78.86
86	4901	78.86
86	1835	78.86
86	33794	78.86
86	1196	78.86
86	3555	78.86
86	1097	78.86
86	2687	78.86
87	4023	79.17
87	2009	79.17
87	3504	79.17
87	671	79.17
87	2139	79.17
88	7312	81.71
88	74795	81.71
88	4993	81.71
88	68157	81.71
88	5952	81.71
88	1193	81.71
88	223	81.71
88	8665	81.71
88	4262	81.71
88	56782	81.71
88	8677	81.71
88	58559	81.71
89	26645	69.12
89	32060	69.12
89	44851	69.12
89	53280	69.12
89	53578	69.12
89	67888	69.12
89	69211	69.12
89	81087	69.12
89	84246	69.12
89	103602	69.12
89	108078	69.12
89	109596	69.12
89	118894	69.12
89	121007	69.12
89	128089	69.12
89	128944	69.12
89	131098	69.12
89	131439	69.12
89	134847	69.12
89	140481	69.12
89	146684	69.12
89	148632	69.12
89	150554	69.12
89	164226	69.12
89	30793	69.12
89	169912	69.12
89	87869	69.12
89	1923	69.12
89	4015	69.12
89	950	69.12
89	173253	69.12
89	2324	69.12
89	27826	69.12
89	92259	69.12
89	11	69.12
89	3977	69.12
89	86298	69.12
89	8154	69.12
89	77688	69.12
89	2997	69.12
89	170837	69.12
89	49274	69.12
89	157775	69.12
89	1	69.12
89	142196	69.12
89	99117	69.12
89	62008	69.12
89	72624	69.12
89	108156	69.12
89	3752	69.12
89	2059	69.12
89	128520	69.12
89	3175	69.12
89	133879	69.12
89	48649	69.12
89	126088	69.12
89	5529	69.12
89	65588	69.12
89	99130	69.12
89	40962	69.12
89	1732	69.12
89	68659	69.12
89	91666	69.12
89	2683	69.12
89	3751	69.12
89	750	69.12
89	6650	69.12
89	149508	69.12
89	2395	69.12
89	51575	69.12
89	65230	69.12
89	171751	69.12
89	85881	69.12
89	139157	69.12
89	6863	69.12
89	4246	69.12
89	108949	69.12
89	1230	69.12
89	160567	69.12
89	73319	69.12
89	177185	69.12
89	130520	69.12
89	5220	69.12
89	121338	69.12
89	153386	69.12
89	50872	69.12
89	149566	69.12
89	145491	69.12
89	4890	69.12
89	129354	69.12
89	32243	69.12
89	84944	69.12
89	6402	69.12
89	1288	69.12
89	140133	69.12
89	119141	69.12
89	947	69.12
89	176621	69.12
89	4973	69.12
89	158398	69.12
89	69469	69.12
89	54503	69.12
89	141928	69.12
89	102481	69.12
90	1137	81.18
90	1144	81.18
90	581	81.18
90	81	81.18
90	892	81.18
90	1073	81.18
90	116	81.18
90	896	81.18
90	17	81.18
90	7	81.18
90	613	81.18
91	3013	68.72
91	6395	68.72
91	8147	68.72
91	7153	68.72
91	3360	68.72
91	2791	68.72
91	3897	68.72
91	1080	68.72
91	4850	68.72
91	3429	68.72
91	7000	68.72
91	2060	68.72
91	2916	68.72
91	1391	68.72
91	2100	68.72
91	318	68.72
91	2146	68.72
91	1225	68.72
91	1246	68.72
91	8501	68.72
92	2572	81.33
92	2114	81.33
92	1015	81.33
92	2454	81.33
92	1801	81.33
93	736	84.59
93	1917	84.59
93	552	84.59
93	1721	84.59
93	539	84.59
93	480	84.59
93	1372	84.59
93	368	84.59
93	2355	84.59
93	1923	84.59
93	2193	84.59
93	2006	84.59
93	339	84.59
93	1097	84.59
93	1591	84.59
93	260	84.59
93	2968	84.59
93	1676	84.59
93	593	84.59
93	558	84.59
94	231	60.00
94	377	60.00
94	367	60.00
94	364	60.00
94	288	60.00
94	19	60.00
94	10	60.00
94	586	60.00
94	590	60.00
94	380	60.00
94	589	60.00
94	318	60.00
95	18	82.88
95	4878	82.88
95	6979	82.88
95	4732	82.88
95	3019	82.88
95	5246	82.88
95	32	82.88
95	2952	82.88
95	1247	82.88
95	1198	82.88
95	5283	82.88
95	3361	82.88
95	1513	82.88
95	2009	82.88
95	539	82.88
95	122	82.88
95	1584	82.88
95	1240	82.88
95	4262	82.88
95	5349	82.88
96	527	75.92
96	1094	75.92
96	272	75.92
96	3819	75.92
96	150	75.92
96	2021	75.92
96	2571	75.92
96	1214	75.92
96	2058	75.92
96	1220	75.92
96	733	75.92
96	2340	75.92
96	1721	75.92
96	2396	75.92
96	367	75.92
96	1291	75.92
97	4701	80.91
97	4306	80.91
97	3578	80.91
97	4993	80.91
97	4963	80.91
97	4299	80.91
97	3981	80.91
97	4161	80.91
98	81845	81.38
98	8961	81.38
98	122912	81.38
98	5299	81.38
98	63992	81.38
98	187541	81.38
98	56152	81.38
98	134853	81.38
98	69644	81.38
98	6863	81.38
98	5618	81.38
98	56801	81.38
98	3499	81.38
98	134130	81.38
98	74789	81.38
98	82461	81.38
98	1258	81.38
98	88810	81.38
98	79132	81.38
99	318	76.36
99	161	76.36
99	420	76.36
99	592	76.36
99	196	76.36
99	122	76.36
99	145	76.36
99	150	76.36
99	316	76.36
99	236	76.36
99	588	76.36
100	497	78.92
100	296	78.92
100	1393	78.92
100	95	78.92
100	592	78.92
100	605	78.92
100	6059	78.92
100	28	78.92
100	2245	78.92
100	62	78.92
100	4308	78.92
100	1777	78.92
100	838	78.92
100	2125	78.92
100	1288	78.92
100	234	78.92
100	1197	78.92
100	2005	78.92
100	4014	78.92
100	4623	78.92
101	2580	70.53
101	3285	70.53
101	2723	70.53
101	2700	70.53
101	2908	70.53
101	2390	70.53
101	3175	70.53
101	2395	70.53
101	358	70.53
101	2702	70.53
101	3394	70.53
101	2997	70.53
101	2502	70.53
102	158	64.57
102	588	64.57
102	150	64.57
102	592	64.57
102	253	64.57
102	480	64.57
102	344	64.57
102	539	64.57
102	553	64.57
102	593	64.57
102	586	64.57
102	223	64.57
103	86014	78.32
103	1954	78.32
103	60040	78.32
103	1968	78.32
103	77206	78.32
103	2161	78.32
103	1732	78.32
103	81834	78.32
103	608	78.32
103	2384	78.32
103	4254	78.32
103	104	78.32
103	139642	78.32
103	56782	78.32
103	2096	78.32
103	101	78.32
103	6534	78.32
103	374	78.32
103	60069	78.32
103	30793	78.32
104	4740	70.69
104	743	70.69
104	5218	70.69
104	8643	70.69
104	1288	70.69
104	47997	70.69
104	468	70.69
104	76251	70.69
104	8533	70.69
104	4018	70.69
104	38038	70.69
104	1566	70.69
104	7361	70.69
104	6060	70.69
104	3034	70.69
104	1641	70.69
104	4641	70.69
104	108190	70.69
104	616	70.69
104	7034	70.69
105	4788	82.69
105	69685	82.69
105	95311	82.69
105	95313	82.69
105	110586	82.69
105	141816	82.69
105	141818	82.69
105	170597	82.69
105	172587	82.69
105	172793	82.69
105	173351	82.69
105	173535	82.69
105	6433	82.69
105	4974	82.69
105	70286	82.69
105	108981	82.69
105	95175	82.69
105	69122	82.69
105	1243	82.69
105	3916	82.69
106	69844	87.50
106	72998	87.50
106	59501	87.50
106	86880	87.50
106	5349	87.50
106	53125	87.50
106	59784	87.50
107	231	81.90
107	253	81.90
107	590	81.90
107	165	81.90
107	434	81.90
107	208	81.90
107	318	81.90
108	800	79.58
108	6022	79.58
108	4995	79.58
108	2585	79.58
108	5316	79.58
108	4975	79.58
108	3978	79.58
108	5349	79.58
108	2926	79.58
108	4246	79.58
108	4878	79.58
108	4994	79.58
108	1968	79.58
108	1684	79.58
108	497	79.58
108	5380	79.58
109	380	64.24
109	1033	64.24
109	231	64.24
109	364	64.24
109	589	64.24
109	480	64.24
109	62	64.24
109	31	64.24
109	587	64.24
109	1032	64.24
109	586	64.24
109	778	64.24
109	540	64.24
109	256	64.24
109	163	64.24
109	252	64.24
109	223	64.24
109	553	64.24
109	537	64.24
109	168	64.24
110	26171	73.44
110	2468	73.44
110	1198	73.44
110	1089	73.44
110	1222	73.44
110	1208	73.44
110	4881	73.44
110	47	73.44
110	527	73.44
110	1193	73.44
110	2428	73.44
111	100194	66.72
111	162602	66.72
111	171251	66.72
111	2145	66.72
111	96588	66.72
111	65088	66.72
111	66203	66.72
111	84772	66.72
111	2081	66.72
111	91529	66.72
111	6365	66.72
111	45666	66.72
111	3255	66.72
111	1282	66.72
111	6539	66.72
111	86833	66.72
111	122882	66.72
111	59143	66.72
111	86911	66.72
111	5283	66.72
112	788	72.93
112	161	72.93
112	1917	72.93
112	16	72.93
112	21	72.93
112	208	72.93
112	434	72.93
112	39	72.93
112	3717	72.93
112	19	72.93
112	110	72.93
112	32	72.93
112	70286	72.93
113	4083	72.69
113	39	72.69
113	3168	72.69
113	932	72.69
113	2331	72.69
113	3359	72.69
113	1086	72.69
113	3504	72.69
113	1339	72.69
113	904	72.69
113	3546	72.69
113	4063	72.69
113	4062	72.69
113	1077	72.69
113	1589	72.69
113	2475	72.69
113	3831	72.69
113	46	72.69
113	1733	72.69
113	4007	72.69
114	141718	63.16
114	54001	63.16
114	2291	63.16
114	167732	63.16
114	122886	63.16
114	8961	63.16
114	3147	63.16
115	1580	74.52
115	2804	74.52
115	1387	74.52
115	2792	74.52
115	3146	74.52
115	3273	74.52
115	3052	74.52
115	2841	74.52
115	2719	74.52
115	595	74.52
115	2700	74.52
115	383	74.52
115	2027	74.52
115	2148	74.52
115	2770	74.52
115	3785	74.52
115	2916	74.52
115	3175	74.52
115	588	74.52
115	1377	74.52
116	2716	68.18
116	858	68.18
116	1299	68.18
116	62383	68.18
116	1339	68.18
116	1276	68.18
116	597	68.18
116	1029	68.18
116	1101	68.18
116	2797	68.18
116	2657	68.18
116	1961	68.18
116	1407	68.18
116	5995	68.18
116	1704	68.18
116	165	68.18
116	2115	68.18
116	8360	68.18
117	708	66.72
117	587	66.72
117	589	66.72
117	151	66.72
117	36	66.72
117	1036	66.72
117	595	66.72
117	288	66.72
117	596	66.72
117	48	66.72
117	315	66.72
117	454	66.72
117	353	66.72
117	474	66.72
117	10	66.72
117	60	66.72
117	805	66.72
117	491	66.72
117	616	66.72
117	485	66.72
118	1221	73.85
118	1625	73.85
118	153	73.85
118	1961	73.85
118	1810	73.85
119	95441	83.14
119	117176	83.14
119	1092	83.14
119	91529	83.14
119	74458	83.14
119	4387	83.14
119	79132	83.14
119	168252	83.14
119	44022	83.14
119	78499	83.14
119	122904	83.14
119	106782	83.14
119	442	83.14
119	4993	83.14
119	31685	83.14
119	6365	83.14
119	141004	83.14
119	4148	83.14
119	88744	83.14
119	8644	83.14
120	260	66.15
120	32	66.15
120	5	66.15
120	631	66.15
120	52	66.15
121	497	65.00
121	440	65.00
121	161	65.00
121	527	65.00
121	292	65.00
121	344	65.00
121	186	65.00
121	316	65.00
121	1	65.00
121	19	65.00
121	163	65.00
121	337	65.00
122	27660	90.51
122	69784	90.51
122	7022	90.51
122	148652	90.51
122	4816	90.51
122	56174	90.51
122	94959	90.51
122	81591	90.51
122	71535	90.51
122	30810	90.51
122	2997	90.51
122	1732	90.51
122	108932	90.51
122	780	90.51
122	1090	90.51
122	3253	90.51
122	106782	90.51
122	72226	90.51
122	1200	90.51
122	1214	90.51
123	68554	80.00
123	115569	80.00
123	79132	80.00
123	109487	80.00
123	1196	80.00
123	4226	80.00
123	296	80.00
123	7153	80.00
123	143458	80.00
123	47	80.00
123	96829	80.00
123	2858	80.00
124	56145	79.06
124	2161	79.06
124	260	79.06
124	175	79.06
124	1358	79.06
124	6377	79.06
124	4226	79.06
124	3147	79.06
124	608	79.06
124	1223	79.06
125	5088	77.35
125	86721	77.35
125	110330	77.35
125	54503	77.35
125	72011	77.35
125	162578	77.35
125	119145	77.35
125	176371	77.35
125	55247	77.35
125	1240	77.35
125	86332	77.35
125	68157	77.35
125	112623	77.35
125	4082	77.35
125	160567	77.35
125	3342	77.35
125	109487	77.35
125	88140	77.35
125	98607	77.35
125	81562	77.35
126	364	66.67
126	349	66.67
126	231	66.67
126	380	66.67
126	410	66.67
126	300	66.67
126	253	66.67
126	457	66.67
127	2915	60.77
127	903	60.77
127	55276	60.77
127	5060	60.77
127	272	60.77
128	904	88.00
128	965	88.00
128	926	88.00
128	1066	88.00
128	1721	88.00
128	1080	88.00
128	1198	88.00
129	4370	79.27
129	480	79.27
129	3698	79.27
129	2692	79.27
129	2138	79.27
129	1968	79.27
129	8368	79.27
129	653	79.27
129	7143	79.27
129	316	79.27
129	6874	79.27
129	239	79.27
129	2916	79.27
129	733	79.27
129	4896	79.27
129	2028	79.27
129	3977	79.27
129	3000	79.27
129	1907	79.27
129	31658	79.27
130	208	67.06
130	316	67.06
130	292	67.06
130	110	67.06
130	590	67.06
130	296	67.06
131	2273	71.14
131	6947	71.14
131	58559	71.14
131	908	71.14
131	4878	71.14
131	89745	71.14
131	7256	71.14
131	68237	71.14
131	2722	71.14
131	2028	71.14
131	48516	71.14
131	3178	71.14
131	64614	71.14
131	969	71.14
132	6251	60.38
132	3275	60.38
132	4995	60.38
132	2987	60.38
132	7444	60.38
132	3262	60.38
132	4168	60.38
132	31658	60.38
132	44191	60.38
132	1089	60.38
132	3967	60.38
132	5502	60.38
132	50	60.38
132	58559	60.38
132	5992	60.38
132	2108	60.38
132	1844	60.38
132	2657	60.38
132	47	60.38
132	2470	60.38
133	454	59.09
133	356	59.09
133	589	59.09
133	150	59.09
133	153	59.09
133	380	59.09
133	527	59.09
134	442	70.91
134	595	70.91
134	349	70.91
134	380	70.91
134	367	70.91
134	509	70.91
134	296	70.91
135	592	72.95
135	4084	72.95
135	893	72.95
135	3994	72.95
135	2004	72.95
135	608	72.95
135	1358	72.95
135	3852	72.95
135	3489	72.95
135	1614	72.95
135	1198	72.95
135	4128	72.95
135	1883	72.95
135	2302	72.95
135	1291	72.95
135	410	72.95
135	1261	72.95
135	4022	72.95
135	4881	72.95
135	1077	72.95
136	161	66.94
136	193	66.94
136	585	66.94
136	338	66.94
136	277	66.94
136	380	66.94
136	181	66.94
136	337	66.94
136	437	66.94
136	165	66.94
136	611	66.94
136	151	66.94
136	340	66.94
136	252	66.94
136	432	66.94
136	552	66.94
136	350	66.94
136	280	66.94
136	273	66.94
136	150	66.94
137	6787	79.69
137	2716	79.69
137	1198	79.69
137	750	79.69
137	919	79.69
137	1270	79.69
137	318	79.69
137	150	79.69
137	2997	79.69
137	1200	79.69
137	6986	79.69
137	7153	79.69
137	1242	79.69
137	110	79.69
137	33493	79.69
137	1197	79.69
137	2959	79.69
137	1237	79.69
137	903	79.69
137	7762	79.69
138	2707	79.23
138	1960	79.23
138	1959	79.23
138	849	79.23
138	3996	79.23
139	4025	41.80
139	7445	41.80
139	60684	41.80
139	4865	41.80
139	68319	41.80
139	7090	41.80
139	5502	41.80
139	260	41.80
139	8371	41.80
139	53953	41.80
139	58025	41.80
139	106782	41.80
139	6957	41.80
139	7163	41.80
139	3827	41.80
139	3624	41.80
139	52722	41.80
139	54259	41.80
139	4367	41.80
139	115617	41.80
140	5699	69.94
140	5299	69.94
140	1393	69.94
140	356	69.94
140	609	69.94
140	32596	69.94
140	4795	69.94
140	34072	69.94
140	1617	69.94
140	5256	69.94
140	5943	69.94
140	1084	69.94
140	4337	69.94
140	3108	69.94
140	43396	69.94
140	4719	69.94
140	1005	69.94
140	4321	69.94
140	5812	69.94
140	4259	69.94
141	5418	71.44
141	54503	71.44
141	4963	71.44
141	2478	71.44
141	71535	71.44
141	317	71.44
141	68954	71.44
141	54286	71.44
141	6365	71.44
141	54272	71.44
141	4447	71.44
141	5502	71.44
141	6377	71.44
141	6373	71.44
141	1265	71.44
141	91529	71.44
141	2502	71.44
141	441	71.44
141	1517	71.44
141	48516	71.44
142	434	73.33
142	384	73.33
142	588	73.33
142	50	73.33
142	527	73.33
142	356	73.33
142	337	73.33
142	377	73.33
143	1721	64.32
143	61250	64.32
143	6942	64.32
143	7169	64.32
143	8533	64.32
143	106696	64.32
143	3421	64.32
143	87232	64.32
143	78316	64.32
143	69069	64.32
143	59421	64.32
143	2144	64.32
143	96821	64.32
143	7173	64.32
143	500	64.32
144	589	74.07
144	541	74.07
144	8368	74.07
144	597	74.07
144	590	74.07
144	410	74.07
144	1246	74.07
144	527	74.07
144	356	74.07
144	500	74.07
144	19	74.07
144	2700	74.07
144	434	74.07
144	733	74.07
144	780	74.07
144	1036	74.07
144	5377	74.07
144	552	74.07
144	586	74.07
144	2081	74.07
145	344	65.71
145	339	65.71
145	380	65.71
145	318	65.71
145	588	65.71
146	7293	63.00
146	3257	63.00
146	32	63.00
146	1367	63.00
146	3686	63.00
146	410	63.00
146	47610	63.00
147	1234	68.33
147	168	68.33
147	552	68.33
147	555	68.33
147	2395	68.33
148	88125	76.67
148	5618	76.67
148	108932	76.67
148	81847	76.67
148	72998	76.67
148	5816	76.67
148	8368	76.67
148	7153	76.67
148	81834	76.67
148	4993	76.67
149	1097	55.00
149	1374	55.00
149	1831	55.00
149	1527	55.00
149	260	55.00
149	173	55.00
149	1206	55.00
149	1200	55.00
149	2021	55.00
149	1580	55.00
149	1391	55.00
149	1375	55.00
150	3	71.25
150	1356	71.25
150	5	71.25
150	95	71.25
150	733	71.25
150	1073	71.25
151	786	70.27
151	562	70.27
151	780	70.27
151	837	70.27
151	747	70.27
151	1265	70.27
151	828	70.27
151	1073	70.27
151	1	70.27
151	648	70.27
151	1393	70.27
151	1359	70.27
152	50	79.50
152	2959	79.50
152	116897	79.50
152	89492	79.50
152	1193	79.50
152	69481	79.50
152	85774	79.50
152	115713	79.50
152	111	79.50
152	92259	79.50
152	1234	79.50
152	79132	79.50
152	318	79.50
153	134853	45.51
153	1732	45.51
153	8533	45.51
153	4014	45.51
153	81456	45.51
153	106782	45.51
153	8528	45.51
153	6863	45.51
153	87194	45.51
153	2617	45.51
153	1246	45.51
153	106100	45.51
153	1954	45.51
153	7458	45.51
153	4226	45.51
153	89904	45.51
153	72998	45.51
153	133780	45.51
153	586	45.51
153	36535	45.51
154	114662	84.29
154	119145	84.29
154	81834	84.29
154	122904	84.29
154	106072	84.29
154	76093	84.29
154	77561	84.29
155	153	73.57
155	3286	73.57
155	1200	73.57
155	260	73.57
155	141	73.57
155	2355	73.57
155	2384	73.57
155	2948	73.57
155	432	73.57
155	2959	73.57
156	26313	73.44
156	31038	73.44
156	1230	73.44
156	1711	73.44
156	3341	73.44
156	6296	73.44
156	762	73.44
156	2361	73.44
156	2076	73.44
156	4784	73.44
156	661	73.44
156	2926	73.44
156	8571	73.44
156	47	73.44
156	3176	73.44
156	58	73.44
156	848	73.44
156	866	73.44
156	1485	73.44
156	923	73.44
157	785	70.00
157	3617	70.00
157	2720	70.00
157	2770	70.00
157	527	70.00
158	1093	68.12
158	2605	68.12
158	2872	68.12
158	2723	68.12
158	2428	68.12
158	66320	68.12
159	2959	63.77
159	60069	63.77
159	45720	63.77
159	597	63.77
159	4022	63.77
159	89864	63.77
159	49286	63.77
159	140110	63.77
159	84954	63.77
159	4447	63.77
159	1197	63.77
159	68954	63.77
159	6942	63.77
159	1961	63.77
159	106696	63.77
159	480	63.77
159	539	63.77
159	166643	63.77
159	40819	63.77
159	63082	63.77
160	126	54.32
160	1371	54.32
160	1198	54.32
160	196	54.32
160	3408	54.32
160	5349	54.32
160	3213	54.32
160	2408	54.32
160	839	54.32
160	3593	54.32
160	2748	54.32
160	533	54.32
160	1975	54.32
160	1676	54.32
160	3745	54.32
160	2011	54.32
160	733	54.32
160	3826	54.32
160	778	54.32
160	2840	54.32
161	4980	76.67
161	7247	76.67
161	47610	76.67
161	1223	76.67
161	38038	76.67
161	3429	76.67
161	2144	76.67
161	2336	76.67
162	150	85.00
162	225	85.00
162	168	85.00
162	50	85.00
162	300	85.00
162	266	85.00
162	31	85.00
162	62	85.00
163	1608	57.14
163	1810	57.14
163	1747	57.14
163	1777	57.14
163	1837	57.14
164	1036	85.45
164	2916	85.45
164	110	85.45
164	589	85.45
164	3527	85.45
164	1101	85.45
164	1201	85.45
164	2167	85.45
165	2353	71.71
165	3624	71.71
165	110	71.71
165	5505	71.71
165	5527	71.71
165	3256	71.71
165	5956	71.71
165	5418	71.71
165	5530	71.71
165	5450	71.71
165	1127	71.71
165	3409	71.71
165	5881	71.71
166	33794	80.96
166	1721	80.96
166	4011	80.96
166	5378	80.96
166	3481	80.96
166	49530	80.96
166	2353	80.96
166	47644	80.96
166	54272	80.96
166	8961	80.96
166	1198	80.96
166	2542	80.96
166	1036	80.96
166	608	80.96
166	434	80.96
166	5219	80.96
166	5418	80.96
166	2396	80.96
166	349	80.96
166	2324	80.96
167	33493	70.41
167	4886	70.41
167	778	70.41
167	3052	70.41
167	7147	70.41
167	6857	70.41
167	45501	70.41
167	6480	70.41
167	1682	70.41
167	2231	70.41
167	784	70.41
167	33794	70.41
167	2083	70.41
167	2413	70.41
167	6333	70.41
167	8961	70.41
167	2139	70.41
167	150	70.41
167	6773	70.41
167	35836	70.41
168	3730	89.17
168	1248	89.17
168	1201	89.17
168	1089	89.17
168	296	89.17
168	923	89.17
168	1222	89.17
168	5291	89.17
168	3543	89.17
168	1302	89.17
168	3362	89.17
168	1148	89.17
168	3101	89.17
168	57669	89.17
168	2076	89.17
168	1729	89.17
168	908	89.17
168	85354	89.17
168	80463	89.17
169	3536	84.47
169	2028	84.47
169	364	84.47
169	953	84.47
169	4886	84.47
169	5400	84.47
169	8644	84.47
169	524	84.47
169	2795	84.47
169	1022	84.47
169	3114	84.47
169	3967	84.47
169	1517	84.47
169	1035	84.47
169	8641	84.47
169	6365	84.47
169	661	84.47
169	457	84.47
169	3287	84.47
169	1416	84.47
170	318	65.62
170	296	65.62
170	586	65.62
170	377	65.62
170	34	65.62
170	592	65.62
170	277	65.62
170	500	65.62
170	266	65.62
170	588	65.62
171	485	92.69
171	1220	92.69
171	1025	92.69
171	801	92.69
171	1259	92.69
171	1079	92.69
171	828	92.69
171	317	92.69
171	869	92.69
171	380	92.69
171	1136	92.69
171	1225	92.69
171	661	92.69
171	318	92.69
171	47	92.69
171	1198	92.69
171	1208	92.69
172	3087	75.00
172	3578	75.00
172	7438	75.00
172	2072	75.00
172	3793	75.00
172	2762	75.00
173	10	76.25
173	329	76.25
173	586	76.25
173	597	76.25
173	588	76.25
174	553	72.86
174	520	72.86
174	224	72.86
174	648	72.86
174	161	72.86
174	317	72.86
174	158	72.86
174	780	72.86
174	315	72.86
174	485	72.86
174	282	72.86
174	440	72.86
174	350	72.86
174	10	72.86
175	531	70.67
175	8911	70.67
175	43904	70.67
175	38388	70.67
175	8362	70.67
176	165	76.36
176	434	76.36
176	39	76.36
176	368	76.36
176	380	76.36
176	780	76.36
176	47	76.36
176	471	76.36
177	42002	67.47
177	91542	67.47
177	6332	67.47
177	3668	67.47
177	45672	67.47
177	783	67.47
177	27706	67.47
177	2657	67.47
177	114662	67.47
177	1206	67.47
177	83132	67.47
177	5218	67.47
177	508	67.47
177	3114	67.47
177	1321	67.47
177	2176	67.47
177	8798	67.47
177	88140	67.47
177	2012	67.47
177	339	67.47
178	7361	80.62
178	527	80.62
178	2329	80.62
178	5995	80.62
178	6502	80.62
178	4235	80.62
178	1198	80.62
178	208	80.62
178	6539	80.62
178	296	80.62
178	349	80.62
178	10	80.62
178	4226	80.62
178	1240	80.62
178	2579	80.62
178	318	80.62
179	367	74.55
179	589	74.55
179	161	74.55
179	231	74.55
179	288	74.55
179	743	74.55
179	1061	74.55
179	317	74.55
179	786	74.55
179	592	74.55
179	671	74.55
179	296	74.55
179	434	74.55
179	364	74.55
180	1261	72.67
180	260	72.67
180	1748	72.67
180	1242	72.67
180	2140	72.67
181	157	58.72
181	593	58.72
181	596	58.72
181	353	58.72
181	539	58.72
181	516	58.72
181	132	58.72
181	169	58.72
181	25	58.72
181	31	58.72
181	542	58.72
181	6	58.72
181	707	58.72
181	185	58.72
181	464	58.72
181	502	58.72
181	415	58.72
181	480	58.72
181	592	58.72
181	344	58.72
182	4879	70.16
182	6969	70.16
182	3911	70.16
182	2728	70.16
182	4313	70.16
182	8042	70.16
182	1291	70.16
182	3113	70.16
182	3578	70.16
182	1590	70.16
182	161	70.16
182	4452	70.16
182	224	70.16
182	4980	70.16
182	4262	70.16
182	2353	70.16
182	2890	70.16
182	1127	70.16
182	541	70.16
182	6041	70.16
183	480	72.78
183	380	72.78
183	1196	72.78
183	2951	72.78
183	2534	72.78
183	4085	72.78
183	1287	72.78
183	2194	72.78
183	3247	72.78
183	1233	72.78
183	2662	72.78
183	1408	72.78
184	158035	74.29
184	181413	74.29
184	193565	74.29
184	97304	74.29
184	74754	74.29
184	168250	74.29
184	191005	74.29
184	106072	74.29
184	166291	74.29
184	127152	74.29
184	86332	74.29
184	80463	74.29
184	5816	74.29
184	122898	74.29
184	81845	74.29
184	5810	74.29
184	170813	74.29
184	174479	74.29
184	112852	74.29
184	148626	74.29
185	1685	67.59
185	2396	67.59
185	5377	67.59
185	1721	67.59
185	5952	67.59
185	1393	67.59
185	595	67.59
185	2085	67.59
185	4995	67.59
185	899	67.59
186	2605	81.71
186	1214	81.71
186	1291	81.71
186	3745	81.71
186	1269	81.71
186	2527	81.71
186	2532	81.71
186	4361	81.71
186	1307	81.71
186	2968	81.71
186	4306	81.71
186	2541	81.71
186	1702	81.71
186	480	81.71
186	1097	81.71
186	3977	81.71
186	919	81.71
186	3527	81.71
186	593	81.71
186	1196	81.71
187	26122	75.89
187	3949	75.89
187	49272	75.89
187	231	75.89
187	1206	75.89
187	6874	75.89
187	1729	75.89
187	1209	75.89
187	48394	75.89
187	6502	75.89
187	2701	75.89
187	4027	75.89
187	288	75.89
187	2542	75.89
187	7153	75.89
187	39427	75.89
187	6890	75.89
187	1222	75.89
187	8949	75.89
187	1748	75.89
188	2346	90.67
188	1212	90.67
188	594	90.67
188	1282	90.67
188	3469	90.67
188	2396	90.67
188	1091	90.67
188	3341	90.67
188	1264	90.67
188	2206	90.67
189	48516	80.83
189	4993	80.83
189	79132	80.83
189	2959	80.83
189	58559	80.83
190	6711	78.54
190	4776	78.54
190	8784	78.54
190	4995	78.54
190	5630	78.54
190	4306	78.54
190	30749	78.54
190	1221	78.54
190	4975	78.54
190	8961	78.54
190	858	78.54
190	8464	78.54
190	69844	78.54
190	7438	78.54
191	496	73.70
191	21	73.70
191	72	73.70
191	175	73.70
191	494	73.70
191	417	73.70
191	17	73.70
191	6	73.70
191	85	73.70
191	292	73.70
191	314	73.70
191	58	73.70
191	235	73.70
191	213	73.70
191	161	73.70
191	160	73.70
191	162	73.70
192	356	84.62
192	288	84.62
192	316	84.62
192	349	84.62
192	432	84.62
193	44555	69.09
193	55442	69.09
193	4878	69.09
193	6016	69.09
193	307	69.09
193	1270	69.09
193	5618	69.09
194	163	70.00
194	1396	70.00
194	1500	70.00
194	1288	70.00
194	5060	70.00
195	3424	72.03
195	2770	72.03
195	1041	72.03
195	1653	72.03
195	1923	72.03
195	3160	72.03
195	4723	72.03
195	1863	72.03
195	2336	72.03
195	2166	72.03
195	4308	72.03
195	1909	72.03
195	260	72.03
195	2028	72.03
195	3252	72.03
195	2908	72.03
195	1392	72.03
195	1365	72.03
195	70	72.03
195	190	72.03
196	70286	75.50
196	3578	75.50
196	59315	75.50
196	58559	75.50
196	364	75.50
196	1214	75.50
196	110	75.50
197	1513	80.00
197	1240	80.00
197	1882	80.00
197	786	80.00
197	2167	80.00
197	153	80.00
197	1784	80.00
198	3894	68.93
198	3499	68.93
198	920	68.93
198	1213	68.93
198	3949	68.93
198	1994	68.93
198	1485	68.93
198	2572	68.93
198	4019	68.93
198	1089	68.93
198	110	68.93
198	593	68.93
198	4128	68.93
198	1270	68.93
198	4886	68.93
198	1079	68.93
198	2117	68.93
198	912	68.93
198	1573	68.93
198	1682	68.93
199	5464	66.72
199	2165	66.72
199	2280	66.72
199	736	66.72
199	5673	66.72
199	349	66.72
199	5502	66.72
199	482	66.72
199	8532	66.72
199	1172	66.72
199	300	66.72
199	50068	66.72
199	4881	66.72
199	3175	66.72
199	7445	66.72
199	2973	66.72
199	34338	66.72
199	41997	66.72
199	1956	66.72
199	377	66.72
200	3809	77.37
200	7022	77.37
200	50802	77.37
200	3968	77.37
200	2485	77.37
200	500	77.37
200	5610	77.37
200	590	77.37
200	1029	77.37
200	53996	77.37
200	2572	77.37
200	4993	77.37
200	4041	77.37
200	57640	77.37
200	1302	77.37
200	1784	77.37
200	6383	77.37
200	1653	77.37
200	1569	77.37
200	1517	77.37
201	1748	80.28
201	1527	80.28
201	1584	80.28
201	2858	80.28
201	339	80.28
201	589	80.28
201	2717	80.28
201	994	80.28
201	788	80.28
201	1196	80.28
201	2797	80.28
201	733	80.28
201	1259	80.28
201	2174	80.28
201	1198	80.28
201	2455	80.28
201	1569	80.28
201	1213	80.28
201	160	80.28
201	24	80.28
202	3329	75.75
202	924	75.75
202	29	75.75
202	2289	75.75
202	1197	75.75
202	1196	75.75
202	2966	75.75
202	161	75.75
202	608	75.75
202	1209	75.75
202	1296	75.75
202	3194	75.75
202	1784	75.75
202	469	75.75
202	923	75.75
202	2000	75.75
202	1587	75.75
202	1719	75.75
202	3147	75.75
202	32	75.75
203	56174	76.07
203	8665	76.07
203	2407	76.07
203	5952	76.07
203	590	76.07
203	49272	76.07
203	40815	76.07
203	333	76.07
203	296	76.07
204	1136	80.77
204	3949	80.77
204	33794	80.77
204	48394	80.77
204	27075	80.77
204	1080	80.77
204	79008	80.77
204	6104	80.77
204	8874	80.77
204	81591	80.77
204	4878	80.77
204	91658	80.77
204	711	80.77
204	2313	80.77
204	86320	80.77
204	55820	80.77
204	5218	80.77
205	912	81.88
205	99114	81.88
205	91542	81.88
205	5816	81.88
205	95167	81.88
205	96079	81.88
206	36	83.75
206	608	83.75
206	733	83.75
206	140	83.75
206	141	83.75
207	2991	53.33
207	2428	53.33
207	2707	53.33
207	3740	53.33
207	100	53.33
208	1210	67.50
208	2628	67.50
208	380	67.50
208	2353	67.50
208	2278	67.50
208	2762	67.50
209	60684	87.73
209	1291	87.73
209	68157	87.73
209	74458	87.73
209	185029	87.73
209	122886	87.73
209	88125	87.73
210	123553	81.17
210	34405	81.17
210	166203	81.17
210	3147	81.17
210	31696	81.17
210	7649	81.17
210	58559	81.17
210	2105	81.17
210	6365	81.17
210	34397	81.17
210	4625	81.17
210	84772	81.17
210	122926	81.17
210	76093	81.17
210	62836	81.17
210	33493	81.17
210	1584	81.17
210	47610	81.17
210	108932	81.17
210	122918	81.17
211	58559	77.14
211	63113	77.14
211	90405	77.14
211	57669	77.14
211	60684	77.14
211	7153	77.14
211	73017	77.14
211	2105	77.14
211	4367	77.14
211	356	77.14
211	2642	77.14
211	1556	77.14
211	318	77.14
211	44665	77.14
211	85414	77.14
211	1198	77.14
211	1136	77.14
211	260	77.14
212	170697	71.70
212	122920	71.70
212	122892	71.70
212	2571	71.70
212	5218	71.70
212	48394	71.70
212	3578	71.70
212	1196	71.70
212	135143	71.70
212	74795	71.70
212	179401	71.70
212	79132	71.70
212	77800	71.70
212	108932	71.70
212	110102	71.70
212	96821	71.70
212	8874	71.70
212	65261	71.70
212	59784	71.70
212	2291	71.70
213	3285	77.92
213	87520	77.92
213	80363	77.92
213	76251	77.92
213	8957	77.92
213	2860	77.92
213	1234	77.92
213	5419	77.92
213	51935	77.92
213	69844	77.92
213	39446	77.92
213	4132	77.92
213	858	77.92
213	69526	77.92
213	4558	77.92
213	49530	77.92
213	58559	77.92
214	83	56.92
214	628	56.92
214	743	56.92
214	1363	56.92
214	802	56.92
215	1172	77.26
215	4973	77.26
215	63082	77.26
215	1291	77.26
215	2028	77.26
215	3252	77.26
215	3210	77.26
215	1968	77.26
215	1247	77.26
215	49272	77.26
215	1089	77.26
215	72407	77.26
215	5650	77.26
215	318	77.26
215	1208	77.26
215	2000	77.26
215	1197	77.26
215	1196	77.26
215	1297	77.26
215	4019	77.26
216	104	72.87
216	21	72.87
216	3996	72.87
216	3946	72.87
216	2946	72.87
216	3993	72.87
216	3897	72.87
216	2599	72.87
216	34	72.87
216	3994	72.87
216	4034	72.87
216	3363	72.87
216	1965	72.87
216	3422	72.87
216	3555	72.87
216	3253	72.87
216	2087	72.87
216	3986	72.87
216	2018	72.87
216	1923	72.87
217	1867	54.94
217	3434	54.94
217	1275	54.94
217	2468	54.94
217	3197	54.94
217	1912	54.94
217	2302	54.94
217	1876	54.94
217	380	54.94
217	1221	54.94
217	2471	54.94
217	1918	54.94
217	1385	54.94
217	3165	54.94
217	1590	54.94
217	1562	54.94
217	1703	54.94
217	2056	54.94
217	1831	54.94
217	160	54.94
218	2657	68.75
218	2692	68.75
218	1380	68.75
218	1198	68.75
218	6934	68.75
218	5349	68.75
219	60072	62.88
219	2115	62.88
219	59315	62.88
219	6539	62.88
219	442	62.88
219	30707	62.88
219	1704	62.88
219	180	62.88
219	1219	62.88
219	1005	62.88
219	27773	62.88
219	56156	62.88
219	6188	62.88
219	6721	62.88
219	30825	62.88
219	2997	62.88
219	1552	62.88
219	1500	62.88
219	2890	62.88
219	1921	62.88
220	3996	79.33
220	733	79.33
220	1198	79.33
220	3994	79.33
220	6539	79.33
220	1258	79.33
220	1917	79.33
220	4545	79.33
220	33794	79.33
220	165	79.33
220	71264	79.33
220	4623	79.33
220	53464	79.33
220	5218	79.33
220	6365	79.33
220	3751	79.33
220	32	79.33
220	1036	79.33
220	5502	79.33
220	1591	79.33
221	4338	82.86
221	7013	82.86
221	8529	82.86
221	1080	82.86
221	3246	82.86
221	2871	82.86
221	1208	82.86
221	7063	82.86
221	2702	82.86
221	4029	82.86
221	5954	82.86
221	2352	82.86
221	922	82.86
221	2997	82.86
221	1278	82.86
221	2858	82.86
221	1212	82.86
221	1959	82.86
221	1961	82.86
221	3671	82.86
222	81831	62.93
222	100498	62.93
222	48516	62.93
222	1249	62.93
222	99813	62.93
222	91529	62.93
222	59900	62.93
222	93287	62.93
222	1721	62.93
222	2706	62.93
222	3273	62.93
222	2411	62.93
222	64622	62.93
222	7143	62.93
222	87869	62.93
222	778	62.93
222	30825	62.93
222	42011	62.93
222	673	62.93
222	64839	62.93
223	55854	64.79
223	6711	64.79
223	1	64.79
223	736	64.79
223	1961	64.79
223	457	64.79
223	2716	64.79
223	48394	64.79
223	608	64.79
223	8784	64.79
223	48516	64.79
223	3863	64.79
223	4306	64.79
223	260	64.79
223	2683	64.79
224	3496	81.18
224	3044	81.18
224	356	81.18
224	2915	81.18
224	289	81.18
224	3668	81.18
224	1270	81.18
224	2797	81.18
224	1721	81.18
224	2716	81.18
224	1259	81.18
225	2423	73.33
225	1285	73.33
225	588	73.33
225	1717	73.33
225	2791	73.33
225	1321	73.33
225	1136	73.33
225	1197	73.33
225	1753	73.33
225	2004	73.33
225	2371	73.33
225	1407	73.33
225	785	73.33
225	1060	73.33
225	3024	73.33
226	6938	68.89
226	32666	68.89
226	3552	68.89
226	542	68.89
226	1240	68.89
226	3098	68.89
226	2804	68.89
226	3668	68.89
226	3653	68.89
226	2231	68.89
226	145	68.89
226	2253	68.89
226	3052	68.89
226	2628	68.89
226	762	68.89
226	53129	68.89
226	4816	68.89
226	16	68.89
226	2144	68.89
226	46948	68.89
227	46976	83.83
227	52319	83.83
227	81845	83.83
227	109487	83.83
227	134130	83.83
227	215	83.83
227	48738	83.83
227	47099	83.83
227	1196	83.83
227	32587	83.83
227	912	83.83
227	55721	83.83
227	1682	83.83
227	750	83.83
227	778	83.83
227	40629	83.83
227	97913	83.83
227	70286	83.83
227	150	83.83
228	2571	73.12
228	1373	73.12
228	362	73.12
228	318	73.12
228	3113	73.12
229	34	74.15
229	589	74.15
229	377	74.15
229	45	74.15
229	587	74.15
229	5	74.15
229	475	74.15
229	442	74.15
229	597	74.15
229	364	74.15
229	213	74.15
229	110	74.15
229	527	74.15
230	34330	58.32
230	52715	58.32
230	47	58.32
230	7438	58.32
230	527	58.32
230	3147	58.32
230	45499	58.32
230	6537	58.32
230	2291	58.32
230	1387	58.32
230	6863	58.32
230	1485	58.32
230	595	58.32
230	4022	58.32
230	2096	58.32
230	588	58.32
230	4034	58.32
230	1676	58.32
230	8644	58.32
230	2641	58.32
231	92259	80.00
231	858	80.00
231	593	80.00
231	1198	80.00
231	109487	80.00
232	31867	65.17
232	41769	65.17
232	57526	65.17
232	70336	65.17
232	8644	65.17
232	1586	65.17
232	44972	65.17
232	4019	65.17
232	43928	65.17
232	30883	65.17
232	65802	65.17
232	8376	65.17
232	39292	65.17
232	1035	65.17
232	66198	65.17
232	66097	65.17
232	32011	65.17
232	6564	65.17
232	7451	65.17
232	33164	65.17
233	48394	65.67
233	3751	65.67
233	48516	65.67
233	1721	65.67
233	356	65.67
233	106100	65.67
233	162600	65.67
233	608	65.67
233	7153	65.67
233	134214	65.67
233	57669	65.67
233	122920	65.67
233	2329	65.67
233	4239	65.67
233	7371	65.67
233	3977	65.67
233	3147	65.67
233	3948	65.67
233	49272	65.67
233	5418	65.67
234	2616	69.79
234	2140	69.79
234	172	69.79
234	126	69.79
234	1562	69.79
234	4519	69.79
234	153	69.79
234	2710	69.79
234	3624	69.79
234	3483	69.79
234	1391	69.79
234	438	69.79
234	1460	69.79
234	2987	69.79
234	65	69.79
234	260	69.79
234	1359	69.79
234	3175	69.79
234	588	69.79
234	2080	69.79
235	480	72.20
235	736	72.20
235	500	72.20
235	454	72.20
235	592	72.20
235	235	72.20
235	595	72.20
235	32	72.20
235	527	72.20
235	648	72.20
235	223	72.20
235	588	72.20
235	377	72.20
236	1214	69.90
236	1278	69.90
236	1345	69.90
236	1350	69.90
236	1387	69.90
236	1388	69.90
236	1982	69.90
236	1997	69.90
236	1998	69.90
236	2447	69.90
236	2459	69.90
236	2490	69.90
236	2496	69.90
236	2502	69.90
236	2505	69.90
236	2542	69.90
236	2572	69.90
236	2580	69.90
236	2596	69.90
236	2598	69.90
236	2606	69.90
236	2657	69.90
236	2683	69.90
236	2694	69.90
236	2718	69.90
236	2770	69.90
236	2806	69.90
236	2858	69.90
236	3024	69.90
236	3052	69.90
237	32	63.44
237	4254	63.44
237	94959	63.44
237	293	63.44
237	1371	63.44
237	1193	63.44
237	7361	63.44
237	7980	63.44
237	43936	63.44
237	1374	63.44
238	4954	72.14
238	3528	72.14
238	4265	72.14
238	4901	72.14
238	4238	72.14
238	593	72.14
238	4499	72.14
238	4957	72.14
238	1193	72.14
239	58559	80.87
239	5459	80.87
239	4085	80.87
239	380	80.87
239	95	80.87
239	7445	80.87
239	608	80.87
239	7147	80.87
239	6378	80.87
239	2115	80.87
239	4896	80.87
239	36529	80.87
239	3994	80.87
239	33679	80.87
239	47	80.87
239	590	80.87
239	4022	80.87
239	208	80.87
239	733	80.87
239	51662	80.87
240	368	78.84
240	543	78.84
240	480	78.84
240	367	78.84
240	810	78.84
240	500	78.84
240	546	78.84
240	110	78.84
240	173	78.84
240	1	78.84
240	542	78.84
240	104	78.84
240	34	78.84
240	174	78.84
240	204	78.84
240	225	78.84
240	383	78.84
240	262	78.84
240	434	78.84
240	420	78.84
241	81786	80.62
241	71899	80.62
241	527	80.62
241	1206	80.62
241	1193	80.62
241	99114	80.62
241	100714	80.62
241	8981	80.62
241	53123	80.62
241	116897	80.62
241	56367	80.62
241	3910	80.62
241	106782	80.62
241	115569	80.62
241	4235	80.62
241	48780	80.62
242	39	71.82
242	380	71.82
242	231	71.82
242	457	71.82
242	592	71.82
242	454	71.82
242	111	71.82
243	112	81.82
243	353	81.82
243	62	81.82
243	588	81.82
243	193	81.82
243	586	81.82
243	181	81.82
243	376	81.82
244	3090	74.92
244	1049	74.92
244	110	74.92
244	257	74.92
244	165	74.92
244	151	74.92
244	1090	74.92
244	3755	74.92
244	2278	74.92
244	648	74.92
244	1580	74.92
244	1957	74.92
244	1610	74.92
244	1196	74.92
244	3256	74.92
244	1573	74.92
244	1242	74.92
244	3753	74.92
244	2243	74.92
245	3196	50.00
245	2739	50.00
245	3114	50.00
245	3274	50.00
245	1361	50.00
246	1304	85.71
246	616	85.71
246	1680	85.71
246	6016	85.71
246	3081	85.71
246	44191	85.71
246	60684	85.71
246	4973	85.71
246	1732	85.71
246	1298	85.71
246	53125	85.71
246	2291	85.71
246	2692	85.71
246	293	85.71
246	4011	85.71
246	5013	85.71
246	60069	85.71
246	48082	85.71
246	82202	85.71
246	95167	85.71
247	48516	75.19
247	593	75.19
247	2858	75.19
247	49272	75.19
247	1961	75.19
247	44191	75.19
247	527	75.19
247	116797	75.19
247	68358	75.19
247	122886	75.19
247	480	75.19
247	223	75.19
247	1265	75.19
247	2078	75.19
247	1198	75.19
247	1682	75.19
247	6377	75.19
247	1089	75.19
247	953	75.19
247	919	75.19
248	4886	75.94
248	1198	75.94
248	166528	75.94
248	176371	75.94
248	316	75.94
248	147374	75.94
248	102903	75.94
248	189333	75.94
248	122912	75.94
248	58559	75.94
248	5218	75.94
249	110350	74.34
249	102903	74.34
249	2167	74.34
249	94959	74.34
249	84601	74.34
249	2395	74.34
249	97306	74.34
249	3408	74.34
249	89047	74.34
249	91500	74.34
249	91542	74.34
249	40815	74.34
249	69844	74.34
249	904	74.34
249	46723	74.34
249	3826	74.34
249	68791	74.34
249	88812	74.34
249	67695	74.34
249	50	74.34
250	1282	86.25
250	2407	86.25
250	318	86.25
250	1597	86.25
250	1246	86.25
250	8880	86.25
251	142115	96.43
251	293	96.43
251	356	96.43
251	318	96.43
251	1089	96.43
252	164179	84.58
252	89745	84.58
252	6377	84.58
252	164909	84.58
252	1682	84.58
252	166643	84.58
252	143355	84.58
252	78499	84.58
253	44555	89.31
253	916	89.31
253	608	89.31
253	2300	89.31
253	7099	89.31
253	4217	89.31
253	26366	89.31
253	1192	89.31
253	4642	89.31
253	3363	89.31
254	46578	79.41
254	44195	79.41
254	207	79.41
254	49278	79.41
254	6333	79.41
254	780	79.41
254	110	79.41
254	1210	79.41
254	49272	79.41
254	27846	79.41
254	32587	79.41
254	2571	79.41
254	44929	79.41
254	47	79.41
254	293	79.41
254	1580	79.41
254	5995	79.41
254	32	79.41
254	592	79.41
254	48394	79.41
255	1270	53.57
255	4467	53.57
255	2023	53.57
255	3501	53.57
255	1663	53.57
255	1394	53.57
255	3392	53.57
255	2542	53.57
255	2915	53.57
256	3247	78.62
256	88744	78.62
256	377	78.62
256	4973	78.62
256	53972	78.62
256	118696	78.62
256	95441	78.62
256	104841	78.62
256	71535	78.62
256	2953	78.62
256	81229	78.62
256	53121	78.62
256	30707	78.62
256	2571	78.62
256	68791	78.62
256	170	78.62
256	6942	78.62
256	90405	78.62
256	6537	78.62
256	33493	78.62
257	1500	65.83
257	594	65.83
257	2502	65.83
257	494	65.83
257	2406	65.83
258	4995	80.62
258	7147	80.62
258	72641	80.62
258	76093	80.62
258	47099	80.62
259	508	67.22
259	5945	67.22
259	1784	67.22
259	4886	67.22
259	1356	67.22
259	1584	67.22
260	7361	76.86
260	3556	76.86
260	162	76.86
260	903	76.86
260	5690	76.86
260	6337	76.86
260	4878	76.86
260	5617	76.86
260	342	76.86
260	5219	76.86
260	2997	76.86
260	8011	76.86
260	1206	76.86
260	3317	76.86
260	6709	76.86
260	8874	76.86
260	2348	76.86
260	3822	76.86
260	2959	76.86
260	8645	76.86
261	3897	74.85
261	16	74.85
261	2060	74.85
261	296	74.85
261	2723	74.85
261	1682	74.85
261	4085	74.85
261	2194	74.85
261	7361	74.85
261	4238	74.85
261	58559	74.85
262	708	61.67
262	539	61.67
262	457	61.67
262	322	61.67
262	339	61.67
262	85	61.67
262	26	61.67
262	17	61.67
262	213	61.67
262	273	61.67
262	593	61.67
262	728	61.67
263	223	74.21
263	150	74.21
263	500	74.21
263	2987	74.21
263	2953	74.21
263	110	74.21
263	4226	74.21
263	8370	74.21
263	1197	74.21
263	7458	74.21
263	708	74.21
263	1111	74.21
263	2125	74.21
263	6942	74.21
263	5013	74.21
263	163	74.21
263	457	74.21
263	8636	74.21
263	1967	74.21
263	2085	74.21
264	7841	74.00
264	1376	74.00
264	151	74.00
264	5816	74.00
264	1907	74.00
264	1320	74.00
264	1917	74.00
264	150	74.00
264	3578	74.00
264	1090	74.00
264	253	74.00
264	1876	74.00
265	3807	67.89
265	316	67.89
265	253	67.89
265	1302	67.89
265	724	67.89
265	1240	67.89
265	3504	67.89
265	230	67.89
265	3831	67.89
265	1956	67.89
265	3098	67.89
265	529	67.89
265	1270	67.89
265	3791	67.89
265	1177	67.89
265	2322	67.89
265	1488	67.89
265	2474	67.89
265	1198	67.89
265	1962	67.89
266	476	70.31
266	2812	70.31
266	2700	70.31
266	2278	70.31
266	24	70.31
266	2770	70.31
266	2702	70.31
266	64	70.31
266	1405	70.31
266	2580	70.31
266	1527	70.31
266	2167	70.31
266	457	70.31
266	1580	70.31
266	2300	70.31
266	1923	70.31
266	2094	70.31
266	132	70.31
266	2571	70.31
266	2097	70.31
267	2858	83.89
267	593	83.89
267	1175	83.89
267	3006	83.89
267	1302	83.89
267	3999	83.89
267	3113	83.89
267	1093	83.89
267	589	83.89
267	2571	83.89
267	923	83.89
267	3996	83.89
268	1641	64.83
268	587	64.83
268	1125	64.83
268	1911	64.83
268	2802	64.83
268	1036	64.83
268	1370	64.83
268	50	64.83
268	2064	64.83
268	1784	64.83
268	1912	64.83
268	1966	64.83
268	454	64.83
268	1234	64.83
268	2247	64.83
268	1394	64.83
268	2829	64.83
268	802	64.83
268	260	64.83
268	2858	64.83
269	724	73.33
269	743	73.33
269	95	73.33
269	1	73.33
269	63	73.33
269	648	73.33
270	661	59.20
270	62	59.20
270	79	59.20
270	628	59.20
270	14	59.20
270	1356	59.20
270	141	59.20
270	25	59.20
271	3897	62.22
271	32	62.22
271	2791	62.22
271	969	62.22
271	6787	62.22
271	2858	62.22
271	55765	62.22
271	1320	62.22
271	2288	62.22
272	177765	75.79
272	1240	75.79
272	51662	75.79
272	122922	75.79
272	49272	75.79
272	158238	75.79
272	6365	75.79
273	440	79.43
273	593	79.43
273	500	79.43
273	608	79.43
273	223	79.43
273	111	79.43
273	150	79.43
273	21	79.43
273	466	79.43
273	235	79.43
273	520	79.43
274	50147	64.68
274	2947	64.68
274	3037	64.68
274	1645	64.68
274	4951	64.68
274	2036	64.68
274	1359	64.68
274	35957	64.68
274	553	64.68
274	76293	64.68
274	3918	64.68
274	1503	64.68
274	45431	64.68
274	4816	64.68
274	54999	64.68
274	5667	64.68
274	4876	64.68
274	56805	64.68
274	1921	64.68
274	54004	64.68
275	1784	82.68
275	2289	82.68
275	5884	82.68
275	1171	82.68
275	357	82.68
275	1912	82.68
275	2539	82.68
275	235	82.68
275	4886	82.68
275	2572	82.68
275	2355	82.68
275	3253	82.68
275	1192	82.68
275	926	82.68
275	111	82.68
275	2100	82.68
275	3089	82.68
275	1393	82.68
275	1719	82.68
275	1392	82.68
276	673	87.20
276	356	87.20
276	466	87.20
276	104	87.20
276	631	87.20
276	648	87.20
276	2	87.20
276	1367	87.20
276	344	87.20
277	637	74.12
277	736	74.12
277	656	74.12
277	1	74.12
277	780	74.12
277	260	74.12
278	2371	78.33
278	1347	78.33
278	4002	78.33
278	318	78.33
278	2369	78.33
279	134130	72.82
279	1101	72.82
279	166528	72.82
279	90405	72.82
279	61132	72.82
279	79132	72.82
279	56782	72.82
279	97913	72.82
279	1608	72.82
279	4226	72.82
279	59315	72.82
279	88129	72.82
279	54286	72.82
279	1258	72.82
279	8665	72.82
279	58559	72.82
279	4993	72.82
279	8376	72.82
279	107406	72.82
279	1200	72.82
280	92535	77.64
280	344	77.64
280	262	77.64
280	3146	77.64
280	4239	77.64
280	4447	77.64
280	8638	77.64
280	919	77.64
280	72641	77.64
280	86817	77.64
280	8368	77.64
280	49530	77.64
280	6863	77.64
280	35836	77.64
280	55052	77.64
280	54503	77.64
280	4246	77.64
280	48516	77.64
280	1911	77.64
280	3916	77.64
281	46578	59.17
281	8361	59.17
281	35836	59.17
281	3897	59.17
281	3861	59.17
282	5995	81.45
282	3977	81.45
282	3263	81.45
282	25	81.45
282	6708	81.45
282	2683	81.45
282	4718	81.45
282	6711	81.45
282	5481	81.45
282	6863	81.45
282	5669	81.45
282	3752	81.45
282	588	81.45
282	80463	81.45
282	1921	81.45
282	1193	81.45
282	4369	81.45
282	48322	81.45
282	1194	81.45
282	784	81.45
283	1580	65.45
283	39	65.45
283	1704	65.45
283	356	65.45
283	586	65.45
283	2082	65.45
283	805	65.45
284	474	72.86
284	173	72.86
284	2	72.86
284	296	72.86
284	15	72.86
284	348	72.86
284	248	72.86
284	318	72.86
284	47	72.86
284	353	72.86
284	275	72.86
284	44	72.86
284	339	72.86
284	367	72.86
284	276	72.86
284	165	72.86
284	637	72.86
284	235	72.86
285	1193	79.55
285	949	79.55
285	1247	79.55
285	6978	79.55
285	113207	79.55
285	4447	79.55
285	441	79.55
285	296	79.55
286	454	72.50
286	778	72.50
286	5989	72.50
286	1333	72.50
286	165	72.50
286	500	72.50
286	7438	72.50
286	2294	72.50
286	4993	72.50
286	4995	72.50
286	7361	72.50
286	70	72.50
286	4980	72.50
286	1258	72.50
286	4963	72.50
286	1097	72.50
286	4848	72.50
286	539	72.50
286	377	72.50
286	110	72.50
287	3160	55.90
287	3578	55.90
287	223	55.90
287	2633	55.90
287	1059	55.90
287	586	55.90
287	3005	55.90
287	532	55.90
287	1193	55.90
287	2599	55.90
287	2028	55.90
287	1485	55.90
287	3826	55.90
287	2081	55.90
287	8949	55.90
287	2012	55.90
287	101	55.90
287	4034	55.90
287	2422	55.90
287	2115	55.90
288	4473	63.39
288	4966	63.39
288	1008	63.39
288	2867	63.39
288	42015	63.39
288	141	63.39
288	2571	63.39
288	13	63.39
288	53519	63.39
288	2407	63.39
288	5418	63.39
288	3916	63.39
288	2347	63.39
288	2528	63.39
288	30810	63.39
288	575	63.39
288	32587	63.39
288	587	63.39
288	2517	63.39
288	8361	63.39
289	3	69.90
289	16	69.90
289	235	69.90
289	266	69.90
289	594	69.90
289	708	69.90
289	750	69.90
289	1080	69.90
289	1101	69.90
289	1208	69.90
289	1220	69.90
289	1258	69.90
289	1917	69.90
289	2012	69.90
289	2174	69.90
289	2710	69.90
289	2797	69.90
289	4322	69.90
289	6125	69.90
289	6327	69.90
289	6453	69.90
289	7025	69.90
289	7028	69.90
289	26704	69.90
290	1228	82.44
290	1299	82.44
290	2494	82.44
290	2739	82.44
290	608	82.44
290	2130	82.44
290	908	82.44
290	341	82.44
290	1447	82.44
290	342	82.44
290	1056	82.44
290	1719	82.44
290	953	82.44
290	928	82.44
290	1394	82.44
290	2648	82.44
290	475	82.44
290	2731	82.44
290	1357	82.44
290	2385	82.44
291	40815	89.47
291	122892	89.47
291	106489	89.47
291	134853	89.47
291	7153	89.47
291	88125	89.47
291	1	89.47
292	520	66.26
292	103339	66.26
292	122900	66.26
292	4896	66.26
292	2291	66.26
292	474	66.26
292	85056	66.26
292	46972	66.26
292	95167	66.26
292	164909	66.26
292	3176	66.26
292	3476	66.26
292	1608	66.26
292	31221	66.26
292	1101	66.26
292	3985	66.26
292	3984	66.26
292	1017	66.26
292	69844	66.26
292	231	66.26
293	1682	50.00
293	1673	50.00
293	344	50.00
293	1617	50.00
293	1097	50.00
294	416	52.19
294	3869	52.19
294	1064	52.19
294	2794	52.19
294	610	52.19
294	2133	52.19
294	1391	52.19
294	3868	52.19
294	1129	52.19
294	520	52.19
294	3387	52.19
294	355	52.19
294	2378	52.19
294	3693	52.19
294	785	52.19
294	2193	52.19
294	2367	52.19
294	2458	52.19
294	348	52.19
294	3501	52.19
295	1221	76.80
295	3198	76.80
295	1287	76.80
295	1213	76.80
295	4351	76.80
295	1198	76.80
295	858	76.80
295	318	76.80
295	2329	76.80
296	160848	79.38
296	2028	79.38
296	169034	79.38
296	4144	79.38
296	50	79.38
296	2324	79.38
297	832	48.44
297	543	48.44
297	1645	48.44
297	111	48.44
297	454	48.44
297	1089	48.44
297	6	48.44
297	1249	48.44
297	1047	48.44
297	1370	48.44
297	1488	48.44
297	150	48.44
297	170	48.44
297	1092	48.44
297	866	48.44
298	57640	47.32
298	95510	47.32
298	6811	47.32
298	8370	47.32
298	8807	47.32
298	63131	47.32
298	6881	47.32
298	3785	47.32
298	122900	47.32
298	103042	47.32
298	6294	47.32
298	2167	47.32
298	2005	47.32
298	6006	47.32
298	653	47.32
298	55995	47.32
298	3018	47.32
298	69757	47.32
298	103772	47.32
298	3825	47.32
299	3793	77.14
299	1387	77.14
299	188	77.14
299	1198	77.14
299	1214	77.14
300	318	69.90
300	356	69.90
300	527	69.90
300	593	69.90
300	1172	69.90
300	1704	69.90
300	2028	69.90
300	2324	69.90
300	2329	69.90
300	2571	69.90
300	2762	69.90
300	2858	69.90
300	2959	69.90
300	4848	69.90
300	4973	69.90
300	5995	69.90
300	6016	69.90
300	6711	69.90
300	7361	69.90
300	8950	69.90
300	48394	69.90
300	56174	69.90
300	63082	69.90
300	79132	69.90
300	81591	69.90
300	92259	69.90
300	99114	69.90
300	109487	69.90
300	112183	69.90
300	112290	69.90
300	112552	69.90
300	112556	69.90
301	21	67.33
301	357	67.33
301	2490	67.33
301	6711	67.33
301	589	67.33
301	8949	67.33
301	837	67.33
301	3948	67.33
301	364	67.33
301	527	67.33
301	5989	67.33
301	4963	67.33
301	608	67.33
301	292	67.33
301	3578	67.33
301	3897	67.33
301	4226	67.33
301	3753	67.33
301	1393	67.33
301	1792	67.33
302	480	80.00
302	14	80.00
302	3	80.00
302	25	80.00
302	648	80.00
302	707	80.00
302	110	80.00
303	5378	76.06
303	3703	76.06
303	1127	76.06
303	5544	76.06
303	1196	76.06
303	3471	76.06
303	1580	76.06
303	1394	76.06
303	2683	76.06
303	920	76.06
303	1358	76.06
304	314	77.05
304	2571	77.05
304	2433	77.05
304	10	77.05
304	1376	77.05
304	480	77.05
304	1373	77.05
304	1777	77.05
304	1270	77.05
304	1517	77.05
304	151	77.05
304	356	77.05
304	208	77.05
304	474	77.05
304	1214	77.05
304	1375	77.05
304	640	77.05
304	1722	77.05
304	185	77.05
304	2701	77.05
305	74624	78.65
305	140627	78.65
305	87869	78.65
305	919	78.65
305	1197	78.65
305	106100	78.65
305	138210	78.65
305	788	78.65
305	7482	78.65
305	80590	78.65
305	103075	78.65
305	903	78.65
305	6537	78.65
305	93840	78.65
305	54736	78.65
305	592	78.65
305	2288	78.65
305	58803	78.65
305	55276	78.65
305	1272	78.65
306	5784	65.48
306	68954	65.48
306	69644	65.48
306	6377	65.48
306	95543	65.48
306	81847	65.48
306	111743	65.48
306	85367	65.48
306	168418	65.48
306	167018	65.48
306	72998	65.48
306	122904	65.48
306	69406	65.48
306	85788	65.48
306	4963	65.48
306	115664	65.48
306	134368	65.48
306	112852	65.48
306	161634	65.48
306	133419	65.48
307	2190	52.91
307	4181	52.91
307	31424	52.91
307	49314	52.91
307	5010	52.91
307	7845	52.91
307	3392	52.91
307	1220	52.91
307	6793	52.91
307	6483	52.91
307	2332	52.91
307	56003	52.91
307	1991	52.91
307	3273	52.91
307	4876	52.91
307	3421	52.91
307	1409	52.91
307	413	52.91
307	4447	52.91
307	52867	52.91
308	2959	46.97
308	45517	46.97
308	96821	46.97
308	72998	46.97
308	318	46.97
308	2	46.97
308	904	46.97
308	589	46.97
308	8961	46.97
308	56152	46.97
308	56367	46.97
308	5618	46.97
308	36	46.97
308	410	46.97
308	79132	46.97
308	4993	46.97
308	8464	46.97
308	1221	46.97
308	2248	46.97
308	6	46.97
309	2202	75.76
309	1645	75.76
309	898	75.76
309	1682	75.76
309	296	75.76
309	1089	75.76
309	1269	75.76
309	7153	75.76
309	6947	75.76
309	8340	75.76
309	1104	75.76
309	7218	75.76
309	25886	75.76
309	1219	75.76
309	8154	75.76
309	971	75.76
309	1944	75.76
309	6365	75.76
309	1262	75.76
309	2762	75.76
310	6863	69.00
310	6947	69.00
310	1101	69.00
310	6503	69.00
310	2524	69.00
310	2457	69.00
310	5899	69.00
310	733	69.00
310	246	69.00
310	3254	69.00
310	1223	69.00
310	1080	69.00
310	2671	69.00
311	6561	44.71
311	5992	44.71
311	1517	44.71
311	6461	44.71
311	1407	44.71
311	2706	44.71
312	5816	73.95
312	1375	73.95
312	3499	73.95
312	589	73.95
312	2454	73.95
312	1358	73.95
312	4878	73.95
312	4103	73.95
312	3793	73.95
312	2028	73.95
312	1371	73.95
312	4121	73.95
312	2366	73.95
312	2747	73.95
312	4105	73.95
312	5446	73.95
312	2699	73.95
312	2529	73.95
312	1350	73.95
312	1356	73.95
313	4980	69.14
313	170	69.14
313	3917	69.14
313	2455	69.14
313	5544	69.14
313	541	69.14
313	2193	69.14
313	2000	69.14
313	6	69.14
313	1968	69.14
313	1089	69.14
313	1301	69.14
313	1240	69.14
313	3175	69.14
313	4865	69.14
313	2005	69.14
313	2167	69.14
313	1375	69.14
313	2087	69.14
313	2530	69.14
314	7	61.63
314	1042	61.63
314	44	61.63
314	165	61.63
314	457	61.63
314	293	61.63
314	597	61.63
314	329	61.63
314	442	61.63
314	26	61.63
314	830	61.63
314	728	61.63
314	618	61.63
314	107	61.63
314	536	61.63
314	10	61.63
314	1376	61.63
314	153	61.63
314	208	61.63
314	150	61.63
315	1262	68.00
315	2729	68.00
315	2529	68.00
315	2067	68.00
315	2553	68.00
315	909	68.00
315	902	68.00
316	1748	61.52
316	253	61.52
316	3968	61.52
316	158	61.52
316	5445	61.52
316	3751	61.52
316	7438	61.52
316	6874	61.52
316	48	61.52
316	3882	61.52
316	2572	61.52
317	133115	74.67
317	73321	74.67
317	91529	74.67
317	74545	74.67
317	7445	74.67
317	1213	74.67
317	48774	74.67
317	4262	74.67
317	1884	74.67
317	5989	74.67
317	3578	74.67
317	4011	74.67
317	68358	74.67
317	1208	74.67
317	72011	74.67
317	3897	74.67
317	3499	74.67
317	96829	74.67
317	116797	74.67
317	56782	74.67
318	26713	75.15
318	81191	75.15
318	90245	75.15
318	111817	75.15
318	127180	75.15
318	145080	75.15
318	150696	75.15
318	7445	75.15
318	1090	75.15
318	116799	75.15
318	82459	75.15
318	48385	75.15
318	2294	75.15
318	64839	75.15
318	88125	75.15
318	109487	75.15
318	4021	75.15
318	33794	75.15
318	54286	75.15
318	89753	75.15
319	115617	89.09
319	6377	89.09
319	356	89.09
319	136864	89.09
319	1221	89.09
319	122904	89.09
319	110	89.09
320	72998	66.67
320	71535	66.67
320	31184	66.67
320	59315	66.67
320	1013	66.67
321	587	72.57
321	356	72.57
321	160	72.57
321	592	72.57
321	597	72.57
321	780	72.57
321	339	72.57
321	355	72.57
321	410	72.57
321	3	72.57
321	500	72.57
321	457	72.57
322	2882	68.26
322	1968	68.26
322	2542	68.26
322	58559	68.26
322	2788	68.26
322	2146	68.26
322	2617	68.26
322	2918	68.26
322	778	68.26
322	2599	68.26
322	4027	68.26
322	4993	68.26
322	1230	68.26
322	51540	68.26
322	1	68.26
322	1617	68.26
322	1923	68.26
322	4010	68.26
322	11	68.26
322	1035	68.26
323	377	59.19
323	480	59.19
323	356	59.19
323	1094	59.19
323	161	59.19
323	115569	59.19
323	1198	59.19
323	29	59.19
323	551	59.19
323	22	59.19
323	318	59.19
323	112183	59.19
323	253	59.19
323	111659	59.19
323	3257	59.19
323	260	59.19
323	150	59.19
323	329	59.19
323	342	59.19
323	266	59.19
324	2764	51.67
324	3972	51.67
324	3864	51.67
324	3949	51.67
324	3897	51.67
325	2848	71.50
325	235	71.50
325	2986	71.50
325	262	71.50
325	1573	71.50
325	2596	71.50
325	1584	71.50
325	1217	71.50
325	1676	71.50
325	4714	71.50
325	3770	71.50
325	3261	71.50
325	2894	71.50
325	2155	71.50
325	1279	71.50
325	1614	71.50
325	3994	71.50
325	2268	71.50
325	2915	71.50
325	5008	71.50
326	8665	80.29
326	47610	80.29
326	20	80.29
326	2858	80.29
326	86882	80.29
326	5418	80.29
326	4973	80.29
326	133771	80.29
326	48774	80.29
326	2324	80.29
326	1293	80.29
326	2692	80.29
326	72605	80.29
326	70159	80.29
326	54286	80.29
326	5446	80.29
326	6591	80.29
326	4226	80.29
326	105844	80.29
326	31410	80.29
327	3301	82.67
327	150	82.67
327	858	82.67
327	1923	82.67
327	51255	82.67
327	48516	82.67
327	1304	82.67
327	765	82.67
327	6888	82.67
327	2706	82.67
328	2687	65.32
328	112852	65.32
328	70286	65.32
328	1196	65.32
328	457	65.32
328	364	65.32
328	80463	65.32
328	3489	65.32
328	318	65.32
328	595	65.32
328	5349	65.32
328	2542	65.32
328	1219	65.32
328	35836	65.32
328	3751	65.32
328	79091	65.32
328	7153	65.32
328	596	65.32
328	2398	65.32
328	1148	65.32
329	130482	51.43
329	136850	51.43
329	858	51.43
329	1884	51.43
329	750	51.43
330	5378	74.03
330	316	74.03
330	1639	74.03
330	2918	74.03
330	919	74.03
330	3949	74.03
330	3535	74.03
330	5349	74.03
330	380	74.03
330	1676	74.03
330	2502	74.03
330	3703	74.03
330	1682	74.03
330	2683	74.03
330	1206	74.03
330	1721	74.03
330	2791	74.03
330	2081	74.03
330	8874	74.03
330	592	74.03
331	8874	72.20
331	6157	72.20
331	88125	72.20
331	6539	72.20
331	3897	72.20
331	4446	72.20
331	7361	72.20
331	50872	72.20
331	4995	72.20
331	4306	72.20
331	6874	72.20
331	5502	72.20
331	3911	72.20
331	608	72.20
331	4447	72.20
331	593	72.20
331	3751	72.20
331	8665	72.20
331	4367	72.20
331	2959	72.20
332	47	71.78
332	1653	71.78
332	1258	71.78
332	316	71.78
332	8983	71.78
332	431	71.78
332	97757	71.78
332	2291	71.78
332	1835	71.78
332	356	71.78
332	5502	71.78
332	4308	71.78
332	1203	71.78
332	1682	71.78
332	1249	71.78
332	76251	71.78
332	2905	71.78
332	318	71.78
332	2294	71.78
332	32	71.78
333	3785	51.25
333	3752	51.25
333	3616	51.25
333	3615	51.25
333	3646	51.25
334	55820	67.66
334	1196	67.66
334	1580	67.66
334	1291	67.66
334	3996	67.66
334	589	67.66
334	30810	67.66
334	4027	67.66
334	1	67.66
334	64957	67.66
334	1625	67.66
334	50601	67.66
334	44195	67.66
334	27416	67.66
334	6867	67.66
334	2997	67.66
334	293	67.66
334	480	67.66
334	5378	67.66
334	51935	67.66
335	780	75.29
335	592	75.29
335	356	75.29
335	296	75.29
335	2699	75.29
335	2001	75.29
336	1267	88.00
336	1	88.00
336	38798	88.00
336	33660	88.00
336	1784	88.00
336	2001	88.00
336	2268	88.00
336	293	88.00
336	1625	88.00
336	4886	88.00
336	50	88.00
336	150	88.00
337	318	80.83
337	47	80.83
337	16	80.83
337	805	80.83
337	1393	80.83
337	266	80.83
337	667	80.83
337	168	80.83
337	784	80.83
337	65	80.83
337	110	80.83
337	708	80.83
337	25	80.83
337	1356	80.83
337	277	80.83
337	786	80.83
338	189111	60.00
338	190207	60.00
338	190215	60.00
338	190219	60.00
338	7153	60.00
338	593	60.00
338	187541	60.00
338	185029	60.00
339	72641	82.14
339	5445	82.14
339	84152	82.14
339	96079	82.14
339	106072	82.14
339	69122	82.14
339	5617	82.14
339	41285	82.14
339	56869	82.14
339	48322	82.14
339	65216	82.14
339	91630	82.14
339	86504	82.14
339	91529	82.14
339	83613	82.14
339	4993	82.14
339	3470	82.14
339	102407	82.14
339	2028	82.14
339	5952	82.14
340	10	69.90
340	110	69.90
340	150	69.90
340	153	69.90
340	161	69.90
340	165	69.90
340	185	69.90
340	208	69.90
340	253	69.90
340	288	69.90
340	292	69.90
340	296	69.90
340	316	69.90
340	318	69.90
340	329	69.90
340	344	69.90
340	349	69.90
340	356	69.90
340	454	69.90
340	457	69.90
340	480	69.90
340	589	69.90
340	590	69.90
340	592	69.90
340	595	69.90
340	648	69.90
340	780	69.90
340	1356	69.90
341	2335	76.88
341	3624	76.88
341	130087	76.88
341	1370	76.88
341	135137	76.88
341	117529	76.88
341	5459	76.88
341	45672	76.88
341	1	76.88
341	47099	76.88
341	4025	76.88
342	2683	60.49
342	2598	60.49
342	2881	60.49
342	2369	60.49
342	1268	60.49
342	2605	60.49
342	2599	60.49
342	1198	60.49
342	3157	60.49
342	3826	60.49
342	2428	60.49
342	2827	60.49
342	3863	60.49
342	1959	60.49
343	858	81.62
343	3000	81.62
343	48394	81.62
343	4226	81.62
343	4878	81.62
343	3993	81.62
343	2571	81.62
343	1617	81.62
343	31658	81.62
343	55363	81.62
343	55820	81.62
343	296	81.62
344	111362	72.95
344	380	72.95
344	316	72.95
344	2628	72.95
344	4226	72.95
344	2571	72.95
344	4014	72.95
344	2012	72.95
344	4034	72.95
344	260	72.95
344	2541	72.95
344	4973	72.95
344	5418	72.95
344	2712	72.95
345	1019	77.18
345	2539	77.18
345	926	77.18
345	5902	77.18
345	8810	77.18
345	344	77.18
345	5707	77.18
345	2366	77.18
345	56949	77.18
345	3649	77.18
345	6658	77.18
345	3489	77.18
345	412	77.18
346	3174	74.52
346	778	74.52
346	608	74.52
346	6711	74.52
346	6286	74.52
346	306	74.52
346	7323	74.52
346	307	74.52
346	3535	74.52
346	1212	74.52
346	357	74.52
346	3949	74.52
346	714	74.52
346	7937	74.52
346	7396	74.52
346	5878	74.52
346	1120	74.52
346	1131	74.52
346	3627	74.52
346	7115	74.52
347	434	70.71
347	590	70.71
347	39	70.71
347	150	70.71
347	454	70.71
347	380	70.71
347	587	70.71
347	317	70.71
347	457	70.71
348	318	92.57
348	2324	92.57
348	4368	92.57
348	1213	92.57
348	6016	92.57
348	2959	92.57
348	6893	92.57
348	4973	92.57
348	1221	92.57
348	1960	92.57
348	2019	92.57
349	10	73.91
349	161	73.91
349	589	73.91
349	381	73.91
349	349	73.91
349	231	73.91
349	588	73.91
349	509	73.91
350	852	67.20
350	7	67.20
350	637	67.20
350	648	67.20
350	733	67.20
350	12	67.20
350	858	67.20
350	661	67.20
351	88932	72.71
351	87222	72.71
351	73344	72.71
351	52579	72.71
351	2231	72.71
351	88744	72.71
351	43836	72.71
351	79132	72.71
351	597	72.71
351	58559	72.71
351	12	72.71
351	8914	72.71
351	8950	72.71
351	63082	72.71
351	6214	72.71
351	90376	72.71
351	84152	72.71
351	480	72.71
351	4878	72.71
351	1193	72.71
352	72998	74.66
352	71745	74.66
352	1801	74.66
352	34319	74.66
352	2600	74.66
352	65682	74.66
352	1080	74.66
352	79695	74.66
352	110730	74.66
352	38038	74.66
352	130490	74.66
352	97752	74.66
352	1214	74.66
352	94864	74.66
352	41566	74.66
352	56587	74.66
352	44191	74.66
352	114935	74.66
352	59315	74.66
352	47610	74.66
353	552	69.12
353	25	69.12
353	267	69.12
353	216	69.12
353	367	69.12
353	288	69.12
353	144	69.12
353	186	69.12
353	333	69.12
353	266	69.12
353	112	69.12
353	198	69.12
353	234	69.12
353	145	69.12
353	293	69.12
353	158	69.12
353	163	69.12
353	296	69.12
354	1610	73.60
354	4306	73.60
354	2692	73.60
354	3147	73.60
354	47	73.60
354	903	73.60
354	733	73.60
354	3977	73.60
354	1225	73.60
354	35836	73.60
354	648	73.60
354	44191	73.60
354	8665	73.60
354	1917	73.60
354	7147	73.60
354	1923	73.60
354	589	73.60
354	2959	73.60
354	4718	73.60
354	1196	73.60
355	316	80.00
355	1580	80.00
355	3035	80.00
355	3175	80.00
355	317	80.00
355	916	80.00
356	2248	80.42
356	52435	80.42
356	52975	80.42
356	7122	80.42
356	44889	80.42
356	1641	80.42
356	2706	80.42
356	4011	80.42
356	802	80.42
356	7323	80.42
356	2502	80.42
356	56367	80.42
356	1223	80.42
356	55118	80.42
356	3949	80.42
356	3996	80.42
356	1246	80.42
356	1466	80.42
356	223	80.42
356	7153	80.42
357	4354	79.86
357	8998	79.86
357	27329	79.86
357	2804	79.86
357	595	79.86
357	529	79.86
357	4663	79.86
357	4091	79.86
357	1224	79.86
357	1242	79.86
357	34	79.86
357	208	79.86
357	58559	79.86
357	6296	79.86
357	30793	79.86
357	1042	79.86
357	2100	79.86
357	551	79.86
357	471	79.86
357	2067	79.86
358	26095	60.80
358	605	60.80
358	5066	60.80
358	52328	60.80
358	2226	60.80
358	42728	60.80
358	7361	60.80
358	69844	60.80
358	36525	60.80
359	405	68.94
359	1092	68.94
359	1101	68.94
359	51412	68.94
359	648	68.94
359	296	68.94
359	1097	68.94
359	2396	68.94
359	2424	68.94
359	593	68.94
359	2701	68.94
359	2942	68.94
359	1682	68.94
359	2530	68.94
359	4995	68.94
360	1422	65.00
360	1620	65.00
360	1488	65.00
360	1711	65.00
360	1414	65.00
361	47099	61.31
361	1580	61.31
361	377	61.31
361	1552	61.31
361	49272	61.31
361	1263	61.31
361	53125	61.31
361	589	61.31
361	49822	61.31
361	8360	61.31
361	318	61.31
361	2529	61.31
361	5218	61.31
361	6188	61.31
361	2422	61.31
361	3082	61.31
361	1732	61.31
361	1370	61.31
361	46972	61.31
361	7458	61.31
362	1945	84.65
362	592	84.65
362	6539	84.65
362	51540	84.65
362	5989	84.65
362	637	84.65
362	70	84.65
362	7153	84.65
362	1252	84.65
362	44665	84.65
362	407	84.65
362	6874	84.65
362	2959	84.65
362	1196	84.65
362	1208	84.65
362	8961	84.65
362	48516	84.65
362	7438	84.65
362	356	84.65
362	1201	84.65
363	1552	65.26
363	1732	65.26
363	1517	65.26
363	296	65.26
363	653	65.26
363	318	65.26
364	858	83.33
364	9	83.33
364	783	83.33
364	376	83.33
364	1	83.33
365	59315	54.54
365	81229	54.54
365	128975	54.54
365	6874	54.54
365	90345	54.54
365	158872	54.54
365	129354	54.54
365	103075	54.54
365	135536	54.54
365	70286	54.54
365	112852	54.54
365	76077	54.54
365	112818	54.54
365	1777	54.54
365	6502	54.54
365	155820	54.54
365	541	54.54
365	95720	54.54
365	93270	54.54
365	135569	54.54
366	116797	81.05
366	59315	81.05
366	33794	81.05
366	91529	81.05
366	2028	81.05
366	122882	81.05
366	7438	81.05
367	926	77.73
367	3061	77.73
367	1270	77.73
367	1287	77.73
367	486	77.73
367	3536	77.73
367	3824	77.73
367	2384	77.73
367	3072	77.73
367	898	77.73
367	3618	77.73
367	3225	77.73
367	2248	77.73
367	3157	77.73
367	3969	77.73
367	3717	77.73
367	1259	77.73
367	4023	77.73
367	1196	77.73
367	1258	77.73
368	3753	57.10
368	2112	57.10
368	1944	57.10
368	2986	57.10
368	3869	57.10
368	1214	57.10
368	2947	57.10
368	415	57.10
368	3035	57.10
368	832	57.10
368	50	57.10
368	2819	57.10
368	1801	57.10
368	2490	57.10
368	1917	57.10
368	1391	57.10
368	2193	57.10
368	225	57.10
368	161	57.10
368	2881	57.10
369	1256	66.67
369	785	66.67
369	47	66.67
369	2706	66.67
369	839	66.67
369	377	66.67
369	52973	66.67
369	743	66.67
369	4214	66.67
369	5418	66.67
369	3863	66.67
369	1372	66.67
369	27904	66.67
369	60069	66.67
369	2857	66.67
369	1967	66.67
369	150	66.67
369	2011	66.67
369	1580	66.67
369	3174	66.67
370	4011	70.85
370	4878	70.85
370	8961	70.85
370	6377	70.85
370	2628	70.85
370	1748	70.85
370	2116	70.85
370	589	70.85
370	2329	70.85
370	7438	70.85
370	3977	70.85
370	1676	70.85
370	593	70.85
370	4973	70.85
370	4226	70.85
370	1240	70.85
370	1089	70.85
370	8636	70.85
370	2716	70.85
371	2571	90.80
371	112512	90.80
371	1258	90.80
371	4090	90.80
371	56715	90.80
371	3000	90.80
371	4226	90.80
371	4993	90.80
371	1748	90.80
372	335	67.33
372	924	67.33
372	318	67.33
372	1603	67.33
372	1479	67.33
372	589	67.33
372	81	67.33
372	387	67.33
372	616	67.33
372	337	67.33
372	1220	67.33
372	1201	67.33
372	165	67.33
372	1243	67.33
372	1258	67.33
372	377	67.33
372	1401	67.33
372	450	67.33
372	1206	67.33
372	1306	67.33
373	216	64.06
373	60	64.06
373	169	64.06
373	350	64.06
373	585	64.06
373	44	64.06
373	371	64.06
373	163	64.06
373	616	64.06
373	198	64.06
373	265	64.06
373	25	64.06
373	6	64.06
373	733	64.06
373	47	64.06
373	2	64.06
373	736	64.06
373	305	64.06
373	357	64.06
373	141	64.06
374	296	76.00
374	208	76.00
374	1219	76.00
374	480	76.00
374	592	76.00
374	1258	76.00
374	1339	76.00
375	344	79.00
375	1027	79.00
375	32	79.00
375	2628	79.00
375	3256	79.00
375	4226	79.00
375	500	79.00
376	91535	80.56
376	2002	80.56
376	1214	80.56
376	1101	80.56
376	2916	80.56
376	33794	80.56
376	1198	80.56
376	349	80.56
376	1371	80.56
376	376	80.56
376	1240	80.56
376	1375	80.56
376	4993	80.56
376	858	80.56
376	457	80.56
376	4226	80.56
376	5952	80.56
376	344	80.56
376	2763	80.56
376	2797	80.56
377	4942	78.41
377	2793	78.41
377	1262	78.41
377	2791	78.41
377	748	78.41
377	1345	78.41
377	5027	78.41
377	5113	78.41
377	27692	78.41
377	3421	78.41
377	6021	78.41
377	3364	78.41
377	2072	78.41
377	8641	78.41
377	2163	78.41
377	92760	78.41
377	2858	78.41
377	1503	78.41
377	2124	78.41
377	2015	78.41
378	33794	81.33
378	7153	81.33
378	48516	81.33
378	3114	81.33
378	858	81.33
378	68954	81.33
378	91529	81.33
378	71535	81.33
378	90600	81.33
378	364	81.33
379	318	69.09
379	377	69.09
379	19	69.09
379	292	69.09
379	480	69.09
379	367	69.09
379	597	69.09
379	344	69.09
380	60818	73.61
380	172875	73.61
380	172881	73.61
380	172887	73.61
380	355	73.61
380	6979	73.61
380	5476	73.61
380	2735	73.61
380	68194	73.61
380	63433	73.61
380	72356	73.61
380	105731	73.61
380	1833	73.61
380	551	73.61
380	6731	73.61
380	27831	73.61
380	1665	73.61
380	393	73.61
380	140956	73.61
380	2791	73.61
381	2085	71.16
381	1088	71.16
381	3253	71.16
381	185	71.16
381	317	71.16
381	27808	71.16
381	1240	71.16
381	19	71.16
381	3753	71.16
381	4321	71.16
381	72011	71.16
381	3082	71.16
381	333	71.16
381	2140	71.16
381	1385	71.16
381	2273	71.16
381	1208	71.16
381	457	71.16
381	104	71.16
381	2716	71.16
382	1204	68.75
382	142372	68.75
382	135532	68.75
382	1201	68.75
382	112171	68.75
382	1198	68.75
382	912	68.75
382	81847	68.75
382	4638	68.75
382	63540	68.75
382	1681	68.75
382	170289	68.75
382	103042	68.75
382	72737	68.75
382	2496	68.75
382	357	68.75
382	81537	68.75
382	59501	68.75
382	101362	68.75
382	4890	68.75
383	2436	75.24
383	2541	75.24
383	2496	75.24
383	1584	75.24
383	2558	75.24
383	1246	75.24
383	903	75.24
384	3527	60.91
384	1388	60.91
384	2683	60.91
384	2502	60.91
384	4333	60.91
384	3098	60.91
384	4396	60.91
384	457	60.91
384	358	60.91
384	968	60.91
384	2724	60.91
384	296	60.91
384	3991	60.91
384	1204	60.91
385	736	66.94
385	1080	66.94
385	249	66.94
385	1219	66.94
385	1036	66.94
385	1136	66.94
385	282	66.94
385	1073	66.94
385	1200	66.94
385	1228	66.94
385	1022	66.94
385	1007	66.94
385	1201	66.94
385	1246	66.94
385	344	66.94
385	589	66.94
385	1023	66.94
385	1287	66.94
385	594	66.94
385	1303	66.94
386	110	55.35
386	410	55.35
386	112	55.35
386	165	55.35
386	223	55.35
386	648	55.35
386	185	55.35
386	608	55.35
386	485	55.35
386	305	55.35
386	44	55.35
386	585	55.35
386	349	55.35
386	10	55.35
387	4393	64.92
387	5156	64.92
387	5780	64.92
387	7336	64.92
387	26124	64.92
387	40966	64.92
387	2712	64.92
387	5062	64.92
387	1247	64.92
387	5489	64.92
387	4195	64.92
387	7132	64.92
387	2946	64.92
387	1387	64.92
387	3000	64.92
387	51939	64.92
387	4995	64.92
387	912	64.92
387	7938	64.92
387	1783	64.92
388	6158	68.33
388	63239	68.33
388	33615	68.33
388	86298	68.33
388	62999	68.33
388	8360	68.33
389	17	85.71
389	140	85.71
389	628	85.71
389	762	85.71
389	743	85.71
389	95	85.71
389	32	85.71
390	6344	73.73
390	64957	73.73
390	4239	73.73
390	5220	73.73
390	1193	73.73
390	2571	73.73
390	9010	73.73
390	2291	73.73
390	5296	73.73
390	4226	73.73
390	7254	73.73
390	6377	73.73
390	63062	73.73
390	1206	73.73
390	2329	73.73
390	4014	73.73
390	1784	73.73
391	5575	74.18
391	500	74.18
391	3994	74.18
391	1213	74.18
391	516	74.18
391	199	74.18
391	4027	74.18
391	150	74.18
391	1408	74.18
391	4014	74.18
391	1527	74.18
391	1059	74.18
391	2916	74.18
391	4973	74.18
391	357	74.18
391	555	74.18
391	5026	74.18
391	4936	74.18
391	1210	74.18
391	3067	74.18
392	3004	63.75
392	2858	63.75
392	707	63.75
392	1198	63.75
392	1125	63.75
393	91658	74.51
393	102125	74.51
393	48394	74.51
393	36517	74.51
393	8636	74.51
393	110102	74.51
393	44199	74.51
393	5388	74.51
393	54259	74.51
393	4848	74.51
393	5669	74.51
393	1291	74.51
393	68848	74.51
393	86190	74.51
393	2571	74.51
393	1206	74.51
393	122892	74.51
393	106642	74.51
393	1625	74.51
393	106489	74.51
394	588	57.14
394	316	57.14
394	344	57.14
394	225	57.14
394	457	57.14
395	329	58.95
395	1025	58.95
395	296	58.95
395	160	58.95
395	208	58.95
395	173	58.95
395	485	58.95
395	355	58.95
395	520	58.95
395	595	58.95
395	126	58.95
395	48	58.95
395	367	58.95
396	1276	62.35
396	1597	62.35
396	1777	62.35
396	44	62.35
396	204	62.35
396	2081	62.35
397	4017	77.14
397	8645	77.14
397	1701	77.14
397	8228	77.14
397	6993	77.14
398	6408	85.00
398	1197	85.00
398	5971	85.00
398	7022	85.00
398	1198	85.00
398	60069	85.00
398	2455	85.00
398	1136	85.00
398	48516	85.00
398	82459	85.00
399	1198	76.36
399	110	76.36
399	5445	76.36
399	1196	76.36
399	593	76.36
399	480	76.36
399	1270	76.36
399	2194	76.36
400	608	90.00
400	356	90.00
400	2571	90.00
400	2959	90.00
400	7153	90.00
400	1221	90.00
400	3578	90.00
400	858	90.00
400	59615	90.00
401	5952	71.56
401	6297	71.56
401	55768	71.56
401	48982	71.56
401	166461	71.56
401	49274	71.56
401	50872	71.56
401	32031	71.56
401	79091	71.56
401	170939	71.56
401	38038	71.56
401	8360	71.56
401	3114	71.56
401	33615	71.56
401	1136	71.56
402	1084	76.00
402	597	76.00
402	52	76.00
402	329	76.00
402	296	76.00
402	586	76.00
402	315	76.00
402	1036	76.00
402	434	76.00
402	527	76.00
403	110	73.33
403	2427	73.33
403	3210	73.33
403	296	73.33
403	61465	73.33
403	1663	73.33
403	180	73.33
404	204	66.84
404	349	66.84
404	474	66.84
404	34	66.84
404	364	66.84
404	508	66.84
404	105	66.84
404	593	66.84
404	509	66.84
404	277	66.84
404	315	66.84
404	185	66.84
405	70708	80.88
405	293	80.88
405	7254	80.88
405	37731	80.88
405	2959	80.88
405	345	80.88
405	1213	80.88
405	7134	80.88
405	64614	80.88
405	6023	80.88
405	1241	80.88
405	2329	80.88
405	1247	80.88
405	3052	80.88
405	68237	80.88
405	1199	80.88
405	27592	80.88
405	27664	80.88
405	3418	80.88
405	1215	80.88
406	1586	63.33
406	135	63.33
406	56949	63.33
406	46972	63.33
406	724	63.33
407	7153	83.08
407	2959	83.08
407	6539	83.08
407	1240	83.08
407	54286	83.08
408	1198	83.75
408	122904	83.75
408	44840	83.75
408	165101	83.75
408	6618	83.75
408	1291	83.75
408	1210	83.75
408	89745	83.75
408	1278	83.75
408	7324	83.75
408	44	83.75
408	8641	83.75
408	115210	83.75
408	103596	83.75
408	68554	83.75
408	2571	83.75
408	109487	83.75
408	63131	83.75
408	80489	83.75
408	4649	83.75
409	2485	75.71
409	2490	75.71
409	2028	75.71
409	3812	75.71
409	1278	75.71
409	2997	75.71
409	296	75.71
409	1078	75.71
409	3016	75.71
409	1073	75.71
409	2683	75.71
409	2289	75.71
409	3846	75.71
409	912	75.71
409	2013	75.71
409	1911	75.71
409	2352	75.71
409	1230	75.71
409	2541	75.71
409	3174	75.71
410	389	81.54
410	3224	81.54
410	318	81.54
410	2302	81.54
410	4002	81.54
410	1060	81.54
410	4297	81.54
410	3263	81.54
410	1859	81.54
410	111	81.54
410	58	81.54
410	2145	81.54
410	3255	81.54
410	2321	81.54
410	3504	81.54
410	3948	81.54
410	11	81.54
410	4019	81.54
410	3	81.54
410	597	81.54
411	508	64.71
411	261	64.71
411	586	64.71
411	432	64.71
411	353	64.71
411	431	64.71
411	194	64.71
411	318	64.71
411	272	64.71
411	515	64.71
411	356	64.71
411	266	64.71
411	257	64.71
411	349	64.71
411	10	64.71
411	31	64.71
411	344	64.71
411	227	64.71
411	455	64.71
411	122	64.71
412	2828	77.23
412	2384	77.23
412	2915	77.23
412	903	77.23
412	608	77.23
412	2720	77.23
412	2858	77.23
412	1883	77.23
412	1307	77.23
412	1214	77.23
412	1784	77.23
412	2239	77.23
412	1	77.23
412	930	77.23
412	1136	77.23
412	2710	77.23
412	915	77.23
412	2398	77.23
412	17	77.23
412	1079	77.23
413	2706	91.43
413	1198	91.43
413	3753	91.43
413	2424	91.43
413	593	91.43
413	128360	91.43
413	4993	91.43
413	16	91.43
413	5574	91.43
413	3948	91.43
413	64957	91.43
413	2959	91.43
414	4458	68.01
414	4666	68.01
414	5285	68.01
414	5635	68.01
414	6033	68.01
414	6493	68.01
414	6563	68.01
414	6628	68.01
414	6797	68.01
414	48319	68.01
414	58879	68.01
414	169992	68.01
414	3802	68.01
414	3599	68.01
414	1600	68.01
414	8666	68.01
414	4975	68.01
414	7444	68.01
414	4081	68.01
414	177593	68.01
415	296	82.17
415	1213	82.17
415	4321	82.17
415	3507	82.17
415	4308	82.17
415	47	82.17
415	1021	82.17
415	111	82.17
415	2617	82.17
415	1276	82.17
415	3861	82.17
415	4369	82.17
415	99114	82.17
415	1221	82.17
415	63082	82.17
415	1234	82.17
415	45722	82.17
415	1197	82.17
415	175	82.17
416	5952	62.50
416	5951	62.50
416	531	62.50
416	1296	62.50
416	1199	62.50
416	1721	62.50
416	830	62.50
416	1206	62.50
416	7323	62.50
416	4848	62.50
416	3677	62.50
417	778	90.71
417	4995	90.71
417	4975	90.71
417	7254	90.71
417	1198	90.71
417	106782	90.71
417	27773	90.71
417	168250	90.71
417	1625	90.71
417	7153	90.71
417	74458	90.71
417	110102	90.71
417	48394	90.71
417	4878	90.71
418	356	76.10
418	296	76.10
418	63082	76.10
418	104374	76.10
418	1276	76.10
418	1136	76.10
418	117176	76.10
418	1573	76.10
418	137337	76.10
418	1682	76.10
418	5816	76.10
418	88125	76.10
418	74458	76.10
418	367	76.10
418	89745	76.10
418	45672	76.10
418	87869	76.10
418	7361	76.10
418	54001	76.10
419	4093	77.22
419	111	77.22
419	46976	77.22
419	27822	77.22
419	2858	77.22
419	319	77.22
419	6287	77.22
419	3578	77.22
419	1213	77.22
419	64969	77.22
419	47	77.22
419	79592	77.22
419	34319	77.22
419	89580	77.22
419	60756	77.22
419	27704	77.22
419	90943	77.22
419	2412	77.22
419	1240	77.22
419	52245	77.22
420	1161	77.71
420	4993	77.71
420	45499	77.71
420	923	77.71
420	26693	77.71
420	48385	77.71
420	1927	77.71
420	5608	77.71
420	2052	77.71
420	6934	77.71
420	7022	77.71
420	3979	77.71
420	59295	77.71
420	2329	77.71
420	54259	77.71
420	1131	77.71
420	2762	77.71
420	4973	77.71
420	5669	77.71
420	527	77.71
421	2858	77.39
421	909	77.39
421	5008	77.39
421	953	77.39
421	1178	77.39
421	2313	77.39
421	2478	77.39
421	1203	77.39
422	2539	68.47
422	2710	68.47
422	4947	68.47
422	4971	68.47
422	5039	68.47
422	4925	68.47
422	2581	68.47
422	4916	68.47
422	1265	68.47
422	2804	68.47
422	3053	68.47
422	2665	68.47
422	1283	68.47
422	4835	68.47
422	2908	68.47
422	3943	68.47
422	1213	68.47
422	2670	68.47
422	858	68.47
423	1653	79.29
423	110	79.29
423	2194	79.29
423	5349	79.29
423	1320	79.29
424	1193	73.09
424	141	73.09
424	2804	73.09
424	40278	73.09
424	608	73.09
424	108729	73.09
424	293	73.09
424	69122	73.09
424	1092	73.09
424	54503	73.09
424	58559	73.09
424	3186	73.09
424	66097	73.09
424	778	73.09
424	5679	73.09
424	3176	73.09
424	2288	73.09
424	2174	73.09
424	71668	73.09
424	112556	73.09
425	45517	70.79
425	377	70.79
425	2329	70.79
425	733	70.79
425	6	70.79
425	1645	70.79
425	8368	70.79
425	2081	70.79
425	4306	70.79
425	1680	70.79
425	1909	70.79
425	367	70.79
425	46723	70.79
425	1625	70.79
425	1036	70.79
425	4901	70.79
425	750	70.79
425	2353	70.79
425	1342	70.79
425	145	70.79
426	59784	70.89
426	150	70.89
426	471	70.89
426	337	70.89
426	54001	70.89
426	1197	70.89
426	6378	70.89
426	72641	70.89
426	4886	70.89
426	8644	70.89
426	37729	70.89
426	597	70.89
426	5444	70.89
426	91325	70.89
426	588	70.89
426	3247	70.89
426	4022	70.89
426	79091	70.89
427	4887	63.96
427	5463	63.96
427	5015	63.96
427	110	63.96
427	58	63.96
427	5528	63.96
427	6348	63.96
427	5312	63.96
427	2710	63.96
427	5696	63.96
427	4993	63.96
427	5266	63.96
427	2683	63.96
427	5400	63.96
427	5816	63.96
427	1208	63.96
427	5574	63.96
428	2471	53.04
428	2762	53.04
428	3827	53.04
428	1089	53.04
428	2953	53.04
428	2916	53.04
428	1380	53.04
428	1997	53.04
428	3440	53.04
428	4022	53.04
428	317	53.04
428	4255	53.04
428	1208	53.04
428	1391	53.04
428	6377	53.04
428	2581	53.04
428	260	53.04
428	3285	53.04
428	588	53.04
428	653	53.04
429	339	80.00
429	421	80.00
429	150	80.00
429	225	80.00
429	165	80.00
429	266	80.00
429	329	80.00
429	252	80.00
429	279	80.00
429	317	80.00
429	237	80.00
429	204	80.00
430	923	69.72
430	2987	69.72
430	3745	69.72
430	6287	69.72
430	2858	69.72
430	6365	69.72
430	2571	69.72
430	4447	69.72
430	4014	69.72
430	329	69.72
430	2076	69.72
430	4446	69.72
431	172	53.33
431	1625	53.33
431	1376	53.33
431	3948	53.33
431	802	53.33
432	1831	74.11
432	5630	74.11
432	6870	74.11
432	8640	74.11
432	6539	74.11
432	3916	74.11
432	5989	74.11
432	84189	74.11
432	110	74.11
432	35836	74.11
432	4886	74.11
432	2762	74.11
432	1206	74.11
432	49272	74.11
432	19	74.11
432	318	74.11
432	58559	74.11
432	69481	74.11
432	7158	74.11
432	33660	74.11
433	91529	70.77
433	1089	70.77
433	50	70.77
433	5299	70.77
433	110	70.77
434	1136	75.47
434	3147	75.47
434	1090	75.47
434	1265	75.47
434	5989	75.47
434	1101	75.47
434	1779	75.47
434	586	75.47
434	344	75.47
434	3863	75.47
434	1208	75.47
434	3160	75.47
434	589	75.47
434	780	75.47
434	6796	75.47
434	2791	75.47
434	4226	75.47
434	2194	75.47
434	8665	75.47
434	1291	75.47
435	2353	86.15
435	44191	86.15
435	485	86.15
435	3510	86.15
435	34405	86.15
435	2302	86.15
435	158	86.15
435	82459	86.15
435	48780	86.15
436	204	62.06
436	435	62.06
436	440	62.06
436	432	62.06
436	161	62.06
436	480	62.06
436	377	62.06
436	531	62.06
436	536	62.06
436	502	62.06
436	364	62.06
436	235	62.06
436	371	62.06
436	344	62.06
436	2	62.06
436	585	62.06
436	450	62.06
436	587	62.06
436	437	62.06
436	227	62.06
437	748	75.80
437	318	75.80
437	5	75.80
437	640	75.80
437	1299	75.80
437	1120	75.80
437	1396	75.80
437	1246	75.80
437	454	75.80
437	1171	75.80
437	1225	75.80
437	1183	75.80
437	1097	75.80
437	1307	75.80
437	1268	75.80
437	592	75.80
437	198	75.80
437	155	75.80
437	112	75.80
437	246	75.80
438	7154	66.77
438	2501	66.77
438	8966	66.77
438	27801	66.77
438	1527	66.77
438	6711	66.77
438	3898	66.77
438	1784	66.77
438	8644	66.77
438	6367	66.77
438	2424	66.77
438	3889	66.77
438	223	66.77
438	1517	66.77
438	7361	66.77
438	2641	66.77
438	5009	66.77
438	2617	66.77
438	3753	66.77
438	2393	66.77
439	356	79.17
439	4022	79.17
439	7153	79.17
439	78499	79.17
439	1240	79.17
440	8690	77.00
440	541	77.00
440	29	77.00
440	1653	77.00
440	1274	77.00
440	3174	77.00
440	1235	77.00
441	589	87.50
441	2683	87.50
441	2959	87.50
441	4306	87.50
441	260	87.50
441	296	87.50
441	51255	87.50
441	47	87.50
441	68358	87.50
442	2908	24.17
442	2881	24.17
442	1186	24.17
442	3752	24.17
442	4361	24.17
443	2329	81.74
443	79132	81.74
443	296	81.74
443	48394	81.74
443	106487	81.74
443	108190	81.74
443	7153	81.74
443	63082	81.74
444	356	73.85
444	592	73.85
444	208	73.85
444	21	73.85
444	111	73.85
444	110	73.85
444	235	73.85
444	296	73.85
444	344	73.85
445	2028	77.92
445	590	77.92
445	34405	77.92
445	47	77.92
445	116897	77.92
445	780	77.92
445	4011	77.92
445	899	77.92
445	593	77.92
445	33794	77.92
445	1080	77.92
445	45722	77.92
445	17	77.92
445	1230	77.92
445	306	77.92
445	2710	77.92
446	237	64.53
446	339	64.53
446	300	64.53
446	296	64.53
446	480	64.53
446	368	64.53
446	288	64.53
446	172	64.53
446	17	64.53
446	16	64.53
446	357	64.53
446	150	64.53
446	434	64.53
446	153	64.53
446	648	64.53
446	593	64.53
446	337	64.53
447	257	76.33
447	293	76.33
447	337	76.33
447	531	76.33
447	382	76.33
447	589	76.33
447	552	76.33
447	253	76.33
447	362	76.33
447	532	76.33
447	292	76.33
447	31	76.33
447	474	76.33
447	540	76.33
447	442	76.33
447	160	76.33
448	2368	57.46
448	3284	57.46
448	3933	57.46
448	6302	57.46
448	6476	57.46
448	7245	57.46
448	48262	57.46
448	49688	57.46
448	75803	57.46
448	75816	57.46
448	78116	57.46
448	79590	57.46
448	86593	57.46
448	92198	57.46
448	98908	57.46
448	100326	57.46
448	102819	57.46
448	104760	57.46
448	108715	57.46
448	109191	57.46
448	111680	57.46
448	113416	57.46
448	116207	57.46
448	116985	57.46
448	129657	57.46
448	130083	57.46
448	133377	57.46
448	136654	57.46
448	138546	57.46
448	142424	57.46
448	151777	57.46
448	152658	57.46
448	157130	57.46
448	158022	57.46
448	161290	57.46
448	164375	57.46
448	53996	57.46
448	136778	57.46
448	5418	57.46
448	288	57.46
448	88356	57.46
448	2580	57.46
448	155358	57.46
448	2889	57.46
448	4034	57.46
448	148888	57.46
448	81156	57.46
448	2713	57.46
448	103335	57.46
448	95441	57.46
448	34048	57.46
448	80126	57.46
448	3057	57.46
448	1057	57.46
448	2794	57.46
448	33830	57.46
448	8665	57.46
448	6059	57.46
448	110553	57.46
448	90374	57.46
448	151501	57.46
448	3764	57.46
448	6143	57.46
448	103819	57.46
448	4361	57.46
448	104913	57.46
448	3986	57.46
448	5528	57.46
448	1196	57.46
448	105351	57.46
448	83349	57.46
448	3276	57.46
448	1090	57.46
448	5349	57.46
448	587	57.46
448	106330	57.46
448	4677	57.46
448	95508	57.46
448	109895	57.46
448	110611	57.46
448	671	57.46
448	2289	57.46
448	152077	57.46
448	80693	57.46
448	111360	57.46
448	170	57.46
448	87444	57.46
448	94323	57.46
448	8493	57.46
448	3671	57.46
448	91653	57.46
448	4981	57.46
448	2991	57.46
448	78034	57.46
448	119145	57.46
448	5099	57.46
448	4299	57.46
448	2567	57.46
448	6996	57.46
448	109864	57.46
448	6582	57.46
448	73017	57.46
448	370	57.46
448	543	57.46
448	115617	57.46
448	590	57.46
448	154065	57.46
448	5553	57.46
448	41569	57.46
448	3286	57.46
448	6645	57.46
448	589	57.46
448	1920	57.46
448	2857	57.46
448	111663	57.46
448	78499	57.46
448	2657	57.46
448	6537	57.46
448	1148	57.46
448	46974	57.46
448	48516	57.46
448	80241	57.46
448	445	57.46
448	4262	57.46
448	3689	57.46
448	114935	57.46
448	6428	57.46
448	127194	57.46
448	109673	57.46
448	127096	57.46
448	89388	57.46
448	4156	57.46
448	3793	57.46
448	33679	57.46
448	2014	57.46
448	64285	57.46
448	3968	57.46
448	49530	57.46
448	3450	57.46
448	160563	57.46
448	5502	57.46
448	8169	57.46
448	6314	57.46
448	122490	57.46
448	3386	57.46
448	140725	57.46
448	4896	57.46
448	2642	57.46
448	127136	57.46
448	2763	57.46
448	2520	57.46
448	457	57.46
448	48783	57.46
448	3263	57.46
448	5400	57.46
448	5541	57.46
448	4011	57.46
448	58351	57.46
448	127132	57.46
448	152091	57.46
448	3698	57.46
448	435	57.46
448	4799	57.46
448	84152	57.46
448	3401	57.46
448	2858	57.46
448	3174	57.46
448	7076	57.46
448	106542	57.46
448	6218	57.46
448	2860	57.46
448	1283	57.46
448	3618	57.46
448	2616	57.46
448	90439	57.46
448	2404	57.46
448	4660	57.46
448	2530	57.46
448	26386	57.46
448	4327	57.46
448	3030	57.46
448	71464	57.46
448	32	57.46
448	91529	57.46
448	4158	57.46
448	99114	57.46
448	98585	57.46
448	93326	57.46
448	2268	57.46
448	80489	57.46
448	130576	57.46
448	105504	57.46
448	2791	57.46
448	50601	57.46
448	7007	57.46
448	4234	57.46
448	3623	57.46
448	80727	57.46
448	78467	57.46
448	8641	57.46
448	4128	57.46
448	106782	57.46
448	2537	57.46
448	112138	57.46
448	3247	57.46
448	112818	57.46
448	2027	57.46
448	3101	57.46
448	5779	57.46
448	82202	57.46
448	1704	57.46
448	98296	57.46
448	6863	57.46
448	89305	57.46
448	4203	57.46
448	1201	57.46
448	6212	57.46
448	637	57.46
448	84954	57.46
448	6814	57.46
448	94864	57.46
448	67695	57.46
448	159077	57.46
448	92439	57.46
448	6812	57.46
448	3156	57.46
448	802	57.46
448	118354	57.46
448	134130	57.46
448	138036	57.46
448	65135	57.46
448	52975	57.46
448	4368	57.46
448	90717	57.46
448	45722	57.46
448	79259	57.46
448	68157	57.46
448	4233	57.46
448	74458	57.46
448	3258	57.46
448	1262	57.46
448	3949	57.46
448	101025	57.46
448	69526	57.46
448	1831	57.46
448	1083	57.46
448	1884	57.46
448	1476	57.46
448	156609	57.46
448	3755	57.46
448	111659	57.46
448	4734	57.46
448	161	57.46
448	95201	57.46
448	135887	57.46
448	2598	57.46
448	87232	57.46
448	4634	57.46
448	5334	57.46
448	5459	57.46
448	146730	57.46
448	72694	57.46
448	157432	57.46
448	132488	57.46
448	4558	57.46
448	1375	57.46
448	6424	57.46
448	71518	57.46
448	2716	57.46
448	94780	57.46
448	3593	57.46
448	129354	57.46
448	158	57.46
448	1409	57.46
448	6514	57.46
448	2881	57.46
448	51662	57.46
448	90522	57.46
448	68554	57.46
448	2126	57.46
448	122932	57.46
448	93510	57.46
448	137857	57.46
448	125916	57.46
448	2953	57.46
448	2090	57.46
448	1760	57.46
448	480	57.46
448	58803	57.46
448	2109	57.46
448	50792	57.46
448	46062	57.46
448	85510	57.46
448	80864	57.46
448	112171	57.46
448	122900	57.46
448	2587	57.46
448	1527	57.46
448	117529	57.46
448	4993	57.46
448	92264	57.46
448	5247	57.46
448	533	57.46
448	912	57.46
448	26464	57.46
448	2249	57.46
448	4678	57.46
448	103772	57.46
448	114601	57.46
448	96861	57.46
448	420	57.46
448	59615	57.46
448	2349	57.46
448	109372	57.46
448	95207	57.46
448	348	57.46
448	19	57.46
448	136020	57.46
448	4502	57.46
448	91094	57.46
448	138208	57.46
448	3511	57.46
448	79428	57.46
448	2643	57.46
448	109183	57.46
448	2139	57.46
448	4212	57.46
448	5942	57.46
448	96417	57.46
448	112852	57.46
448	99728	57.46
448	89470	57.46
448	142448	57.46
448	64983	57.46
448	2640	57.46
448	2046	57.46
448	4881	57.46
448	3882	57.46
448	3744	57.46
448	1032	57.46
448	116799	57.46
448	5	57.46
448	4040	57.46
448	157407	57.46
448	2115	57.46
448	1617	57.46
448	4367	57.46
448	105254	57.46
448	3388	57.46
448	3760	57.46
448	2146	57.46
448	2968	57.46
448	6281	57.46
448	466	57.46
448	96448	57.46
448	86332	57.46
448	64969	57.46
448	115170	57.46
448	1036	57.46
448	3397	57.46
448	2474	57.46
448	1408	57.46
448	155743	57.46
448	106920	57.46
448	8542	57.46
448	120466	57.46
448	2051	57.46
448	7143	57.46
448	7150	57.46
448	89087	57.46
448	34150	57.46
448	2253	57.46
448	2973	57.46
449	1917	67.92
449	2502	67.92
449	4034	67.92
449	1222	67.92
449	2770	67.92
449	762	67.92
449	2011	67.92
449	2324	67.92
450	3977	78.75
450	589	78.75
450	110	78.75
450	3363	78.75
450	3535	78.75
450	3948	78.75
450	3409	78.75
450	1035	78.75
450	3568	78.75
450	358	78.75
450	1259	78.75
451	733	73.33
451	593	73.33
451	7	73.33
451	5	73.33
451	494	73.33
451	25	73.33
451	17	73.33
452	4025	91.03
452	2858	91.03
452	2617	91.03
452	5292	91.03
452	1206	91.03
452	1676	91.03
452	3219	91.03
452	47	91.03
452	3101	91.03
452	163	91.03
452	1092	91.03
452	1917	91.03
452	2126	91.03
452	1356	91.03
452	552	91.03
452	2628	91.03
452	1200	91.03
452	608	91.03
452	2707	91.03
452	3273	91.03
453	208	79.74
453	858	79.74
453	2335	79.74
453	4022	79.74
453	3618	79.74
453	1617	79.74
453	3452	79.74
453	1357	79.74
453	112	79.74
453	2671	79.74
453	1884	79.74
453	1894	79.74
453	2294	79.74
453	318	79.74
453	1614	79.74
453	3534	79.74
453	2959	79.74
453	798	79.74
453	5266	79.74
453	780	79.74
454	7361	73.93
454	2692	73.93
454	7116	73.93
454	55820	73.93
454	6016	73.93
454	27773	73.93
454	2160	73.93
454	2858	73.93
454	26131	73.93
455	272	70.56
455	432	70.56
455	367	70.56
455	590	70.56
455	253	70.56
455	364	70.56
455	555	70.56
455	252	70.56
455	110	70.56
455	225	70.56
455	588	70.56
455	597	70.56
456	1407	75.56
456	634	75.56
456	135	75.56
456	5	75.56
456	724	75.56
456	780	75.56
456	733	75.56
456	260	75.56
456	706	75.56
457	329	68.75
457	3593	68.75
457	2692	68.75
457	1356	68.75
457	223	68.75
457	2394	68.75
457	2701	68.75
457	3608	68.75
457	733	68.75
457	2094	68.75
458	597	82.16
458	185	82.16
458	10	82.16
458	380	82.16
458	95	82.16
458	454	82.16
458	300	82.16
458	595	82.16
458	153	82.16
458	587	82.16
458	150	82.16
458	552	82.16
459	79132	84.38
459	5618	84.38
459	8961	84.38
459	48780	84.38
459	50872	84.38
459	260	84.38
460	89039	85.38
460	4886	85.38
460	4703	85.38
460	3831	85.38
460	1441	85.38
460	4878	85.38
460	3483	85.38
460	8970	85.38
460	1	85.38
460	49272	85.38
460	40815	85.38
460	85414	85.38
460	68237	85.38
460	76093	85.38
460	47610	85.38
460	63082	85.38
460	2571	85.38
461	74458	60.00
461	2762	60.00
461	1036	60.00
461	91500	60.00
461	3578	60.00
461	539	60.00
462	26838	67.82
462	89090	67.82
462	164655	67.82
462	188189	67.82
462	1136	67.82
462	1219	67.82
462	158966	67.82
462	1248	67.82
462	508	67.82
462	1653	67.82
462	1674	67.82
462	8917	67.82
462	8620	67.82
462	3424	67.82
462	2146	67.82
462	7044	67.82
462	3814	67.82
462	1213	67.82
462	82857	67.82
462	26131	67.82
463	6377	76.50
463	2028	76.50
463	4310	76.50
463	3753	76.50
463	2006	76.50
463	1092	76.50
463	5995	76.50
464	1370	74.26
464	58025	74.26
464	63853	74.26
464	296	74.26
464	2019	74.26
464	3527	74.26
464	5254	74.26
464	7007	74.26
464	1101	74.26
464	1779	74.26
464	377	74.26
464	1653	74.26
464	55820	74.26
464	648	74.26
464	33493	74.26
464	1610	74.26
464	65088	74.26
464	74727	74.26
464	1617	74.26
464	62374	74.26
465	2941	82.63
465	2987	82.63
465	1200	82.63
465	3448	82.63
465	5060	82.63
465	1299	82.63
465	3703	82.63
465	3649	82.63
465	1625	82.63
465	292	82.63
465	904	82.63
465	3101	82.63
465	1754	82.63
465	750	82.63
465	1256	82.63
465	593	82.63
465	3732	82.63
465	3740	82.63
465	3334	82.63
465	377	82.63
466	5418	78.24
466	30793	78.24
466	79091	78.24
466	92259	78.24
466	5989	78.24
466	5459	78.24
466	318	78.24
466	63082	78.24
466	59784	78.24
466	5010	78.24
466	74458	78.24
466	6281	78.24
466	5952	78.24
466	8529	78.24
466	64716	78.24
466	68954	78.24
466	4993	78.24
466	45447	78.24
466	81845	78.24
466	55247	78.24
467	41	69.90
467	58	69.90
467	389	69.90
467	466	69.90
467	527	69.90
467	593	69.90
467	780	69.90
467	1183	69.90
467	1233	69.90
467	1357	69.90
467	1365	69.90
467	1408	69.90
467	1721	69.90
467	2028	69.90
467	2125	69.90
467	2324	69.90
467	2334	69.90
467	2384	69.90
467	2390	69.90
467	2393	69.90
467	2394	69.90
467	2493	69.90
468	592	71.00
468	349	71.00
468	1	71.00
468	317	71.00
468	296	71.00
468	32	71.00
468	165	71.00
469	3658	74.04
469	3832	74.04
469	3507	74.04
469	3032	74.04
469	2736	74.04
469	2132	74.04
469	1958	74.04
469	910	74.04
469	1090	74.04
469	1485	74.04
469	1388	74.04
469	2321	74.04
469	1234	74.04
469	2081	74.04
469	1193	74.04
469	36	74.04
469	2908	74.04
469	909	74.04
469	2023	74.04
469	3255	74.04
470	253	71.37
470	318	71.37
470	110	71.37
470	588	71.37
470	282	71.37
470	5	71.37
470	597	71.37
470	32	71.37
470	595	71.37
470	592	71.37
470	500	71.37
470	26	71.37
470	356	71.37
470	357	71.37
470	434	71.37
470	300	71.37
471	2571	77.65
471	8874	77.65
471	527	77.65
471	1	77.65
471	8360	77.65
471	7147	77.65
472	58559	80.00
472	3450	80.00
472	3298	80.00
472	2840	80.00
472	1221	80.00
472	858	80.00
473	4979	65.22
473	2959	65.22
473	60	65.22
473	7147	65.22
473	6281	65.22
473	3897	65.22
473	48322	65.22
473	2596	65.22
474	638	68.17
474	2179	68.17
474	2697	68.17
474	4046	68.17
474	5114	68.17
474	5311	68.17
474	5353	68.17
474	5455	68.17
474	5601	68.17
474	6201	68.17
474	6273	68.17
474	6382	68.17
474	6407	68.17
474	6592	68.17
474	6912	68.17
474	7702	68.17
474	7826	68.17
474	7832	68.17
474	7839	68.17
474	8057	68.17
474	8446	68.17
474	8458	68.17
474	8459	68.17
474	8611	68.17
474	8650	68.17
474	8774	68.17
474	8938	68.17
474	1466	68.17
474	6708	68.17
474	2940	68.17
474	2616	68.17
474	2334	68.17
474	7139	68.17
474	4218	68.17
474	371	68.17
474	750	68.17
474	2935	68.17
474	8645	68.17
474	5481	68.17
474	6370	68.17
474	25865	68.17
474	2553	68.17
474	912	68.17
474	2467	68.17
474	5548	68.17
474	7301	68.17
474	52967	68.17
474	5945	68.17
474	480	68.17
474	1983	68.17
474	3462	68.17
474	1068	68.17
474	8600	68.17
474	6650	68.17
474	8482	68.17
474	6791	68.17
474	4016	68.17
474	1784	68.17
474	3668	68.17
474	3977	68.17
474	8961	68.17
474	4160	68.17
474	30820	68.17
474	6984	68.17
474	2750	68.17
474	5034	68.17
474	7716	68.17
474	2612	68.17
474	4419	68.17
474	1300	68.17
474	4187	68.17
474	1187	68.17
474	6565	68.17
474	272	68.17
474	5440	68.17
474	25937	68.17
474	1099	68.17
474	3125	68.17
474	5826	68.17
474	5649	68.17
474	7256	68.17
474	4912	68.17
474	6016	68.17
474	1208	68.17
474	2083	68.17
474	3385	68.17
474	2310	68.17
474	3360	68.17
474	3163	68.17
474	1413	68.17
474	4081	68.17
474	1643	68.17
474	968	68.17
474	2116	68.17
474	26965	68.17
474	5954	68.17
474	1263	68.17
474	5116	68.17
474	3536	68.17
474	8778	68.17
474	63433	68.17
474	2952	68.17
474	318	68.17
474	3394	68.17
474	1200	68.17
474	3384	68.17
474	4356	68.17
474	932	68.17
474	7698	68.17
474	516	68.17
474	4873	68.17
474	48385	68.17
474	39869	68.17
474	1902	68.17
474	2641	68.17
474	7036	68.17
474	2181	68.17
474	4638	68.17
474	31116	68.17
474	2455	68.17
474	2146	68.17
474	628	68.17
474	3897	68.17
474	1030	68.17
474	4022	68.17
474	344	68.17
474	3196	68.17
474	92	68.17
474	237	68.17
474	6770	68.17
474	3259	68.17
474	3368	68.17
474	26151	68.17
474	1293	68.17
474	34072	68.17
474	3044	68.17
474	1639	68.17
474	5944	68.17
474	6539	68.17
474	477	68.17
474	7361	68.17
474	55687	68.17
474	58	68.17
474	4014	68.17
474	3467	68.17
474	8154	68.17
474	4191	68.17
474	2134	68.17
474	4644	68.17
474	4293	68.17
474	5013	68.17
474	1399	68.17
474	1196	68.17
474	2918	68.17
474	5899	68.17
474	4465	68.17
474	100	68.17
474	361	68.17
474	3341	68.17
474	8921	68.17
474	195	68.17
474	3789	68.17
474	4709	68.17
474	1588	68.17
474	3468	68.17
474	4678	68.17
474	2723	68.17
474	2118	68.17
474	1939	68.17
474	7019	68.17
474	3147	68.17
474	1792	68.17
474	33903	68.17
474	1682	68.17
474	41566	68.17
474	1693	68.17
474	1957	68.17
474	5021	68.17
474	2313	68.17
474	3870	68.17
474	948	68.17
474	47099	68.17
474	3447	68.17
474	6614	68.17
474	216	68.17
474	5619	68.17
474	3987	68.17
474	5060	68.17
474	3111	68.17
474	45950	68.17
474	32584	68.17
474	5525	68.17
474	2567	68.17
474	5956	68.17
474	7	68.17
474	1172	68.17
474	3217	68.17
474	8331	68.17
474	587	68.17
474	5238	68.17
474	1189	68.17
474	2416	68.17
474	832	68.17
474	3095	68.17
474	7386	68.17
474	1223	68.17
474	7058	68.17
474	5246	68.17
474	5418	68.17
474	27803	68.17
474	26	68.17
474	4002	68.17
474	1135	68.17
474	45	68.17
474	6945	68.17
474	2411	68.17
474	2520	68.17
474	7347	68.17
474	5375	68.17
474	5673	68.17
474	3039	68.17
474	7833	68.17
474	33781	68.17
474	720	68.17
474	2103	68.17
474	33154	68.17
474	608	68.17
474	1327	68.17
474	101	68.17
474	7061	68.17
474	5451	68.17
474	5682	68.17
474	5434	68.17
474	6609	68.17
474	31658	68.17
474	4578	68.17
474	2009	68.17
474	4704	68.17
474	7572	68.17
474	4929	68.17
474	3306	68.17
474	6334	68.17
474	5379	68.17
474	5437	68.17
474	42418	68.17
474	4128	68.17
474	7451	68.17
474	2786	68.17
474	2243	68.17
474	27846	68.17
474	6197	68.17
474	3264	68.17
474	3608	68.17
474	5603	68.17
474	6124	68.17
474	1222	68.17
474	1663	68.17
474	3566	68.17
474	3755	68.17
474	2628	68.17
474	4815	68.17
474	2089	68.17
474	7102	68.17
474	27706	68.17
474	7013	68.17
474	1348	68.17
474	45666	68.17
474	5755	68.17
474	4055	68.17
474	2058	68.17
474	4462	68.17
474	1544	68.17
474	2405	68.17
474	4998	68.17
474	273	68.17
474	1977	68.17
474	1732	68.17
474	7822	68.17
474	7073	68.17
474	41527	68.17
474	4787	68.17
474	1676	68.17
474	3708	68.17
474	6669	68.17
474	317	68.17
474	25940	68.17
474	971	68.17
474	7366	68.17
474	3115	68.17
474	7026	68.17
474	2710	68.17
474	50685	68.17
474	2114	68.17
474	3809	68.17
474	3516	68.17
474	2770	68.17
474	535	68.17
474	4878	68.17
474	5992	68.17
474	41997	68.17
474	1083	68.17
474	4487	68.17
474	7293	68.17
474	1016	68.17
474	2006	68.17
474	1007	68.17
474	4993	68.17
474	3412	68.17
474	5007	68.17
474	3929	68.17
474	6639	68.17
474	8712	68.17
474	1876	68.17
474	3546	68.17
474	34359	68.17
474	7579	68.17
474	7325	68.17
474	6837	68.17
474	2634	68.17
474	7753	68.17
474	8943	68.17
474	8385	68.17
474	4308	68.17
474	3246	68.17
474	3745	68.17
474	1148	68.17
474	42002	68.17
474	50740	68.17
474	3952	68.17
474	1927	68.17
474	7581	68.17
474	910	68.17
474	3948	68.17
474	54881	68.17
474	1284	68.17
474	4007	68.17
474	5341	68.17
474	3675	68.17
474	52975	68.17
474	6244	68.17
474	965	68.17
474	454	68.17
474	1247	68.17
474	7215	68.17
474	1282	68.17
474	8207	68.17
474	6242	68.17
474	6502	68.17
474	4509	68.17
474	3528	68.17
474	2391	68.17
474	4262	68.17
474	4039	68.17
474	42018	68.17
474	3271	68.17
474	976	68.17
474	48394	68.17
474	5384	68.17
474	5168	68.17
474	1358	68.17
474	6534	68.17
474	8773	68.17
474	2384	68.17
474	48780	68.17
474	1269	68.17
474	4600	68.17
474	2642	68.17
474	111	68.17
474	933	68.17
474	3578	68.17
474	5297	68.17
474	944	68.17
474	6020	68.17
474	2123	68.17
474	748	68.17
474	4896	68.17
474	5380	68.17
474	53953	68.17
474	3712	68.17
474	25996	68.17
474	1997	68.17
474	4464	68.17
474	4085	68.17
474	51540	68.17
474	2707	68.17
474	2069	68.17
474	6710	68.17
474	1488	68.17
474	6378	68.17
474	928	68.17
474	3038	68.17
474	7116	68.17
474	44511	68.17
474	594	68.17
474	1962	68.17
474	421	68.17
474	4316	68.17
474	2761	68.17
474	4823	68.17
474	892	68.17
474	1345	68.17
474	5294	68.17
474	1408	68.17
474	6579	68.17
474	3272	68.17
474	3421	68.17
474	3844	68.17
474	6787	68.17
474	37736	68.17
474	2249	68.17
474	1610	68.17
474	2468	68.17
474	3498	68.17
474	4902	68.17
474	6268	68.17
474	5225	68.17
474	5404	68.17
474	929	68.17
474	25999	68.17
474	7835	68.17
474	805	68.17
474	4126	68.17
475	6539	88.06
475	4993	88.06
475	87232	88.06
475	40815	88.06
475	5816	88.06
475	8644	88.06
475	81564	88.06
475	4701	88.06
475	81834	88.06
475	6564	88.06
475	68791	88.06
475	111759	88.06
475	7153	88.06
475	1527	88.06
475	71530	88.06
475	4896	88.06
475	106487	88.06
475	112852	88.06
475	3578	88.06
475	82461	88.06
476	594	75.45
476	34	75.45
476	380	75.45
476	158	75.45
476	153	75.45
476	586	75.45
476	440	75.45
476	364	75.45
476	378	75.45
476	357	75.45
476	224	75.45
476	165	75.45
476	296	75.45
476	11	75.45
477	34	74.94
477	913	74.94
477	3100	74.94
477	2105	74.94
477	1271	74.94
477	1207	74.94
477	70687	74.94
477	2174	74.94
477	45672	74.94
477	4571	74.94
477	3973	74.94
477	4226	74.94
477	1103	74.94
477	5291	74.94
477	348	74.94
477	3593	74.94
477	1	74.94
477	1274	74.94
477	6502	74.94
477	59615	74.94
478	1917	58.46
478	3114	58.46
478	594	58.46
478	1584	58.46
478	1101	58.46
479	5365	65.31
479	4488	65.31
479	524	65.31
479	1025	65.31
479	3707	65.31
479	1220	65.31
479	4010	65.31
479	3244	65.31
479	3526	65.31
479	4092	65.31
479	1968	65.31
479	4700	65.31
479	4003	65.31
479	3671	65.31
479	2671	65.31
479	341	65.31
479	2012	65.31
479	2542	65.31
479	454	65.31
479	2384	65.31
480	43914	65.46
480	2700	65.46
480	8533	65.46
480	2193	65.46
480	2797	65.46
480	3484	65.46
480	2571	65.46
480	1210	65.46
480	2596	65.46
480	8866	65.46
480	47610	65.46
480	6306	65.46
480	5379	65.46
480	2018	65.46
480	7153	65.46
480	3911	65.46
480	44191	65.46
480	38061	65.46
480	5673	65.46
480	380	65.46
481	1608	53.68
481	1687	53.68
481	1629	53.68
481	1729	53.68
481	1620	53.68
481	1597	53.68
481	1485	53.68
482	2068	68.84
482	8985	68.84
482	1036	68.84
482	474	68.84
482	1042	68.84
482	4389	68.84
482	780	68.84
482	27706	68.84
482	3211	68.84
482	1610	68.84
482	4367	68.84
482	1374	68.84
482	1220	68.84
482	1602	68.84
482	653	68.84
482	592	68.84
482	30812	68.84
482	4862	68.84
482	8361	68.84
482	8529	68.84
483	105325	72.77
483	783	72.77
483	2541	72.77
483	2959	72.77
483	109971	72.77
483	45722	72.77
483	1199	72.77
483	50872	72.77
483	2000	72.77
483	4306	72.77
483	69757	72.77
483	2683	72.77
483	2273	72.77
483	1588	72.77
483	109487	72.77
483	66934	72.77
483	1721	72.77
483	2328	72.77
483	68522	72.77
483	8972	72.77
484	93320	76.86
484	1438	76.86
484	6155	76.86
484	6944	76.86
484	2706	76.86
484	33166	76.86
484	6874	76.86
484	3697	76.86
484	1059	76.86
484	76293	76.86
484	919	76.86
484	2762	76.86
484	1821	76.86
484	837	76.86
484	5810	76.86
484	1753	76.86
484	3254	76.86
484	4718	76.86
484	2413	76.86
484	3646	76.86
485	588	77.14
485	161	77.14
485	253	77.14
485	292	77.14
485	231	77.14
486	653	81.71
486	47	81.71
486	110	81.71
486	153	81.71
486	474	81.71
486	95	81.71
486	288	81.71
486	329	81.71
486	161	81.71
486	318	81.71
486	292	81.71
486	6	81.71
487	27611	60.57
487	8961	60.57
487	318	60.57
487	1198	60.57
487	31658	60.57
487	1197	60.57
487	6539	60.57
487	5445	60.57
487	116797	60.57
487	4027	60.57
487	8874	60.57
487	86377	60.57
488	720	76.67
488	838	76.67
488	608	76.67
488	1223	76.67
488	26	76.67
488	5135	76.67
488	2109	76.67
488	7720	76.67
488	7303	76.67
488	4014	76.67
488	5995	76.67
488	457	76.67
488	105	76.67
488	1136	76.67
488	272	76.67
488	1269	76.67
488	3176	76.67
488	1278	76.67
488	1125	76.67
488	910	76.67
489	79536	60.78
489	86000	60.78
489	4848	60.78
489	736	60.78
489	8387	60.78
489	4700	60.78
489	45666	60.78
489	4720	60.78
489	2683	60.78
489	2021	60.78
489	2389	60.78
489	1619	60.78
489	950	60.78
489	58559	60.78
489	2236	60.78
489	2167	60.78
489	1616	60.78
489	247	60.78
489	376	60.78
489	2717	60.78
490	46578	64.32
490	89492	64.32
490	81591	64.32
490	91077	64.32
490	60074	64.32
490	5816	64.32
490	4144	64.32
490	54001	64.32
490	1	64.32
490	1784	64.32
490	7153	64.32
490	4993	64.32
490	89759	64.32
490	86320	64.32
490	60128	64.32
490	76251	64.32
490	8368	64.32
490	69122	64.32
490	2006	64.32
490	78499	64.32
491	106782	85.50
491	69757	85.50
491	7293	85.50
491	27808	85.50
491	4246	85.50
491	3948	85.50
491	104374	85.50
491	86833	85.50
491	140110	85.50
491	8529	85.50
491	180231	85.50
491	4306	85.50
491	88405	85.50
492	736	77.25
492	784	77.25
492	628	77.25
492	858	77.25
492	852	77.25
492	64	77.25
492	990	77.25
492	830	77.25
492	743	77.25
492	62	77.25
492	52	77.25
492	1499	77.25
492	66	77.25
492	1210	77.25
492	881	77.25
492	1474	77.25
492	1405	77.25
492	724	77.25
492	1047	77.25
492	65	77.25
493	2985	70.00
493	4444	70.00
493	2916	70.00
493	1275	70.00
493	2571	70.00
493	1527	70.00
493	2028	70.00
493	3793	70.00
493	2167	70.00
493	1215	70.00
493	4701	70.00
493	2924	70.00
493	260	70.00
494	1196	86.15
494	4498	86.15
494	3578	86.15
494	2028	86.15
494	1210	86.15
495	140523	80.00
495	115149	80.00
495	1259	80.00
495	1721	80.00
495	136562	80.00
495	80489	80.00
495	19	80.00
495	50872	80.00
495	231	80.00
495	102123	80.00
495	52319	80.00
495	7254	80.00
495	7360	80.00
495	8528	80.00
495	1645	80.00
495	46578	80.00
495	30810	80.00
495	2918	80.00
495	148626	80.00
495	56775	80.00
496	1221	63.89
496	99149	63.89
496	858	63.89
496	904	63.89
496	8865	63.89
496	114713	63.89
497	1193	71.56
497	112556	71.56
497	112290	71.56
497	1916	71.56
497	92259	71.56
497	2329	71.56
497	112552	71.56
497	1258	71.56
497	2762	71.56
497	5349	71.56
497	111362	71.56
498	344	85.45
498	231	85.45
498	648	85.45
498	10	85.45
498	300	85.45
498	356	85.45
498	316	85.45
499	1202	78.12
499	2337	78.12
499	38304	78.12
499	327	78.12
499	56286	78.12
499	1304	78.12
500	2599	61.85
500	2987	61.85
500	543	61.85
500	2700	61.85
500	2542	61.85
500	1265	61.85
500	2916	61.85
500	356	61.85
500	3301	61.85
500	1784	61.85
500	1914	61.85
500	595	61.85
500	2355	61.85
500	3536	61.85
500	1885	61.85
500	322	61.85
500	838	61.85
500	720	61.85
501	6	63.57
501	62	63.57
501	93	63.57
501	45	63.57
501	3	63.57
501	637	63.57
501	11	63.57
501	18	63.57
501	662	63.57
502	7236	77.27
502	1077	77.27
502	4412	77.27
502	3469	77.27
502	2001	77.27
502	2520	77.27
502	1777	77.27
503	7455	68.67
503	7361	68.67
503	4878	68.67
503	356	68.67
503	91500	68.67
503	593	68.67
503	527	68.67
503	858	68.67
503	4226	68.67
503	1259	68.67
503	1342	68.67
503	2877	68.67
503	92509	68.67
503	90866	68.67
503	500	68.67
503	441	68.67
503	48516	68.67
503	2858	68.67
503	48394	68.67
504	4995	75.09
504	5812	75.09
504	2321	75.09
504	1	75.09
504	3556	75.09
504	7153	75.09
504	6708	75.09
504	1288	75.09
504	6927	75.09
504	4033	75.09
504	4700	75.09
504	6565	75.09
504	342	75.09
504	3408	75.09
504	6879	75.09
504	4361	75.09
504	5952	75.09
504	5955	75.09
505	1241	82.11
505	4105	82.11
505	1029	82.11
505	74685	82.11
505	273	82.11
505	6502	82.11
505	54999	82.11
506	59258	70.77
506	54272	70.77
506	37741	70.77
506	56782	70.77
506	62293	70.77
506	51834	70.77
506	49286	70.77
506	112556	70.77
506	61024	70.77
507	165	70.00
507	266	70.00
507	253	70.00
507	377	70.00
507	593	70.00
508	2872	42.67
508	2011	42.67
508	1952	42.67
508	1175	42.67
508	898	42.67
509	26958	64.34
509	130073	64.34
509	2028	64.34
509	87232	64.34
509	33830	64.34
509	5313	64.34
509	48	64.34
509	2090	64.34
509	2080	64.34
509	6942	64.34
509	8907	64.34
509	6156	64.34
509	5816	64.34
509	39	64.34
509	3988	64.34
509	6807	64.34
509	7458	64.34
509	1196	64.34
509	45447	64.34
509	616	64.34
510	1882	55.57
510	7026	55.57
510	35836	55.57
510	494	55.57
510	1198	55.57
510	514	55.57
510	457	55.57
510	2935	55.57
510	858	55.57
510	2699	55.57
510	317	55.57
510	8949	55.57
510	2918	55.57
510	145	55.57
510	1262	55.57
510	6787	55.57
510	1208	55.57
510	372	55.57
510	1242	55.57
510	40819	55.57
511	2959	81.56
511	53953	81.56
511	115149	81.56
511	164179	81.56
511	6534	81.56
511	99114	81.56
511	92259	81.56
511	318	81.56
511	2324	81.56
511	1653	81.56
511	56757	81.56
512	480	75.62
512	150	75.62
512	349	75.62
512	47	75.62
512	350	75.62
512	442	75.62
512	457	75.62
512	50	75.62
512	317	75.62
512	593	75.62
513	5952	76.00
513	318	76.00
513	2174	76.00
513	235	76.00
513	1304	76.00
513	1220	76.00
513	1080	76.00
514	1335	66.48
514	5704	66.48
514	62586	66.48
514	168358	66.48
514	180263	66.48
514	1704	66.48
514	2005	66.48
514	2792	66.48
514	2013	66.48
514	1673	66.48
514	134130	66.48
514	76093	66.48
514	1333	66.48
514	58998	66.48
514	68157	66.48
514	2406	66.48
514	3210	66.48
514	54503	66.48
514	4855	66.48
514	1644	66.48
515	33794	98.12
515	2028	98.12
515	527	98.12
515	91529	98.12
515	58559	98.12
515	2959	98.12
516	260	69.90
516	457	69.90
516	480	69.90
516	647	69.90
516	708	69.90
516	1042	69.90
516	1090	69.90
516	1197	69.90
516	1198	69.90
516	1954	69.90
516	1958	69.90
516	2021	69.90
516	2259	69.90
516	2268	69.90
516	3052	69.90
516	3471	69.90
516	4027	69.90
516	4291	69.90
516	4306	69.90
516	4321	69.90
516	4322	69.90
516	4333	69.90
516	4337	69.90
516	4349	69.90
516	4361	69.90
516	4429	69.90
517	4306	48.98
517	53125	48.98
517	1265	48.98
517	165489	48.98
517	97938	48.98
517	88744	48.98
517	86880	48.98
517	4148	48.98
517	26761	48.98
517	3398	48.98
517	1293	48.98
517	3988	48.98
517	2858	48.98
517	4963	48.98
517	1204	48.98
517	1704	48.98
517	47629	48.98
517	7669	48.98
517	1206	48.98
517	46578	48.98
518	3101	69.33
518	2657	69.33
518	783	69.33
518	1876	69.33
518	6365	69.33
519	1704	88.12
519	356	88.12
519	140110	88.12
519	6378	88.12
519	7445	88.12
519	1968	88.12
520	7266	77.12
520	318	77.12
520	1049	77.12
520	59315	77.12
520	4995	77.12
520	32	77.12
520	2716	77.12
520	4333	77.12
520	1291	77.12
520	1732	77.12
520	4085	77.12
520	2723	77.12
520	3081	77.12
520	3994	77.12
520	33493	77.12
520	135	77.12
520	2393	77.12
520	60516	77.12
520	2406	77.12
520	1584	77.12
521	661	72.00
521	112	72.00
521	86	72.00
521	104	72.00
521	58	72.00
521	79	72.00
521	52	72.00
521	852	72.00
522	99114	76.94
522	81932	76.94
522	89492	76.94
522	63113	76.94
522	2959	76.94
522	1193	76.94
522	1375	76.94
522	4993	76.94
522	223	76.94
522	27611	76.94
522	76060	76.94
522	180	76.94
522	59315	76.94
522	1617	76.94
522	10	76.94
522	67255	76.94
522	2023	76.94
522	6187	76.94
522	318	76.94
522	127098	76.94
523	168252	93.33
523	8970	93.33
523	5989	93.33
523	318	93.33
523	91529	93.33
523	1721	93.33
523	293	93.33
523	65261	93.33
523	4270	93.33
523	3147	93.33
523	27731	93.33
523	134130	93.33
523	31696	93.33
523	527	93.33
523	101962	93.33
524	1356	69.77
524	150	69.77
524	552	69.77
524	748	69.77
524	344	69.77
524	442	69.77
524	253	69.77
524	1225	69.77
524	20	69.77
524	589	69.77
524	1242	69.77
524	544	69.77
524	173	69.77
524	1302	69.77
524	380	69.77
524	457	69.77
524	1020	69.77
524	788	69.77
524	193	69.77
524	466	69.77
525	120807	71.28
525	317	71.28
525	6863	71.28
525	8622	71.28
525	33004	71.28
525	7147	71.28
525	2396	71.28
525	40815	71.28
525	137337	71.28
525	1639	71.28
525	1968	71.28
525	91869	71.28
525	45880	71.28
525	2100	71.28
525	339	71.28
525	4886	71.28
525	50872	71.28
525	86332	71.28
525	8983	71.28
525	3996	71.28
526	593	83.33
526	55247	83.33
526	46578	83.33
526	176415	83.33
526	1295	83.33
526	90430	83.33
526	4014	83.33
526	2352	83.33
526	176413	83.33
526	215	83.33
526	81845	83.33
526	51255	83.33
527	2137	82.22
527	3114	82.22
527	3210	82.22
527	3016	82.22
527	2161	82.22
527	4571	82.22
527	2118	82.22
527	3421	82.22
527	455	82.22
527	2867	82.22
527	2450	82.22
527	1909	82.22
527	1214	82.22
527	4299	82.22
527	736	82.22
527	2477	82.22
527	588	82.22
527	4016	82.22
527	1259	82.22
527	2533	82.22
528	4886	68.91
528	2278	68.91
528	80906	68.91
528	4037	68.91
528	1240	68.91
528	64614	68.91
528	3821	68.91
528	150	68.91
528	1291	68.91
528	80463	68.91
528	593	68.91
528	99813	68.91
528	85342	68.91
528	48516	68.91
528	58559	68.91
529	653	63.75
529	135	63.75
529	65	63.75
529	62	63.75
529	733	63.75
530	292	76.25
530	500	76.25
530	300	76.25
530	586	76.25
530	593	76.25
530	11	76.25
531	593	73.85
531	590	73.85
531	919	73.85
531	480	73.85
531	1215	73.85
532	1721	86.25
532	4863	86.25
532	457	86.25
532	290	86.25
532	1245	86.25
532	1242	86.25
532	2023	86.25
532	2329	86.25
532	1304	86.25
532	517	86.25
533	1200	90.42
533	6502	90.42
533	79132	90.42
533	46578	90.42
533	93840	90.42
533	4973	90.42
533	2455	90.42
533	66934	90.42
534	116724	75.83
534	97913	75.83
534	94953	75.83
534	2003	75.83
534	2167	75.83
534	7569	75.83
534	153	75.83
534	1485	75.83
534	65514	75.83
534	104218	75.83
534	344	75.83
534	2571	75.83
534	5445	75.83
534	95875	75.83
534	112818	75.83
534	82461	75.83
534	96610	75.83
534	2987	75.83
534	138036	75.83
534	1566	75.83
535	2571	46.32
535	2581	46.32
535	2700	46.32
535	2688	46.32
535	2583	46.32
535	2882	46.32
536	232	66.40
536	272	66.40
536	356	66.40
536	335	66.40
536	225	66.40
536	150	66.40
536	434	66.40
536	589	66.40
537	80906	80.34
537	367	80.34
537	7153	80.34
537	53322	80.34
537	104218	80.34
537	97304	80.34
537	6539	80.34
537	318	80.34
537	89745	80.34
537	105504	80.34
538	595	91.30
538	3671	91.30
538	80549	91.30
538	4039	91.30
538	69757	91.30
538	5047	91.30
538	44889	91.30
538	66934	91.30
539	4306	74.58
539	6753	74.58
539	5218	74.58
539	50872	74.58
539	88	74.58
539	3301	74.58
539	4886	74.58
539	69122	74.58
540	2598	81.92
540	2959	81.92
540	1073	81.92
540	8874	81.92
540	1681	81.92
540	2183	81.92
540	2841	81.92
540	2747	81.92
540	1196	81.92
541	590	66.55
541	457	66.55
541	413	66.55
541	15	66.55
541	110	66.55
541	595	66.55
541	597	66.55
541	480	66.55
541	356	66.55
541	203	66.55
541	529	66.55
541	357	66.55
541	22	66.55
541	345	66.55
541	546	66.55
541	586	66.55
541	281	66.55
541	350	66.55
542	6539	70.54
542	30793	70.54
542	5299	70.54
542	2542	70.54
542	34319	70.54
542	33679	70.54
542	4963	70.54
542	5481	70.54
542	1997	70.54
542	4025	70.54
542	3623	70.54
542	924	70.54
542	4369	70.54
542	6378	70.54
542	2571	70.54
542	7254	70.54
542	41566	70.54
542	37733	70.54
542	7361	70.54
542	45517	70.54
543	73881	86.25
543	1702	86.25
543	595	86.25
543	3301	86.25
543	231	86.25
543	2378	86.25
543	2379	86.25
543	86882	86.25
543	6377	86.25
543	588	86.25
543	377	86.25
543	48385	86.25
543	2571	86.25
543	4526	86.25
543	4388	86.25
543	92259	86.25
544	1	69.90
544	3	69.90
544	14	69.90
544	32	69.90
544	40	69.90
544	62	69.90
544	68	69.90
544	95	69.90
544	116	69.90
544	619	69.90
544	626	69.90
544	648	69.90
544	650	69.90
544	694	69.90
544	736	69.90
544	780	69.90
544	839	69.90
544	1042	69.90
544	1047	69.90
544	1059	69.90
544	1105	69.90
544	1356	69.90
545	1438	63.57
545	1267	63.57
545	2763	63.57
545	1367	63.57
545	44	63.57
546	1270	68.00
546	3328	68.00
546	480	68.00
546	1970	68.00
546	2456	68.00
546	1976	68.00
546	589	68.00
546	2657	68.00
546	1673	68.00
546	3941	68.00
546	3959	68.00
546	3566	68.00
546	1977	68.00
547	1211	80.00
547	2859	80.00
547	2917	80.00
547	1394	80.00
547	1288	80.00
548	69	69.90
548	260	69.90
548	356	69.90
548	733	69.90
548	1196	69.90
548	1393	69.90
548	1477	69.90
548	1621	69.90
548	2571	69.90
548	2716	69.90
548	3263	69.90
548	3578	69.90
548	3916	69.90
548	4776	69.90
548	4899	69.90
548	5955	69.90
548	6874	69.90
548	7458	69.90
548	8531	69.90
548	49910	69.90
548	58559	69.90
548	74532	69.90
548	80862	69.90
548	122904	69.90
548	125916	69.90
548	168712	69.90
549	2571	69.17
549	2028	69.17
549	4226	69.17
549	1210	69.17
549	589	69.17
550	167296	84.71
550	102125	84.71
550	106782	84.71
550	116797	84.71
550	112852	84.71
550	122882	84.71
551	5010	74.51
551	34162	74.51
551	60069	74.51
551	1544	74.51
551	45186	74.51
551	103772	74.51
551	51935	74.51
551	4226	74.51
551	2353	74.51
551	7153	74.51
551	5989	74.51
551	135569	74.51
551	115149	74.51
551	88129	74.51
551	134130	74.51
551	6934	74.51
551	47	74.51
551	4701	74.51
551	2959	74.51
551	98809	74.51
552	2916	62.31
552	3317	62.31
552	1405	62.31
552	2953	62.31
552	2245	62.31
552	2944	62.31
552	2890	62.31
552	2125	62.31
552	508	62.31
552	3948	62.31
552	5349	62.31
552	2959	62.31
552	2857	62.31
552	173	62.31
552	2991	62.31
552	2871	62.31
552	2628	62.31
552	4308	62.31
552	4878	62.31
552	3101	62.31
553	55765	85.96
553	3481	85.96
553	1923	85.96
553	2571	85.96
553	4011	85.96
553	50	85.96
553	3949	85.96
553	1089	85.96
553	44199	85.96
553	5513	85.96
553	2231	85.96
553	2395	85.96
553	3052	85.96
553	61257	85.96
553	1221	85.96
553	33166	85.96
553	2959	85.96
554	1196	80.00
554	1022	80.00
554	2820	80.00
554	1207	80.00
554	1517	80.00
554	1282	80.00
554	1210	80.00
554	1760	80.00
554	2282	80.00
554	1225	80.00
554	907	80.00
554	1358	80.00
554	2096	80.00
554	1028	80.00
554	593	80.00
554	608	80.00
554	953	80.00
554	2324	80.00
555	790	69.37
555	3664	69.37
555	1	69.37
555	3111	69.37
555	3395	69.37
555	104	69.37
555	1334	69.37
555	2506	69.37
555	2072	69.37
555	4002	69.37
555	1266	69.37
555	2641	69.37
555	2256	69.37
555	2791	69.37
555	2701	69.37
555	1333	69.37
555	1320	69.37
555	337	69.37
555	1393	69.37
555	3526	69.37
556	162600	82.00
556	122890	82.00
556	3081	82.00
556	88125	82.00
556	588	82.00
556	72998	82.00
556	74789	82.00
557	648	80.00
557	231	80.00
557	1291	80.00
557	260	80.00
557	1210	80.00
557	150	80.00
558	5329	78.86
558	5064	78.86
558	4903	78.86
558	2297	78.86
558	2568	78.86
558	4993	78.86
558	4306	78.86
558	367	78.86
558	5283	78.86
558	1097	78.86
558	4164	78.86
558	5294	78.86
559	552	64.17
559	608	64.17
559	355	64.17
559	329	64.17
559	544	64.17
559	1527	64.17
559	173	64.17
559	377	64.17
559	745	64.17
559	174	64.17
559	529	64.17
559	350	64.17
559	349	64.17
559	533	64.17
559	836	64.17
559	1210	64.17
559	420	64.17
559	786	64.17
559	227	64.17
559	253	64.17
560	5839	71.26
560	91535	71.26
560	136018	71.26
560	67997	71.26
560	79132	71.26
560	3253	71.26
560	142558	71.26
560	2355	71.26
560	39435	71.26
560	1527	71.26
560	40414	71.26
560	64614	71.26
560	48744	71.26
560	56587	71.26
560	593	71.26
560	76251	71.26
560	84944	71.26
560	109313	71.26
560	5878	71.26
560	40819	71.26
561	168174	67.86
561	5308	67.86
561	78469	67.86
561	3703	67.86
561	60069	67.86
561	91535	67.86
561	2105	67.86
561	73017	67.86
561	5445	67.86
561	2000	67.86
561	83134	67.86
561	79132	67.86
561	79592	67.86
561	80463	67.86
561	89745	67.86
561	527	67.86
561	8972	67.86
561	353	67.86
561	33162	67.86
561	68157	67.86
562	27140	81.90
562	6870	81.90
562	6377	81.90
562	2580	81.90
562	1249	81.90
562	4776	81.90
562	36529	81.90
562	1259	81.90
562	1982	81.90
562	2268	81.90
562	2133	81.90
562	83134	81.90
562	3210	81.90
562	48394	81.90
562	30707	81.90
562	33836	81.90
562	2692	81.90
562	88163	81.90
562	99191	81.90
562	1240	81.90
563	61071	66.62
563	70932	66.62
563	80858	66.62
563	919	66.62
563	74450	66.62
563	588	66.62
563	5943	66.62
563	118997	66.62
563	86833	66.62
563	1197	66.62
563	128832	66.62
563	85397	66.62
563	45221	66.62
563	33499	66.62
563	7380	66.62
563	96821	66.62
563	81784	66.62
563	95307	66.62
563	65585	66.62
563	55250	66.62
564	50942	71.65
564	356	71.65
564	31685	71.65
564	131013	71.65
564	61024	71.65
564	79224	71.65
564	87869	71.65
564	500	71.65
564	108156	71.65
564	81784	71.65
564	93270	71.65
564	6188	71.65
564	106918	71.65
564	65230	71.65
564	67087	71.65
564	80693	71.65
564	94677	71.65
564	8984	71.65
564	73266	71.65
564	2671	71.65
565	590	74.44
565	231	74.44
565	19	74.44
565	21	74.44
565	50	74.44
565	539	74.44
566	648	71.06
566	10	71.06
566	231	71.06
566	329	71.06
566	342	71.06
566	141	71.06
566	203	71.06
566	345	71.06
566	39	71.06
566	497	71.06
566	265	71.06
566	588	71.06
566	708	71.06
566	353	71.06
566	2	71.06
567	8189	45.58
567	26743	45.58
567	92681	45.58
567	109897	45.58
567	152071	45.58
567	5690	45.58
567	136602	45.58
567	122888	45.58
567	6333	45.58
567	1274	45.58
567	122922	45.58
567	153070	45.58
567	151687	45.58
567	117877	45.58
567	108928	45.58
567	954	45.58
567	122924	45.58
567	27773	45.58
567	648	45.58
567	135887	45.58
568	50	69.90
568	147	69.90
568	296	69.90
568	356	69.90
568	480	69.90
568	593	69.90
568	765	69.90
568	1103	69.90
568	1104	69.90
568	1257	69.90
568	1298	69.90
568	1895	69.90
568	2313	69.90
568	2359	69.90
568	2863	69.90
568	3053	69.90
568	3148	69.90
568	3261	69.90
568	3363	69.90
568	8169	69.90
568	46723	69.90
568	63853	69.90
568	65088	69.90
569	231	85.00
569	50	85.00
569	380	85.00
569	588	85.00
569	592	85.00
570	208	68.16
570	8636	68.16
570	48516	68.16
570	1225	68.16
570	586	68.16
570	2683	68.16
570	457	68.16
570	1196	68.16
570	110	68.16
570	4993	68.16
570	7361	68.16
570	1198	68.16
570	1079	68.16
570	10	68.16
570	3793	68.16
570	1391	68.16
570	589	68.16
570	380	68.16
570	527	68.16
570	185	68.16
571	1331	52.88
571	2982	52.88
571	2366	52.88
571	1128	52.88
571	610	52.88
571	2902	52.88
571	1998	52.88
571	3696	52.88
571	1980	52.88
571	1987	52.88
571	70	52.88
571	1924	52.88
571	2279	52.88
571	1327	52.88
571	3732	52.88
571	1972	52.88
571	1278	52.88
571	1644	52.88
571	2327	52.88
571	1978	52.88
572	1961	83.33
572	2570	83.33
572	2788	83.33
572	2321	83.33
572	111	83.33
572	904	83.33
572	2987	83.33
572	2302	83.33
572	1834	83.33
572	2539	83.33
572	2917	83.33
572	1307	83.33
572	1	83.33
572	161	83.33
572	3421	83.33
572	838	83.33
572	1356	83.33
572	2006	83.33
572	3167	83.33
572	1953	83.33
573	89745	83.68
573	72998	83.68
573	3752	83.68
573	356	83.68
573	7293	83.68
573	6754	83.68
573	8665	83.68
573	32587	83.68
573	1073	83.68
573	88744	83.68
573	1127	83.68
573	68954	83.68
573	98809	83.68
573	2640	83.68
573	48516	83.68
573	71535	83.68
573	59369	83.68
573	60069	83.68
573	88140	83.68
573	1562	83.68
574	47	69.90
574	110	69.90
574	150	69.90
574	153	69.90
574	161	69.90
574	185	69.90
574	225	69.90
574	231	69.90
574	292	69.90
574	296	69.90
574	300	69.90
574	316	69.90
574	318	69.90
574	329	69.90
574	339	69.90
574	344	69.90
574	380	69.90
574	410	69.90
574	434	69.90
574	588	69.90
574	592	69.90
574	593	69.90
574	595	69.90
575	2566	60.00
575	2580	60.00
575	296	60.00
575	2581	60.00
575	2572	60.00
575	2542	60.00
575	2574	60.00
575	2598	60.00
576	849	61.67
576	1321	61.67
576	1373	61.67
576	1479	61.67
576	2289	61.67
577	2415	70.89
577	1183	70.89
577	1288	70.89
577	1129	70.89
577	2944	70.89
577	2194	70.89
577	733	70.89
577	1213	70.89
577	2076	70.89
577	2020	70.89
577	1262	70.89
577	1931	70.89
577	1391	70.89
577	2987	70.89
577	952	70.89
577	1909	70.89
577	260	70.89
577	919	70.89
577	2248	70.89
577	1270	70.89
578	6751	86.25
578	52668	86.25
578	45668	86.25
578	830	86.25
578	72407	86.25
578	75446	86.25
579	3174	79.13
579	2485	79.13
579	1022	79.13
579	2018	79.13
579	838	79.13
579	1917	79.13
579	1391	79.13
579	596	79.13
579	1573	79.13
579	2965	79.13
579	1653	79.13
579	2599	79.13
579	892	79.13
579	2687	79.13
579	595	79.13
580	5767	70.93
580	6583	70.93
580	480	70.93
580	8844	70.93
580	6989	70.93
580	3809	70.93
580	41569	70.93
580	3699	70.93
580	4041	70.93
580	33166	70.93
580	356	70.93
580	508	70.93
580	8376	70.93
580	3578	70.93
580	608	70.93
580	3785	70.93
580	3089	70.93
580	1320	70.93
580	54286	70.93
580	1201	70.93
581	7153	86.40
581	5995	86.40
581	4973	86.40
581	116797	86.40
581	3949	86.40
581	4306	86.40
581	109487	86.40
581	6377	86.40
582	91529	81.43
582	2959	81.43
582	116797	81.43
582	4993	81.43
582	5618	81.43
582	2571	81.43
582	76251	81.43
582	69844	81.43
582	104841	81.43
582	48516	81.43
582	97752	81.43
582	76093	81.43
583	8533	69.43
583	88405	69.43
583	2706	69.43
583	117590	69.43
583	317	69.43
583	60756	69.43
583	6942	69.43
583	595	69.43
583	46578	69.43
583	104	69.43
583	2694	69.43
583	7451	69.43
584	288	81.92
584	22	81.92
584	203	81.92
584	315	81.92
584	500	81.92
584	316	81.92
584	539	81.92
584	234	81.92
584	296	81.92
584	257	81.92
584	434	81.92
584	586	81.92
584	338	81.92
584	349	81.92
584	282	81.92
584	480	81.92
584	590	81.92
585	3173	86.32
585	1228	86.32
585	54503	86.32
585	2959	86.32
585	428	86.32
585	1405	86.32
585	7254	86.32
585	441	86.32
585	1805	86.32
585	296	86.32
585	27373	86.32
585	5325	86.32
585	79132	86.32
586	34332	87.13
586	4016	87.13
586	111659	87.13
586	106002	87.13
586	149406	87.13
586	167036	87.13
586	45499	87.13
586	136556	87.13
586	5445	87.13
586	117851	87.13
586	1291	87.13
586	71264	87.13
586	106489	87.13
586	135436	87.13
586	3753	87.13
586	2640	87.13
586	3147	87.13
586	122916	87.13
586	3793	87.13
586	101362	87.13
587	1234	78.97
587	628	78.97
587	2012	78.97
587	534	78.97
587	2002	78.97
587	1641	78.97
587	236	78.97
587	1376	78.97
587	2622	78.97
587	1541	78.97
587	3260	78.97
587	497	78.97
587	3082	78.97
587	445	78.97
587	3448	78.97
587	2574	78.97
587	765	78.97
587	691	78.97
587	329	78.97
587	3406	78.97
588	50	63.43
588	16	63.43
588	20	63.43
588	356	63.43
588	350	63.43
588	198	63.43
588	593	63.43
588	364	63.43
588	163	63.43
588	253	63.43
588	223	63.43
588	3	63.43
589	1092	79.20
589	318	79.20
589	590	79.20
589	373	79.20
589	586	79.20
589	587	79.20
589	527	79.20
589	337	79.20
590	924	66.41
590	8807	66.41
590	2371	66.41
590	38061	66.41
590	81834	66.41
590	40815	66.41
590	4890	66.41
590	903	66.41
590	5	66.41
590	3624	66.41
590	555	66.41
590	4047	66.41
590	51662	66.41
590	2085	66.41
590	419	66.41
590	595	66.41
590	329	66.41
590	2376	66.41
590	3635	66.41
590	2398	66.41
591	2908	62.35
591	2706	62.35
591	2712	62.35
591	2355	62.35
591	3615	62.35
591	3578	62.35
591	2394	62.35
591	3798	62.35
591	356	62.35
591	223	62.35
591	2724	62.35
592	514	71.33
592	2	71.33
592	153	71.33
592	415	71.33
592	110	71.33
592	177	71.33
592	420	71.33
592	380	71.33
592	44	71.33
592	788	71.33
592	588	71.33
592	163	71.33
592	204	71.33
592	610	71.33
592	39	71.33
592	419	71.33
592	253	71.33
592	432	71.33
592	240	71.33
593	1196	66.82
593	1073	66.82
593	1086	66.82
593	1617	66.82
593	4034	66.82
593	41566	66.82
593	1197	66.82
593	344	66.82
593	8368	66.82
593	339	66.82
593	2959	66.82
593	8961	66.82
593	5816	66.82
593	2797	66.82
593	4896	66.82
593	588	66.82
593	595	66.82
593	5952	66.82
593	377	66.82
593	141	66.82
594	7031	78.64
594	2671	78.64
594	7115	78.64
594	1616	78.64
594	5943	78.64
594	1188	78.64
594	2269	78.64
594	1733	78.64
594	4902	78.64
594	6996	78.64
594	780	78.64
594	1429	78.64
594	6140	78.64
594	7046	78.64
594	39	78.64
594	595	78.64
594	799	78.64
594	2028	78.64
594	8482	78.64
594	7169	78.64
595	265	81.67
595	50	81.67
595	1186	81.67
595	1199	81.67
595	1966	81.67
596	33649	69.94
596	43744	69.94
596	182793	69.94
596	129397	69.94
596	128908	69.94
596	1	69.94
596	142488	69.94
596	122922	69.94
596	4310	69.94
596	71838	69.94
596	4025	69.94
596	2501	69.94
596	110102	69.94
596	149406	69.94
596	2774	69.94
596	5502	69.94
596	8665	69.94
596	6537	69.94
596	2571	69.94
596	345	69.94
597	1799	80.06
597	490	80.06
597	3040	80.06
597	2529	80.06
597	2858	80.06
597	903	80.06
597	3039	80.06
597	2000	80.06
597	1291	80.06
597	357	80.06
597	1228	80.06
597	1845	80.06
597	2411	80.06
597	1580	80.06
597	1148	80.06
597	1198	80.06
597	2723	80.06
597	485	80.06
597	592	80.06
597	2692	80.06
598	56367	85.00
598	8360	85.00
598	593	85.00
598	114265	85.00
598	103543	85.00
599	26142	52.66
599	26567	52.66
599	26590	52.66
599	26676	52.66
599	26854	52.66
599	27595	52.66
599	34800	52.66
599	53450	52.66
599	60803	52.66
599	69131	52.66
599	74696	52.66
599	79895	52.66
599	84523	52.66
599	87960	52.66
599	92674	52.66
599	98799	52.66
599	102735	52.66
599	102852	52.66
599	104017	52.66
599	105020	52.66
599	122433	52.66
599	157865	52.66
599	158874	52.66
599	160978	52.66
599	161044	52.66
599	174727	52.66
599	179053	52.66
599	1801	52.66
599	6035	52.66
599	3387	52.66
599	33437	52.66
599	112	52.66
599	5995	52.66
599	167706	52.66
599	4394	52.66
599	836	52.66
599	7235	52.66
599	8809	52.66
599	102749	52.66
599	89087	52.66
599	42011	52.66
599	432	52.66
599	471	52.66
599	5628	52.66
599	1015	52.66
599	2	52.66
599	2269	52.66
599	69	52.66
599	3947	52.66
599	79091	52.66
599	104837	52.66
599	4037	52.66
599	7587	52.66
599	6881	52.66
599	1449	52.66
599	7225	52.66
599	81229	52.66
599	68952	52.66
599	4728	52.66
599	5081	52.66
599	33966	52.66
599	1779	52.66
599	3669	52.66
599	87197	52.66
599	170297	52.66
599	79057	52.66
599	95965	52.66
599	55207	52.66
599	4007	52.66
599	1220	52.66
599	80831	52.66
599	46723	52.66
599	71282	52.66
599	7757	52.66
599	3259	52.66
599	92309	52.66
599	1376	52.66
599	7192	52.66
599	4654	52.66
599	101423	52.66
599	53468	52.66
599	62662	52.66
599	3174	52.66
599	3698	52.66
599	2882	52.66
599	2359	52.66
599	1183	52.66
599	2792	52.66
599	1095	52.66
599	8387	52.66
599	53125	52.66
599	115713	52.66
599	2949	52.66
599	2471	52.66
599	3	52.66
599	1231	52.66
599	3861	52.66
599	240	52.66
599	1480	52.66
599	2301	52.66
599	1445	52.66
599	8045	52.66
599	586	52.66
599	2942	52.66
599	1185	52.66
599	4594	52.66
599	2474	52.66
599	3671	52.66
599	3196	52.66
599	64839	52.66
599	98697	52.66
599	2606	52.66
599	1777	52.66
599	5309	52.66
599	7022	52.66
599	4873	52.66
599	541	52.66
599	27311	52.66
599	43921	52.66
599	67734	52.66
599	4240	52.66
599	5026	52.66
599	168	52.66
599	33493	52.66
599	4125	52.66
599	7354	52.66
599	207	52.66
599	1094	52.66
599	742	52.66
599	1609	52.66
599	1042	52.66
599	3362	52.66
599	4553	52.66
599	4632	52.66
599	2278	52.66
599	468	52.66
599	122904	52.66
599	75416	52.66
599	42718	52.66
599	4285	52.66
599	79274	52.66
599	1794	52.66
599	45081	52.66
599	108192	52.66
599	3489	52.66
599	3503	52.66
599	89804	52.66
599	163809	52.66
599	577	52.66
599	3071	52.66
599	1204	52.66
599	3981	52.66
599	95771	52.66
599	45382	52.66
599	6548	52.66
599	59387	52.66
599	166528	52.66
599	168492	52.66
599	6691	52.66
599	605	52.66
599	424	52.66
599	2991	52.66
599	248	52.66
599	97950	52.66
599	3865	52.66
599	1216	52.66
599	342	52.66
599	35836	52.66
599	27772	52.66
599	176419	52.66
599	151781	52.66
599	277	52.66
599	6320	52.66
599	39381	52.66
599	5111	52.66
599	4090	52.66
599	2450	52.66
599	2676	52.66
599	2356	52.66
599	79702	52.66
599	1597	52.66
599	410	52.66
599	1721	52.66
599	3702	52.66
599	183301	52.66
599	1387	52.66
599	2072	52.66
599	26729	52.66
599	2393	52.66
599	4247	52.66
599	4591	52.66
599	1032	52.66
599	3087	52.66
599	1895	52.66
599	634	52.66
599	210	52.66
599	2074	52.66
599	51575	52.66
599	3505	52.66
599	5247	52.66
599	481	52.66
599	4215	52.66
599	1355	52.66
599	2657	52.66
599	2028	52.66
599	4011	52.66
599	420	52.66
599	552	52.66
599	1196	52.66
599	2395	52.66
599	5303	52.66
599	1752	52.66
599	3186	52.66
599	4310	52.66
599	1784	52.66
599	3200	52.66
599	7254	52.66
599	688	52.66
599	473	52.66
599	1079	52.66
599	1552	52.66
599	1148	52.66
599	1544	52.66
599	63113	52.66
599	2325	52.66
599	26649	52.66
599	6804	52.66
599	161	52.66
599	4109	52.66
599	34332	52.66
599	1653	52.66
599	4808	52.66
599	7707	52.66
599	3468	52.66
599	502	52.66
599	1221	52.66
599	1792	52.66
599	68319	52.66
599	6787	52.66
599	2119	52.66
599	3884	52.66
599	4254	52.66
599	3973	52.66
599	103609	52.66
599	8934	52.66
599	5377	52.66
599	42632	52.66
599	55290	52.66
599	4506	52.66
599	7840	52.66
599	5568	52.66
599	1689	52.66
599	7005	52.66
599	103228	52.66
599	59947	52.66
599	786	52.66
599	4351	52.66
599	172253	52.66
599	4679	52.66
599	1411	52.66
599	117630	52.66
599	1590	52.66
599	112623	52.66
599	3146	52.66
599	8984	52.66
599	1920	52.66
599	519	52.66
599	179817	52.66
599	3979	52.66
599	3741	52.66
599	44020	52.66
599	26630	52.66
599	7285	52.66
599	3030	52.66
599	1021	52.66
599	8638	52.66
599	87	52.66
599	7153	52.66
599	2877	52.66
599	2018	52.66
599	3173	52.66
599	5198	52.66
599	7101	52.66
599	7701	52.66
599	3213	52.66
599	26159	52.66
599	2339	52.66
599	33896	52.66
599	2000	52.66
599	4006	52.66
599	136562	52.66
599	37382	52.66
599	6645	52.66
599	171763	52.66
599	8528	52.66
599	27008	52.66
599	4017	52.66
599	4167	52.66
599	86142	52.66
599	1249	52.66
599	3255	52.66
599	736	52.66
599	2779	52.66
599	84414	52.66
599	27773	52.66
599	2083	52.66
599	98499	52.66
599	4034	52.66
599	119828	52.66
599	1993	52.66
599	94864	52.66
599	6631	52.66
599	2321	52.66
599	26242	52.66
599	3703	52.66
599	41566	52.66
599	2529	52.66
599	1968	52.66
599	8914	52.66
599	3257	52.66
599	159403	52.66
599	1036	52.66
599	76093	52.66
599	5103	52.66
599	6947	52.66
599	1952	52.66
599	2124	52.66
599	4084	52.66
599	6016	52.66
599	778	52.66
599	81	52.66
599	2171	52.66
599	1253	52.66
599	4275	52.66
599	7982	52.66
599	3723	52.66
599	849	52.66
599	2681	52.66
599	6565	52.66
599	39414	52.66
599	122916	52.66
599	6440	52.66
599	8917	52.66
599	72011	52.66
599	1605	52.66
599	1240	52.66
599	923	52.66
599	68157	52.66
599	5961	52.66
599	5053	52.66
599	3571	52.66
599	2403	52.66
599	3871	52.66
599	44238	52.66
599	72226	52.66
599	7004	52.66
599	2054	52.66
599	62970	52.66
599	5159	52.66
599	354	52.66
599	122924	52.66
599	48774	52.66
599	1394	52.66
599	3763	52.66
599	70286	52.66
599	1904	52.66
599	3969	52.66
599	81562	52.66
599	102590	52.66
599	233	52.66
599	4155	52.66
599	1031	52.66
599	76	52.66
599	459	52.66
599	1097	52.66
599	1178	52.66
599	60291	52.66
599	3328	52.66
599	1232	52.66
599	3036	52.66
599	5283	52.66
599	4327	52.66
599	610	52.66
599	2726	52.66
599	4732	52.66
599	5970	52.66
599	2396	52.66
599	594	52.66
599	1247	52.66
599	45499	52.66
599	3476	52.66
599	2399	52.66
599	137218	52.66
599	1997	52.66
599	3271	52.66
599	27801	52.66
599	6365	52.66
599	1799	52.66
599	580	52.66
599	122900	52.66
599	2803	52.66
599	80219	52.66
599	466	52.66
599	110882	52.66
599	3997	52.66
599	26176	52.66
599	2378	52.66
599	117895	52.66
599	26662	52.66
599	90603	52.66
599	119218	52.66
599	44	52.66
599	809	52.66
599	1960	52.66
599	4519	52.66
599	1959	52.66
599	414	52.66
599	1073	52.66
599	61236	52.66
599	1479	52.66
599	4019	52.66
599	1245	52.66
599	37857	52.66
599	161032	52.66
599	371	52.66
599	3020	52.66
599	88593	52.66
599	6774	52.66
599	2005	52.66
599	90405	52.66
599	26285	52.66
599	6793	52.66
599	627	52.66
599	1617	52.66
599	6734	52.66
599	108090	52.66
599	2427	52.66
599	51024	52.66
599	122922	52.66
599	3440	52.66
599	6874	52.66
599	4919	52.66
599	338	52.66
599	81591	52.66
599	1704	52.66
599	1499	52.66
599	357	52.66
599	62155	52.66
599	144	52.66
599	34148	52.66
599	53519	52.66
599	4504	52.66
599	2796	52.66
599	216	52.66
599	6827	52.66
599	1429	52.66
599	7445	52.66
599	1385	52.66
599	90471	52.66
599	8425	52.66
599	10	52.66
599	26542	52.66
599	7387	52.66
599	72998	52.66
599	89470	52.66
599	3629	52.66
599	1297	52.66
599	3424	52.66
599	1672	52.66
599	44761	52.66
599	196	52.66
599	70703	52.66
599	2383	52.66
599	180	52.66
599	4040	52.66
599	6333	52.66
599	4440	52.66
599	5291	52.66
599	88235	52.66
599	1639	52.66
599	4580	52.66
599	153236	52.66
599	86190	52.66
599	4477	52.66
599	103027	52.66
599	32291	52.66
599	34811	52.66
599	5171	52.66
599	122260	52.66
599	8784	52.66
599	5954	52.66
599	8798	52.66
599	707	52.66
599	880	52.66
599	314	52.66
599	61323	52.66
600	3269	60.03
600	1394	60.03
600	3785	60.03
600	2717	60.03
600	5569	60.03
600	4306	60.03
600	1206	60.03
600	56775	60.03
600	2015	60.03
600	7	60.03
600	2013	60.03
600	262	60.03
600	1210	60.03
600	1060	60.03
600	2431	60.03
600	2077	60.03
600	2423	60.03
600	4641	60.03
600	527	60.03
600	5076	60.03
601	141846	89.06
601	68157	89.06
601	1262	89.06
601	106782	89.06
601	60069	89.06
601	49272	89.06
601	5445	89.06
601	1193	89.06
601	1207	89.06
601	79132	89.06
601	904	89.06
601	166024	89.06
601	1917	89.06
601	7153	89.06
601	2324	89.06
601	170697	89.06
601	31658	89.06
601	5989	89.06
601	88810	89.06
601	2571	89.06
602	161	65.87
602	19	65.87
602	350	65.87
602	494	65.87
602	14	65.87
602	471	65.87
602	125	65.87
602	434	65.87
602	235	65.87
602	481	65.87
602	315	65.87
602	371	65.87
602	474	65.87
602	527	65.87
602	21	65.87
602	349	65.87
602	440	65.87
602	339	65.87
602	480	65.87
602	163	65.87
603	602	70.41
603	803	70.41
603	2008	70.41
603	2577	70.41
603	3459	70.41
603	4787	70.41
603	2912	70.41
603	1769	70.41
603	485	70.41
603	4420	70.41
603	920	70.41
603	1	70.41
603	2706	70.41
603	1844	70.41
603	3787	70.41
603	1222	70.41
603	190	70.41
603	2716	70.41
603	3983	70.41
603	101	70.41
604	220	68.75
604	292	68.75
604	151	68.75
604	329	68.75
604	410	68.75
604	426	68.75
604	435	68.75
604	316	68.75
604	22	68.75
604	235	68.75
604	181	68.75
604	332	68.75
604	273	68.75
604	637	68.75
604	285	68.75
604	173	68.75
604	588	68.75
604	23	68.75
604	553	68.75
604	1	68.75
605	35347	64.56
605	6787	64.56
605	1197	64.56
605	5667	64.56
605	42738	64.56
605	51662	64.56
605	7373	64.56
605	596	64.56
605	780	64.56
605	4571	64.56
605	2316	64.56
605	7454	64.56
605	150	64.56
605	60040	64.56
605	8977	64.56
605	3269	64.56
605	72982	64.56
605	1210	64.56
605	62376	64.56
605	60937	64.56
606	263	73.16
606	563	73.16
606	583	73.16
606	3808	73.16
606	4671	73.16
606	4840	73.16
606	5856	73.16
606	6111	73.16
606	6573	73.16
606	8685	73.16
606	32728	73.16
606	55805	73.16
606	3147	73.16
606	4392	73.16
606	2311	73.16
606	6308	73.16
606	50842	73.16
606	6591	73.16
606	8270	73.16
606	2025	73.16
607	891	75.34
607	1610	75.34
607	448	75.34
607	3147	75.34
607	1094	75.34
607	1307	75.34
607	592	75.34
607	204	75.34
607	1552	75.34
607	527	75.34
607	3476	75.34
607	296	75.34
607	2313	75.34
607	3440	75.34
607	423	75.34
607	1518	75.34
607	2118	75.34
607	2193	75.34
607	380	75.34
607	2028	75.34
608	52245	63.06
608	2997	63.06
608	3793	63.06
608	2763	63.06
608	174	63.06
608	2000	63.06
608	1214	63.06
608	919	63.06
608	2700	63.06
608	4161	63.06
608	5146	63.06
608	1639	63.06
608	541	63.06
608	473	63.06
608	2529	63.06
608	522	63.06
608	4343	63.06
608	1909	63.06
608	2431	63.06
608	1220	63.06
609	296	64.35
609	833	64.35
609	356	64.35
609	339	64.35
609	454	64.35
609	318	64.35
609	208	64.35
609	292	64.35
610	5953	73.51
610	58975	73.51
610	70206	73.51
610	78626	73.51
610	82765	73.51
610	97988	73.51
610	107447	73.51
610	107462	73.51
610	110591	73.51
610	110746	73.51
610	118082	73.51
610	139655	73.51
610	160341	73.51
610	86644	73.51
610	56801	73.51
610	61024	73.51
610	77561	73.51
610	4816	73.51
610	62434	73.51
610	3972	73.51
