1	260	98.84
1	1927	98.74
1	804	71.06
1	3	76.77
1	1009	68.32
1	2406	84.00
1	1587	77.91
1	3671	91.69
1	2617	75.38
1	3053	101.78
1	2571	97.61
1	1222	97.99
1	2137	83.15
1	1377	74.01
1	2395	84.65
1	2761	92.47
1	2641	76.26
1	2872	90.03
1	1258	96.42
1	2700	90.14
2	333	67.08
2	122882	73.43
2	71535	75.86
2	46970	58.68
2	58559	76.77
2	80489	73.08
3	5764	69.90
3	647	30.43
3	6835	69.90
3	5919	60.00
3	2851	31.18
3	2288	49.24
3	5048	27.50
3	4518	25.00
4	106	69.90
4	1291	73.99
4	3408	58.95
4	265	60.25
4	52	62.97
4	4347	75.43
4	2467	69.94
4	908	75.27
4	345	60.54
4	1304	75.95
4	1923	63.21
4	2959	77.52
4	368	63.18
4	1219	75.83
4	4765	64.78
4	1199	78.08
4	4166	37.14
4	1732	72.96
4	21	62.13
4	2858	76.15
5	515	67.38
5	1	75.47
5	364	75.69
5	608	79.82
5	290	76.45
5	261	70.66
5	34	70.13
5	318	86.09
5	21	63.60
6	349	73.61
6	318	92.96
6	775	69.90
6	141	73.39
6	348	78.23
6	104	73.93
6	327	62.00
6	410	66.32
6	165	75.40
6	87	66.75
6	366	59.59
6	17	84.12
6	1084	81.44
6	222	80.96
6	16	83.29
6	416	50.27
6	277	65.52
6	460	64.85
6	867	27.94
6	316	71.20
7	8528	71.64
7	3623	53.16
7	8636	73.32
7	8360	71.10
7	1517	68.74
7	466	52.54
7	8373	49.70
7	1220	75.27
7	7155	35.59
7	8808	58.57
7	6863	65.89
7	31878	72.82
7	1610	73.24
7	1219	80.64
7	4700	57.61
7	45668	58.47
7	8970	73.74
7	27741	76.90
7	6333	70.74
7	8865	49.66
8	356	85.17
8	47	81.15
8	231	60.44
8	318	91.26
8	454	74.07
8	292	68.84
8	32	81.75
8	141	69.74
8	380	68.90
8	252	64.82
9	5451	57.58
9	923	89.21
9	5890	69.90
9	2901	74.55
9	922	89.41
9	6044	69.90
9	1987	69.90
9	5378	70.91
9	3735	85.07
9	5447	58.89
10	597	61.05
10	33679	57.93
10	8533	63.36
10	8969	56.05
10	72720	67.14
10	88810	74.64
10	136020	57.70
10	6377	69.57
10	5943	48.17
10	109374	67.95
10	113394	69.90
10	61250	42.70
10	82167	53.93
10	140110	59.45
10	5377	65.92
10	77841	69.90
10	6942	68.90
10	1028	70.66
10	72330	69.90
10	66203	43.66
11	733	74.58
11	1584	76.75
11	1210	92.23
11	170	70.31
11	1438	60.36
11	648	76.86
11	1918	64.62
11	493	78.00
11	10	74.45
11	457	84.41
11	1693	69.92
11	150	82.30
11	1923	82.48
12	2717	73.25
12	2100	82.29
12	838	88.41
12	2072	83.64
12	1876	74.67
12	2581	79.55
12	6942	97.99
13	3717	67.95
13	3624	71.41
13	3798	71.26
13	2174	84.64
13	47	93.31
13	3893	72.29
13	305	51.58
14	344	55.04
14	477	65.61
14	110	75.45
14	540	44.71
14	597	66.98
14	153	53.31
14	592	65.90
14	4	45.74
14	539	67.09
14	105	63.60
15	91529	73.31
15	7438	75.70
15	111759	73.73
15	2329	79.89
15	1	75.15
15	1909	62.41
15	1240	75.50
15	115713	72.75
15	1200	75.60
15	293	78.53
15	2571	80.64
15	3949	75.74
15	120466	60.46
15	1198	81.78
15	2028	79.44
15	2011	67.73
15	158	45.56
15	160980	59.29
15	4306	73.11
15	4022	70.20
16	1230	71.01
16	78499	69.94
16	913	73.20
16	1136	74.73
16	1299	74.74
16	1617	72.54
16	1203	75.16
16	3429	77.36
16	2858	75.17
16	608	73.18
16	3683	73.96
16	4002	64.21
16	1199	73.65
16	912	75.36
16	2707	49.78
16	5782	64.20
16	1260	62.39
16	319	65.97
16	27773	72.50
16	2109	60.71
17	260	90.09
17	64839	81.16
17	296	91.54
17	5952	86.67
17	527	90.79
17	1193	88.99
17	3681	87.65
17	1240	83.14
17	2717	62.68
17	2858	89.40
17	1093	72.34
17	81932	80.92
17	5618	91.28
17	50	89.94
17	5971	86.08
17	2959	92.88
17	1201	89.48
17	541	87.49
17	82459	81.64
17	1	83.85
18	8117	69.90
18	65596	69.90
18	88094	69.90
18	145283	69.90
18	157110	69.90
18	166015	69.90
18	171023	69.90
18	103253	61.75
18	60684	76.80
18	44199	73.88
18	2	66.54
18	86628	77.56
18	59784	72.09
18	2918	78.79
18	109374	80.22
18	4226	87.53
18	53129	89.78
18	139385	75.68
18	47	83.34
18	1291	83.42
19	3692	69.90
19	3662	43.02
19	54	61.94
19	2733	36.91
19	1702	44.34
19	1240	67.99
19	1270	69.01
19	3712	47.70
19	1881	54.21
19	216	56.03
19	3	52.40
19	1834	65.75
19	2184	52.71
19	3017	65.10
19	2044	27.70
19	2354	39.68
19	2005	63.78
19	3146	43.76
19	3387	53.09
19	2694	50.78
20	1566	75.08
20	5419	63.86
20	4014	79.09
20	2140	80.21
20	586	67.83
20	661	77.99
20	3189	77.08
20	5014	86.67
20	1333	82.35
20	4161	68.36
20	3784	69.30
20	1030	65.89
20	5313	51.04
20	2804	84.59
20	2054	62.63
20	34	80.93
20	1097	82.14
20	6358	69.90
20	4519	62.73
20	1722	65.87
21	107013	69.90
21	117922	69.90
21	140301	69.90
21	57640	74.44
21	2985	66.81
21	2990	67.14
21	2717	55.33
21	5418	71.17
21	31433	51.34
21	112175	75.51
21	7153	79.24
21	30793	57.98
21	4446	60.57
21	52973	71.23
21	45186	65.79
21	2023	62.63
21	79185	64.08
21	1721	59.28
21	102125	69.15
21	5459	56.19
22	8961	53.26
22	2723	47.67
22	60950	46.17
22	64575	35.10
22	1193	61.42
22	70286	54.51
22	4993	60.36
22	2160	65.30
22	39183	48.80
22	7147	51.90
22	3996	55.10
22	3481	57.06
22	55765	51.97
22	48780	54.86
22	7361	61.51
22	51540	49.94
22	6711	57.75
22	2968	54.29
22	3949	56.81
22	48394	50.23
23	6234	69.90
23	3996	69.29
23	293	74.68
23	1206	77.02
23	1136	74.57
23	1960	66.99
23	7587	74.31
23	3424	72.16
23	3181	71.28
23	2467	66.89
23	1248	75.12
23	1617	72.65
23	6807	65.22
23	1952	73.37
23	6440	69.04
23	1258	74.05
23	1243	70.24
23	1080	72.60
23	8228	60.30
23	1711	54.05
24	1784	70.81
24	2617	60.34
24	111759	77.84
24	134853	74.53
24	58998	75.75
24	1265	76.63
24	1198	83.83
24	3147	77.09
24	1197	82.52
24	1220	75.50
24	2424	59.29
24	5418	72.92
24	72011	69.15
24	54286	73.75
24	27773	77.74
24	64957	70.42
24	356	81.54
24	44191	74.90
24	1682	74.42
24	68358	73.84
25	58559	101.80
25	60069	99.66
25	74458	96.52
25	79132	100.94
25	527	101.62
25	260	100.65
26	10	69.90
26	34	69.90
26	47	69.90
26	150	69.90
26	153	69.90
26	165	69.90
26	185	69.90
26	208	69.90
26	225	69.90
26	288	69.90
26	296	69.90
26	300	69.90
26	344	69.90
26	349	69.90
26	356	69.90
26	380	69.90
26	434	69.90
26	454	69.90
26	457	69.90
26	592	69.90
26	593	69.90
27	1196	88.11
27	2478	62.31
27	2640	70.39
27	3508	82.74
27	3555	67.39
27	1201	84.04
27	3519	58.73
27	969	79.20
27	2080	69.78
27	673	55.66
27	2886	17.14
27	2529	77.33
27	1387	81.11
27	1101	66.55
27	1947	71.57
27	1250	85.47
27	1276	82.61
27	3114	77.15
27	1083	61.07
27	3809	68.16
28	27450	69.90
28	60943	69.90
28	61011	69.90
28	63033	69.90
28	5617	66.16
28	59369	62.10
28	60046	69.90
28	507	50.58
28	3300	57.81
28	55094	48.67
28	59018	69.90
28	26695	69.90
28	2951	66.41
28	3006	61.47
28	2231	58.65
28	5418	63.36
28	26812	46.85
28	2058	55.67
28	353	64.57
28	61167	69.90
29	98961	78.34
29	7379	63.38
29	1250	88.89
29	1201	89.75
29	111362	79.88
29	48516	89.17
29	1100	53.04
29	26554	69.90
29	3441	72.24
29	4327	77.18
29	2872	79.30
29	2301	72.02
29	1617	87.26
29	3681	87.67
29	55820	84.15
29	4223	72.59
29	99114	81.33
30	5952	95.64
30	108932	91.16
30	1200	90.81
30	91529	97.20
30	116823	90.82
30	112852	98.58
30	1198	99.08
31	1198	94.77
31	1200	86.57
31	648	76.22
31	1363	61.43
31	1073	84.98
31	1036	82.41
31	1197	92.73
31	377	75.17
31	1246	86.55
31	1270	86.17
32	236	72.51
32	314	78.17
32	1356	79.73
32	357	77.06
32	224	77.07
32	627	73.73
32	1079	86.46
32	1084	80.83
32	318	93.49
32	761	58.91
32	1197	91.10
32	849	56.59
32	912	91.20
32	880	56.26
32	1198	92.35
32	58	82.58
32	203	70.10
32	608	88.44
32	497	85.84
32	410	66.08
33	110	85.21
33	17	83.28
33	2396	78.60
33	2272	66.55
33	448	64.60
33	428	75.95
33	265	77.47
33	1280	92.00
33	1177	93.47
33	1617	89.16
33	50	89.61
33	261	78.37
33	11	76.57
33	452	48.75
33	345	74.71
33	608	88.21
33	150	79.93
33	1188	79.05
33	800	84.52
33	2690	85.77
34	780	60.52
34	2273	56.52
34	3717	54.83
34	26606	69.90
34	45499	60.36
34	3996	72.54
34	4310	50.93
34	3624	57.48
34	31685	61.06
34	1721	57.25
34	5146	69.45
34	7090	75.12
34	70	66.83
34	2006	53.36
34	3000	77.15
34	4306	72.23
34	27728	-10.00
34	3997	36.09
35	11	84.52
35	185	68.15
35	595	83.50
35	21	78.36
35	300	84.46
36	5171	30.15
36	3066	55.68
36	552	37.93
36	4025	33.47
36	1262	59.83
36	2735	32.18
36	2359	52.12
36	1372	50.33
36	1278	56.73
36	2194	55.42
36	3347	59.79
36	1704	58.85
37	344	76.44
37	356	100.09
37	661	87.85
37	329	80.21
37	457	95.86
38	434	51.72
38	39	61.74
38	223	71.07
38	161	65.32
38	246	78.74
38	168	49.19
38	273	50.75
38	480	69.61
38	356	79.29
38	457	73.23
38	364	72.86
38	50	79.87
38	500	60.59
38	300	69.28
38	551	70.30
38	21	61.86
39	2571	89.72
39	2391	81.08
39	1921	83.54
39	1862	50.06
39	1219	85.54
39	1907	77.80
39	2081	75.97
39	2459	70.44
39	924	84.24
39	2529	80.60
39	1729	73.36
39	47	86.10
39	260	89.85
39	2080	70.17
39	592	76.27
39	296	92.33
39	3213	83.23
39	610	73.05
39	589	85.17
39	596	70.12
40	440	78.65
40	454	78.12
40	588	81.31
40	339	73.25
40	158	59.32
40	432	57.68
40	431	87.08
40	186	59.36
40	616	76.09
40	514	74.14
40	21	73.54
40	592	75.25
40	1	83.99
40	223	83.35
40	585	58.21
40	216	74.25
40	104	72.15
40	371	77.43
40	111	90.07
40	267	64.07
41	96829	74.72
41	64839	64.72
41	122882	63.90
41	6287	45.31
41	1569	55.56
41	106920	68.77
41	86781	77.19
41	3160	66.42
41	1721	52.44
41	2028	68.46
41	6763	36.29
41	5418	62.98
41	53519	54.50
41	122904	61.56
41	55247	62.67
41	924	65.85
41	4011	66.34
41	2324	71.11
41	35836	60.39
41	5995	70.69
42	3869	79.78
42	4654	73.87
42	1021	47.78
42	2423	70.10
42	3248	46.57
42	4477	58.68
42	2500	59.09
42	1431	52.55
42	195	67.32
42	3326	93.33
42	2407	72.48
42	1090	93.71
42	2735	60.20
42	3693	56.62
42	1020	67.39
42	4545	68.64
42	4132	52.68
42	2263	65.89
42	3535	83.11
42	2805	63.40
43	225	84.49
43	296	102.49
43	596	91.64
43	588	95.35
43	587	89.25
43	420	73.63
43	158	77.22
43	631	84.71
43	5	77.94
43	597	92.55
43	168	78.48
43	355	68.23
43	47	100.11
43	367	85.35
43	519	64.01
43	594	95.84
43	236	87.62
43	1	99.54
43	60	85.57
43	259	82.12
44	36	76.15
44	663	77.03
44	12	49.79
44	661	69.46
44	94	90.00
44	1	81.93
44	104	71.41
44	112	67.03
44	494	66.89
44	889	69.90
45	2718	75.32
45	1036	86.22
45	2028	94.93
45	1653	92.64
45	1682	88.92
45	2396	85.07
45	3249	73.21
45	261	81.70
45	4308	80.83
45	329	75.01
45	1367	71.49
45	2890	87.91
45	593	95.30
45	1127	81.23
45	2431	74.68
45	6377	92.33
45	569	60.64
45	1197	97.49
45	1060	86.61
45	2858	96.66
46	590	84.93
46	588	83.33
46	315	68.54
46	208	66.97
46	1	87.20
46	432	62.40
46	225	73.37
46	434	67.05
46	339	77.99
47	508	56.38
47	68932	58.39
47	72395	50.45
47	2420	57.73
47	597	57.53
47	148626	68.20
47	5989	63.34
47	96588	62.09
47	69122	61.10
47	6155	43.63
47	4975	53.50
47	30749	58.37
47	106100	68.04
47	45950	58.83
47	2028	65.66
47	4018	47.57
47	1259	61.86
47	6373	53.06
47	33166	59.78
47	2407	51.43
48	4886	88.27
48	1320	77.71
48	1527	85.43
48	1193	92.92
48	3793	84.22
48	48	71.75
48	1653	91.24
49	2028	83.40
49	1214	80.59
49	139385	81.11
49	318	90.44
49	527	86.03
50	8143	69.90
50	114335	69.90
50	136564	69.90
50	142074	69.90
50	171759	69.90
50	175693	69.90
50	179073	69.90
50	175707	69.90
50	71264	52.19
50	82848	69.90
50	1377	42.90
50	44555	64.37
50	8157	52.39
50	6807	59.88
50	95543	58.62
50	8253	58.64
50	96610	52.49
50	924	62.69
50	32875	69.90
50	4896	50.71
51	7040	69.90
51	5620	62.66
51	2613	55.35
51	4437	96.19
51	2023	73.48
51	1500	80.22
51	522	84.29
51	858	96.88
51	4508	79.85
51	2951	86.57
51	1014	85.54
51	1407	71.42
51	2282	74.83
51	2420	79.94
51	3388	59.64
51	260	93.48
51	3186	75.51
51	3994	76.97
51	3501	66.60
51	2371	73.06
52	152081	89.60
52	51255	91.16
52	74458	92.52
52	1923	83.42
52	7438	93.04
52	40583	80.74
52	59784	83.63
52	55765	90.61
52	112852	96.70
52	86892	69.90
52	55363	90.05
52	112138	86.32
52	49272	93.56
52	52245	74.20
52	69481	94.63
52	50794	66.57
52	1704	94.38
52	54736	82.62
52	44665	85.47
52	47200	79.91
53	481	107.27
53	1100	87.86
53	249	112.58
53	1125	108.00
53	916	115.77
54	296	69.88
54	593	70.99
54	639	46.30
54	1	64.75
54	205	51.38
54	161	58.28
54	500	52.11
55	2407	48.02
55	673	43.07
55	3275	76.36
55	2890	60.10
55	4011	71.90
56	786	69.23
56	253	84.81
56	165	83.70
56	110	93.40
56	589	91.67
56	370	72.46
56	434	70.66
56	410	73.23
56	69	79.57
56	185	70.52
57	2140	72.68
57	942	81.31
57	920	72.64
57	3175	70.71
57	1784	73.28
57	3429	86.48
57	933	85.79
57	1193	83.45
57	3446	69.90
57	160	47.42
57	1499	41.15
57	2640	69.63
57	892	71.70
57	11	72.12
57	2947	75.94
57	6	77.86
57	2478	61.08
57	2291	75.26
57	1688	66.10
57	2301	69.64
58	588	82.86
58	282	69.49
58	185	64.97
58	419	65.91
58	367	71.07
58	277	67.03
58	48	70.33
58	280	83.25
58	337	85.17
58	345	79.38
58	3	74.60
58	357	78.88
58	527	96.10
58	587	76.53
58	218	70.80
58	500	74.65
58	508	82.62
58	368	78.45
58	364	87.13
58	353	83.86
59	1696	60.00
59	6460	107.45
59	3489	66.29
59	1188	82.57
59	1222	86.15
59	2076	82.51
59	3448	77.30
59	1263	86.41
59	1247	84.67
59	527	89.75
59	1244	90.85
59	904	90.20
59	903	89.42
59	965	69.13
59	2616	58.40
59	1953	81.12
59	608	86.11
59	105	66.68
59	912	90.49
59	3471	77.70
60	832	67.73
60	58559	86.24
60	805	71.08
60	455	53.33
60	858	87.16
61	266	76.59
61	1101	67.25
61	7438	84.85
61	173	56.41
61	555	79.17
61	2012	67.36
61	4878	86.52
61	3949	85.15
62	99114	88.14
62	176371	90.39
62	3793	84.33
62	56757	80.41
62	73017	84.59
62	30793	72.41
62	179819	83.11
62	68554	73.88
62	185135	96.38
62	168248	95.21
62	5903	86.34
62	4878	93.06
62	2028	92.81
62	5502	74.93
62	6058	64.13
62	344	72.36
62	1721	73.24
62	45499	75.21
62	41566	76.02
62	78105	65.77
63	5669	73.31
63	4246	68.44
63	48780	74.68
63	500	61.38
63	6016	77.21
63	31658	78.22
63	2858	79.33
63	64285	72.06
63	85414	67.94
63	1221	80.71
63	106696	69.00
63	4963	71.62
63	50	80.27
63	1097	69.02
63	260	79.80
63	110	74.39
63	1222	78.81
63	4979	70.73
63	5952	75.43
63	77561	69.67
64	5878	88.12
64	3101	70.13
64	2640	73.05
64	2959	90.20
64	8784	81.05
64	2054	56.85
64	4239	78.38
64	4025	61.02
64	5026	84.48
64	40819	81.02
64	266	75.55
64	2699	58.74
64	27266	84.51
64	3969	77.32
64	1805	66.74
64	6296	72.54
64	4776	78.70
64	3148	84.42
64	4262	83.42
64	356	86.29
65	1246	80.04
65	33660	82.47
65	7458	68.68
65	2329	83.98
65	4993	82.74
65	91542	72.60
65	3147	80.02
66	593	91.30
66	47	88.68
66	5418	83.77
66	922	87.33
66	2139	77.51
66	2956	65.35
66	3745	77.16
66	1956	91.27
66	4581	69.90
66	5349	82.94
66	1210	91.30
66	1094	74.43
66	2001	68.58
66	380	75.68
66	6539	85.16
66	671	74.39
66	1	85.17
66	6378	77.86
66	7766	90.72
66	296	94.07
67	99114	77.04
67	4306	75.95
67	27193	58.00
67	79132	80.67
67	60069	78.87
67	2012	62.85
67	4886	74.79
67	4993	79.87
68	47978	69.90
68	95218	69.90
68	6534	51.17
68	48696	69.53
68	67267	66.42
68	30825	55.77
68	1799	68.17
68	3556	73.71
68	8622	70.13
68	4351	57.59
68	63113	62.84
68	58295	59.39
68	7151	67.07
68	2413	63.83
68	6287	52.96
68	653	54.82
68	41566	60.99
68	5541	57.69
68	260	79.32
68	48043	64.68
69	4370	80.51
69	4848	97.20
69	3671	93.99
69	2476	96.59
69	1193	97.61
69	356	97.66
69	553	94.29
69	4022	88.73
69	260	100.38
69	3994	84.75
70	1193	86.32
70	1097	77.62
70	1914	80.34
70	1269	81.52
70	4995	83.66
70	318	92.56
70	8949	81.06
70	1968	82.12
70	1210	86.90
70	89492	80.64
70	1250	89.01
70	1235	87.42
70	2366	78.02
71	494	72.16
71	647	73.75
71	736	65.30
71	95	56.51
71	733	72.55
71	589	82.52
71	7	63.97
72	1047	68.91
72	150	82.16
72	858	95.37
72	2490	79.20
72	1357	83.71
72	260	92.56
72	50	92.09
72	1198	93.27
72	1196	93.34
73	1193	85.46
73	45720	74.30
73	105037	60.29
73	6333	77.33
73	59315	79.79
73	76293	72.68
73	138204	77.00
73	2706	72.29
73	152081	79.04
73	45221	50.17
73	68135	71.45
73	150	75.47
73	8376	70.71
73	93510	77.95
73	59784	72.33
73	116823	78.24
73	106072	74.20
73	1682	80.33
73	52245	61.96
73	35836	74.74
74	31522	69.90
74	2594	83.20
74	2908	81.53
74	30749	85.48
74	6870	82.93
74	3006	82.78
74	52281	81.33
74	49772	87.11
74	55118	88.58
74	2997	89.81
74	6305	82.50
74	608	92.30
74	4546	84.63
74	41863	90.65
74	27773	90.73
74	6001	87.03
74	1251	95.68
74	6552	81.40
74	46976	83.36
74	44555	90.51
75	5445	72.89
75	1240	72.35
75	5952	79.71
75	2193	66.57
75	6870	70.62
75	2529	72.53
75	168	41.56
75	541	76.24
75	3176	65.23
75	1962	66.47
75	2078	69.58
75	1889	70.39
75	1266	75.96
75	1374	69.46
76	48877	42.45
76	5956	60.69
76	2918	64.74
76	58803	50.58
76	1247	70.44
76	74458	69.87
76	7669	57.04
76	79132	71.21
76	8957	49.04
76	858	75.91
76	55820	67.55
76	1258	71.83
76	63436	37.32
76	1201	72.16
76	1208	73.23
76	48	45.93
76	288	55.83
76	34405	64.75
76	1	63.07
76	1196	72.48
77	3996	72.25
77	4973	80.96
77	7361	81.75
77	8636	71.88
77	3578	74.34
77	33794	74.73
78	296	84.35
78	165	68.26
78	3809	64.39
78	589	79.28
78	546	40.78
78	27904	70.86
78	260	83.22
78	590	75.03
78	480	73.32
78	68791	63.93
78	344	59.54
78	44974	62.00
78	380	66.73
79	3266	145.00
79	3029	66.87
79	589	88.85
79	1916	92.26
79	307	86.31
79	4005	73.56
79	260	94.98
79	1189	92.41
79	1345	80.77
79	2000	81.76
79	1374	84.87
79	2659	69.90
79	2076	89.58
80	7445	79.46
80	96691	75.67
80	84189	69.90
80	91630	83.25
80	49530	86.02
80	8950	91.50
80	6539	89.59
80	4223	82.86
80	5630	78.60
80	3527	84.93
80	76251	84.39
80	80363	67.63
80	52604	81.25
80	6502	90.86
80	34048	76.06
80	1221	96.28
80	60684	88.70
80	6952	68.85
80	5989	90.73
80	77561	86.32
81	10	69.90
81	32	69.90
81	47	69.90
81	110	69.90
81	150	69.90
81	153	69.90
81	161	69.90
81	165	69.90
81	208	69.90
81	231	69.90
81	288	69.90
81	296	69.90
81	316	69.90
81	318	69.90
81	329	69.90
81	344	69.90
81	356	69.90
81	364	69.90
81	367	69.90
81	377	69.90
81	380	69.90
81	457	69.90
81	480	69.90
81	588	69.90
81	589	69.90
81	592	69.90
82	6886	69.90
82	2381	42.00
82	2378	60.33
82	6566	65.00
82	368	72.24
82	6536	69.87
82	3253	70.23
82	4310	57.15
82	1608	65.53
82	1372	73.39
82	145	64.10
82	356	84.45
82	6708	78.13
82	1485	62.38
82	4369	59.63
82	6564	47.04
82	6888	42.70
82	5803	42.87
82	4015	52.06
82	364	80.06
83	56367	69.61
83	7143	69.16
83	7323	62.61
83	6539	69.07
83	161	63.25
83	586	51.83
83	2115	62.23
83	1270	71.64
83	6874	70.99
83	2324	77.05
83	1537	70.83
83	7153	75.15
83	68954	70.75
83	48774	70.72
83	30749	64.88
83	8014	79.50
83	1222	75.88
83	3753	56.94
83	1223	81.33
83	64983	50.47
84	55	69.90
84	987	69.90
84	912	87.89
84	1096	77.81
84	420	51.21
84	1227	81.16
84	113	58.50
84	580	74.48
84	5060	77.83
84	1293	79.67
84	900	74.78
84	1097	76.63
84	62	71.02
84	368	73.14
84	1305	80.42
84	1247	82.83
84	1296	77.14
84	11	74.42
84	1073	78.72
84	1094	68.43
85	1519	69.90
85	1624	51.25
85	1140	69.90
85	1694	33.33
85	1643	55.00
85	1747	69.54
85	1635	81.79
86	4993	85.01
86	4310	57.32
86	6947	72.58
86	2411	58.78
86	457	78.25
86	5418	76.88
86	3996	78.37
86	4901	66.02
86	1835	70.19
86	33794	78.74
86	1196	86.72
86	3555	68.97
86	1097	76.88
86	2687	66.70
87	4023	59.09
87	2009	74.55
87	3504	87.00
87	671	83.49
87	2139	81.60
88	7312	69.90
88	74795	79.38
88	4993	92.98
88	68157	91.87
88	5952	89.14
88	1193	92.51
88	223	82.76
88	8665	81.13
88	4262	88.95
88	56782	92.61
88	8677	63.48
88	58559	93.85
89	26645	69.90
89	32060	69.90
89	44851	69.90
89	53280	69.90
89	53578	69.90
89	67888	69.90
89	69211	69.90
89	81087	69.90
89	84246	69.90
89	103602	69.90
89	108078	69.90
89	109596	69.90
89	118894	69.90
89	121007	69.90
89	128089	69.90
89	128944	69.90
89	131098	69.90
89	131439	69.90
89	134847	69.90
89	140481	69.90
89	146684	69.90
89	148632	69.90
89	150554	69.90
89	164226	69.90
89	30793	46.41
89	169912	38.28
89	87869	53.42
89	1923	49.59
89	4015	35.29
89	950	33.37
89	173253	69.90
89	2324	59.23
89	27826	69.90
89	92259	65.75
89	11	45.79
89	3977	37.08
89	86298	31.04
89	8154	51.80
89	77688	69.90
89	2997	58.31
89	170837	69.90
89	49274	36.21
89	157775	69.90
89	1	58.16
89	142196	69.90
89	99117	41.72
89	62008	69.90
89	72624	69.90
89	108156	42.28
89	3752	45.16
89	2059	44.27
89	128520	81.54
89	3175	48.68
89	133879	69.90
89	48649	69.90
89	126088	69.90
89	5529	69.90
89	65588	69.90
89	99130	69.90
89	40962	69.90
89	1732	60.66
89	68659	52.43
89	91666	69.90
89	2683	45.66
89	3751	54.04
89	750	63.98
89	6650	69.90
89	149508	69.90
89	2395	47.12
89	51575	36.84
89	65230	48.32
89	171751	69.90
89	85881	59.56
89	139157	69.90
89	6863	51.01
89	4246	54.19
89	108949	52.39
89	1230	58.78
89	160567	78.28
89	73319	49.66
89	177185	69.90
89	130520	45.46
89	5220	37.71
89	121338	69.90
89	153386	69.90
89	50872	59.65
89	149566	69.90
89	145491	69.90
89	4890	44.67
89	129354	43.71
89	32243	69.90
89	84944	56.91
89	6402	69.90
89	1288	57.52
89	140133	69.90
89	119141	53.76
89	947	56.49
89	176621	69.90
89	4973	60.25
89	158398	69.90
89	69469	69.90
89	54503	61.83
89	141928	69.90
89	102481	53.76
90	1137	69.90
90	1144	69.90
90	581	88.00
90	81	64.43
90	892	82.40
90	1073	81.90
90	116	62.50
90	896	51.11
90	17	83.05
90	7	65.54
90	613	79.44
91	3013	69.90
91	6395	69.90
91	8147	69.90
91	7153	83.22
91	3360	73.18
91	2791	78.74
91	3897	78.05
91	1080	81.01
91	4850	62.47
91	3429	84.35
91	7000	53.54
91	2060	67.69
91	2916	70.38
91	1391	63.75
91	2100	60.77
91	318	87.77
91	2146	63.40
91	1225	81.77
91	1246	77.31
91	8501	67.72
92	2572	87.59
92	2114	87.00
92	1015	77.45
92	2454	78.95
92	1801	94.14
93	736	79.77
93	1917	79.34
93	552	80.34
93	1721	82.34
93	539	86.13
93	480	92.29
93	1372	93.86
93	368	90.05
93	2355	88.96
93	1923	89.53
93	2193	93.50
93	2006	75.50
93	339	84.30
93	1097	94.06
93	1591	71.04
93	260	103.39
93	2968	96.53
93	1676	84.06
93	593	101.76
93	558	82.65
94	231	53.94
94	377	62.50
94	367	57.37
94	364	72.96
94	288	57.29
94	19	47.76
94	10	61.52
94	586	52.19
94	590	70.45
94	380	62.84
94	589	73.81
94	318	82.42
95	18	84.11
95	4878	94.50
95	6979	76.81
95	4732	52.43
95	3019	88.52
95	5246	49.08
95	32	92.76
95	2952	80.81
95	1247	93.77
95	1198	98.00
95	5283	66.77
95	3361	79.46
95	1513	68.79
95	2009	76.44
95	539	76.66
95	122	58.53
95	1584	78.44
95	1240	88.87
95	4262	91.03
95	5349	85.62
96	527	93.32
96	1094	72.13
96	272	78.04
96	3819	97.84
96	150	81.62
96	2021	71.80
96	2571	90.56
96	1214	84.66
96	2058	70.09
96	1220	82.02
96	733	72.00
96	2340	65.55
96	1721	70.07
96	2396	79.82
96	367	68.57
96	1291	87.42
97	4701	78.57
97	4306	91.19
97	3578	90.75
97	4993	97.67
97	4963	89.42
97	4299	78.17
97	3981	67.76
97	4161	77.21
98	81845	84.55
98	8961	80.85
98	122912	85.42
98	5299	70.78
98	63992	50.80
98	187541	83.33
98	56152	77.99
98	134853	82.58
98	69644	64.04
98	6863	72.90
98	5618	90.73
98	56801	55.24
98	3499	82.55
98	134130	88.87
98	74789	68.19
98	82461	73.06
98	1258	88.62
98	88810	87.18
98	79132	88.84
99	318	109.84
99	161	92.83
99	420	75.07
99	592	90.70
99	196	76.81
99	122	75.71
99	145	81.90
99	150	97.51
99	316	87.51
99	236	87.12
99	588	96.19
100	497	84.66
100	296	91.67
100	1393	76.50
100	95	56.47
100	592	78.35
100	605	65.11
100	6059	70.69
100	28	87.11
100	2245	70.59
100	62	74.29
100	4308	75.50
100	1777	77.26
100	838	75.60
100	2125	85.60
100	1288	86.44
100	234	60.35
100	1197	92.41
100	2005	80.59
100	4014	78.69
100	4623	74.06
101	2580	76.23
101	3285	57.93
101	2723	71.60
101	2700	77.06
101	2908	77.08
101	2390	76.84
101	3175	71.47
101	2395	74.02
101	358	59.49
101	2702	64.85
101	3394	52.11
101	2997	85.04
101	2502	83.59
102	158	52.85
102	588	74.93
102	150	75.91
102	592	68.95
102	253	72.43
102	480	76.03
102	344	58.51
102	539	70.15
102	553	77.45
102	593	84.84
102	586	59.19
102	223	77.82
103	86014	69.90
103	1954	85.48
103	60040	69.23
103	1968	83.19
103	77206	69.90
103	2161	76.12
103	1732	87.77
103	81834	82.34
103	608	87.10
103	2384	64.26
103	4254	44.03
103	104	74.09
103	139642	58.71
103	56782	87.47
103	2096	72.99
103	101	90.66
103	6534	59.59
103	374	46.99
103	60069	86.33
103	30793	67.88
104	4740	69.90
104	743	46.02
104	5218	72.88
104	8643	63.53
104	1288	80.83
104	47997	76.97
104	468	65.09
104	76251	74.89
104	8533	74.83
104	4018	63.09
104	38038	75.31
104	1566	68.42
104	7361	85.29
104	6060	69.90
104	3034	74.05
104	1641	73.94
104	4641	73.45
104	108190	54.30
104	616	72.11
104	7034	83.70
105	4788	69.90
105	69685	69.90
105	95311	69.90
105	95313	69.90
105	110586	69.90
105	141816	69.90
105	141818	69.90
105	170597	69.90
105	172587	69.90
105	172793	69.90
105	173351	69.90
105	173535	69.90
105	6433	54.38
105	4974	60.35
105	70286	82.39
105	108981	69.90
105	95175	69.90
105	69122	79.76
105	1243	75.52
105	3916	79.04
106	69844	93.42
106	72998	86.22
106	59501	77.03
106	86880	75.17
106	5349	89.18
106	53125	85.00
106	59784	85.44
107	231	73.05
107	253	82.30
107	590	87.53
107	165	82.02
107	434	69.96
107	208	68.96
107	318	98.07
108	800	93.81
108	6022	75.94
108	4995	88.74
108	2585	69.90
108	5316	69.60
108	4975	77.42
108	3978	70.93
108	5349	83.22
108	2926	93.78
108	4246	85.26
108	4878	94.99
108	4994	74.94
108	1968	89.96
108	1684	69.39
108	497	86.53
108	5380	82.73
109	380	64.16
109	1033	64.88
109	231	56.37
109	364	75.35
109	589	77.15
109	480	71.53
109	62	68.38
109	31	59.82
109	587	63.58
109	1032	65.57
109	586	55.24
109	778	78.69
109	540	43.87
109	256	49.26
109	163	67.53
109	252	60.11
109	223	74.27
109	553	72.04
109	537	63.20
109	168	51.67
110	26171	73.85
110	2468	40.00
110	1198	82.30
110	1089	81.49
110	1222	78.38
110	1208	81.92
110	4881	77.59
110	47	79.05
110	527	81.66
110	1193	81.25
110	2428	49.23
111	100194	69.90
111	162602	69.90
111	171251	69.90
111	2145	64.37
111	96588	73.58
111	65088	60.10
111	66203	49.79
111	84772	56.67
111	2081	67.76
111	91529	74.38
111	6365	60.45
111	45666	50.00
111	3255	67.10
111	1282	71.58
111	6539	72.31
111	86833	74.69
111	122882	73.75
111	59143	79.41
111	86911	64.26
111	5283	54.22
112	788	49.94
112	161	66.92
112	1917	62.07
112	16	80.07
112	21	64.74
112	208	55.95
112	434	52.83
112	39	64.74
112	3717	61.12
112	19	54.76
112	110	78.86
112	32	79.52
112	70286	82.51
113	4083	69.90
113	39	69.50
113	3168	74.43
113	932	84.73
113	2331	52.00
113	3359	79.65
113	1086	82.23
113	3504	79.02
113	1339	68.54
113	904	83.68
113	3546	69.90
113	4063	41.90
113	4062	54.57
113	1077	73.48
113	1589	72.34
113	2475	61.58
113	3831	68.00
113	46	61.05
113	1733	107.69
113	4007	72.81
114	141718	69.90
114	54001	64.54
114	2291	60.21
114	167732	69.90
114	122886	60.78
114	8961	64.21
114	3147	67.39
115	1580	72.70
115	2804	81.74
115	1387	81.96
115	2792	59.49
115	3146	54.36
115	3273	46.60
115	3052	76.81
115	2841	72.45
115	2719	49.14
115	595	75.59
115	2700	79.37
115	383	63.87
115	2027	43.36
115	2148	58.26
115	2770	61.82
115	3785	59.26
115	2916	74.23
115	3175	72.82
115	588	77.50
115	1377	61.47
116	2716	71.56
116	858	83.69
116	1299	81.88
116	62383	13.33
116	1339	66.75
116	1276	76.76
116	597	67.90
116	1029	65.33
116	1101	61.48
116	2797	69.44
116	2657	62.34
116	1961	73.70
116	1407	59.92
116	5995	80.31
116	1704	78.02
116	165	66.35
116	2115	67.83
116	8360	71.76
117	708	67.40
117	587	66.87
117	589	78.82
117	151	75.57
117	36	74.08
117	1036	73.83
117	595	73.01
117	288	64.62
117	596	67.37
117	48	61.40
117	315	54.46
117	454	70.23
117	353	75.12
117	474	72.12
117	10	66.11
117	60	60.29
117	805	69.90
117	491	66.39
117	616	69.66
117	485	57.52
118	1221	82.99
118	1625	66.96
118	153	44.77
118	1961	74.08
118	1810	61.88
119	95441	75.70
119	117176	82.50
119	1092	77.45
119	91529	89.28
119	74458	91.09
119	4387	83.87
119	79132	93.05
119	168252	96.07
119	44022	73.16
119	78499	89.24
119	122904	84.90
119	106782	88.76
119	442	65.97
119	4993	91.96
119	31685	75.87
119	6365	76.10
119	141004	57.70
119	4148	69.06
119	88744	85.25
119	8644	81.04
120	260	82.27
120	32	74.44
120	5	49.22
120	631	61.29
120	52	64.02
121	497	77.90
121	440	67.56
121	161	66.63
121	527	85.01
121	292	63.87
121	344	54.87
121	186	50.09
121	316	63.20
121	1	74.98
121	19	48.51
121	163	66.85
121	337	73.41
122	27660	86.70
122	69784	88.96
122	7022	94.96
122	148652	69.90
122	4816	88.71
122	56174	83.89
122	94959	96.78
122	81591	88.24
122	71535	96.70
122	30810	88.64
122	2997	97.02
122	1732	98.70
122	108932	91.29
122	780	83.09
122	1090	100.15
122	3253	84.80
122	106782	94.35
122	72226	88.94
122	1200	96.22
122	1214	95.67
123	68554	64.57
123	115569	84.48
123	79132	84.22
123	109487	81.74
123	1196	86.26
123	4226	86.51
123	296	85.54
123	7153	84.82
123	143458	69.90
123	47	84.44
123	96829	87.50
123	2858	84.37
124	56145	73.98
124	2161	77.52
124	260	89.93
124	175	84.06
124	1358	85.66
124	6377	85.88
124	4226	90.89
124	3147	85.81
124	608	88.27
124	1223	92.18
125	5088	69.90
125	86721	69.90
125	110330	69.90
125	54503	81.12
125	72011	72.77
125	162578	85.16
125	119145	81.55
125	176371	82.77
125	55247	74.27
125	1240	79.93
125	86332	74.84
125	68157	83.68
125	112623	77.08
125	4082	36.55
125	160567	98.59
125	3342	62.16
125	109487	80.14
125	88140	74.19
125	98607	69.90
125	81562	78.90
126	364	72.95
126	349	63.45
126	231	53.97
126	380	62.95
126	410	55.53
126	300	67.18
126	253	66.36
126	457	71.56
127	2915	52.07
127	903	66.85
127	55276	54.05
127	5060	66.78
127	272	48.89
128	904	86.88
128	965	67.20
128	926	96.33
128	1066	85.22
128	1721	68.31
128	1080	84.82
128	1198	90.00
129	4370	72.40
129	480	80.39
129	3698	70.85
129	2692	85.10
129	2138	86.57
129	1968	82.84
129	8368	84.82
129	653	66.02
129	7143	82.82
129	316	72.84
129	6874	85.50
129	239	64.25
129	2916	77.57
129	733	75.29
129	4896	76.11
129	2028	88.31
129	3977	61.72
129	3000	87.93
129	1907	78.69
129	31658	88.15
130	208	55.23
130	316	63.52
130	292	67.95
130	110	77.01
130	590	73.00
130	296	79.02
131	2273	51.58
131	6947	62.13
131	58559	73.54
131	908	71.36
131	4878	72.60
131	89745	70.00
131	7256	74.81
131	68237	70.36
131	2722	40.21
131	2028	72.51
131	48516	74.85
131	3178	62.47
131	64614	67.79
131	969	71.94
132	6251	69.90
132	3275	73.18
132	4995	67.37
132	2987	61.34
132	7444	51.70
132	3262	54.66
132	4168	53.59
132	31658	69.80
132	44191	67.17
132	1089	71.83
132	3967	65.95
132	5502	54.79
132	50	72.43
132	58559	71.74
132	5992	59.22
132	2108	53.59
132	1844	67.09
132	2657	52.58
132	47	68.59
132	2470	46.84
133	454	57.46
133	356	69.42
133	589	65.43
133	150	59.94
133	153	40.65
133	380	54.32
133	527	72.79
134	442	61.86
134	595	75.16
134	349	74.90
134	380	73.94
134	367	66.95
134	509	72.23
134	296	85.92
135	592	75.62
135	4084	61.00
135	893	71.38
135	3994	74.49
135	2004	69.76
135	608	87.77
135	1358	85.24
135	3852	66.69
135	3489	69.18
135	1614	62.74
135	1198	91.97
135	4128	79.38
135	1883	60.65
135	2302	68.70
135	1291	86.78
135	410	65.15
135	1261	85.80
135	4022	78.59
135	4881	85.47
135	1077	76.77
136	161	68.69
136	193	43.14
136	585	52.77
136	338	53.19
136	277	57.71
136	380	65.45
136	181	42.06
136	337	76.30
136	437	46.08
136	165	67.84
136	611	51.30
136	151	76.09
136	340	65.39
136	252	64.45
136	432	51.36
136	552	61.90
136	350	66.78
136	280	76.14
136	273	54.77
136	150	72.96
137	6787	82.29
137	2716	76.65
137	1198	85.95
137	750	88.98
137	919	77.34
137	1270	78.99
137	318	89.12
137	150	74.78
137	2997	81.19
137	1200	79.29
137	6986	69.90
137	7153	84.71
137	1242	81.03
137	110	78.01
137	33493	70.31
137	1197	85.26
137	2959	86.89
137	1237	77.91
137	903	82.65
137	7762	78.23
138	2707	65.62
138	1960	82.50
138	1959	82.86
138	849	60.73
138	3996	89.17
139	4025	31.90
139	7445	40.87
139	60684	49.29
139	4865	42.25
139	68319	32.69
139	7090	53.53
139	5502	38.15
139	260	58.93
139	8371	34.26
139	53953	41.02
139	58025	31.43
139	106782	52.85
139	6957	41.83
139	7163	27.19
139	3827	28.20
139	3624	33.51
139	52722	32.66
139	54259	48.09
139	4367	32.02
139	115617	50.08
140	5699	69.90
140	5299	64.83
140	1393	69.92
140	356	82.58
140	609	78.54
140	32596	59.66
140	4795	61.22
140	34072	70.31
140	1617	82.33
140	5256	69.90
140	5943	53.17
140	1084	75.75
140	4337	69.90
140	3108	76.60
140	43396	70.54
140	4719	52.95
140	1005	46.13
140	4321	67.58
140	5812	68.74
140	4259	75.13
141	5418	70.63
141	54503	74.77
141	4963	70.94
141	2478	59.01
141	71535	76.27
141	317	56.04
141	68954	74.52
141	54286	70.55
141	6365	60.23
141	54272	67.84
141	4447	61.75
141	5502	61.31
141	6377	74.74
141	6373	63.21
141	1265	73.79
141	91529	76.01
141	2502	78.30
141	441	75.42
141	1517	66.76
141	48516	79.93
142	434	61.27
142	384	75.33
142	588	77.75
142	50	88.49
142	527	92.80
142	356	88.45
142	337	82.50
142	377	71.53
143	1721	50.99
143	61250	37.31
143	6942	61.27
143	7169	39.79
143	8533	56.60
143	106696	65.53
143	3421	58.37
143	87232	63.99
143	78316	69.90
143	69069	52.96
143	59421	42.33
143	2144	62.63
143	96821	68.57
143	7173	50.09
143	500	53.98
144	589	79.33
144	541	81.43
144	8368	80.70
144	597	72.11
144	590	77.54
144	410	62.35
144	1246	79.28
144	527	86.35
144	356	84.19
144	500	65.88
144	19	56.04
144	2700	77.29
144	434	57.22
144	733	68.98
144	780	66.57
144	1036	75.33
144	5377	76.73
144	552	62.97
144	586	60.52
144	2081	73.58
145	344	54.70
145	339	64.97
145	380	62.93
145	318	83.67
145	588	69.36
146	7293	64.78
146	3257	52.00
146	32	73.48
146	1367	53.49
146	3686	57.27
146	410	53.49
146	47610	67.50
147	1234	89.76
147	168	58.67
147	552	60.20
147	555	77.86
147	2395	83.25
148	88125	74.36
148	5618	82.17
148	108932	71.31
148	81847	69.35
148	72998	65.61
148	5816	66.67
148	8368	74.16
148	7153	77.77
148	81834	74.73
148	4993	76.86
149	1097	65.01
149	1374	65.05
149	1831	37.36
149	1527	63.29
149	260	74.29
149	173	40.88
149	1206	75.71
149	1200	69.55
149	2021	59.45
149	1580	60.37
149	1391	54.92
149	1375	56.12
150	3	69.47
150	1356	81.53
150	5	58.88
150	95	59.91
150	733	76.65
150	1073	81.59
151	786	81.50
151	562	93.58
151	780	85.78
151	837	81.90
151	747	67.27
151	1265	97.23
151	828	62.00
151	1073	90.14
151	1	94.02
151	648	85.86
151	1393	92.29
151	1359	63.24
152	50	83.58
152	2959	87.29
152	116897	88.90
152	89492	72.43
152	1193	82.14
152	69481	81.75
152	85774	75.54
152	115713	78.86
152	111	81.07
152	92259	88.23
152	1234	80.67
152	79132	84.58
152	318	87.91
153	134853	45.33
153	1732	49.30
153	8533	39.80
153	4014	42.23
153	81456	28.75
153	106782	47.64
153	8528	42.60
153	6863	36.81
153	87194	36.77
153	2617	28.30
153	1246	47.88
153	106100	50.42
153	1954	46.84
153	7458	37.51
153	4226	53.45
153	89904	56.65
153	72998	40.33
153	133780	69.90
153	586	26.71
153	36535	44.49
154	114662	95.09
154	119145	98.67
154	81834	94.74
154	122904	92.83
154	106072	83.15
154	76093	97.24
154	77561	88.33
155	153	56.58
155	3286	45.67
155	1200	84.60
155	260	90.42
155	141	69.37
155	2355	75.06
155	2384	62.36
155	2948	78.64
155	432	49.94
155	2959	91.11
156	26313	69.90
156	31038	69.90
156	1230	79.44
156	1711	61.31
156	3341	86.04
156	6296	66.21
156	762	47.26
156	2361	56.28
156	2076	77.43
156	4784	56.90
156	661	67.82
156	2926	72.48
156	8571	69.90
156	47	77.93
156	3176	69.60
156	58	73.35
156	848	41.81
156	866	81.50
156	1485	57.41
156	923	80.25
157	785	66.89
157	3617	67.11
157	2720	35.91
157	2770	57.03
157	527	84.70
158	1093	70.42
158	2605	63.38
158	2872	85.00
158	2723	76.36
158	2428	62.84
158	66320	69.90
159	2959	74.06
159	60069	71.92
159	45720	60.86
159	597	61.17
159	4022	64.53
159	89864	63.99
159	49286	63.03
159	140110	60.84
159	84954	54.25
159	4447	59.80
159	1197	76.41
159	68954	68.77
159	6942	66.72
159	1961	65.73
159	106696	64.72
159	480	62.84
159	539	58.34
159	166643	69.24
159	40819	66.32
159	63082	68.48
160	126	44.76
160	1371	53.89
160	1198	79.72
160	196	46.35
160	3408	59.90
160	5349	67.69
160	3213	66.55
160	2408	45.03
160	839	34.55
160	3593	18.97
160	2748	69.90
160	533	44.10
160	1975	33.84
160	1676	56.68
160	3745	62.00
160	2011	57.88
160	733	58.31
160	3826	37.99
160	778	76.05
160	2840	46.14
161	4980	64.94
161	7247	83.85
161	47610	77.66
161	1223	91.65
161	38038	80.36
161	3429	96.34
161	2144	80.30
161	2336	80.26
162	150	83.98
162	225	71.98
162	168	64.05
162	50	91.69
162	300	81.02
162	266	76.44
162	31	77.37
162	62	83.22
163	1608	54.82
163	1810	57.33
163	1747	61.65
163	1777	64.86
163	1837	45.71
164	1036	87.61
164	2916	83.41
164	110	92.22
164	589	92.19
164	3527	81.21
164	1101	78.04
164	1201	98.76
164	2167	79.63
165	2353	62.72
165	3624	58.97
165	110	77.95
165	5505	64.60
165	5527	77.00
165	3256	67.37
165	5956	71.77
165	5418	74.75
165	5530	49.22
165	5450	61.80
165	1127	68.48
165	3409	56.44
165	5881	65.48
166	33794	82.82
166	1721	68.02
166	4011	83.88
166	5378	66.21
166	3481	79.22
166	49530	78.38
166	2353	68.24
166	47644	60.43
166	54272	76.66
166	8961	81.95
166	1198	89.89
166	2542	80.86
166	1036	78.94
166	608	85.66
166	434	58.63
166	5219	68.38
166	5418	80.64
166	2396	77.57
166	349	71.38
166	2324	87.86
167	33493	67.56
167	4886	74.25
167	778	78.42
167	3052	70.59
167	7147	72.85
167	6857	71.12
167	45501	49.43
167	6480	69.90
167	1682	73.41
167	2231	69.56
167	784	54.19
167	33794	74.64
167	2083	68.91
167	2413	65.03
167	6333	71.50
167	8961	73.60
167	2139	65.21
167	150	70.34
167	6773	70.67
167	35836	69.77
168	3730	90.91
168	1248	95.11
168	1201	94.08
168	1089	93.79
168	296	95.73
168	923	93.18
168	1222	93.57
168	5291	80.62
168	3543	83.98
168	1302	78.33
168	3362	87.97
168	1148	93.32
168	3101	72.86
168	57669	95.13
168	2076	89.25
168	1729	79.38
168	908	91.18
168	85354	80.00
168	80463	89.11
169	3536	89.68
169	2028	97.34
169	364	95.29
169	953	91.33
169	4886	93.49
169	5400	75.67
169	8644	85.46
169	524	84.78
169	2795	83.44
169	1022	87.33
169	3114	92.00
169	3967	93.33
169	1517	88.64
169	1035	92.07
169	8641	92.49
169	6365	80.69
169	661	86.13
169	457	93.15
169	3287	45.79
169	1416	69.27
170	318	85.56
170	296	77.62
170	586	55.16
170	377	64.96
170	34	70.89
170	592	64.97
170	277	58.88
170	500	62.54
170	266	63.91
170	588	70.75
171	485	72.72
171	1220	90.89
171	1025	85.63
171	801	78.19
171	1259	93.98
171	1079	96.25
171	828	84.62
171	317	75.69
171	869	100.71
171	380	83.10
171	1136	98.60
171	1225	96.35
171	661	84.60
171	318	104.01
171	47	95.86
171	1198	101.32
171	1208	101.43
172	3087	58.38
172	3578	76.26
172	7438	82.28
172	2072	60.73
172	3793	74.91
172	2762	81.08
173	10	69.78
173	329	66.69
173	586	62.25
173	597	74.83
173	588	76.21
174	553	82.03
174	520	64.74
174	224	75.45
174	648	74.60
174	161	77.29
174	317	68.98
174	158	58.47
174	780	71.36
174	315	63.32
174	485	63.38
174	282	67.51
174	440	75.53
174	350	72.86
174	10	72.25
175	531	78.00
175	8911	69.90
175	43904	40.00
175	38388	69.90
175	8362	58.33
176	165	75.43
176	434	63.42
176	39	70.49
176	368	74.57
176	380	73.60
176	780	73.57
176	47	85.96
176	471	81.36
177	42002	63.12
177	91542	68.19
177	6332	35.95
177	3668	68.79
177	45672	59.00
177	783	54.37
177	27706	66.28
177	2657	61.73
177	114662	72.21
177	1206	83.35
177	83132	79.28
177	5218	69.99
177	508	69.48
177	3114	74.91
177	1321	66.58
177	2176	71.40
177	8798	70.55
177	88140	71.56
177	2012	62.95
177	339	62.46
178	7361	90.66
178	527	91.37
178	2329	89.56
178	5995	90.15
178	6502	84.54
178	4235	88.25
178	1198	90.77
178	208	62.66
178	6539	83.27
178	296	90.92
178	349	73.93
178	10	74.34
178	4226	91.02
178	1240	82.33
178	2579	85.50
178	318	94.22
179	367	72.79
179	589	89.51
179	161	79.18
179	231	69.29
179	288	74.43
179	743	56.67
179	1061	81.51
179	317	70.97
179	786	69.60
179	592	78.67
179	671	77.35
179	296	92.94
179	434	66.19
179	364	87.27
180	1261	79.34
180	260	82.71
180	1748	79.70
180	1242	81.43
180	2140	70.72
181	157	61.31
181	593	77.64
181	596	60.91
181	353	69.73
181	539	63.95
181	516	59.16
181	132	56.61
181	169	47.34
181	25	64.79
181	31	56.60
181	542	54.82
181	6	70.85
181	707	53.93
181	185	51.68
181	464	47.97
181	502	40.13
181	415	45.84
181	480	68.57
181	592	62.13
181	344	53.17
182	4879	69.90
182	6969	69.90
182	3911	71.10
182	2728	70.05
182	4313	69.90
182	8042	77.91
182	1291	79.15
182	3113	57.25
182	3578	73.29
182	1590	53.87
182	161	67.96
182	4452	46.63
182	224	75.19
182	4980	53.85
182	4262	77.84
182	2353	61.05
182	2890	75.06
182	1127	68.72
182	541	80.59
182	6041	77.63
183	480	77.95
183	380	72.65
183	1196	87.45
183	2951	77.78
183	2534	41.35
183	4085	70.16
183	1287	87.29
183	2194	78.34
183	3247	57.63
183	1233	86.55
183	2662	59.35
183	1408	80.20
184	158035	69.90
184	181413	69.90
184	193565	69.90
184	97304	85.79
184	74754	79.76
184	168250	77.18
184	191005	69.90
184	106072	72.26
184	166291	85.00
184	127152	69.90
184	86332	76.56
184	80463	84.18
184	5816	73.35
184	122898	64.89
184	81845	85.58
184	5810	72.17
184	170813	62.44
184	174479	69.90
184	112852	89.56
184	148626	85.80
185	1685	69.90
185	2396	74.68
185	5377	76.78
185	1721	65.90
185	5952	81.87
185	1393	70.55
185	595	74.26
185	2085	68.98
185	4995	79.11
185	899	83.50
186	2605	68.09
186	1214	89.65
186	1291	92.56
186	3745	80.96
186	1269	90.45
186	2527	77.17
186	2532	68.47
186	4361	86.72
186	1307	87.36
186	2968	85.90
186	4306	89.71
186	2541	72.09
186	1702	68.16
186	480	85.50
186	1097	86.68
186	3977	67.69
186	919	86.23
186	3527	80.02
186	593	94.52
186	1196	97.63
187	26122	69.90
187	3949	76.00
187	49272	73.36
187	231	51.90
187	1206	80.18
187	6874	73.78
187	1729	64.16
187	1209	76.85
187	48394	70.36
187	6502	73.51
187	2701	39.02
187	4027	72.64
187	288	62.85
187	2542	70.36
187	7153	76.49
187	39427	57.96
187	6890	72.80
187	1222	77.84
187	8949	69.97
187	1748	76.57
188	2346	85.10
188	1212	97.25
188	594	88.86
188	1282	92.63
188	3469	78.95
188	2396	87.20
188	1091	63.73
188	3341	102.42
188	1264	94.69
188	2206	99.23
189	48516	84.23
189	4993	82.27
189	79132	82.83
189	2959	85.26
189	58559	84.26
190	6711	83.72
190	4776	77.84
190	8784	78.70
190	4995	82.07
190	5630	67.02
190	4306	78.33
190	30749	75.01
190	1221	86.56
190	4975	69.92
190	8961	77.93
190	858	89.87
190	8464	76.23
190	69844	80.43
190	7438	84.15
191	496	69.90
191	21	67.81
191	72	57.59
191	175	87.09
191	494	67.88
191	417	74.62
191	17	77.72
191	6	78.66
191	85	84.19
191	292	62.26
191	314	71.18
191	58	82.42
191	235	71.81
191	213	93.33
191	161	66.83
191	160	48.74
191	162	84.66
192	356	94.89
192	288	72.24
192	316	77.30
192	349	80.78
192	432	64.62
193	44555	69.95
193	55442	74.93
193	4878	69.60
193	6016	68.02
193	307	67.05
193	1270	64.64
193	5618	71.87
194	163	76.80
194	1396	70.34
194	1500	72.26
194	1288	80.10
194	5060	79.05
195	3424	79.64
195	2770	61.09
195	1041	88.40
195	1653	81.69
195	1923	72.42
195	3160	79.85
195	4723	44.50
195	1863	39.03
195	2336	74.03
195	2166	37.81
195	4308	69.00
195	1909	64.06
195	260	85.80
195	2028	84.27
195	3252	79.79
195	2908	71.97
195	1392	78.00
195	1365	83.21
195	70	71.44
195	190	64.05
196	70286	77.83
196	3578	75.82
196	59315	75.45
196	58559	81.91
196	364	78.54
196	1214	76.34
196	110	78.83
197	1513	56.57
197	1240	77.88
197	1882	43.73
197	786	59.88
197	2167	67.51
197	153	58.26
197	1784	70.42
198	3894	69.90
198	3499	70.07
198	920	69.12
198	1213	80.49
198	3949	78.88
198	1994	65.60
198	1485	57.42
198	2572	66.57
198	4019	70.92
198	1089	80.63
198	110	77.07
198	593	80.96
198	4128	71.21
198	1270	74.90
198	4886	74.36
198	1079	77.57
198	2117	70.89
198	912	81.92
198	1573	64.50
198	1682	73.22
199	5464	66.88
199	2165	69.90
199	2280	69.90
199	736	52.57
199	5673	68.47
199	349	60.85
199	5502	60.49
199	482	71.16
199	8532	69.90
199	1172	75.61
199	300	65.40
199	50068	68.48
199	4881	74.04
199	3175	62.89
199	7445	57.35
199	2973	74.11
199	34338	70.95
199	41997	68.47
199	1956	78.07
199	377	60.48
200	3809	73.56
200	7022	84.60
200	50802	80.88
200	3968	71.18
200	2485	62.85
200	500	73.44
200	5610	42.82
200	590	84.49
200	1029	73.53
200	53996	80.81
200	2572	79.62
200	4993	91.24
200	4041	78.11
200	57640	88.41
200	1302	77.13
200	1784	79.93
200	6383	53.56
200	1653	87.71
200	1569	77.11
200	1517	80.10
201	1748	95.15
201	1527	89.08
201	1584	81.59
201	2858	99.46
201	339	79.19
201	589	94.48
201	2717	69.96
201	994	93.57
201	788	63.94
201	1196	100.60
201	2797	89.19
201	733	80.72
201	1259	93.99
201	2174	87.69
201	1198	101.38
201	2455	80.79
201	1569	80.96
201	1213	97.83
201	160	62.70
201	24	75.11
202	3329	69.90
202	924	86.21
202	29	84.26
202	2289	79.69
202	1197	90.34
202	1196	90.17
202	2966	84.18
202	161	74.03
202	608	87.44
202	1209	85.90
202	1296	82.75
202	3194	65.71
202	1784	76.94
202	469	82.79
202	923	86.71
202	2000	76.64
202	1587	67.27
202	1719	90.26
202	3147	83.71
202	32	84.70
203	56174	71.45
203	8665	76.15
203	2407	67.44
203	5952	84.13
203	590	81.46
203	49272	84.97
203	40815	79.53
203	333	75.41
203	296	87.99
204	1136	89.31
204	3949	86.83
204	33794	84.18
204	48394	81.63
204	27075	69.90
204	1080	89.60
204	79008	90.87
204	6104	90.12
204	8874	86.04
204	81591	81.82
204	4878	89.69
204	91658	78.06
204	711	57.60
204	2313	81.21
204	86320	70.88
204	55820	87.25
204	5218	78.47
205	912	88.29
205	99114	81.26
205	91542	75.24
205	5816	74.13
205	95167	72.63
205	96079	76.99
206	36	85.61
206	608	93.36
206	733	78.71
206	140	73.39
206	141	79.30
207	2991	74.86
207	2428	47.01
207	2707	50.87
207	3740	70.14
207	100	31.67
208	1210	84.87
208	2628	62.65
208	380	67.63
208	2353	61.03
208	2278	71.35
208	2762	78.38
209	60684	84.45
209	1291	89.52
209	68157	90.63
209	74458	87.27
209	185029	97.60
209	122886	84.73
209	88125	85.76
210	123553	69.90
210	34405	88.35
210	166203	69.90
210	3147	86.91
210	31696	73.98
210	7649	75.16
210	58559	91.26
210	2105	72.80
210	6365	75.36
210	34397	69.90
210	4625	56.13
210	84772	71.14
210	122926	93.44
210	76093	88.58
210	62836	69.90
210	33493	80.22
210	1584	76.51
210	47610	76.37
210	108932	85.02
210	122918	89.93
211	58559	85.68
211	63113	69.68
211	90405	65.14
211	57669	86.98
211	60684	75.33
211	7153	86.16
211	73017	77.18
211	2105	65.66
211	4367	59.58
211	356	86.46
211	2642	49.78
211	1556	33.64
211	318	89.82
211	44665	73.44
211	85414	72.01
211	1198	87.21
211	1136	85.65
211	260	87.20
212	170697	73.23
212	122920	70.87
212	122892	62.84
212	2571	75.25
212	5218	64.16
212	48394	68.75
212	3578	70.19
212	1196	77.87
212	135143	70.54
212	74795	64.52
212	179401	68.40
212	79132	76.72
212	77800	73.16
212	108932	69.88
212	110102	71.86
212	96821	73.50
212	8874	73.05
212	65261	73.37
212	59784	64.96
212	2291	66.96
213	3285	63.25
213	87520	50.60
213	80363	59.73
213	76251	79.92
213	8957	71.64
213	2860	59.37
213	1234	87.39
213	5419	64.23
213	51935	78.57
213	69844	85.68
213	39446	64.95
213	4132	54.79
213	858	93.74
213	69526	59.03
213	4558	63.33
213	49530	79.51
213	58559	90.70
214	83	69.90
214	628	59.35
214	743	39.71
214	1363	44.29
214	802	53.22
215	1172	83.34
215	4973	83.69
215	63082	81.81
215	1291	81.59
215	2028	81.59
215	3252	76.83
215	3210	69.27
215	1968	77.81
215	1247	83.93
215	49272	81.61
215	1089	83.43
215	72407	55.25
215	5650	79.55
215	318	88.38
215	1208	86.06
215	2000	73.09
215	1197	85.73
215	1196	85.07
215	1297	69.33
215	4019	75.74
216	104	64.52
216	21	70.95
216	3996	78.07
216	3946	47.68
216	2946	64.09
216	3993	59.33
216	3897	77.09
216	2599	70.63
216	34	71.66
216	3994	66.47
216	4034	75.92
216	3363	75.68
216	1965	66.88
216	3422	65.80
216	3555	62.47
216	3253	63.61
216	2087	69.31
216	3986	51.27
216	2018	65.36
216	1923	68.24
217	1867	69.90
217	3434	69.90
217	1275	67.11
217	2468	36.02
217	3197	46.54
217	1912	65.46
217	2302	55.77
217	1876	45.73
217	380	58.85
217	1221	77.36
217	2471	41.16
217	1918	48.01
217	1385	48.86
217	3165	72.58
217	1590	44.55
217	1562	35.43
217	1703	44.63
217	2056	69.90
217	1831	38.61
217	160	39.65
218	2657	60.95
218	2692	78.17
218	1380	64.97
218	1198	84.99
218	6934	55.00
218	5349	73.02
219	60072	53.62
219	2115	67.38
219	59315	73.96
219	6539	72.95
219	442	50.50
219	30707	77.82
219	1704	78.39
219	180	65.64
219	1219	77.49
219	1005	43.86
219	27773	75.28
219	56156	56.20
219	6188	69.49
219	6721	61.03
219	30825	55.14
219	2997	76.43
219	1552	53.85
219	1500	66.96
219	2890	71.40
219	1921	74.99
220	3996	87.24
220	733	77.62
220	1198	95.93
220	3994	80.38
220	6539	88.42
220	1258	93.18
220	1917	71.79
220	4545	72.30
220	33794	87.64
220	165	80.59
220	71264	82.72
220	4623	77.17
220	53464	59.08
220	5218	80.96
220	6365	75.48
220	3751	83.20
220	32	90.33
220	1036	85.10
220	5502	75.80
220	1591	62.61
221	4338	69.90
221	7013	82.99
221	8529	67.10
221	1080	85.53
221	3246	88.99
221	2871	81.68
221	1208	90.54
221	7063	87.83
221	2702	59.98
221	4029	85.82
221	5954	81.56
221	2352	71.31
221	922	84.36
221	2997	85.19
221	1278	82.58
221	2858	88.68
221	1212	89.91
221	1959	75.81
221	1961	81.24
221	3671	80.11
222	81831	69.90
222	100498	35.38
222	48516	78.23
222	1249	75.51
222	99813	67.82
222	91529	73.47
222	59900	45.88
222	93287	79.78
222	1721	56.48
222	2706	59.35
222	3273	36.20
222	2411	50.50
222	64622	69.74
222	7143	70.59
222	87869	64.74
222	778	75.55
222	30825	54.27
222	42011	41.01
222	673	48.12
222	64839	69.95
223	55854	69.90
223	6711	72.19
223	1	68.22
223	736	48.96
223	1961	68.90
223	457	66.45
223	2716	66.17
223	48394	66.50
223	608	72.04
223	8784	67.83
223	48516	75.60
223	3863	53.04
223	4306	69.62
223	260	74.97
223	2683	56.59
224	3496	69.90
224	3044	78.02
224	356	88.58
224	2915	75.75
224	289	59.55
224	3668	79.28
224	1270	84.32
224	2797	83.05
224	1721	72.18
224	2716	84.80
224	1259	86.75
225	2423	69.59
225	1285	83.51
225	588	79.59
225	1717	65.71
225	2791	84.86
225	1321	72.95
225	1136	87.99
225	1197	91.48
225	1753	72.13
225	2004	70.83
225	2371	67.40
225	1407	69.60
225	785	70.12
225	1060	81.52
225	3024	55.74
226	6938	69.90
226	32666	69.90
226	3552	74.79
226	542	55.92
226	1240	79.30
226	3098	74.23
226	2804	79.84
226	3668	73.50
226	3653	92.29
226	2231	74.34
226	145	63.69
226	2253	53.28
226	3052	76.28
226	2628	64.11
226	762	54.10
226	53129	91.74
226	4816	73.58
226	16	81.08
226	2144	78.08
226	46948	72.22
227	46976	79.37
227	52319	85.00
227	81845	84.88
227	109487	83.52
227	134130	87.27
227	215	81.96
227	48738	80.00
227	47099	80.91
227	1196	88.76
227	32587	83.05
227	912	88.74
227	55721	89.20
227	1682	81.30
227	750	90.47
227	778	86.94
227	40629	77.36
227	97913	80.36
227	70286	82.21
227	150	78.16
228	2571	85.44
228	1373	67.24
228	362	71.64
228	318	89.04
228	3113	57.43
229	34	78.19
229	589	83.46
229	377	71.96
229	45	74.16
229	587	72.36
229	5	62.71
229	475	94.02
229	442	61.88
229	597	75.19
229	364	84.02
229	213	85.00
229	110	84.62
229	527	92.08
230	34330	69.90
230	52715	69.90
230	47	67.41
230	7438	69.64
230	527	71.44
230	3147	66.46
230	45499	55.21
230	6537	51.33
230	2291	62.62
230	1387	64.31
230	6863	57.92
230	1485	47.76
230	595	59.23
230	4022	60.51
230	2096	54.59
230	588	61.93
230	4034	64.84
230	1676	54.17
230	8644	60.27
230	2641	48.36
231	92259	84.65
231	858	83.62
231	593	79.14
231	1198	83.33
231	109487	74.88
232	31867	69.90
232	41769	69.90
232	57526	69.90
232	70336	49.85
232	8644	72.77
232	1586	53.42
232	44972	41.09
232	4019	74.87
232	43928	39.69
232	30883	69.90
232	65802	55.42
232	8376	68.07
232	39292	76.42
232	1035	74.98
232	66198	61.45
232	66097	74.98
232	32011	46.70
232	6564	50.04
232	7451	74.07
232	33164	39.14
233	48394	66.90
233	3751	64.95
233	48516	77.46
233	1721	56.96
233	356	75.95
233	106100	71.17
233	162600	69.90
233	608	73.39
233	7153	75.96
233	134214	81.43
233	57669	76.47
233	122920	65.57
233	2329	75.69
233	4239	67.87
233	7371	70.28
233	3977	46.46
233	3147	72.77
233	3948	59.74
233	49272	73.07
233	5418	67.58
234	2616	66.79
234	2140	80.39
234	172	60.80
234	126	54.23
234	1562	51.61
234	4519	64.09
234	153	60.33
234	2710	64.77
234	3624	67.49
234	3483	57.90
234	1391	70.76
234	438	59.88
234	1460	77.01
234	2987	80.24
234	65	49.32
234	260	91.92
234	1359	51.61
234	3175	76.27
234	588	82.34
234	2080	73.37
235	480	77.25
235	736	66.39
235	500	68.14
235	454	73.74
235	592	70.95
235	235	75.41
235	595	75.55
235	32	82.70
235	527	90.31
235	648	72.66
235	223	79.07
235	588	76.43
235	377	69.92
236	1214	69.90
236	1278	69.90
236	1345	69.90
236	1350	69.90
236	1387	69.90
236	1388	69.90
236	1982	69.90
236	1997	69.90
236	1998	69.90
236	2447	69.90
236	2459	69.90
236	2490	69.90
236	2496	69.90
236	2502	69.90
236	2505	69.90
236	2542	69.90
236	2572	69.90
236	2580	69.90
236	2596	69.90
236	2598	69.90
236	2606	69.90
236	2657	69.90
236	2683	69.90
236	2694	69.90
236	2718	69.90
236	2770	69.90
236	2806	69.90
236	2858	69.90
236	3024	69.90
236	3052	69.90
237	32	68.03
237	4254	28.00
237	94959	65.46
237	293	70.78
237	1371	50.28
237	1193	71.60
237	7361	71.54
237	7980	70.89
237	43936	47.85
237	1374	67.26
238	4954	76.40
238	3528	84.00
238	4265	49.62
238	4901	60.10
238	4238	64.48
238	593	79.67
238	4499	71.16
238	4957	59.00
238	1193	80.00
239	58559	91.80
239	5459	65.55
239	4085	77.26
239	380	75.50
239	95	57.12
239	7445	73.26
239	608	88.99
239	7147	84.27
239	6378	78.10
239	2115	78.87
239	4896	77.16
239	36529	82.21
239	3994	77.28
239	33679	72.85
239	47	88.51
239	590	84.63
239	4022	81.46
239	208	66.63
239	733	75.76
239	51662	84.28
240	368	85.31
240	543	80.00
240	480	89.69
240	367	78.50
240	810	51.44
240	500	80.25
240	546	55.50
240	110	94.14
240	173	68.23
240	1	92.24
240	542	71.71
240	104	84.36
240	34	88.60
240	174	66.72
240	204	67.14
240	225	79.15
240	383	77.88
240	262	89.56
240	434	72.29
240	420	67.69
241	81786	69.90
241	71899	82.07
241	527	80.01
241	1206	81.96
241	1193	79.45
241	99114	76.33
241	100714	62.83
241	8981	77.82
241	53123	79.29
241	116897	84.84
241	56367	76.34
241	3910	75.59
241	106782	77.60
241	115569	77.74
241	4235	75.26
241	48780	75.34
242	39	67.60
242	380	70.90
242	231	62.59
242	457	82.08
242	592	71.69
242	454	75.39
242	111	85.21
243	112	79.06
243	353	92.45
243	62	85.96
243	588	86.64
243	193	55.43
243	586	71.89
243	181	58.81
243	376	76.51
244	3090	86.62
244	1049	67.10
244	110	82.62
244	257	60.14
244	165	72.59
244	151	75.14
244	1090	91.45
244	3755	64.84
244	2278	75.53
244	648	72.26
244	1580	74.64
244	1957	79.88
244	1610	82.70
244	1196	90.74
244	3256	72.59
244	1573	70.91
244	1242	87.23
244	3753	70.92
244	2243	71.61
245	3196	54.38
245	2739	43.00
245	3114	49.49
245	3274	40.00
245	1361	45.00
246	1304	91.64
246	616	82.66
246	1680	79.77
246	6016	91.60
246	3081	81.56
246	44191	88.73
246	60684	86.73
246	4973	92.92
246	1732	91.24
246	1298	77.74
246	53125	78.34
246	2291	84.64
246	2692	88.77
246	293	93.30
246	4011	89.43
246	5013	95.21
246	60069	93.58
246	48082	86.20
246	82202	69.85
246	95167	83.98
247	48516	81.40
247	593	79.44
247	2858	79.53
247	49272	76.49
247	1961	73.36
247	44191	74.51
247	527	80.66
247	116797	76.53
247	68358	73.17
247	122886	73.36
247	480	69.97
247	223	71.16
247	1265	74.53
247	2078	69.42
247	1198	80.75
247	1682	73.72
247	6377	76.08
247	1089	79.59
247	953	71.69
247	919	70.52
248	4886	76.35
248	1198	82.70
248	166528	78.35
248	176371	76.91
248	316	62.91
248	147374	76.25
248	102903	69.10
248	189333	64.00
248	122912	78.39
248	58559	82.99
248	5218	71.62
249	110350	69.90
249	102903	74.38
249	2167	74.17
249	94959	86.91
249	84601	74.66
249	2395	75.48
249	97306	80.25
249	3408	73.83
249	89047	69.90
249	91500	73.52
249	91542	76.68
249	40815	80.93
249	69844	84.83
249	904	91.56
249	46723	77.04
249	3826	56.28
249	68791	72.89
249	88812	61.51
249	67695	55.44
249	50	91.46
250	1282	87.46
250	2407	78.67
250	318	99.74
250	1597	75.34
250	1246	91.15
250	8880	84.85
251	142115	111.43
251	293	96.06
251	356	97.73
251	318	103.35
251	1089	99.07
252	164179	93.51
252	89745	92.14
252	6377	93.44
252	164909	82.56
252	1682	92.05
252	166643	81.05
252	143355	83.51
252	78499	87.83
253	44555	94.12
253	916	97.23
253	608	97.33
253	2300	95.06
253	7099	94.62
253	4217	69.90
253	26366	69.90
253	1192	97.27
253	4642	95.91
253	3363	84.26
254	46578	82.56
254	44195	84.89
254	207	60.84
254	49278	67.01
254	6333	76.74
254	780	68.55
254	110	83.27
254	1210	87.27
254	49272	83.99
254	27846	85.54
254	32587	82.91
254	2571	88.07
254	44929	82.20
254	47	84.92
254	293	86.92
254	1580	73.20
254	5995	86.67
254	32	83.18
254	592	74.07
254	48394	78.55
255	1270	59.45
255	4467	60.97
255	2023	44.51
255	3501	33.18
255	1663	57.74
255	1394	61.47
255	3392	40.57
255	2542	53.92
255	2915	47.14
256	3247	64.92
256	88744	82.71
256	377	80.11
256	4973	89.06
256	53972	76.30
256	118696	74.32
256	95441	72.19
256	104841	82.79
256	71535	89.58
256	2953	61.10
256	81229	78.79
256	53121	61.82
256	30707	90.26
256	2571	92.43
256	68791	74.54
256	170	77.84
256	6942	83.88
256	90405	70.24
256	6537	72.95
256	33493	80.40
257	1500	64.16
257	594	65.31
257	2502	82.22
257	494	59.82
257	2406	60.65
258	4995	87.88
258	7147	85.70
258	72641	81.17
258	76093	86.22
258	47099	86.07
259	508	65.21
259	5945	52.63
259	1784	60.88
259	4886	67.24
259	1356	66.15
259	1584	55.76
260	7361	86.18
260	3556	80.89
260	162	79.73
260	903	84.41
260	5690	83.45
260	6337	72.21
260	4878	83.62
260	5617	78.73
260	342	66.04
260	5219	64.60
260	2997	81.99
260	8011	76.81
260	1206	85.98
260	3317	79.96
260	6709	67.41
260	8874	83.20
260	2348	71.94
260	3822	77.57
260	2959	87.80
260	8645	78.00
261	3897	79.35
261	16	80.20
261	2060	66.41
261	296	88.93
261	2723	65.22
261	1682	79.45
261	4085	69.29
261	2194	76.00
261	7361	86.28
261	4238	66.47
261	58559	86.43
262	708	57.91
262	539	57.50
262	457	67.71
262	322	65.45
262	339	56.05
262	85	62.69
262	26	61.31
262	17	67.40
262	213	63.33
262	273	45.79
262	593	74.07
262	728	65.00
263	223	78.10
263	150	77.49
263	500	67.99
263	2987	75.82
263	2953	51.30
263	110	81.61
263	4226	88.69
263	8370	79.05
263	1197	88.48
263	7458	71.79
263	708	67.21
263	1111	86.40
263	2125	82.88
263	6942	77.53
263	5013	86.98
263	163	75.06
263	457	80.61
263	8636	78.55
263	1967	81.16
263	2085	71.95
264	7841	101.54
264	1376	64.67
264	151	71.26
264	5816	70.51
264	1907	76.09
264	1320	63.36
264	1917	61.46
264	150	74.57
264	3578	75.73
264	1090	81.57
264	253	70.94
264	1876	55.09
265	3807	69.90
265	316	66.47
265	253	72.98
265	1302	69.98
265	724	65.43
265	1240	77.66
265	3504	81.71
265	230	59.75
265	3831	63.79
265	1956	84.17
265	3098	71.90
265	529	71.49
265	1270	78.38
265	3791	60.63
265	1177	87.48
265	2322	56.73
265	1488	56.77
265	2474	69.45
265	1198	86.79
265	1962	71.98
266	476	69.90
266	2812	69.90
266	2700	76.81
266	2278	71.99
266	24	60.83
266	2770	57.76
266	2702	58.48
266	64	43.69
266	1405	57.67
266	2580	74.38
266	1527	75.21
266	2167	65.87
266	457	77.61
266	1580	69.76
266	2300	80.98
266	1923	71.09
266	2094	61.00
266	132	54.55
266	2571	85.22
266	2097	58.45
267	2858	94.31
267	593	92.76
267	1175	94.17
267	3006	82.95
267	1302	80.71
267	3999	57.31
267	3113	64.70
267	1093	74.56
267	589	89.67
267	2571	93.60
267	923	92.71
267	3996	87.74
268	1641	65.26
268	587	52.22
268	1125	63.56
268	1911	41.79
268	2802	50.55
268	1036	62.58
268	1370	55.39
268	50	75.32
268	2064	68.44
268	1784	61.73
268	1912	66.08
268	1966	71.62
268	454	56.93
268	1234	73.80
268	2247	45.22
268	1394	73.10
268	2829	59.76
268	802	48.56
268	260	75.27
268	2858	75.16
269	724	72.70
269	743	54.00
269	95	64.69
269	1	85.13
269	63	64.29
269	648	76.44
270	661	62.60
270	62	63.64
270	79	48.35
270	628	66.83
270	14	62.86
270	1356	71.92
270	141	61.43
270	25	69.93
271	3897	70.37
271	32	72.81
271	2791	71.87
271	969	73.04
271	6787	72.50
271	2858	78.84
271	55765	72.84
271	1320	55.94
271	2288	68.31
272	177765	68.93
272	1240	77.56
272	51662	75.38
272	122922	74.54
272	49272	80.17
272	158238	81.94
272	6365	66.44
273	440	80.22
273	593	93.48
273	500	74.19
273	608	91.33
273	223	86.59
273	111	93.25
273	150	83.77
273	21	74.52
273	466	63.66
273	235	81.77
273	520	68.38
274	50147	69.90
274	2947	75.61
274	3037	81.47
274	1645	66.99
274	4951	69.05
274	2036	41.20
274	1359	47.69
274	35957	64.26
274	553	76.47
274	76293	64.28
274	3918	50.19
274	1503	35.36
274	45431	67.74
274	4816	69.34
274	54999	61.32
274	5667	69.90
274	4876	56.95
274	56805	66.92
274	1921	78.54
274	54004	60.02
275	1784	77.53
275	2289	83.74
275	5884	69.90
275	1171	73.67
275	357	78.15
275	1912	82.34
275	2539	67.03
275	235	81.43
275	4886	82.82
275	2572	76.10
275	2355	77.07
275	3253	72.39
275	1192	90.29
275	926	97.40
275	111	89.85
275	2100	69.94
275	3089	93.86
275	1393	76.03
275	1719	90.38
275	1392	90.65
276	673	72.48
276	356	104.34
276	466	76.83
276	104	89.24
276	631	79.42
276	648	88.08
276	2	86.03
276	1367	77.05
276	344	81.31
277	637	69.52
277	736	73.24
277	656	65.60
277	1	90.84
277	780	81.97
277	260	100.21
278	2371	61.74
278	1347	60.38
278	4002	82.44
278	318	100.81
278	2369	57.70
279	134130	77.96
279	1101	61.73
279	166528	76.27
279	90405	59.26
279	61132	67.62
279	79132	79.86
279	56782	80.06
279	97913	73.78
279	1608	59.31
279	4226	81.74
279	59315	72.62
279	88129	73.00
279	54286	72.44
279	1258	80.48
279	8665	68.21
279	58559	79.30
279	4993	79.96
279	8376	62.30
279	107406	67.22
279	1200	76.70
280	92535	96.37
280	344	69.01
280	262	84.10
280	3146	57.81
280	4239	81.09
280	4447	73.05
280	8638	84.16
280	919	81.34
280	72641	80.04
280	86817	60.29
280	8368	84.60
280	49530	79.65
280	6863	75.67
280	35836	77.94
280	55052	73.06
280	54503	85.54
280	4246	78.05
280	48516	91.08
280	1911	60.17
280	3916	79.58
281	46578	74.06
281	8361	51.40
281	35836	64.56
281	3897	69.71
281	3861	50.43
282	5995	89.59
282	3977	62.42
282	3263	63.45
282	25	78.56
282	6708	81.26
282	2683	72.28
282	4718	59.20
282	6711	87.94
282	5481	65.85
282	6863	75.36
282	5669	84.18
282	3752	69.81
282	588	81.74
282	80463	84.29
282	1921	85.84
282	1193	88.98
282	4369	64.39
282	48322	89.14
282	1194	62.99
282	784	64.21
283	1580	66.45
283	39	64.39
283	1704	78.58
283	356	80.76
283	586	55.68
283	2082	48.30
283	805	64.86
284	474	85.59
284	173	62.57
284	2	79.70
284	296	93.55
284	15	70.89
284	348	84.65
284	248	66.97
284	318	101.89
284	47	92.80
284	353	89.97
284	275	54.91
284	44	62.02
284	339	77.47
284	367	75.45
284	276	72.41
284	165	82.13
284	637	68.89
284	235	85.20
285	1193	85.33
285	949	76.96
285	1247	84.94
285	6978	57.60
285	113207	69.90
285	4447	64.43
285	441	75.46
285	296	88.63
286	454	71.47
286	778	82.94
286	5989	79.39
286	1333	76.27
286	165	71.77
286	500	66.78
286	7438	83.13
286	2294	66.98
286	4993	84.51
286	4995	81.32
286	7361	85.74
286	70	72.31
286	4980	59.42
286	1258	84.32
286	4963	76.92
286	1097	74.47
286	4848	82.56
286	539	68.43
286	377	69.05
286	110	80.51
287	3160	65.20
287	3578	60.68
287	223	60.72
287	2633	65.19
287	1059	61.86
287	586	43.75
287	3005	48.48
287	532	39.91
287	1193	68.61
287	2599	54.12
287	2028	66.89
287	1485	43.94
287	3826	32.12
287	2081	56.01
287	8949	60.72
287	2012	46.69
287	101	69.55
287	4034	63.24
287	2422	23.48
287	2115	55.77
288	4473	69.90
288	4966	69.90
288	1008	69.90
288	2867	55.07
288	42015	57.56
288	141	64.83
288	2571	81.88
288	13	65.00
288	53519	61.60
288	2407	63.63
288	5418	73.74
288	3916	71.74
288	2347	57.18
288	2528	57.95
288	30810	69.49
288	575	42.01
288	32587	78.61
288	587	61.13
288	2517	55.06
288	8361	54.43
289	3	69.90
289	16	69.90
289	235	69.90
289	266	69.90
289	594	69.90
289	708	69.90
289	750	69.90
289	1080	69.90
289	1101	69.90
289	1208	69.90
289	1220	69.90
289	1258	69.90
289	1917	69.90
289	2012	69.90
289	2174	69.90
289	2710	69.90
289	2797	69.90
289	4322	69.90
289	6125	69.90
289	6327	69.90
289	6453	69.90
289	7025	69.90
289	7028	69.90
289	26704	69.90
290	1228	85.96
290	1299	89.83
290	2494	88.45
290	2739	81.58
290	608	90.35
290	2130	78.28
290	908	88.38
290	341	69.90
290	1447	72.61
290	342	74.16
290	1056	63.21
290	1719	90.08
290	953	84.80
290	928	88.22
290	1394	88.09
290	2648	83.26
290	475	93.08
290	2731	86.60
290	1357	82.89
290	2385	55.98
291	40815	91.51
291	122892	83.64
291	106489	84.60
291	134853	96.18
291	7153	96.58
291	88125	95.22
291	1	93.73
292	520	61.35
292	103339	52.72
292	122900	70.30
292	4896	68.22
292	2291	72.58
292	474	70.19
292	85056	57.72
292	46972	59.44
292	95167	68.90
292	164909	70.82
292	3176	69.11
292	3476	60.32
292	1608	61.99
292	31221	37.54
292	1101	62.95
292	3985	67.03
292	3984	66.19
292	1017	72.15
292	69844	76.85
292	231	59.45
293	1682	65.66
293	1673	71.71
293	344	52.75
293	1617	69.24
293	1097	64.20
294	416	33.14
294	3869	63.20
294	1064	46.63
294	2794	41.03
294	610	59.24
294	2133	54.06
294	1391	54.44
294	3868	55.41
294	1129	61.00
294	520	49.98
294	3387	52.77
294	355	28.38
294	2378	48.70
294	3693	41.35
294	785	55.01
294	2193	63.81
294	2367	46.33
294	2458	42.93
294	348	64.22
294	3501	43.86
295	1221	90.70
295	3198	79.43
295	1287	90.50
295	1213	90.40
295	4351	64.09
295	1198	90.21
295	858	93.86
295	318	95.68
295	2329	89.34
296	160848	69.90
296	2028	83.83
296	169034	69.90
296	4144	84.51
296	50	88.40
296	2324	86.55
297	832	45.64
297	543	53.54
297	1645	50.89
297	111	69.94
297	454	54.57
297	1089	71.63
297	6	61.80
297	1249	71.71
297	1047	45.70
297	1370	51.38
297	1488	40.43
297	150	57.94
297	170	48.61
297	1092	54.17
297	866	70.46
298	57640	61.15
298	95510	49.47
298	6811	48.19
298	8370	56.96
298	8807	54.44
298	63131	55.13
298	6881	55.77
298	3785	38.83
298	122900	52.11
298	103042	47.67
298	6294	32.16
298	2167	49.47
298	2005	55.16
298	6006	33.96
298	653	42.69
298	55995	33.91
298	3018	54.65
298	69757	56.03
298	103772	44.85
298	3825	30.57
299	3793	80.09
299	1387	83.28
299	188	76.00
299	1198	93.10
299	1214	85.11
300	318	69.90
300	356	69.90
300	527	69.90
300	593	69.90
300	1172	69.90
300	1704	69.90
300	2028	69.90
300	2324	69.90
300	2329	69.90
300	2571	69.90
300	2762	69.90
300	2858	69.90
300	2959	69.90
300	4848	69.90
300	4973	69.90
300	5995	69.90
300	6016	69.90
300	6711	69.90
300	7361	69.90
300	8950	69.90
300	48394	69.90
300	56174	69.90
300	63082	69.90
300	79132	69.90
300	81591	69.90
300	92259	69.90
300	99114	69.90
300	109487	69.90
300	112183	69.90
300	112290	69.90
300	112552	69.90
300	112556	69.90
301	21	62.51
301	357	64.97
301	2490	65.07
301	6711	75.74
301	589	72.93
301	8949	69.42
301	837	62.37
301	3948	61.08
301	364	72.60
301	527	81.48
301	5989	73.25
301	4963	70.25
301	608	76.12
301	292	60.08
301	3578	70.65
301	3897	74.60
301	4226	81.14
301	3753	58.74
301	1393	63.69
301	1792	56.34
302	480	81.99
302	14	73.33
302	3	70.10
302	25	76.84
302	648	75.54
302	707	67.41
302	110	87.10
303	5378	65.85
303	3703	76.72
303	1127	73.68
303	5544	71.25
303	1196	88.33
303	3471	74.01
303	1580	72.30
303	1394	81.57
303	2683	67.75
303	920	71.62
303	1358	81.15
304	314	74.65
304	2571	91.19
304	2433	64.63
304	10	75.19
304	1376	71.52
304	480	81.54
304	1373	71.37
304	1777	76.45
304	1270	85.41
304	1517	79.25
304	151	83.02
304	356	89.93
304	208	65.47
304	474	78.59
304	1214	85.58
304	1375	75.50
304	640	52.05
304	1722	64.38
304	185	62.99
304	2701	52.59
305	74624	69.90
305	140627	69.90
305	87869	75.49
305	919	81.30
305	1197	90.79
305	106100	84.70
305	138210	70.90
305	788	55.62
305	7482	84.81
305	80590	57.79
305	103075	53.52
305	903	88.15
305	6537	69.38
305	93840	87.41
305	54736	75.02
305	592	78.23
305	2288	87.10
305	58803	69.08
305	55276	79.52
305	1272	87.02
306	5784	32.14
306	68954	67.73
306	69644	45.09
306	6377	68.12
306	95543	65.67
306	81847	62.33
306	111743	56.47
306	85367	68.51
306	168418	73.75
306	167018	75.25
306	72998	60.15
306	122904	66.55
306	69406	64.07
306	85788	42.70
306	4963	64.97
306	115664	62.50
306	134368	63.70
306	112852	74.28
306	161634	60.86
306	133419	62.84
307	2190	69.90
307	4181	69.90
307	31424	69.90
307	49314	69.90
307	5010	69.52
307	7845	59.85
307	3392	40.06
307	1220	66.23
307	6793	25.40
307	6483	0.32
307	2332	16.04
307	56003	41.03
307	1991	36.63
307	3273	34.31
307	4876	47.53
307	3421	65.45
307	1409	34.11
307	413	43.56
307	4447	55.13
307	52867	69.90
308	2959	57.19
308	45517	39.07
308	96821	54.52
308	72998	46.31
308	318	56.88
308	2	37.88
308	904	52.96
308	589	45.83
308	8961	48.44
308	56152	49.62
308	56367	52.53
308	5618	58.11
308	36	40.68
308	410	30.20
308	79132	56.42
308	4993	55.42
308	8464	47.03
308	1221	52.66
308	2248	46.40
308	6	46.21
309	2202	88.27
309	1645	62.70
309	898	85.92
309	1682	72.90
309	296	82.07
309	1089	79.84
309	1269	73.33
309	7153	81.81
309	6947	70.03
309	8340	68.17
309	1104	79.75
309	7218	69.90
309	25886	92.20
309	1219	77.80
309	8154	78.09
309	971	85.66
309	1944	70.32
309	6365	61.76
309	1262	80.03
309	2762	75.10
310	6863	65.96
310	6947	69.75
310	1101	62.02
310	6503	41.04
310	2524	64.53
310	2457	78.95
310	5899	80.50
310	733	63.96
310	246	79.18
310	3254	60.00
310	1223	88.45
310	1080	78.69
310	2671	72.20
311	6561	69.90
311	5992	46.31
311	1517	43.07
311	6461	39.67
311	1407	36.83
311	2706	35.15
312	5816	71.47
312	1375	68.36
312	3499	76.83
312	589	82.48
312	2454	69.33
312	1358	82.89
312	4878	86.81
312	4103	80.90
312	3793	75.94
312	2028	86.55
312	1371	66.73
312	4121	60.29
312	2366	80.67
312	2747	62.42
312	4105	71.10
312	5446	74.40
312	2699	59.86
312	2529	80.49
312	1350	77.28
312	1356	77.02
313	4980	52.55
313	170	63.04
313	3917	69.02
313	2455	65.45
313	5544	80.53
313	541	79.99
313	2193	69.67
313	2000	70.55
313	6	75.98
313	1968	73.96
313	1089	81.40
313	1301	69.94
313	1240	74.94
313	3175	66.59
313	4865	72.54
313	2005	70.28
313	2167	63.78
313	1375	62.80
313	2087	65.65
313	2530	55.77
314	7	57.02
314	1042	54.01
314	44	39.78
314	165	61.68
314	457	70.73
314	293	71.38
314	597	61.97
314	329	55.41
314	442	50.21
314	26	66.88
314	830	45.81
314	728	70.07
314	618	69.90
314	107	58.11
314	536	50.73
314	10	59.16
314	1376	58.61
314	153	46.84
314	208	48.52
314	150	67.50
315	1262	78.29
315	2729	64.32
315	2529	67.08
315	2067	72.04
315	2553	68.00
315	909	66.59
315	902	71.79
316	1748	74.77
316	253	68.52
316	3968	57.65
316	158	43.12
316	5445	67.78
316	3751	66.18
316	7438	75.24
316	6874	72.90
316	48	55.08
316	3882	45.17
316	2572	64.04
317	133115	69.90
317	73321	65.43
317	91529	79.33
317	74545	78.29
317	7445	65.04
317	1213	84.80
317	48774	78.87
317	4262	79.10
317	1884	78.82
317	5989	78.87
317	3578	78.71
317	4011	80.55
317	68358	75.14
317	1208	85.95
317	72011	71.34
317	3897	79.33
317	3499	73.78
317	96829	89.35
317	116797	77.92
317	56782	81.42
318	26713	69.90
318	81191	69.90
318	90245	69.90
318	111817	69.90
318	127180	69.90
318	145080	69.90
318	150696	69.90
318	7445	65.32
318	1090	83.17
318	116799	75.14
318	82459	78.75
318	48385	69.76
318	2294	65.73
318	64839	76.40
318	88125	76.07
318	109487	77.51
318	4021	96.96
318	33794	77.01
318	54286	74.14
318	89753	67.24
319	115617	86.92
319	6377	90.44
319	356	95.39
319	136864	59.07
319	1221	94.19
319	122904	84.25
319	110	91.40
320	72998	72.96
320	71535	80.79
320	31184	75.00
320	59315	75.62
320	1013	62.22
321	587	73.34
321	356	88.57
321	160	61.46
321	592	74.34
321	597	77.02
321	780	73.73
321	339	72.63
321	355	52.00
321	410	66.69
321	3	73.18
321	500	72.16
321	457	82.95
322	2882	40.00
322	1968	67.53
322	2542	67.47
322	58559	74.19
322	2788	72.47
322	2146	55.06
322	2617	52.91
322	2918	68.19
322	778	72.54
322	2599	58.18
322	4027	69.33
322	4993	75.04
322	1230	70.96
322	51540	62.92
322	1	68.52
322	1617	74.15
322	1923	61.19
322	4010	48.88
322	11	63.70
322	1035	66.51
323	377	58.40
323	480	65.26
323	356	73.51
323	1094	57.82
323	161	60.00
323	115569	68.48
323	1198	77.92
323	29	70.87
323	551	66.30
323	22	53.94
323	318	77.95
323	112183	60.08
323	253	60.93
323	111659	36.18
323	3257	47.61
323	260	75.47
323	150	65.82
323	329	55.35
323	342	59.48
323	266	57.36
324	2764	66.67
324	3972	74.29
324	3864	45.71
324	3949	75.68
324	3897	73.50
325	2848	69.90
325	235	74.36
325	2986	52.34
325	262	73.59
325	1573	66.60
325	2596	67.27
325	1584	65.46
325	1217	85.80
325	1676	63.97
325	4714	30.83
325	3770	45.57
325	3261	67.14
325	2894	69.90
325	2155	68.99
325	1279	86.89
325	1614	55.12
325	3994	66.91
325	2268	72.53
325	2915	65.63
325	5008	84.41
326	8665	74.85
326	47610	71.70
326	20	59.31
326	2858	86.41
326	86882	71.42
326	5418	77.13
326	4973	85.25
326	133771	82.10
326	48774	80.88
326	2324	85.42
326	1293	78.10
326	2692	80.77
326	72605	69.00
326	70159	62.95
326	54286	77.90
326	5446	75.52
326	6591	95.28
326	4226	87.05
326	105844	73.07
326	31410	82.95
327	3301	78.52
327	150	87.13
327	858	99.08
327	1923	84.27
327	51255	92.53
327	48516	98.75
327	1304	92.40
327	765	68.31
327	6888	58.90
327	2706	78.24
328	2687	55.29
328	112852	72.02
328	70286	66.50
328	1196	77.01
328	457	67.21
328	364	68.96
328	80463	66.88
328	3489	57.69
328	318	78.14
328	595	62.86
328	5349	63.32
328	2542	66.68
328	1219	73.45
328	35836	60.78
328	3751	62.75
328	79091	62.39
328	7153	73.56
328	596	57.81
328	2398	70.87
328	1148	72.40
329	130482	69.90
329	136850	69.90
329	858	49.50
329	1884	33.62
329	750	46.34
330	5378	61.00
330	316	64.26
330	1639	72.11
330	2918	76.91
330	919	74.09
330	3949	81.90
330	3535	75.44
330	5349	73.51
330	380	65.31
330	1676	64.57
330	2502	83.21
330	3703	71.94
330	1682	76.27
330	2683	65.22
330	1206	85.07
330	1721	62.69
330	2791	78.39
330	2081	70.75
330	8874	81.91
330	592	68.93
331	8874	79.24
331	6157	48.33
331	88125	78.03
331	6539	76.87
331	3897	79.90
331	4446	61.51
331	7361	84.71
331	50872	77.67
331	4995	79.32
331	4306	75.22
331	6874	78.40
331	5502	64.36
331	3911	71.17
331	608	80.86
331	4447	64.98
331	593	83.63
331	3751	71.87
331	8665	69.74
331	4367	56.92
331	2959	87.42
332	47	79.07
332	1653	76.98
332	1258	81.29
332	316	64.40
332	8983	66.86
332	431	77.10
332	97757	69.90
332	2291	72.25
332	1835	66.56
332	356	81.32
332	5502	63.36
332	4308	67.62
332	1203	82.50
332	1682	74.66
332	1249	80.32
332	76251	69.38
332	2905	82.84
332	318	86.04
332	2294	64.41
332	32	78.32
333	3785	45.90
333	3752	51.20
333	3616	44.24
333	3615	54.47
333	3646	25.22
334	55820	72.53
334	1196	77.93
334	1580	62.42
334	1291	73.28
334	3996	69.33
334	589	71.60
334	30810	62.79
334	4027	69.79
334	1	70.13
334	64957	64.58
334	1625	61.87
334	50601	43.71
334	44195	74.02
334	27416	74.38
334	6867	68.14
334	2997	72.39
334	293	75.33
334	480	65.71
334	5378	53.99
334	51935	63.22
335	780	71.44
335	592	75.64
335	356	90.61
335	296	90.88
335	2699	58.97
335	2001	67.37
336	1267	93.22
336	1	88.21
336	38798	71.64
336	33660	89.03
336	1784	83.00
336	2001	73.55
336	2268	86.47
336	293	92.89
336	1625	80.94
336	4886	87.96
336	50	95.33
336	150	86.60
337	318	100.36
337	47	95.54
337	16	92.38
337	805	90.60
337	1393	87.89
337	266	83.15
337	667	64.69
337	168	68.97
337	784	72.41
337	65	62.34
337	110	93.03
337	708	83.64
337	25	86.68
337	1356	90.96
337	277	69.23
337	786	78.93
338	189111	69.90
338	190207	69.90
338	190215	69.90
338	190219	69.90
338	7153	78.00
338	593	79.93
338	187541	20.00
338	185029	67.69
339	72641	77.30
339	5445	81.27
339	84152	82.46
339	96079	81.35
339	106072	72.34
339	69122	80.17
339	5617	85.10
339	41285	76.92
339	56869	69.90
339	48322	90.40
339	65216	86.07
339	91630	74.48
339	86504	84.13
339	91529	84.55
339	83613	62.42
339	4993	88.80
339	3470	86.92
339	102407	70.71
339	2028	88.26
339	5952	85.22
340	10	69.90
340	110	69.90
340	150	69.90
340	153	69.90
340	161	69.90
340	165	69.90
340	185	69.90
340	208	69.90
340	253	69.90
340	288	69.90
340	292	69.90
340	296	69.90
340	316	69.90
340	318	69.90
340	329	69.90
340	344	69.90
340	349	69.90
340	356	69.90
340	454	69.90
340	457	69.90
340	480	69.90
340	589	69.90
340	590	69.90
340	592	69.90
340	595	69.90
340	648	69.90
340	780	69.90
340	1356	69.90
341	2335	70.27
341	3624	65.40
341	130087	59.09
341	1370	74.91
341	135137	70.88
341	117529	70.53
341	5459	62.81
341	45672	66.98
341	1	82.41
341	47099	80.79
341	4025	63.11
342	2683	71.18
342	2598	55.97
342	2881	60.65
342	2369	57.57
342	1268	77.85
342	2605	57.92
342	2599	75.59
342	1198	86.99
342	3157	61.84
342	3826	44.63
342	2428	59.46
342	2827	39.53
342	3863	62.87
342	1959	75.19
343	858	90.08
343	3000	85.94
343	48394	77.60
343	4226	88.82
343	4878	85.77
343	3993	74.71
343	2571	87.42
343	1617	83.91
343	31658	83.70
343	55363	84.53
343	55820	85.67
343	296	89.90
344	111362	76.71
344	380	68.76
344	316	66.10
344	2628	60.04
344	4226	83.06
344	2571	83.75
344	4014	72.27
344	2012	64.26
344	4034	75.06
344	260	84.89
344	2541	63.65
344	4973	80.99
344	5418	73.61
344	2712	69.20
345	1019	73.61
345	2539	66.93
345	926	93.49
345	5902	89.94
345	8810	56.86
345	344	68.56
345	5707	70.00
345	2366	84.06
345	56949	86.67
345	3649	60.83
345	6658	69.90
345	3489	72.34
345	412	73.72
346	3174	60.67
346	778	75.72
346	608	77.64
346	6711	75.71
346	6286	75.31
346	306	77.77
346	7323	66.03
346	307	73.66
346	3535	71.96
346	1212	80.49
346	357	64.50
346	3949	76.79
346	714	72.11
346	7937	69.90
346	7396	79.45
346	5878	76.73
346	1120	65.08
346	1131	77.99
346	3627	66.61
346	7115	59.84
347	434	59.28
347	590	77.96
347	39	67.39
347	150	77.18
347	454	73.22
347	380	70.01
347	587	69.68
347	317	64.08
347	457	79.55
348	318	102.41
348	2324	98.15
348	4368	50.99
348	1213	97.05
348	6016	94.57
348	2959	101.29
348	6893	95.87
348	4973	97.09
348	1221	97.29
348	1960	85.03
348	2019	98.43
349	10	69.60
349	161	74.39
349	589	82.11
349	381	78.10
349	349	71.93
349	231	62.46
349	588	78.01
349	509	72.74
350	852	60.50
350	7	58.91
350	637	54.39
350	648	65.77
350	733	68.83
350	12	47.76
350	858	85.59
350	661	66.36
351	88932	69.90
351	87222	68.77
351	73344	95.28
351	52579	64.80
351	2231	72.15
351	88744	73.80
351	43836	54.76
351	79132	83.15
351	597	72.18
351	58559	82.53
351	12	58.47
351	8914	76.99
351	8950	78.90
351	63082	79.94
351	6214	77.18
351	90376	88.84
351	84152	76.50
351	480	73.51
351	4878	82.68
351	1193	82.89
352	72998	75.56
352	71745	65.85
352	1801	76.31
352	34319	66.39
352	2600	79.05
352	65682	74.61
352	1080	87.94
352	79695	58.89
352	110730	52.38
352	38038	76.95
352	130490	57.39
352	97752	74.52
352	1214	82.12
352	94864	68.20
352	41566	68.62
352	56587	71.50
352	44191	80.86
352	114935	83.33
352	59315	80.51
352	47610	72.13
353	552	67.37
353	25	77.81
353	267	59.56
353	216	73.01
353	367	69.18
353	288	70.74
353	144	70.14
353	186	57.56
353	333	76.57
353	266	74.17
353	112	68.66
353	198	74.12
353	234	51.94
353	145	66.13
353	293	83.19
353	158	57.59
353	163	75.46
353	296	89.01
354	1610	77.60
354	4306	78.81
354	2692	81.44
354	3147	80.80
354	47	82.52
354	903	83.74
354	733	70.03
354	3977	57.40
354	1225	84.78
354	35836	74.74
354	648	69.71
354	44191	78.94
354	8665	72.02
354	1917	63.53
354	7147	77.95
354	1923	72.68
354	589	81.09
354	2959	87.88
354	4718	54.35
354	1196	87.28
355	316	73.13
355	1580	78.63
355	3035	90.74
355	3175	80.05
355	317	65.22
355	916	95.18
356	2248	81.92
356	52435	87.73
356	52975	73.62
356	7122	69.90
356	44889	69.90
356	1641	78.10
356	2706	70.70
356	4011	83.35
356	802	64.06
356	7323	75.45
356	2502	88.90
356	56367	81.83
356	1223	93.24
356	55118	85.20
356	3949	85.40
356	3996	82.60
356	1246	83.37
356	1466	80.52
356	223	80.40
356	7153	87.31
357	4354	69.90
357	8998	69.90
357	27329	69.90
357	2804	81.64
357	595	78.08
357	529	77.95
357	4663	31.87
357	4091	68.54
357	1224	79.00
357	1242	87.17
357	34	76.55
357	208	62.49
357	58559	88.54
357	6296	73.31
357	30793	69.20
357	1042	66.35
357	2100	67.40
357	551	79.06
357	471	77.61
357	2067	82.44
358	26095	69.90
358	605	60.87
358	5066	66.00
358	52328	69.69
358	2226	69.90
358	42728	59.58
358	7361	85.08
358	69844	77.08
358	36525	59.64
359	405	40.09
359	1092	59.76
359	1101	58.35
359	51412	52.30
359	648	61.74
359	296	78.74
359	1097	68.07
359	2396	67.20
359	2424	55.26
359	593	76.85
359	2701	38.88
359	2942	48.10
359	1682	71.29
359	2530	52.75
359	4995	74.82
360	1422	66.67
360	1620	62.41
360	1488	69.05
360	1711	68.75
360	1414	51.00
361	47099	62.58
361	1580	57.27
361	377	55.85
361	1552	48.20
361	49272	67.64
361	1263	66.66
361	53125	56.12
361	589	65.93
361	49822	55.90
361	8360	62.00
361	318	73.82
361	2529	64.88
361	5218	58.91
361	6188	62.40
361	2422	25.58
361	3082	55.72
361	1732	67.13
361	1370	55.37
361	46972	51.07
361	7458	56.63
362	1945	91.66
362	592	79.86
362	6539	85.61
362	51540	80.72
362	5989	86.83
362	637	66.37
362	70	80.68
362	7153	91.89
362	1252	92.41
362	44665	80.45
362	407	77.97
362	6874	88.56
362	2959	95.29
362	1196	94.17
362	1208	94.18
362	8961	85.25
362	48516	92.24
362	7438	89.84
362	356	91.59
362	1201	93.98
363	1552	42.95
363	1732	66.71
363	1517	59.45
363	296	70.11
363	653	44.07
363	318	71.72
364	858	90.16
364	9	70.00
364	783	67.86
364	376	70.53
364	1	80.56
365	59315	57.09
365	81229	51.21
365	128975	46.91
365	6874	59.67
365	90345	52.31
365	158872	32.91
365	129354	45.62
365	103075	31.01
365	135536	39.37
365	70286	58.60
365	112852	65.75
365	76077	46.27
365	112818	52.95
365	1777	50.14
365	6502	60.16
365	155820	69.90
365	541	61.03
365	95720	53.15
365	93270	38.07
365	135569	51.21
366	116797	81.79
366	59315	78.57
366	33794	79.67
366	91529	83.67
366	2028	85.09
366	122882	79.86
366	7438	83.26
367	926	100.00
367	3061	72.13
367	1270	89.15
367	1287	94.65
367	486	57.46
367	3536	80.40
367	3824	52.34
367	2384	69.43
367	3072	79.32
367	898	99.29
367	3618	76.83
367	3225	48.01
367	2248	85.42
367	3157	73.02
367	3969	83.91
367	3717	69.94
367	1259	87.61
367	4023	69.92
367	1196	96.35
367	1258	93.66
368	3753	56.77
368	2112	52.52
368	1944	70.89
368	2986	45.88
368	3869	65.00
368	1214	71.23
368	2947	68.35
368	415	36.33
368	3035	77.68
368	832	55.18
368	50	77.43
368	2819	67.18
368	1801	64.66
368	2490	63.94
368	1917	51.75
368	1391	57.24
368	2193	66.01
368	225	52.31
368	161	63.81
368	2881	51.25
369	1256	76.41
369	785	60.36
369	47	74.90
369	2706	58.06
369	839	37.78
369	377	61.19
369	52973	70.57
369	743	35.59
369	4214	48.86
369	5418	69.69
369	3863	56.86
369	1372	64.62
369	27904	68.51
369	60069	77.36
369	2857	62.16
369	1967	71.78
369	150	68.66
369	2011	61.27
369	1580	63.53
369	3174	60.95
370	4011	71.49
370	4878	74.21
370	8961	69.59
370	6377	71.73
370	2628	52.62
370	1748	72.00
370	2116	42.81
370	589	71.82
370	2329	75.81
370	7438	73.20
370	3977	47.76
370	1676	58.11
370	593	75.79
370	4973	77.12
370	4226	78.07
370	1240	69.13
370	1089	74.91
370	8636	67.02
370	2716	67.10
371	2571	101.26
371	112512	69.90
371	1258	100.67
371	4090	81.38
371	56715	101.76
371	3000	100.61
371	4226	103.35
371	4993	101.01
371	1748	97.55
372	335	69.90
372	924	80.47
372	318	88.20
372	1603	51.95
372	1479	60.50
372	589	80.63
372	81	54.05
372	387	43.10
372	616	70.90
372	337	75.07
372	1220	74.43
372	1201	83.04
372	165	70.53
372	1243	76.23
372	1258	82.43
372	377	67.55
372	1401	60.45
372	450	58.20
372	1206	84.70
372	1306	51.69
373	216	62.99
373	60	55.41
373	169	37.90
373	350	61.07
373	585	46.15
373	44	42.56
373	371	65.45
373	163	63.55
373	616	64.82
373	198	64.44
373	265	70.28
373	25	68.91
373	6	72.30
373	733	63.64
373	47	76.04
373	2	62.77
373	736	57.95
373	305	49.04
373	357	67.09
373	141	64.10
374	296	84.46
374	208	58.50
374	1219	85.88
374	480	77.48
374	592	71.20
374	1258	86.53
374	1339	78.07
375	344	70.27
375	1027	64.81
375	32	91.65
375	2628	74.00
375	3256	78.39
375	4226	98.12
375	500	74.32
376	91535	65.21
376	2002	62.03
376	1214	83.81
376	1101	70.42
376	2916	77.37
376	33794	83.28
376	1198	91.28
376	349	74.76
376	1371	69.48
376	376	66.55
376	1240	82.59
376	1375	72.86
376	4993	88.93
376	858	92.69
376	457	83.07
376	4226	91.08
376	5952	86.10
376	344	66.89
376	2763	77.93
376	2797	79.44
377	4942	69.90
377	2793	48.74
377	1262	92.40
377	2791	89.72
377	748	70.99
377	1345	81.49
377	5027	57.76
377	5113	68.80
377	27692	69.90
377	3421	84.04
377	6021	69.90
377	3364	70.59
377	2072	75.76
377	8641	84.31
377	2163	59.60
377	92760	69.90
377	2858	97.42
377	1503	60.83
377	2124	72.15
377	2015	76.94
378	33794	80.21
378	7153	86.48
378	48516	87.34
378	3114	78.81
378	858	90.69
378	68954	80.95
378	91529	84.36
378	71535	82.54
378	90600	72.68
378	364	80.94
379	318	85.04
379	377	65.15
379	19	52.32
379	292	66.58
379	480	73.88
379	367	60.27
379	597	67.35
379	344	57.24
380	60818	69.90
380	172875	69.90
380	172881	69.90
380	172887	69.90
380	355	49.00
380	6979	73.17
380	5476	33.43
380	2735	63.46
380	68194	96.94
380	63433	67.13
380	72356	94.79
380	105731	69.90
380	1833	66.05
380	551	84.98
380	6731	74.37
380	27831	80.08
380	1665	70.34
380	393	66.94
380	140956	84.31
380	2791	88.84
381	2085	69.97
381	1088	67.21
381	3253	69.00
381	185	55.38
381	317	61.73
381	27808	68.76
381	1240	78.23
381	19	57.80
381	3753	67.29
381	4321	67.06
381	72011	74.55
381	3082	68.98
381	333	73.39
381	2140	73.14
381	1385	59.65
381	2273	61.77
381	1208	87.66
381	457	77.81
381	104	69.93
381	2716	76.28
382	1204	97.91
382	142372	52.95
382	135532	57.41
382	1201	98.73
382	112171	81.98
382	1198	98.62
382	912	95.92
382	81847	86.84
382	4638	67.77
382	63540	33.19
382	1681	55.72
382	170289	69.90
382	103042	76.48
382	72737	87.27
382	2496	76.34
382	357	84.15
382	81537	66.98
382	59501	77.97
382	101362	65.31
382	4890	69.05
383	2436	70.00
383	2541	62.43
383	2496	66.62
383	1584	67.57
383	2558	48.65
383	1246	79.20
383	903	84.39
384	3527	64.10
384	1388	50.99
384	2683	64.75
384	2502	82.38
384	4333	42.36
384	3098	66.38
384	4396	48.67
384	457	72.90
384	358	52.20
384	968	68.98
384	2724	49.69
384	296	83.96
384	3991	48.48
384	1204	80.43
385	736	57.98
385	1080	79.30
385	249	70.16
385	1219	77.86
385	1036	72.91
385	1136	81.99
385	282	57.43
385	1073	74.81
385	1200	77.16
385	1228	75.05
385	1022	67.04
385	1007	57.17
385	1201	82.26
385	1246	74.51
385	344	57.59
385	589	77.28
385	1023	67.17
385	1287	80.67
385	594	68.16
385	1303	75.04
386	110	65.55
386	410	46.34
386	112	50.00
386	165	54.95
386	223	62.14
386	648	55.44
386	185	43.28
386	608	69.02
386	485	44.85
386	305	41.71
386	44	31.94
386	585	41.13
386	349	55.08
386	10	52.80
387	4393	69.90
387	5156	69.90
387	5780	69.90
387	7336	69.90
387	26124	69.90
387	40966	69.90
387	2712	66.23
387	5062	73.70
387	1247	76.62
387	5489	69.90
387	4195	57.14
387	7132	80.36
387	2946	61.31
387	1387	73.09
387	3000	76.48
387	51939	42.59
387	4995	72.96
387	912	78.46
387	7938	69.90
387	1783	44.78
388	6158	69.90
388	63239	69.90
388	33615	75.53
388	86298	36.67
388	62999	70.00
388	8360	81.11
389	17	95.19
389	140	80.38
389	628	91.09
389	762	70.22
389	743	68.51
389	95	72.62
389	32	97.18
390	6344	69.90
390	64957	70.80
390	4239	69.38
390	5220	48.12
390	1193	77.27
390	2571	80.78
390	9010	85.17
390	2291	69.41
390	5296	41.16
390	4226	81.60
390	7254	67.58
390	6377	75.55
390	63062	74.44
390	1206	81.37
390	2329	77.60
390	4014	72.14
390	1784	66.94
391	5575	69.90
391	500	62.09
391	3994	66.31
391	1213	82.81
391	516	54.71
391	199	94.94
391	4027	76.38
391	150	72.55
391	1408	77.98
391	4014	71.54
391	1527	72.67
391	1059	75.06
391	2916	68.72
391	4973	82.91
391	357	70.26
391	555	73.81
391	5026	76.71
391	4936	57.89
391	1210	81.21
391	3067	81.71
392	3004	41.54
392	2858	88.63
392	707	53.64
392	1198	85.77
392	1125	70.61
393	91658	70.58
393	102125	74.01
393	48394	76.33
393	36517	66.12
393	8636	76.28
393	110102	79.07
393	44199	72.23
393	5388	64.03
393	54259	73.79
393	4848	79.06
393	5669	76.96
393	1291	81.61
393	68848	70.00
393	86190	67.57
393	2571	84.72
393	1206	83.68
393	122892	71.84
393	106642	92.87
393	1625	67.84
393	106489	68.61
394	588	62.44
394	316	54.81
394	344	47.71
394	225	52.23
394	457	66.26
395	329	57.71
395	1025	62.15
395	296	76.84
395	160	49.10
395	208	52.23
395	173	48.44
395	485	53.47
395	355	38.43
395	520	54.75
395	595	65.20
395	126	40.00
395	48	55.26
395	367	57.53
396	1276	74.43
396	1597	51.29
396	1777	61.89
396	44	35.75
396	204	54.57
396	2081	68.04
397	4017	75.00
397	8645	82.22
397	1701	81.25
397	8228	88.75
397	6993	80.62
398	6408	69.90
398	1197	93.31
398	5971	91.27
398	7022	82.54
398	1198	94.67
398	60069	91.13
398	2455	78.09
398	1136	92.48
398	48516	91.09
398	82459	85.47
399	1198	82.25
399	110	76.29
399	5445	72.45
399	1196	82.35
399	593	80.16
399	480	70.50
399	1270	76.26
399	2194	72.20
400	608	91.86
400	356	94.05
400	2571	94.65
400	2959	97.15
400	7153	93.52
400	1221	95.98
400	3578	87.14
400	858	98.19
400	59615	66.81
401	5952	71.66
401	6297	67.41
401	55768	55.75
401	48982	61.09
401	166461	73.22
401	49274	48.07
401	50872	71.54
401	32031	57.79
401	79091	70.65
401	170939	69.90
401	38038	67.56
401	8360	65.41
401	3114	67.88
401	33615	61.30
401	1136	75.97
402	1084	84.53
402	597	82.87
402	52	81.27
402	329	74.00
402	296	93.05
402	586	71.47
402	315	64.77
402	1036	86.43
402	434	67.83
402	527	98.19
403	110	82.21
403	2427	75.04
403	3210	69.87
403	296	90.72
403	61465	54.00
403	1663	73.26
403	180	70.91
404	204	51.38
404	349	64.89
404	474	69.90
404	34	69.99
404	364	74.84
404	508	70.05
404	105	61.46
404	593	80.20
404	509	64.31
404	277	56.37
404	315	54.47
404	185	54.99
405	70708	69.90
405	293	88.80
405	7254	75.11
405	37731	75.24
405	2959	91.83
405	345	73.15
405	1213	88.99
405	7134	69.90
405	64614	82.49
405	6023	68.18
405	1241	84.00
405	2329	87.33
405	1247	86.10
405	3052	77.30
405	68237	85.57
405	1199	86.56
405	27592	80.47
405	27664	69.90
405	3418	75.91
405	1215	85.75
406	1586	37.67
406	135	38.12
406	56949	74.69
406	46972	56.84
406	724	51.84
407	7153	88.04
407	2959	92.21
407	6539	83.06
407	1240	81.51
407	54286	78.33
408	1198	96.42
408	122904	86.32
408	44840	67.32
408	165101	71.61
408	6618	83.93
408	1291	93.36
408	1210	95.70
408	89745	90.87
408	1278	92.07
408	7324	76.36
408	44	60.00
408	8641	86.92
408	115210	84.27
408	103596	42.28
408	68554	75.68
408	2571	94.55
408	109487	88.61
408	63131	84.19
408	80489	90.67
408	4649	78.08
409	2485	55.34
409	2490	74.21
409	2028	86.66
409	3812	69.65
409	1278	84.46
409	2997	86.17
409	296	90.78
409	1078	66.94
409	3016	68.12
409	1073	83.40
409	2683	70.09
409	2289	80.93
409	3846	60.12
409	912	90.50
409	2013	68.38
409	1911	55.92
409	2352	73.84
409	1230	86.70
409	2541	64.69
409	3174	68.43
410	389	69.90
410	3224	100.58
410	318	86.08
410	2302	63.15
410	4002	70.47
410	1060	74.93
410	4297	71.76
410	3263	56.82
410	1859	70.21
410	111	83.90
410	58	73.06
410	2145	63.61
410	3255	71.58
410	2321	66.89
410	3504	83.05
410	3948	66.68
410	11	69.93
410	4019	75.29
410	3	62.10
410	597	68.60
411	508	73.96
411	261	72.13
411	586	59.04
411	432	51.66
411	353	77.45
411	431	80.89
411	194	74.67
411	318	90.38
411	272	72.73
411	515	69.08
411	356	84.46
411	266	68.69
411	257	63.97
411	349	70.46
411	10	67.52
411	31	62.22
411	344	59.79
411	227	55.59
411	455	47.30
411	122	49.65
412	2828	20.77
412	2384	66.15
412	2915	68.65
412	903	85.37
412	608	84.18
412	2720	37.93
412	2858	85.64
412	1883	59.91
412	1307	78.28
412	1214	80.04
412	1784	71.03
412	2239	97.46
412	1	78.45
412	930	86.03
412	1136	83.95
412	2710	61.33
412	915	77.69
412	2398	81.21
412	17	80.43
412	1079	83.88
413	2706	84.44
413	1198	102.40
413	3753	84.00
413	2424	80.08
413	593	100.88
413	128360	90.17
413	4993	100.93
413	16	98.01
413	5574	88.52
413	3948	83.97
413	64957	88.95
413	2959	104.18
414	4458	69.90
414	4666	69.90
414	5285	69.90
414	5635	69.90
414	6033	69.90
414	6493	69.90
414	6563	69.90
414	6628	69.90
414	6797	69.90
414	48319	69.90
414	58879	69.90
414	169992	69.90
414	3802	47.99
414	3599	72.54
414	1600	84.58
414	8666	40.10
414	4975	72.64
414	7444	65.89
414	4081	39.33
414	177593	98.70
415	296	89.91
415	1213	87.65
415	4321	69.87
415	3507	85.51
415	4308	73.62
415	47	85.56
415	1021	45.77
415	111	87.79
415	2617	65.37
415	1276	88.21
415	3861	63.48
415	4369	59.98
415	99114	83.75
415	1221	90.51
415	63082	85.67
415	1234	86.68
415	45722	73.61
415	1197	88.99
415	175	81.69
416	5952	54.37
416	5951	63.75
416	531	40.94
416	1296	50.57
416	1199	60.82
416	1721	38.58
416	830	29.32
416	1206	62.43
416	7323	49.42
416	4848	60.41
416	3677	70.32
417	778	93.46
417	4995	92.83
417	4975	79.53
417	7254	82.31
417	1198	95.93
417	106782	91.38
417	27773	91.74
417	168250	81.02
417	1625	80.83
417	7153	96.15
417	74458	91.73
417	110102	86.53
417	48394	86.17
417	4878	93.64
418	356	86.16
418	296	88.93
418	63082	82.59
418	104374	77.62
418	1276	85.54
418	1136	86.15
418	117176	73.62
418	1573	67.59
418	137337	87.43
418	1682	80.46
418	5816	70.94
418	88125	79.69
418	74458	85.03
418	367	63.53
418	89745	82.52
418	45672	62.87
418	87869	72.87
418	7361	87.71
418	54001	77.95
419	4093	69.90
419	111	84.93
419	46976	77.99
419	27822	54.59
419	2858	86.56
419	319	81.69
419	6287	61.95
419	3578	80.61
419	1213	86.41
419	64969	79.73
419	47	84.71
419	79592	67.71
419	34319	68.50
419	89580	69.90
419	60756	65.32
419	27704	69.90
419	90943	69.90
419	2412	47.98
419	1240	80.58
419	52245	65.13
420	1161	81.35
420	4993	84.58
420	45499	66.51
420	923	80.86
420	26693	69.90
420	48385	70.45
420	1927	83.75
420	5608	72.34
420	2052	52.68
420	6934	59.81
420	7022	78.55
420	3979	51.41
420	59295	69.90
420	2329	84.50
420	54259	73.56
420	1131	80.00
420	2762	78.02
420	4973	84.75
420	5669	78.37
420	527	85.66
421	2858	90.96
421	909	80.47
421	5008	91.60
421	953	81.12
421	1178	87.09
421	2313	76.77
421	2478	64.19
421	1203	90.79
422	2539	60.48
422	2710	58.73
422	4947	80.00
422	4971	55.36
422	5039	77.19
422	4925	69.90
422	2581	58.70
422	4916	60.83
422	1265	78.77
422	2804	76.54
422	3053	80.00
422	2665	69.90
422	1283	76.43
422	4835	82.35
422	2908	71.07
422	3943	52.56
422	1213	84.95
422	2670	67.89
422	858	89.21
423	1653	87.62
423	110	91.20
423	2194	82.25
423	5349	78.30
423	1320	69.70
424	1193	76.80
424	141	61.29
424	2804	72.02
424	40278	67.48
424	608	75.46
424	108729	61.93
424	293	77.21
424	69122	70.25
424	1092	61.64
424	54503	75.10
424	58559	76.14
424	3186	64.13
424	66097	67.43
424	778	76.29
424	5679	61.89
424	3176	65.39
424	2288	75.49
424	2174	68.94
424	71668	91.94
424	112556	69.69
425	45517	62.96
425	377	66.24
425	2329	82.46
425	733	66.52
425	6	77.22
425	1645	66.24
425	8368	77.00
425	2081	70.34
425	4306	76.47
425	1680	66.70
425	1909	62.39
425	367	60.92
425	46723	70.85
425	1625	68.52
425	1036	72.66
425	4901	63.93
425	750	84.66
425	2353	62.27
425	1342	52.43
425	145	60.20
426	59784	65.56
426	150	71.34
426	471	72.20
426	337	73.93
426	54001	74.87
426	1197	80.97
426	6378	68.11
426	72641	71.22
426	4886	74.05
426	8644	67.28
426	37729	68.09
426	597	68.75
426	5444	76.27
426	91325	34.29
426	588	73.70
426	3247	52.11
426	4022	69.20
426	79091	71.27
427	4887	50.49
427	5463	50.90
427	5015	69.01
427	110	79.88
427	58	77.34
427	5528	66.68
427	6348	34.44
427	5312	55.26
427	2710	55.73
427	5696	51.21
427	4993	84.84
427	5266	63.79
427	2683	65.84
427	5400	54.59
427	5816	67.00
427	1208	85.95
427	5574	67.14
428	2471	34.79
428	2762	61.93
428	3827	40.47
428	1089	69.22
428	2953	33.00
428	2916	55.77
428	1380	50.32
428	1997	58.92
428	3440	22.30
428	4022	56.95
428	317	45.64
428	4255	28.79
428	1208	72.20
428	1391	49.12
428	6377	63.47
428	2581	42.35
428	260	69.07
428	3285	42.19
428	588	58.71
428	653	43.89
429	339	87.39
429	421	86.67
429	150	96.70
429	225	84.17
429	165	89.59
429	266	86.50
429	329	82.73
429	252	84.79
429	279	70.00
429	317	82.74
429	237	84.40
429	204	70.49
430	923	80.78
430	2987	70.30
430	3745	65.24
430	6287	57.31
430	2858	83.07
430	6365	65.23
430	2571	83.47
430	4447	66.33
430	4014	71.24
430	329	63.34
430	2076	80.45
430	4446	64.17
431	172	40.91
431	1625	55.91
431	1376	53.91
431	3948	51.29
431	802	49.02
432	1831	49.20
432	5630	66.14
432	6870	73.53
432	8640	50.68
432	6539	76.74
432	3916	73.23
432	5989	77.73
432	84189	69.90
432	110	78.07
432	35836	72.19
432	4886	77.01
432	2762	75.04
432	1206	84.22
432	49272	79.89
432	19	55.81
432	318	86.94
432	58559	82.56
432	69481	81.74
432	7158	74.23
432	33660	78.47
433	91529	73.61
433	1089	75.20
433	50	76.43
433	5299	58.04
433	110	74.87
434	1136	85.33
434	3147	81.27
434	1090	85.11
434	1265	80.54
434	5989	79.90
434	1101	65.71
434	1779	60.32
434	586	60.82
434	344	62.59
434	3863	65.54
434	1208	88.06
434	3160	80.81
434	589	80.93
434	780	67.52
434	6796	74.20
434	2791	81.94
434	4226	87.92
434	2194	77.26
434	8665	72.56
434	1291	83.44
435	2353	75.64
435	44191	86.45
435	485	70.88
435	3510	74.67
435	34405	88.27
435	2302	73.73
435	158	60.22
435	82459	87.09
435	48780	87.93
436	204	48.51
436	435	41.12
436	440	67.11
436	432	50.98
436	161	65.55
436	480	71.35
436	377	63.96
436	531	58.62
436	536	46.19
436	502	43.71
436	364	75.35
436	235	70.74
436	371	63.29
436	344	55.79
436	2	65.45
436	585	49.10
436	450	63.30
436	587	64.39
436	437	42.37
436	227	52.28
437	748	62.88
437	318	92.35
437	5	57.12
437	640	44.32
437	1299	91.84
437	1120	76.41
437	1396	72.56
437	1246	82.23
437	454	73.71
437	1171	69.17
437	1225	88.05
437	1183	75.80
437	1097	78.36
437	1307	81.97
437	1268	77.21
437	592	72.45
437	198	71.21
437	155	44.00
437	112	64.51
437	246	87.10
438	7154	57.02
438	2501	73.88
438	8966	71.56
438	27801	79.99
438	1527	79.75
438	6711	84.86
438	3898	30.12
438	1784	76.42
438	8644	74.00
438	6367	63.85
438	2424	64.27
438	3889	51.38
438	223	79.30
438	1517	76.00
438	7361	87.89
438	2641	66.14
438	5009	70.76
438	2617	65.23
438	3753	69.91
438	2393	68.07
439	356	83.97
439	4022	73.25
439	7153	83.82
439	78499	79.25
439	1240	75.49
440	8690	69.90
440	541	86.30
440	29	80.51
440	1653	85.43
440	1274	84.62
440	3174	69.71
440	1235	86.57
441	589	88.38
441	2683	77.54
441	2959	95.54
441	4306	87.39
441	260	93.36
441	296	92.59
441	51255	90.82
441	47	89.40
441	68358	87.18
442	2908	19.29
442	2881	19.47
442	1186	30.80
442	3752	22.37
442	4361	31.46
443	2329	85.02
443	79132	85.55
443	296	87.40
443	48394	76.36
443	106487	75.18
443	108190	58.66
443	7153	86.34
443	63082	83.22
444	356	84.07
444	592	69.03
444	208	56.01
444	21	66.39
444	111	84.15
444	110	80.29
444	235	72.43
444	296	84.45
444	344	56.56
445	2028	83.18
445	590	78.58
445	34405	77.99
445	47	81.51
445	116897	87.67
445	780	67.32
445	4011	80.18
445	899	84.65
445	593	84.38
445	33794	77.97
445	1080	84.17
445	45722	70.19
445	17	78.65
445	1230	77.95
445	306	87.56
445	2710	58.06
446	237	56.35
446	339	61.04
446	300	67.65
446	296	76.88
446	480	69.35
446	368	64.98
446	288	59.60
446	172	48.65
446	17	70.72
446	16	74.18
446	357	65.21
446	150	69.35
446	434	50.85
446	153	49.88
446	648	64.55
446	593	79.25
446	337	71.41
447	257	76.19
447	293	87.49
447	337	85.37
447	531	71.85
447	382	65.78
447	589	88.51
447	552	71.63
447	253	80.27
447	362	77.80
447	532	70.86
447	292	76.14
447	31	72.07
447	474	82.28
447	540	59.09
447	442	67.29
447	160	64.48
448	2368	69.90
448	3284	69.90
448	3933	69.90
448	6302	69.90
448	6476	69.90
448	7245	69.90
448	48262	69.90
448	49688	69.90
448	75803	69.90
448	75816	69.90
448	78116	69.90
448	79590	69.90
448	86593	69.90
448	92198	69.90
448	98908	69.90
448	100326	69.90
448	102819	69.90
448	104760	69.90
448	108715	69.90
448	109191	69.90
448	111680	69.90
448	113416	69.90
448	116207	69.90
448	116985	69.90
448	129657	69.90
448	130083	69.90
448	133377	69.90
448	136654	69.90
448	138546	69.90
448	142424	69.90
448	151777	69.90
448	152658	69.90
448	157130	69.90
448	158022	69.90
448	161290	69.90
448	164375	69.90
448	53996	68.78
448	136778	69.90
448	5418	72.72
448	288	68.12
448	88356	42.35
448	2580	73.00
448	155358	69.90
448	2889	76.77
448	4034	75.57
448	148888	46.76
448	81156	66.81
448	2713	50.70
448	103335	65.08
448	95441	56.40
448	34048	60.20
448	80126	55.78
448	3057	69.90
448	1057	69.05
448	2794	50.78
448	33830	69.90
448	8665	68.83
448	6059	60.41
448	110553	44.96
448	90374	69.90
448	151501	69.90
448	3764	51.40
448	6143	69.90
448	103819	69.90
448	4361	74.48
448	104913	73.63
448	3986	53.01
448	5528	66.95
448	1196	85.14
448	105351	46.76
448	83349	57.38
448	3276	69.90
448	1090	84.17
448	5349	72.84
448	587	62.37
448	106330	27.35
448	4677	60.41
448	95508	69.90
448	109895	26.99
448	110611	69.90
448	671	68.18
448	2289	75.33
448	152077	68.95
448	80693	53.39
448	111360	53.12
448	170	64.54
448	87444	62.68
448	94323	47.35
448	8493	69.21
448	3671	77.18
448	91653	60.22
448	4981	69.90
448	2991	75.30
448	78034	69.90
448	119145	75.73
448	5099	62.87
448	4299	61.56
448	2567	52.32
448	6996	27.56
448	109864	69.90
448	6582	53.74
448	73017	70.43
448	370	57.23
448	543	67.85
448	115617	69.72
448	590	76.96
448	154065	69.90
448	5553	67.26
448	41569	66.74
448	3286	44.56
448	6645	79.00
448	589	79.42
448	1920	59.01
448	2857	67.50
448	111663	57.42
448	78499	74.06
448	2657	63.01
448	6537	60.39
448	1148	81.75
448	46974	57.21
448	48516	82.34
448	80241	62.00
448	445	63.81
448	4262	76.90
448	3689	29.12
448	114935	71.34
448	6428	69.38
448	127194	69.90
448	109673	45.13
448	127096	67.46
448	89388	69.90
448	4156	69.90
448	3793	71.70
448	33679	60.89
448	2014	54.01
448	64285	72.72
448	3968	59.45
448	49530	69.62
448	3450	64.82
448	160563	59.83
448	5502	63.19
448	8169	70.20
448	6314	34.57
448	122490	69.90
448	3386	69.59
448	140725	62.33
448	4896	65.88
448	2642	46.84
448	127136	97.39
448	2763	71.84
448	2520	69.90
448	457	76.58
448	48783	66.80
448	3263	53.98
448	5400	53.82
448	5541	61.31
448	4011	76.58
448	58351	69.90
448	127132	69.90
448	152091	68.82
448	3698	64.70
448	435	40.81
448	4799	55.50
448	84152	72.25
448	3401	47.33
448	2858	83.13
448	3174	66.24
448	7076	75.38
448	106542	69.90
448	6218	65.03
448	2860	48.22
448	1283	74.69
448	3618	62.86
448	2616	58.21
448	90439	55.23
448	2404	47.69
448	4660	69.90
448	2530	58.75
448	26386	69.90
448	4327	71.50
448	3030	84.60
448	71464	70.50
448	32	80.36
448	91529	76.39
448	4158	46.73
448	99114	73.96
448	98585	64.71
448	93326	54.48
448	2268	72.96
448	80489	75.18
448	130576	44.43
448	105504	80.45
448	2791	77.69
448	50601	47.97
448	7007	62.56
448	4234	63.42
448	3623	53.98
448	80727	69.90
448	78467	31.41
448	8641	72.61
448	4128	73.34
448	106782	73.54
448	2537	32.30
448	112138	65.93
448	3247	53.05
448	112818	62.76
448	2027	33.58
448	3101	65.81
448	5779	69.90
448	82202	57.06
448	1704	80.89
448	98296	69.90
448	6863	66.25
448	89305	59.83
448	4203	55.11
448	1201	83.62
448	6212	46.66
448	637	54.87
448	84954	61.06
448	6814	69.90
448	94864	59.56
448	67695	38.72
448	159077	69.90
448	92439	80.95
448	6812	34.57
448	3156	60.44
448	802	58.18
448	118354	69.90
448	134130	78.52
448	138036	65.09
448	65135	69.90
448	52975	67.73
448	4368	32.37
448	90717	55.93
448	45722	67.40
448	79259	69.90
448	68157	77.63
448	4233	37.43
448	74458	77.19
448	3258	50.27
448	1262	84.02
448	3949	78.67
448	101025	42.22
448	69526	49.27
448	1831	46.09
448	1083	61.08
448	1884	77.21
448	1476	65.63
448	156609	50.84
448	3755	57.50
448	111659	43.78
448	4734	57.18
448	161	69.20
448	95201	69.90
448	135887	59.36
448	2598	51.59
448	87232	73.94
448	4634	94.89
448	5334	69.90
448	5459	55.54
448	146730	69.90
448	72694	69.90
448	157432	69.90
448	132488	69.90
448	4558	56.74
448	1375	68.32
448	6424	69.90
448	71518	62.06
448	2716	75.01
448	94780	45.44
448	3593	25.91
448	129354	52.17
448	158	46.76
448	1409	41.98
448	6514	69.90
448	2881	53.68
448	51662	73.31
448	90522	54.38
448	68554	57.44
448	2126	57.44
448	122932	69.90
448	93510	70.29
448	137857	71.28
448	125916	17.07
448	2953	48.05
448	2090	69.27
448	1760	22.35
448	480	72.54
448	58803	56.36
448	2109	70.84
448	50792	34.57
448	46062	34.06
448	85510	59.12
448	80864	69.90
448	112171	62.96
448	122900	65.89
448	2587	71.23
448	1527	74.66
448	117529	63.00
448	4993	81.56
448	92264	54.30
448	5247	52.00
448	533	50.62
448	912	82.49
448	26464	69.90
448	2249	58.34
448	4678	59.52
448	103772	56.23
448	114601	65.00
448	96861	57.09
448	420	49.94
448	59615	56.30
448	2349	81.63
448	109372	47.35
448	95207	57.44
448	348	75.84
448	19	54.96
448	136020	58.91
448	4502	33.57
448	91094	58.86
448	138208	70.00
448	3511	45.20
448	79428	61.56
448	2643	39.36
448	109183	69.90
448	2139	67.52
448	4212	69.90
448	5942	55.01
448	96417	56.60
448	112852	79.88
448	99728	66.02
448	89470	67.29
448	142448	58.34
448	64983	55.84
448	2640	70.01
448	2046	60.10
448	4881	82.00
448	3882	50.96
448	3744	51.73
448	1032	68.57
448	116799	70.46
448	5	50.55
448	4040	37.32
448	157407	69.90
448	2115	70.27
448	1617	82.75
448	4367	54.13
448	105254	69.90
448	3388	48.76
448	3760	70.00
448	2146	65.41
448	2968	73.95
448	6281	59.04
448	466	53.08
448	96448	23.61
448	86332	68.96
448	64969	73.94
448	115170	69.90
448	1036	73.14
448	3397	69.09
448	2474	71.79
448	1408	79.91
448	155743	69.90
448	106920	73.98
448	8542	74.48
448	120466	60.18
448	2051	41.96
448	7143	74.50
448	7150	57.49
448	89087	35.21
448	34150	51.23
448	2253	49.34
448	2973	81.36
449	1917	55.72
449	2502	78.18
449	4034	72.24
449	1222	77.86
449	2770	52.03
449	762	44.88
449	2011	60.99
449	2324	79.97
450	3977	63.13
450	589	84.94
450	110	85.64
450	3363	84.61
450	3535	83.30
450	3948	75.53
450	3409	67.72
450	1035	80.86
450	3568	69.90
450	358	60.00
450	1259	85.31
451	733	74.72
451	593	91.21
451	7	65.65
451	5	60.65
451	494	75.25
451	25	75.88
451	17	80.49
452	4025	78.84
452	2858	103.50
452	2617	81.27
452	5292	99.02
452	1206	104.25
452	1676	85.05
452	3219	70.96
452	47	100.39
452	3101	83.23
452	163	92.46
452	1092	87.69
452	1917	80.25
452	2126	80.04
452	1356	92.55
452	552	80.36
452	2628	80.12
452	1200	98.05
452	608	101.42
452	2707	81.48
452	3273	64.57
453	208	71.17
453	858	99.49
453	2335	77.13
453	4022	84.56
453	3618	77.96
453	1617	93.93
453	3452	70.74
453	1357	86.79
453	112	75.74
453	2671	83.48
453	1884	89.12
453	1894	68.55
453	2294	77.56
453	318	99.89
453	1614	69.34
453	3534	71.22
453	2959	97.99
453	798	61.48
453	5266	74.65
453	780	76.41
454	7361	82.26
454	2692	75.80
454	7116	61.18
454	55820	74.98
454	6016	74.39
454	27773	75.58
454	2160	79.32
454	2858	81.43
454	26131	81.11
455	272	70.68
455	432	50.49
455	367	62.15
455	590	75.52
455	253	71.55
455	364	77.47
455	555	74.45
455	252	62.90
455	110	79.75
455	225	63.98
455	588	73.20
455	597	70.43
456	1407	76.12
456	634	52.17
456	135	67.59
456	5	66.75
456	724	79.36
456	780	80.19
456	733	84.30
456	260	98.67
456	706	69.90
457	329	63.27
457	3593	24.97
457	2692	80.02
457	1356	74.58
457	223	78.33
457	2394	71.19
457	2701	45.40
457	3608	60.12
457	733	69.04
457	2094	60.91
458	597	81.80
458	185	70.56
458	10	79.00
458	380	80.23
458	95	69.25
458	454	85.47
458	300	84.59
458	595	84.87
458	153	67.06
458	587	79.82
458	150	86.90
458	552	73.67
459	79132	88.04
459	5618	91.34
459	8961	82.88
459	48780	84.49
459	50872	84.86
459	260	87.59
460	89039	69.90
460	4886	88.17
460	4703	87.67
460	3831	75.86
460	1441	75.39
460	4878	92.93
460	3483	64.34
460	8970	86.55
460	1	86.95
460	49272	91.70
460	40815	84.22
460	85414	81.82
460	68237	91.41
460	76093	90.24
460	47610	80.11
460	63082	91.56
460	2571	94.16
461	74458	58.22
461	2762	56.89
461	1036	55.34
461	91500	46.33
461	3578	55.40
461	539	52.21
462	26838	69.90
462	89090	69.90
462	164655	69.90
462	188189	69.90
462	1136	68.03
462	1219	67.58
462	158966	71.51
462	1248	72.01
462	508	54.12
462	1653	64.20
462	1674	57.77
462	8917	53.55
462	8620	-25.00
462	3424	66.55
462	2146	50.02
462	7044	62.73
462	3814	73.09
462	1213	68.42
462	82857	69.90
462	26131	79.31
463	6377	83.59
463	2028	86.84
463	4310	60.55
463	3753	69.12
463	2006	59.55
463	1092	71.75
463	5995	86.20
464	1370	73.43
464	58025	60.63
464	63853	53.81
464	296	91.98
464	2019	90.66
464	3527	74.29
464	5254	70.91
464	7007	70.18
464	1101	71.33
464	1779	64.65
464	377	73.81
464	1653	85.45
464	55820	84.41
464	648	73.80
464	33493	77.01
464	1610	82.02
464	65088	72.26
464	74727	91.28
464	1617	89.17
464	62374	75.50
465	2941	82.36
465	2987	80.92
465	1200	89.79
465	3448	81.18
465	5060	86.73
465	1299	93.81
465	3703	82.36
465	3649	63.79
465	1625	78.27
465	292	75.32
465	904	94.65
465	3101	72.56
465	1754	78.99
465	750	98.72
465	1256	91.76
465	593	93.25
465	3732	80.43
465	3740	87.46
465	3334	88.66
465	377	76.32
466	5418	80.04
466	30793	68.05
466	79091	78.99
466	92259	88.28
466	5989	82.96
466	5459	64.18
466	318	91.57
466	63082	86.07
466	59784	75.09
466	5010	82.87
466	74458	84.51
466	6281	67.54
466	5952	82.00
466	8529	70.41
466	64716	83.07
466	68954	82.91
466	4993	85.95
466	45447	67.28
466	81845	84.17
466	55247	78.64
467	41	69.90
467	58	69.90
467	389	69.90
467	466	69.90
467	527	69.90
467	593	69.90
467	780	69.90
467	1183	69.90
467	1233	69.90
467	1357	69.90
467	1365	69.90
467	1408	69.90
467	1721	69.90
467	2028	69.90
467	2125	69.90
467	2324	69.90
467	2334	69.90
467	2384	69.90
467	2390	69.90
467	2393	69.90
467	2394	69.90
467	2493	69.90
468	592	73.07
468	349	73.21
468	1	79.76
468	317	66.59
468	296	84.56
468	32	82.68
468	165	75.80
469	3658	69.90
469	3832	69.90
469	3507	83.60
469	3032	81.61
469	2736	77.21
469	2132	93.48
469	1958	77.08
469	910	84.74
469	1090	86.97
469	1485	61.88
469	1388	55.89
469	2321	66.72
469	1234	85.16
469	2081	73.91
469	1193	85.25
469	36	75.19
469	2908	74.74
469	909	81.49
469	2023	66.24
469	3255	69.97
470	253	76.43
470	318	90.91
470	110	83.93
470	588	78.49
470	282	64.45
470	5	59.07
470	597	74.44
470	32	83.17
470	595	77.22
470	592	72.74
470	500	69.03
470	26	78.76
470	356	86.58
470	357	74.10
470	434	60.71
470	300	75.91
471	2571	77.26
471	8874	74.06
471	527	78.37
471	1	71.08
471	8360	65.56
471	7147	71.76
472	58559	84.90
472	3450	70.41
472	3298	74.17
472	2840	55.57
472	1221	84.34
472	858	87.38
473	4979	81.59
473	2959	91.72
473	60	57.94
473	7147	78.47
473	6281	62.58
473	3897	80.72
473	48322	80.00
473	2596	64.17
474	638	69.90
474	2179	69.90
474	2697	69.90
474	4046	69.90
474	5114	69.90
474	5311	69.90
474	5353	69.90
474	5455	69.90
474	5601	69.90
474	6201	69.90
474	6273	69.90
474	6382	69.90
474	6407	69.90
474	6592	69.90
474	6912	69.90
474	7702	69.90
474	7826	69.90
474	7832	69.90
474	7839	69.90
474	8057	69.90
474	8446	69.90
474	8458	69.90
474	8459	69.90
474	8611	69.90
474	8650	69.90
474	8774	69.90
474	8938	69.90
474	1466	72.51
474	6708	74.72
474	2940	75.63
474	2616	54.38
474	2334	56.81
474	7139	74.58
474	4218	69.90
474	371	69.68
474	750	86.45
474	2935	85.14
474	8645	77.88
474	5481	56.47
474	6370	84.28
474	25865	69.90
474	2553	74.47
474	912	83.19
474	2467	75.55
474	5548	63.23
474	7301	69.90
474	52967	56.18
474	5945	62.00
474	480	71.81
474	1983	42.46
474	3462	78.44
474	1068	69.90
474	8600	69.90
474	6650	69.90
474	8482	69.90
474	6791	83.69
474	4016	72.36
474	1784	70.65
474	3668	67.62
474	3977	55.72
474	8961	76.05
474	4160	73.76
474	30820	63.63
474	6984	69.90
474	2750	56.95
474	5034	34.59
474	7716	69.90
474	2612	69.90
474	4419	93.51
474	1300	71.97
474	4187	78.78
474	1187	46.80
474	6565	74.08
474	272	67.93
474	5440	69.90
474	25937	62.77
474	1099	52.17
474	3125	69.90
474	5826	69.90
474	5649	69.90
474	7256	80.86
474	4912	75.28
474	6016	79.44
474	1208	86.28
474	2083	69.65
474	3385	67.53
474	2310	60.89
474	3360	73.69
474	3163	85.83
474	1413	79.52
474	4081	28.71
474	1643	67.46
474	968	72.73
474	2116	53.71
474	26965	80.04
474	5954	75.82
474	1263	80.11
474	5116	69.90
474	3536	69.96
474	8778	69.90
474	63433	61.29
474	2952	68.53
474	318	86.80
474	3394	43.35
474	1200	77.38
474	3384	78.38
474	4356	78.15
474	932	83.60
474	7698	71.71
474	516	55.63
474	4873	76.32
474	48385	69.33
474	39869	78.19
474	1902	69.90
474	2641	59.33
474	7036	55.23
474	2181	71.91
474	4638	51.23
474	31116	74.00
474	2455	66.68
474	2146	62.16
474	628	70.77
474	3897	78.65
474	1030	53.16
474	4022	72.19
474	344	59.81
474	3196	79.38
474	92	45.54
474	237	53.80
474	6770	73.49
474	3259	65.50
474	3368	59.30
474	26151	69.90
474	1293	72.42
474	34072	70.57
474	3044	66.39
474	1639	71.82
474	5944	53.26
474	6539	75.50
474	477	62.23
474	7361	83.51
474	55687	69.90
474	58	73.20
474	4014	70.95
474	3467	82.21
474	8154	80.25
474	4191	80.18
474	2134	63.35
474	4644	77.27
474	4293	53.11
474	5013	80.20
474	1399	75.28
474	1196	85.22
474	2918	77.15
474	5899	74.13
474	4465	66.95
474	100	56.46
474	361	52.42
474	3341	87.93
474	8921	69.90
474	195	54.88
474	3789	69.90
474	4709	58.21
474	1588	57.11
474	3468	87.62
474	4678	59.51
474	2723	68.83
474	2118	69.06
474	1939	83.82
474	7019	69.90
474	3147	78.05
474	1792	59.22
474	33903	76.89
474	1682	74.52
474	41566	65.09
474	1693	60.32
474	1957	73.01
474	5021	64.69
474	2313	74.30
474	3870	69.90
474	948	75.06
474	47099	72.24
474	3447	77.65
474	6614	50.19
474	216	66.16
474	5619	64.21
474	3987	40.57
474	5060	75.80
474	3111	74.88
474	45950	75.79
474	32584	59.02
474	5525	69.90
474	2567	51.08
474	5956	71.46
474	7	56.85
474	1172	78.03
474	3217	65.77
474	8331	69.90
474	587	61.83
474	5238	69.02
474	1189	75.48
474	2416	64.77
474	832	61.69
474	3095	78.43
474	7386	75.86
474	1223	85.64
474	7058	69.90
474	5246	33.88
474	5418	74.45
474	27803	88.49
474	26	68.41
474	4002	72.00
474	1135	60.96
474	45	63.15
474	6945	112.21
474	2411	50.66
474	2520	69.90
474	7347	65.27
474	5375	69.90
474	5673	73.71
474	3039	68.52
474	7833	69.90
474	33781	62.59
474	720	89.80
474	2103	34.91
474	33154	74.13
474	608	81.67
474	1327	38.83
474	101	82.32
474	7061	69.90
474	5451	52.20
474	5682	69.90
474	5434	68.68
474	6609	69.90
474	31658	81.49
474	4578	38.22
474	2009	63.13
474	4704	69.90
474	7572	69.90
474	4929	43.06
474	3306	75.98
474	6334	73.56
474	5379	80.76
474	5437	57.51
474	42418	73.32
474	4128	73.55
474	7451	71.97
474	2786	43.15
474	2243	60.34
474	27846	75.04
474	6197	62.75
474	3264	49.04
474	3608	58.45
474	5603	90.13
474	6124	59.19
474	1222	82.24
474	1663	70.62
474	3566	56.86
474	3755	58.84
474	2628	59.52
474	4815	54.62
474	2089	63.73
474	7102	48.10
474	27706	67.86
474	7013	77.81
474	1348	65.97
474	45666	49.20
474	5755	38.11
474	4055	69.90
474	2058	66.93
474	4462	13.56
474	1544	49.66
474	2405	54.84
474	4998	69.90
474	273	47.82
474	1977	43.95
474	1732	80.18
474	7822	69.90
474	7073	69.90
474	41527	73.56
474	4787	67.19
474	1676	64.67
474	3708	55.98
474	6669	63.25
474	317	57.76
474	25940	69.90
474	971	92.79
474	7366	55.13
474	3115	79.53
474	7026	51.34
474	2710	56.17
474	50685	77.10
474	2114	77.27
474	3809	62.50
474	3516	69.90
474	2770	57.52
474	535	69.43
474	4878	82.50
474	5992	70.40
474	41997	73.63
474	1083	59.75
474	4487	59.56
474	7293	66.81
474	1016	60.34
474	2006	55.28
474	1007	56.82
474	4993	83.23
474	3412	67.54
474	5007	69.90
474	3929	57.86
474	6639	74.98
474	8712	69.90
474	1876	51.86
474	3546	69.90
474	34359	69.90
474	7579	81.09
474	7325	69.27
474	6837	69.90
474	2634	53.05
474	7753	64.96
474	8943	69.90
474	8385	69.90
474	4308	67.42
474	3246	81.15
474	3745	68.60
474	1148	82.44
474	42002	59.82
474	50740	74.36
474	3952	50.19
474	1927	82.99
474	7581	63.02
474	910	80.43
474	3948	65.15
474	54881	79.22
474	1284	80.91
474	4007	73.11
474	5341	69.90
474	3675	83.83
474	52975	69.24
474	6244	74.15
474	965	66.45
474	454	66.88
474	1247	80.15
474	7215	63.21
474	1282	75.87
474	8207	88.15
474	6242	69.87
474	6502	78.42
474	4509	55.17
474	3528	75.28
474	2391	75.03
474	4262	78.17
474	4039	60.67
474	42018	14.36
474	3271	77.82
474	976	69.90
474	48394	75.62
474	5384	69.90
474	5168	69.90
474	1358	76.88
474	6534	55.10
474	8773	69.90
474	2384	59.04
474	48780	77.23
474	1269	76.88
474	4600	73.56
474	2642	44.45
474	111	81.48
474	933	82.12
474	3578	74.01
474	5297	69.90
474	944	74.52
474	6020	69.90
474	2123	52.85
474	748	57.31
474	4896	67.82
474	5380	75.91
474	53953	62.79
474	3712	53.56
474	25996	69.90
474	1997	72.22
474	4464	73.49
474	4085	68.10
474	51540	69.75
474	2707	58.81
474	2069	90.13
474	6710	70.28
474	1488	55.76
474	6378	69.07
474	928	81.64
474	3038	83.98
474	7116	73.02
474	44511	69.90
474	594	69.12
474	1962	72.01
474	421	58.27
474	4316	31.50
474	2761	76.04
474	4823	51.70
474	892	70.10
474	1345	69.09
474	5294	71.85
474	1408	78.51
474	6579	69.90
474	3272	66.78
474	3421	73.98
474	3844	54.35
474	6787	78.49
474	37736	71.01
474	2249	54.78
474	1610	74.60
474	2468	40.66
474	3498	85.70
474	4902	68.76
474	6268	73.56
474	5225	78.53
474	5404	80.00
474	929	69.90
474	25999	69.90
474	7835	69.90
474	805	67.51
474	4126	69.36
475	6539	96.55
475	4993	101.16
475	87232	95.04
475	40815	93.10
475	5816	88.10
475	8644	88.70
475	81564	89.72
475	4701	79.39
475	81834	95.03
475	6564	65.04
475	68791	82.80
475	111759	96.22
475	7153	101.48
475	1527	93.57
475	71530	74.87
475	4896	88.74
475	106487	85.45
475	112852	99.04
475	3578	95.25
475	82461	83.09
476	594	81.41
476	34	81.56
476	380	75.80
476	158	61.90
476	153	63.47
476	586	66.55
476	440	77.80
476	364	86.33
476	378	67.50
476	357	77.31
476	224	77.12
476	165	77.01
476	296	90.05
476	11	81.62
477	34	76.15
477	913	87.08
477	3100	77.37
477	2105	68.58
477	1271	76.29
477	1207	86.92
477	70687	20.00
477	2174	76.90
477	45672	64.79
477	4571	78.36
477	3973	48.35
477	4226	91.35
477	1103	86.00
477	5291	77.20
477	348	79.61
477	3593	31.16
477	1	82.01
477	1274	84.86
477	6502	83.44
477	59615	63.79
478	1917	55.83
478	3114	71.04
478	594	62.27
478	1584	58.43
478	1101	57.62
479	5365	69.90
479	4488	73.82
479	524	65.88
479	1025	70.72
479	3707	49.03
479	1220	75.28
479	4010	57.69
479	3244	72.65
479	3526	70.17
479	4092	56.33
479	1968	77.97
479	4700	62.76
479	4003	70.29
479	3671	78.06
479	2671	74.61
479	341	69.90
479	2012	61.38
479	2542	74.01
479	454	63.36
479	2384	60.43
480	43914	69.90
480	2700	74.39
480	8533	70.38
480	2193	72.73
480	2797	71.62
480	3484	47.24
480	2571	83.11
480	1210	83.25
480	2596	68.90
480	8866	71.76
480	47610	67.83
480	6306	76.85
480	5379	80.78
480	2018	64.48
480	7153	82.47
480	3911	71.29
480	44191	77.40
480	38061	79.80
480	5673	74.03
480	380	66.36
481	1608	55.25
481	1687	51.75
481	1629	44.17
481	1729	60.46
481	1620	44.57
481	1597	51.32
481	1485	54.25
482	2068	120.00
482	8985	63.79
482	1036	81.27
482	474	78.11
482	1042	67.48
482	4389	97.43
482	780	72.52
482	27706	75.03
482	3211	69.90
482	1610	84.65
482	4367	64.72
482	1374	83.74
482	1220	82.81
482	1602	49.81
482	653	68.26
482	592	79.82
482	30812	80.51
482	4862	56.67
482	8361	62.57
482	8529	69.26
483	105325	69.90
483	783	56.59
483	2541	65.13
483	2959	89.16
483	109971	69.90
483	45722	72.46
483	1199	85.82
483	50872	79.75
483	2000	74.30
483	4306	79.66
483	69757	78.68
483	2683	67.38
483	2273	62.40
483	1588	60.62
483	109487	80.71
483	66934	82.46
483	1721	64.59
483	2328	46.63
483	68522	69.90
483	8972	66.29
484	93320	69.90
484	1438	60.39
484	6155	63.91
484	6944	79.62
484	2706	72.69
484	33166	83.05
484	6874	85.68
484	3697	68.71
484	1059	82.99
484	76293	76.36
484	919	82.22
484	2762	82.54
484	1821	61.56
484	837	80.41
484	5810	71.26
484	1753	75.78
484	3254	74.43
484	4718	60.39
484	2413	76.95
484	3646	46.65
485	588	81.32
485	161	81.08
485	253	78.07
485	292	74.99
485	231	68.56
486	653	74.67
486	47	96.08
486	110	95.66
486	153	70.64
486	474	88.21
486	95	71.92
486	288	78.94
486	329	76.88
486	161	84.63
486	318	103.33
486	292	81.70
486	6	92.50
487	27611	60.21
487	8961	62.61
487	318	74.21
487	1198	69.29
487	31658	66.69
487	1197	69.64
487	6539	63.12
487	5445	58.54
487	116797	65.78
487	4027	62.24
487	8874	66.37
487	86377	76.38
488	720	91.06
488	838	69.10
488	608	85.41
488	1223	90.10
488	26	76.88
488	5135	76.20
488	2109	69.82
488	7720	60.67
488	7303	73.60
488	4014	77.61
488	5995	89.42
488	457	79.25
488	105	62.92
488	1136	87.60
488	272	68.32
488	1269	76.70
488	3176	74.85
488	1278	81.17
488	1125	72.35
488	910	84.97
489	79536	69.90
489	86000	69.90
489	4848	74.77
489	736	52.17
489	8387	12.15
489	4700	51.78
489	45666	42.54
489	4720	65.78
489	2683	57.64
489	2021	61.16
489	2389	24.77
489	1619	54.71
489	950	46.39
489	58559	76.29
489	2236	58.38
489	2167	57.93
489	1616	44.72
489	247	75.39
489	376	53.27
489	2717	48.92
490	46578	68.17
490	89492	65.08
490	81591	62.04
490	91077	72.55
490	60074	45.58
490	5816	56.89
490	4144	68.58
490	54001	63.60
490	1	65.71
490	1784	61.51
490	7153	72.34
490	4993	71.05
490	89759	93.23
490	86320	51.74
490	60128	52.71
490	76251	60.64
490	8368	66.07
490	69122	63.14
490	2006	45.07
490	78499	67.84
491	106782	90.03
491	69757	90.77
491	7293	86.67
491	27808	80.08
491	4246	87.96
491	3948	81.53
491	104374	90.14
491	86833	90.12
491	140110	78.07
491	8529	79.82
491	180231	69.90
491	4306	92.25
491	88405	74.62
492	736	74.65
492	784	69.18
492	628	82.25
492	858	97.48
492	852	75.54
492	64	66.34
492	990	64.80
492	830	66.45
492	743	61.86
492	62	80.92
492	52	83.46
492	1499	61.02
492	66	63.90
492	1210	97.32
492	881	56.22
492	1474	58.20
492	1405	73.23
492	724	78.72
492	1047	78.88
492	65	60.34
493	2985	67.78
493	4444	62.86
493	2916	69.73
493	1275	73.25
493	2571	84.58
493	1527	72.99
493	2028	82.71
493	3793	72.06
493	2167	67.85
493	1215	80.83
493	4701	58.94
493	2924	75.59
493	260	85.21
494	1196	96.75
494	4498	53.33
494	3578	87.79
494	2028	93.77
494	1210	94.40
495	140523	69.90
495	115149	87.48
495	1259	85.54
495	1721	70.43
495	136562	70.75
495	80489	87.72
495	19	64.58
495	50872	85.30
495	231	67.23
495	102123	72.54
495	52319	88.56
495	7254	76.16
495	7360	78.60
495	8528	82.23
495	1645	76.00
495	46578	86.70
495	30810	78.17
495	2918	84.92
495	148626	89.65
495	56775	71.07
496	1221	77.10
496	99149	71.67
496	858	79.23
496	904	77.22
496	8865	41.63
496	114713	50.00
497	1193	68.89
497	112556	65.32
497	112290	74.93
497	1916	59.40
497	92259	74.68
497	2329	68.88
497	112552	70.30
497	1258	70.33
497	2762	61.47
497	5349	57.80
497	111362	63.03
498	344	72.20
498	231	73.68
498	648	82.93
498	10	79.11
498	300	84.02
498	356	96.41
498	316	77.51
499	1202	80.91
499	2337	55.00
499	38304	140.00
499	327	50.26
499	56286	72.50
499	1304	91.25
500	2599	65.36
500	2987	69.52
500	543	62.23
500	2700	73.51
500	2542	74.44
500	1265	74.96
500	2916	66.77
500	356	79.09
500	3301	63.22
500	1784	68.91
500	1914	61.97
500	595	67.63
500	2355	67.04
500	3536	62.36
500	1885	61.73
500	322	66.30
500	838	61.58
500	720	84.60
501	6	77.74
501	62	71.82
501	93	55.71
501	45	67.66
501	3	70.16
501	637	55.91
501	11	77.74
501	18	69.21
501	662	50.61
502	7236	72.59
502	1077	78.43
502	4412	69.90
502	3469	79.26
502	2001	67.85
502	2520	69.90
502	1777	76.56
503	7455	69.90
503	7361	76.41
503	4878	74.74
503	356	75.46
503	91500	58.64
503	593	76.79
503	527	76.72
503	858	80.40
503	4226	77.66
503	1259	72.53
503	1342	52.80
503	2877	48.51
503	92509	60.00
503	90866	64.76
503	500	57.74
503	441	72.82
503	48516	77.04
503	2858	76.57
503	48394	66.37
504	4995	83.37
504	5812	70.78
504	2321	70.54
504	1	80.52
504	3556	80.16
504	7153	85.87
504	6708	78.72
504	1288	82.94
504	6927	69.90
504	4033	76.22
504	4700	64.18
504	6565	77.11
504	342	70.71
504	3408	72.60
504	6879	73.18
504	4361	79.12
504	5952	82.65
504	5955	73.38
505	1241	86.36
505	4105	78.68
505	1029	75.83
505	74685	88.00
505	273	60.17
505	6502	90.11
505	54999	66.94
506	59258	60.31
506	54272	70.72
506	37741	73.24
506	56782	81.46
506	62293	73.03
506	51834	67.55
506	49286	71.87
506	112556	75.77
506	61024	75.05
507	165	65.10
507	266	62.87
507	253	66.15
507	377	62.67
507	593	78.27
508	2872	65.32
508	2011	54.94
508	1952	71.00
508	1175	71.84
508	898	78.67
509	26958	69.90
509	130073	69.90
509	2028	76.47
509	87232	72.35
509	33830	69.90
509	5313	41.22
509	48	57.14
509	2090	62.04
509	2080	60.33
509	6942	71.17
509	8907	47.15
509	6156	53.92
509	5816	63.86
509	39	64.08
509	3988	51.79
509	6807	72.88
509	7458	63.54
509	1196	80.79
509	45447	55.89
509	616	65.58
510	1882	28.01
510	7026	33.27
510	35836	57.00
510	494	51.76
510	1198	69.93
510	514	52.19
510	457	59.83
510	2935	70.93
510	858	73.25
510	2699	39.35
510	317	41.10
510	8949	58.65
510	2918	62.59
510	145	44.38
510	1262	67.99
510	6787	64.69
510	1208	70.74
510	372	45.18
510	1242	66.03
510	40819	61.55
511	2959	96.07
511	53953	76.71
511	115149	87.18
511	164179	84.14
511	6534	60.42
511	99114	86.06
511	92259	97.37
511	318	96.84
511	2324	93.29
511	1653	85.03
511	56757	77.43
512	480	79.31
512	150	79.97
512	349	74.23
512	47	85.74
512	350	70.54
512	442	62.99
512	457	83.35
512	50	90.77
512	317	66.10
512	593	90.47
513	5952	80.31
513	318	87.28
513	2174	71.37
513	235	72.90
513	1304	81.42
513	1220	76.55
513	1080	80.10
514	1335	69.90
514	5704	69.90
514	62586	69.90
514	168358	69.90
514	180263	69.90
514	1704	83.12
514	2005	75.18
514	2792	55.26
514	2013	66.08
514	1673	84.72
514	134130	82.20
514	76093	79.30
514	1333	77.37
514	58998	78.00
514	68157	80.29
514	2406	70.63
514	3210	70.23
514	54503	78.77
514	4855	74.49
514	1644	49.74
515	33794	93.78
515	2028	97.06
515	527	99.96
515	91529	97.23
515	58559	99.67
515	2959	103.11
516	260	69.90
516	457	69.90
516	480	69.90
516	647	69.90
516	708	69.90
516	1042	69.90
516	1090	69.90
516	1197	69.90
516	1198	69.90
516	1954	69.90
516	1958	69.90
516	2021	69.90
516	2259	69.90
516	2268	69.90
516	3052	69.90
516	3471	69.90
516	4027	69.90
516	4291	69.90
516	4306	69.90
516	4321	69.90
516	4322	69.90
516	4333	69.90
516	4337	69.90
516	4349	69.90
516	4361	69.90
516	4429	69.90
517	4306	58.27
517	53125	46.12
517	1265	57.91
517	165489	69.90
517	97938	55.07
517	88744	51.19
517	86880	41.21
517	4148	37.45
517	26761	69.90
517	3398	51.83
517	1293	55.63
517	3988	37.17
517	2858	62.83
517	4963	55.28
517	1204	64.71
517	1704	61.52
517	47629	57.38
517	7669	59.62
517	1206	64.43
517	46578	57.91
518	3101	67.79
518	2657	67.26
518	783	60.29
518	1876	56.60
518	6365	71.01
519	1704	95.74
519	356	96.61
519	140110	82.05
519	6378	86.19
519	7445	78.37
519	1968	90.85
520	7266	69.90
520	318	91.18
520	1049	65.82
520	59315	80.95
520	4995	82.80
520	32	84.45
520	2716	78.91
520	4333	59.91
520	1291	85.72
520	1732	85.43
520	4085	73.41
520	2723	76.27
520	3081	77.16
520	3994	73.59
520	33493	74.88
520	135	59.90
520	2393	68.62
520	60516	46.44
520	2406	74.09
520	1584	71.38
521	661	74.08
521	112	69.02
521	86	82.71
521	104	71.76
521	58	86.30
521	79	59.62
521	52	76.75
521	852	70.26
522	99114	81.55
522	81932	80.16
522	89492	79.53
522	63113	70.12
522	2959	89.26
522	1193	84.20
522	1375	71.51
522	4993	85.81
522	223	78.84
522	27611	76.93
522	76060	64.78
522	180	72.53
522	59315	79.51
522	1617	85.51
522	10	72.95
522	67255	85.19
522	2023	70.43
522	6187	78.63
522	318	90.40
522	127098	84.27
523	168252	103.37
523	8970	93.51
523	5989	96.03
523	318	104.88
523	91529	96.56
523	1721	82.72
523	293	99.57
523	65261	94.71
523	4270	75.15
523	3147	96.31
523	27731	98.67
523	134130	101.85
523	31696	81.27
523	527	100.51
523	101962	88.91
524	1356	74.74
524	150	73.70
524	552	61.06
524	748	59.54
524	344	58.57
524	442	55.90
524	253	71.74
524	1225	80.74
524	20	48.11
524	589	78.95
524	1242	83.23
524	544	56.14
524	173	51.51
524	1302	68.20
524	380	67.62
524	457	76.28
524	1020	60.64
524	788	49.89
524	193	41.83
524	466	54.09
525	120807	69.90
525	317	60.27
525	6863	67.50
525	8622	74.02
525	33004	69.34
525	7147	75.09
525	2396	73.93
525	40815	73.23
525	137337	82.15
525	1639	72.31
525	1968	77.28
525	91869	69.90
525	45880	60.58
525	2100	61.05
525	339	61.47
525	4886	76.23
525	50872	76.05
525	86332	71.54
525	8983	68.97
525	3996	76.06
526	593	84.79
526	55247	77.63
526	46578	80.39
526	176415	69.90
526	1295	56.50
526	90430	85.20
526	4014	76.61
526	2352	69.59
526	176413	69.90
526	215	78.05
526	81845	81.24
526	51255	82.11
527	2137	79.00
527	3114	85.77
527	3210	80.09
527	3016	79.29
527	2161	79.81
527	4571	85.10
527	2118	84.94
527	3421	83.87
527	455	60.53
527	2867	72.07
527	2450	46.65
527	1909	76.54
527	1214	88.84
527	4299	73.25
527	736	69.32
527	2477	71.94
527	588	85.28
527	4016	85.23
527	1259	88.07
527	2533	67.24
528	4886	75.09
528	2278	69.71
528	80906	77.20
528	4037	77.35
528	1240	74.55
528	64614	72.94
528	3821	46.21
528	150	72.00
528	1291	79.62
528	80463	73.20
528	593	80.27
528	99813	70.85
528	85342	69.35
528	48516	79.86
528	58559	80.57
529	653	61.80
529	135	55.66
529	65	46.91
529	62	72.00
529	733	75.14
530	292	74.36
530	500	73.97
530	300	80.66
530	586	65.50
530	593	92.05
530	11	80.66
531	593	94.77
531	590	86.03
531	919	85.36
531	480	84.34
531	1215	89.53
532	1721	71.56
532	4863	115.33
532	457	83.04
532	290	88.20
532	1245	94.30
532	1242	89.11
532	2023	74.52
532	2329	89.58
532	1304	88.17
532	517	73.20
533	1200	91.66
533	6502	90.38
533	79132	96.17
533	46578	89.93
533	93840	95.79
533	4973	95.43
533	2455	79.26
533	66934	95.15
534	116724	69.90
534	97913	82.23
534	94953	70.64
534	2003	81.43
534	2167	76.25
534	7569	82.65
534	153	63.11
534	1485	69.77
534	65514	84.14
534	104218	66.43
534	344	72.25
534	2571	91.66
534	5445	83.15
534	95875	68.48
534	112818	77.20
534	82461	74.32
534	96610	80.19
534	2987	83.79
534	138036	76.74
534	1566	78.38
535	2571	68.33
535	2581	40.00
535	2700	55.86
535	2688	43.85
535	2583	56.67
535	2882	-10.00
536	232	83.02
536	272	62.40
536	356	74.31
536	335	69.90
536	225	54.80
536	150	65.18
536	434	46.54
536	589	68.84
537	80906	88.93
537	367	64.76
537	7153	87.51
537	53322	74.68
537	104218	73.50
537	97304	79.54
537	6539	82.75
537	318	89.13
537	89745	83.62
537	105504	88.06
538	595	88.79
538	3671	94.47
538	80549	92.78
538	4039	80.47
538	69757	87.52
538	5047	77.61
538	44889	69.90
538	66934	90.81
539	4306	83.45
539	6753	74.61
539	5218	75.91
539	50872	84.39
539	88	55.05
539	3301	71.48
539	4886	82.89
539	69122	82.21
540	2598	63.92
540	2959	98.39
540	1073	90.83
540	8874	93.62
540	1681	48.14
540	2183	82.33
540	2841	74.27
540	2747	70.86
540	1196	97.22
541	590	71.86
541	457	74.73
541	413	48.77
541	15	58.12
541	110	75.26
541	595	68.18
541	597	65.25
541	480	70.84
541	356	78.61
541	203	61.82
541	529	68.02
541	357	66.33
541	22	63.43
541	345	62.63
541	546	34.90
541	586	53.52
541	281	69.28
541	350	63.81
542	6539	76.19
542	30793	62.71
542	5299	65.84
542	2542	74.94
542	34319	65.26
542	33679	64.89
542	4963	75.15
542	5481	58.64
542	1997	72.43
542	4025	56.88
542	3623	53.47
542	924	78.25
542	4369	56.03
542	6378	70.71
542	2571	82.42
542	7254	69.57
542	41566	64.82
542	37733	68.99
542	7361	83.64
542	45517	64.97
543	73881	91.67
543	1702	74.79
543	595	87.54
543	3301	82.49
543	231	76.97
543	2378	76.11
543	2379	54.69
543	86882	82.97
543	6377	94.19
543	588	90.71
543	377	84.89
543	48385	81.54
543	2571	97.49
543	4526	56.80
543	4388	65.14
543	92259	95.74
544	1	69.90
544	3	69.90
544	14	69.90
544	32	69.90
544	40	69.90
544	62	69.90
544	68	69.90
544	95	69.90
544	116	69.90
544	619	69.90
544	626	69.90
544	648	69.90
544	650	69.90
544	694	69.90
544	736	69.90
544	780	69.90
544	839	69.90
544	1042	69.90
544	1047	69.90
544	1059	69.90
544	1105	69.90
544	1356	69.90
545	1438	57.56
545	1267	83.12
545	2763	85.37
545	1367	61.67
545	44	53.40
546	1270	70.50
546	3328	74.65
546	480	67.05
546	1970	49.14
546	2456	40.61
546	1976	34.88
546	589	76.59
546	2657	57.93
546	1673	77.23
546	3941	69.90
546	3959	59.05
546	3566	49.62
546	1977	46.32
547	1211	85.41
547	2859	78.33
547	2917	82.73
547	1394	86.67
547	1288	81.40
548	69	69.90
548	260	69.90
548	356	69.90
548	733	69.90
548	1196	69.90
548	1393	69.90
548	1477	69.90
548	1621	69.90
548	2571	69.90
548	2716	69.90
548	3263	69.90
548	3578	69.90
548	3916	69.90
548	4776	69.90
548	4899	69.90
548	5955	69.90
548	6874	69.90
548	7458	69.90
548	8531	69.90
548	49910	69.90
548	58559	69.90
548	74532	69.90
548	80862	69.90
548	122904	69.90
548	125916	69.90
548	168712	69.90
549	2571	72.55
549	2028	67.03
549	4226	73.60
549	1210	69.03
549	589	64.69
550	167296	69.90
550	102125	80.70
550	106782	87.03
550	116797	86.22
550	112852	90.68
550	122882	86.01
551	5010	75.08
551	34162	65.50
551	60069	80.22
551	1544	52.27
551	45186	67.04
551	103772	61.85
551	51935	68.23
551	4226	81.54
551	2353	62.20
551	7153	80.07
551	5989	75.52
551	135569	68.15
551	115149	76.44
551	88129	74.34
551	134130	79.63
551	6934	57.01
551	47	79.22
551	4701	60.50
551	2959	82.38
551	98809	73.23
552	2916	67.39
552	3317	75.28
552	1405	53.26
552	2953	45.18
552	2245	60.53
552	2944	76.12
552	2890	73.62
552	2125	72.78
552	508	66.86
552	3948	63.88
552	5349	72.36
552	2959	84.80
552	2857	66.07
552	173	47.13
552	2991	71.98
552	2871	73.67
552	2628	58.47
552	4308	65.41
552	4878	81.29
552	3101	62.20
553	55765	86.63
553	3481	83.52
553	1923	80.61
553	2571	93.39
553	4011	88.87
553	50	93.53
553	3949	89.19
553	1089	92.47
553	44199	80.51
553	5513	69.90
553	2231	79.56
553	2395	79.12
553	3052	81.81
553	61257	69.90
553	1221	94.93
553	33166	83.76
553	2959	96.47
554	1196	94.78
554	1022	80.35
554	2820	69.90
554	1207	92.62
554	1517	79.65
554	1282	85.00
554	1210	91.74
554	1760	35.54
554	2282	75.52
554	1225	89.02
554	907	70.36
554	1358	85.07
554	2096	79.78
554	1028	86.03
554	593	91.67
554	608	91.46
554	953	85.76
554	2324	90.59
555	790	69.90
555	3664	69.90
555	1	85.32
555	3111	83.16
555	3395	76.98
555	104	73.77
555	1334	45.26
555	2506	68.30
555	2072	68.93
555	4002	82.65
555	1266	89.19
555	2641	67.54
555	2256	67.89
555	2791	86.92
555	2701	53.02
555	1333	83.76
555	1320	70.95
555	337	83.20
555	1393	77.08
555	3526	76.37
556	162600	69.90
556	122890	72.86
556	3081	76.68
556	88125	85.31
556	588	82.61
556	72998	78.72
556	74789	70.58
557	648	76.15
557	231	67.82
557	1291	85.57
557	260	89.39
557	1210	87.62
557	150	81.50
558	5329	77.21
558	5064	85.19
558	4903	79.45
558	2297	75.96
558	2568	78.18
558	4993	91.45
558	4306	86.32
558	367	71.14
558	5283	66.53
558	1097	79.87
558	4164	84.00
558	5294	84.85
559	552	59.41
559	608	81.88
559	355	42.82
559	329	61.82
559	544	54.23
559	1527	75.29
559	173	49.47
559	377	66.44
559	745	83.16
559	174	47.41
559	529	71.95
559	350	63.82
559	349	66.22
559	533	55.77
559	836	48.21
559	1210	84.22
559	420	49.39
559	786	58.28
559	227	52.50
559	253	68.86
560	5839	69.90
560	91535	59.27
560	136018	54.17
560	67997	81.00
560	79132	82.08
560	3253	67.91
560	142558	69.90
560	2355	69.84
560	39435	61.30
560	1527	75.27
560	40414	73.29
560	64614	76.69
560	48744	85.94
560	56587	65.65
560	593	82.52
560	76251	71.77
560	84944	70.31
560	109313	69.90
560	5878	80.73
560	40819	75.87
561	168174	69.90
561	5308	59.50
561	78469	56.90
561	3703	73.54
561	60069	80.61
561	91535	55.26
561	2105	63.68
561	73017	71.50
561	5445	73.36
561	2000	72.61
561	83134	77.66
561	79132	81.11
561	79592	60.30
561	80463	75.16
561	89745	76.59
561	527	83.97
561	8972	62.16
561	353	77.81
561	33162	71.55
561	68157	78.36
562	27140	69.90
562	6870	81.80
562	6377	88.10
562	2580	83.81
562	1249	91.92
562	4776	84.44
562	36529	81.20
562	1259	87.02
562	1982	77.94
562	2268	81.83
562	2133	74.07
562	83134	90.70
562	3210	79.04
562	48394	83.99
562	30707	88.85
562	33836	53.97
562	2692	88.12
562	88163	87.83
562	99191	69.90
562	1240	85.72
563	61071	69.90
563	70932	69.90
563	80858	69.90
563	919	75.91
563	74450	55.56
563	588	75.60
563	5943	53.91
563	118997	54.38
563	86833	76.85
563	1197	84.70
563	128832	69.90
563	85397	55.00
563	45221	46.25
563	33499	52.00
563	7380	65.64
563	96821	75.82
563	81784	63.86
563	95307	44.88
563	65585	64.59
563	55250	44.25
564	50942	69.90
564	356	82.22
564	31685	65.58
564	131013	69.67
564	61024	82.80
564	79224	56.12
564	87869	68.85
564	500	68.68
564	108156	61.57
564	81784	69.22
564	93270	54.18
564	6188	77.41
564	106918	80.00
564	65230	62.90
564	67087	75.18
564	80693	58.24
564	94677	70.36
564	8984	67.71
564	73266	58.60
564	2671	72.82
565	590	76.67
565	231	60.91
565	19	53.44
565	21	68.53
565	50	86.20
565	539	71.34
566	648	70.45
566	10	66.89
566	231	58.27
566	329	64.32
566	342	72.09
566	141	70.13
566	203	67.94
566	345	68.54
566	39	66.35
566	497	82.22
566	265	75.11
566	588	74.97
566	708	68.50
566	353	75.63
566	2	67.44
567	8189	69.90
567	26743	69.90
567	92681	69.90
567	109897	69.90
567	152071	69.90
567	5690	56.68
567	136602	48.40
567	122888	69.90
567	6333	49.16
567	1274	56.97
567	122922	51.64
567	153070	69.90
567	151687	69.90
567	117877	69.90
567	108928	35.45
567	954	58.04
567	122924	36.57
567	27773	58.95
567	648	42.74
567	135887	41.24
568	50	69.90
568	147	69.90
568	296	69.90
568	356	69.90
568	480	69.90
568	593	69.90
568	765	69.90
568	1103	69.90
568	1104	69.90
568	1257	69.90
568	1298	69.90
568	1895	69.90
568	2313	69.90
568	2359	69.90
568	2863	69.90
568	3053	69.90
568	3148	69.90
568	3261	69.90
568	3363	69.90
568	8169	69.90
568	46723	69.90
568	63853	69.90
568	65088	69.90
569	231	75.07
569	50	95.73
569	380	81.70
569	588	87.99
569	592	83.26
570	208	54.23
570	8636	71.58
570	48516	79.64
570	1225	77.81
570	586	54.86
570	2683	61.63
570	457	72.82
570	1196	81.72
570	110	75.25
570	4993	80.72
570	7361	80.15
570	1198	81.71
570	1079	75.76
570	10	64.16
570	3793	70.22
570	1391	59.45
570	589	75.21
570	380	63.59
570	527	81.29
570	185	51.63
571	1331	69.90
571	2982	69.90
571	2366	69.44
571	1128	47.78
571	610	66.31
571	2902	52.59
571	1998	69.90
571	3696	68.08
571	1980	69.90
571	1987	69.90
571	70	70.73
571	1924	51.11
571	2279	46.23
571	1327	40.79
571	3732	67.06
571	1972	31.23
571	1278	76.68
571	1644	49.87
571	2327	82.96
571	1978	39.00
572	1961	84.72
572	2570	59.76
572	2788	87.20
572	2321	72.54
572	111	90.96
572	904	92.53
572	2987	78.76
572	2302	69.48
572	1834	86.13
572	2539	68.07
572	2917	86.19
572	1307	83.84
572	1	84.34
572	161	77.74
572	3421	79.12
572	838	75.35
572	1356	82.92
572	2006	65.02
572	3167	70.89
572	1953	82.14
573	89745	91.84
573	72998	83.58
573	3752	74.32
573	356	94.78
573	7293	80.70
573	6754	79.00
573	8665	82.45
573	32587	91.11
573	1073	88.84
573	88744	84.35
573	1127	81.56
573	68954	89.29
573	98809	87.19
573	2640	81.53
573	48516	95.70
573	71535	92.09
573	59369	85.23
573	60069	94.46
573	88140	84.68
573	1562	57.26
574	47	69.90
574	110	69.90
574	150	69.90
574	153	69.90
574	161	69.90
574	185	69.90
574	225	69.90
574	231	69.90
574	292	69.90
574	296	69.90
574	300	69.90
574	316	69.90
574	318	69.90
574	329	69.90
574	339	69.90
574	344	69.90
574	380	69.90
574	410	69.90
574	434	69.90
574	588	69.90
574	592	69.90
574	593	69.90
574	595	69.90
575	2566	60.00
575	2580	77.00
575	296	85.65
575	2581	56.56
575	2572	72.84
575	2542	73.98
575	2574	43.08
575	2598	48.21
576	849	48.14
576	1321	53.21
576	1373	61.85
576	1479	55.00
576	2289	61.32
577	2415	69.90
577	1183	68.68
577	1288	79.19
577	1129	68.11
577	2944	75.96
577	2194	75.11
577	733	64.46
577	1213	81.66
577	2076	76.75
577	2020	78.37
577	1262	82.11
577	1931	81.02
577	1391	61.41
577	2987	69.82
577	952	72.38
577	1909	64.08
577	260	83.11
577	919	73.27
577	2248	73.67
577	1270	75.96
578	6751	69.90
578	52668	94.00
578	45668	81.67
578	830	70.50
578	72407	60.00
578	75446	69.90
579	3174	81.42
579	2485	68.18
579	1022	80.82
579	2018	78.59
579	838	82.40
579	1917	72.50
579	1391	75.46
579	596	77.18
579	1573	80.18
579	2965	69.90
579	1653	92.08
579	2599	82.08
579	892	87.43
579	2687	73.21
579	595	85.06
580	5767	69.90
580	6583	69.90
580	480	75.88
580	8844	69.90
580	6989	73.91
580	3809	68.17
580	41569	73.42
580	3699	61.01
580	4041	66.94
580	33166	78.11
580	356	85.27
580	508	73.06
580	8376	69.66
580	3578	79.33
580	608	83.64
580	3785	58.11
580	3089	84.94
580	1320	65.71
580	54286	78.96
580	1201	86.41
581	7153	90.57
581	5995	87.46
581	4973	89.70
581	116797	86.47
581	3949	87.79
581	4306	84.80
581	109487	86.02
581	6377	87.13
582	91529	85.58
582	2959	90.64
582	116797	83.32
582	4993	85.65
582	5618	88.97
582	2571	85.78
582	76251	76.41
582	69844	82.81
582	104841	79.86
582	48516	88.13
582	97752	76.46
582	76093	83.29
583	8533	68.57
583	88405	59.22
583	2706	64.55
583	117590	78.10
583	317	62.32
583	60756	62.15
583	6942	74.96
583	595	71.75
583	46578	76.11
583	104	67.97
583	2694	58.88
583	7451	73.04
584	288	78.70
584	22	83.30
584	203	79.58
584	315	73.97
584	500	81.41
584	316	80.67
584	539	84.75
584	234	64.85
584	296	95.80
584	257	81.64
584	434	72.86
584	586	73.44
584	338	71.26
584	349	83.26
584	282	76.23
584	480	90.70
584	590	90.59
585	3173	74.87
585	1228	85.92
585	54503	87.58
585	2959	95.80
585	428	79.54
585	1405	62.11
585	7254	77.56
585	441	87.13
585	1805	68.55
585	296	95.42
585	27373	69.90
585	5325	77.54
585	79132	92.31
586	34332	67.62
586	4016	88.14
586	111659	71.51
586	106002	80.63
586	149406	82.87
586	167036	97.56
586	45499	77.35
586	136556	69.90
586	5445	86.28
586	117851	75.68
586	1291	93.30
586	71264	87.59
586	106489	80.37
586	135436	79.40
586	3753	80.40
586	2640	82.41
586	3147	90.73
586	122916	97.90
586	3793	86.35
586	101362	66.88
587	1234	92.59
587	628	82.46
587	2012	71.73
587	534	92.06
587	2002	66.48
587	1641	84.27
587	236	75.88
587	1376	73.81
587	2622	67.76
587	1541	48.08
587	3260	88.48
587	497	85.41
587	3082	73.83
587	445	76.06
587	3448	80.63
587	2574	52.09
587	765	63.39
587	691	68.22
587	329	75.20
587	3406	61.48
588	50	77.53
588	16	73.26
588	20	42.90
588	356	77.36
588	350	58.55
588	198	60.37
588	593	78.80
588	364	71.00
588	163	63.41
588	253	65.35
588	223	70.24
588	3	59.55
589	1092	80.84
589	318	100.67
589	590	88.75
589	373	89.15
589	586	71.13
589	587	81.60
589	527	101.23
589	337	89.72
590	924	77.46
590	8807	67.75
590	2371	57.61
590	38061	76.75
590	81834	73.90
590	40815	70.09
590	4890	53.00
590	903	80.56
590	5	49.21
590	3624	56.35
590	555	72.33
590	4047	69.75
590	51662	72.43
590	2085	66.28
590	419	49.40
590	595	69.41
590	329	62.32
590	2376	58.08
590	3635	64.72
590	2398	76.09
591	2908	69.08
591	2706	67.79
591	2712	70.03
591	2355	71.42
591	3615	58.83
591	3578	76.55
591	2394	71.28
591	3798	58.76
591	356	84.38
591	223	76.84
591	2724	63.89
592	514	75.16
592	2	75.93
592	153	64.71
592	415	59.32
592	110	89.16
592	177	78.39
592	420	60.74
592	380	75.86
592	44	58.61
592	788	60.11
592	588	83.01
592	163	77.72
592	204	60.12
592	610	81.34
592	39	74.52
592	419	62.54
592	253	79.99
592	432	60.29
592	240	60.00
593	1196	75.11
593	1073	67.25
593	1086	73.51
593	1617	75.10
593	4034	67.47
593	41566	54.75
593	1197	75.18
593	344	49.90
593	8368	67.84
593	339	54.79
593	2959	76.45
593	8961	66.62
593	5816	58.36
593	2797	63.27
593	4896	60.20
593	588	64.97
593	595	62.05
593	5952	70.26
593	377	57.68
593	141	58.66
594	7031	69.90
594	2671	89.45
594	7115	77.12
594	1616	70.16
594	5943	69.58
594	1188	91.34
594	2269	84.56
594	1733	133.00
594	4902	87.29
594	6996	43.66
594	780	81.56
594	1429	80.54
594	6140	69.90
594	7046	74.66
594	39	84.30
594	595	89.75
594	799	91.80
594	2028	98.46
594	8482	69.90
594	7169	76.33
595	265	87.73
595	50	98.81
595	1186	95.41
595	1199	99.91
595	1966	82.50
596	33649	69.90
596	43744	69.90
596	182793	69.90
596	129397	50.14
596	128908	69.90
596	1	74.31
596	142488	82.53
596	122922	72.47
596	4310	51.83
596	71838	56.47
596	4025	54.37
596	2501	67.48
596	110102	74.90
596	149406	64.99
596	2774	69.90
596	5502	62.45
596	8665	67.50
596	6537	58.96
596	2571	80.11
596	345	62.58
597	1799	81.82
597	490	71.39
597	3040	70.59
597	2529	87.43
597	2858	96.48
597	903	95.23
597	3039	82.33
597	2000	83.18
597	1291	92.18
597	357	80.93
597	1228	90.52
597	1845	89.00
597	2411	63.54
597	1580	79.96
597	1148	95.76
597	1198	98.03
597	2723	80.07
597	485	67.22
597	592	80.45
597	2692	91.86
598	56367	82.96
598	8360	75.88
598	593	82.28
598	114265	69.90
598	103543	50.00
599	26142	69.90
599	26567	69.90
599	26590	69.90
599	26676	69.90
599	26854	69.90
599	27595	69.90
599	34800	69.90
599	53450	69.90
599	60803	69.90
599	69131	69.90
599	74696	69.90
599	79895	69.90
599	84523	69.90
599	87960	69.90
599	92674	69.90
599	98799	69.90
599	102735	69.90
599	102852	69.90
599	104017	69.90
599	105020	69.90
599	122433	69.90
599	157865	69.90
599	158874	69.90
599	160978	69.90
599	161044	69.90
599	174727	69.90
599	179053	69.90
599	1801	61.05
599	6035	76.55
599	3387	55.24
599	33437	57.53
599	112	54.91
599	5995	73.47
599	167706	69.90
599	4394	69.90
599	836	33.59
599	7235	58.49
599	8809	71.78
599	102749	69.90
599	89087	27.79
599	42011	37.22
599	432	36.46
599	471	63.58
599	5628	58.23
599	1015	51.04
599	2	53.87
599	2269	53.35
599	69	58.77
599	3947	57.57
599	79091	60.74
599	104837	69.90
599	4037	68.54
599	7587	71.98
599	6881	65.27
599	1449	69.83
599	7225	61.86
599	81229	53.82
599	68952	69.83
599	4728	43.45
599	5081	60.21
599	33966	69.90
599	1779	49.09
599	3669	69.90
599	87197	69.90
599	170297	69.90
599	79057	57.18
599	95965	69.90
599	55207	69.90
599	4007	65.76
599	1220	66.54
599	80831	52.08
599	46723	59.90
599	71282	76.69
599	7757	57.18
599	3259	56.45
599	92309	61.76
599	1376	53.33
599	7192	45.07
599	4654	56.35
599	101423	69.90
599	53468	44.61
599	62662	69.90
599	3174	56.60
599	3698	55.57
599	2882	45.00
599	2359	56.92
599	1183	59.77
599	2792	44.22
599	1095	64.04
599	8387	12.37
599	53125	52.86
599	115713	67.76
599	2949	62.70
599	2471	36.76
599	3	51.19
599	1231	71.85
599	3861	48.82
599	240	39.15
599	1480	62.68
599	2301	58.56
599	1445	33.31
599	8045	69.90
599	586	48.18
599	2942	39.72
599	1185	71.05
599	4594	69.90
599	2474	62.56
599	3671	68.18
599	3196	72.66
599	64839	65.43
599	98697	69.90
599	2606	45.52
599	1777	59.09
599	5309	32.26
599	7022	66.33
599	4873	68.01
599	541	72.12
599	27311	69.26
599	43921	67.62
599	67734	57.97
599	4240	69.90
599	5026	72.48
599	168	38.57
599	33493	60.89
599	4125	5.06
599	7354	45.06
599	207	46.92
599	1094	55.84
599	742	36.75
599	1609	25.06
599	1042	49.76
599	3362	69.70
599	4553	65.62
599	4632	48.57
599	2278	60.05
599	468	54.40
599	122904	62.52
599	75416	69.90
599	42718	65.48
599	4285	22.48
599	79274	69.26
599	1794	69.90
599	45081	41.53
599	108192	69.90
599	3489	55.21
599	3503	66.99
599	89804	55.83
599	163809	69.90
599	577	36.27
599	3071	50.83
599	1204	76.80
599	3981	37.83
599	95771	69.90
599	45382	81.42
599	6548	53.66
599	59387	64.63
599	166528	68.37
599	168492	69.90
599	6691	69.90
599	605	48.05
599	424	38.59
599	2991	64.72
599	248	42.86
599	97950	69.90
599	3865	60.12
599	1216	62.03
599	342	57.34
599	35836	61.79
599	27772	40.38
599	176419	69.90
599	151781	69.90
599	277	42.01
599	6320	5.62
599	39381	65.98
599	5111	69.90
599	4090	52.15
599	2450	26.84
599	2676	42.76
599	2356	42.35
599	79702	66.87
599	1597	50.82
599	410	51.21
599	1721	52.63
599	3702	56.56
599	183301	69.90
599	1387	68.16
599	2072	53.47
599	26729	72.87
599	2393	54.30
599	4247	40.46
599	4591	46.09
599	1032	59.26
599	3087	49.13
599	1895	52.42
599	634	19.36
599	210	47.03
599	2074	72.93
599	51575	37.27
599	3505	72.44
599	5247	43.77
599	481	52.52
599	4215	30.00
599	1355	36.91
599	2657	54.25
599	2028	73.82
599	4011	68.71
599	420	39.91
599	552	51.23
599	1196	76.98
599	2395	60.91
599	5303	52.27
599	1752	45.38
599	3186	55.35
599	4310	44.50
599	1784	63.07
599	3200	85.18
599	7254	59.19
599	688	42.98
599	473	31.79
599	1079	71.35
599	1552	48.22
599	1148	73.29
599	1544	41.61
599	63113	55.50
599	2325	47.29
599	26649	83.15
599	6804	69.90
599	161	58.55
599	4109	56.83
599	34332	42.21
599	1653	70.59
599	4808	40.25
599	7707	69.90
599	3468	79.21
599	502	31.80
599	1221	76.87
599	1792	50.68
599	68319	48.53
599	6787	70.34
599	2119	24.61
599	3884	22.50
599	4254	27.12
599	3973	30.46
599	103609	69.90
599	8934	69.90
599	5377	66.26
599	42632	66.38
599	55290	65.74
599	4506	55.50
599	7840	74.79
599	5568	57.75
599	1689	53.43
599	7005	69.90
599	103228	67.64
599	59947	69.90
599	786	46.73
599	4351	54.14
599	172253	69.90
599	4679	53.27
599	1411	78.26
599	117630	69.90
599	1590	45.67
599	112623	63.42
599	3146	44.26
599	8984	52.93
599	1920	50.38
599	519	27.50
599	179817	65.16
599	3979	40.80
599	3741	65.40
599	44020	41.86
599	26630	69.90
599	7285	63.45
599	3030	75.20
599	1021	29.06
599	8638	65.82
599	87	49.93
599	7153	72.93
599	2877	51.71
599	2018	57.09
599	3173	51.89
599	5198	69.90
599	7101	47.57
599	7701	26.11
599	3213	66.53
599	26159	69.90
599	2339	69.90
599	33896	68.49
599	2000	63.91
599	4006	60.25
599	136562	50.96
599	37382	52.43
599	6645	69.60
599	171763	79.59
599	8528	63.40
599	27008	69.90
599	4017	63.82
599	4167	51.87
599	86142	66.65
599	1249	75.15
599	3255	59.34
599	736	48.80
599	2779	53.57
599	84414	81.86
599	27773	68.89
599	2083	61.51
599	98499	41.76
599	4034	67.10
599	119828	69.90
599	1993	46.80
599	94864	52.27
599	6631	69.90
599	2321	55.85
599	26242	56.58
599	3703	63.70
599	41566	54.46
599	2529	66.14
599	1968	67.74
599	8914	66.92
599	3257	45.75
599	159403	69.90
599	1036	64.52
599	76093	69.68
599	5103	52.96
599	6947	61.65
599	1952	72.81
599	2124	51.59
599	4084	44.88
599	6016	70.49
599	778	71.98
599	81	41.59
599	2171	65.83
599	1253	67.22
599	4275	37.69
599	7982	71.52
599	3723	72.54
599	849	40.66
599	2681	55.09
599	6565	64.25
599	39414	58.38
599	122916	74.35
599	6440	68.03
599	8917	57.07
599	72011	59.90
599	1605	45.88
599	1240	67.78
599	923	71.59
599	68157	70.19
599	5961	69.90
599	5053	69.90
599	3571	72.93
599	2403	60.95
599	3871	71.25
599	44238	69.90
599	72226	62.34
599	7004	44.96
599	2054	43.78
599	62970	49.04
599	5159	45.08
599	354	67.75
599	122924	47.57
599	48774	69.57
599	1394	71.22
599	3763	53.95
599	70286	68.03
599	1904	22.48
599	3969	61.40
599	81562	63.63
599	102590	69.90
599	233	66.26
599	4155	47.19
599	1031	60.44
599	76	53.61
599	459	33.43
599	1097	63.78
599	1178	73.91
599	60291	68.34
599	3328	74.15
599	1232	82.98
599	3036	55.46
599	5283	43.44
599	4327	62.13
599	610	59.06
599	2726	68.54
599	4732	28.25
599	5970	51.13
599	2396	64.74
599	594	59.09
599	1247	72.57
599	45499	54.19
599	3476	51.54
599	2399	42.61
599	137218	69.90
599	1997	63.15
599	3271	69.38
599	27801	64.79
599	6365	54.20
599	1799	62.60
599	580	64.64
599	122900	59.25
599	2803	41.43
599	80219	52.94
599	466	42.90
599	110882	59.28
599	3997	24.98
599	26176	69.90
599	2378	47.75
599	117895	19.83
599	26662	68.12
599	90603	64.30
599	119218	69.90
599	44	37.01
599	809	37.33
599	1960	66.64
599	4519	42.46
599	1959	60.85
599	414	33.71
599	1073	66.72
599	61236	46.16
599	1479	52.42
599	4019	63.11
599	1245	78.70
599	37857	69.81
599	161032	69.90
599	371	63.25
599	3020	60.62
599	88593	69.90
599	6774	68.07
599	2005	63.24
599	90405	52.34
599	26285	69.90
599	6793	27.97
599	627	59.35
599	1617	73.28
599	6734	21.76
599	108090	69.90
599	2427	64.92
599	51024	61.10
599	122922	62.72
599	3440	29.81
599	6874	69.09
599	4919	59.09
599	338	37.92
599	81591	61.79
599	1704	71.83
599	1499	31.58
599	357	59.55
599	62155	49.60
599	144	55.18
599	34148	69.90
599	53519	51.33
599	4504	69.90
599	2796	42.95
599	216	56.40
599	6827	2.56
599	1429	53.42
599	7445	53.48
599	1385	50.01
599	90471	59.64
599	8425	69.90
599	10	59.69
599	26542	51.76
599	7387	73.86
599	72998	60.93
599	89470	60.42
599	3629	77.46
599	1297	62.74
599	3424	68.94
599	1672	55.15
599	44761	70.40
599	196	43.50
599	70703	69.90
599	2383	29.98
599	180	59.11
599	4040	26.55
599	6333	62.86
599	4440	90.00
599	5291	61.63
599	88235	60.98
599	1639	64.16
599	4580	-11.43
599	153236	69.90
599	86190	58.71
599	4477	40.61
599	103027	69.90
599	32291	57.62
599	34811	69.90
599	5171	41.04
599	122260	69.90
599	8784	66.91
599	5954	66.99
599	8798	61.36
599	707	45.41
599	880	38.17
599	314	51.80
599	61323	61.30
600	3269	43.63
600	1394	71.55
600	3785	46.29
600	2717	47.43
600	5569	63.46
600	4306	69.38
600	1206	76.81
600	56775	53.13
600	2015	55.19
600	7	49.57
600	2013	57.58
600	262	67.48
600	1210	75.43
600	1060	65.31
600	2431	55.17
600	2077	62.94
600	2423	54.43
600	4641	63.76
600	527	75.78
600	5076	53.46
601	141846	69.90
601	68157	92.29
601	1262	90.73
601	106782	89.41
601	60069	93.39
601	49272	90.18
601	5445	85.36
601	1193	92.93
601	1207	91.75
601	79132	93.62
601	904	94.18
601	166024	91.52
601	1917	73.04
601	7153	94.53
601	2324	93.75
601	170697	96.15
601	31658	92.48
601	5989	89.58
601	88810	91.24
601	2571	93.73
602	161	70.08
602	19	53.94
602	350	64.46
602	494	69.62
602	14	68.17
602	471	74.46
602	125	70.44
602	434	56.59
602	235	71.43
602	481	64.01
602	315	54.57
602	371	70.41
602	474	72.53
602	527	86.75
602	21	67.54
602	349	69.02
602	440	69.79
602	339	64.94
602	480	75.17
602	163	70.09
603	602	69.90
603	803	69.90
603	2008	69.90
603	2577	69.90
603	3459	69.90
603	4787	64.40
603	2912	72.83
603	1769	52.90
603	485	55.58
603	4420	69.90
603	920	69.52
603	1	74.54
603	2706	62.06
603	1844	73.89
603	3787	89.72
603	1222	81.81
603	190	61.96
603	2716	73.35
603	3983	86.91
603	101	81.51
604	220	69.90
604	292	68.09
604	151	79.09
604	329	65.92
604	410	62.90
604	426	67.22
604	435	45.43
604	316	69.34
604	22	69.74
604	235	76.36
604	181	43.75
604	332	59.22
604	273	57.12
604	637	58.67
604	285	69.90
604	173	55.74
604	588	76.18
604	23	62.13
604	553	79.48
604	1	79.99
605	35347	69.90
605	6787	79.79
605	1197	83.91
605	5667	69.90
605	42738	55.58
605	51662	75.99
605	7373	66.53
605	596	63.25
605	780	64.72
605	4571	74.53
605	2316	65.70
605	7454	52.97
605	150	72.87
605	60040	64.67
605	8977	44.40
605	3269	49.42
605	72982	69.90
605	1210	83.79
605	62376	48.10
605	60937	45.75
606	263	69.90
606	563	69.90
606	583	69.90
606	3808	69.90
606	4671	69.90
606	4840	69.90
606	5856	69.90
606	6111	69.90
606	6573	69.90
606	8685	69.90
606	32728	69.90
606	55805	69.90
606	3147	79.71
606	4392	67.72
606	2311	72.70
606	6308	47.92
606	50842	86.36
606	6591	90.80
606	8270	75.63
606	2025	75.82
607	891	77.50
607	1610	80.45
607	448	62.16
607	3147	83.45
607	1094	69.86
607	1307	79.50
607	592	75.35
607	204	58.73
607	1552	61.86
607	527	89.98
607	3476	65.48
607	296	89.48
607	2313	81.21
607	3440	42.69
607	423	67.00
607	1518	69.43
607	2118	75.74
607	2193	77.86
607	380	72.57
607	2028	87.20
608	52245	59.89
608	2997	78.79
608	3793	72.50
608	2763	72.46
608	174	41.02
608	2000	70.93
608	1214	76.22
608	919	71.57
608	2700	74.65
608	4161	60.35
608	5146	73.39
608	1639	71.47
608	541	79.10
608	473	37.06
608	2529	72.56
608	522	79.10
608	4343	54.90
608	1909	61.45
608	2431	61.95
608	1220	74.08
609	296	74.47
609	833	23.81
609	356	75.92
609	339	61.52
609	454	65.35
609	318	79.89
609	208	50.00
609	292	61.05
610	5953	69.90
610	58975	69.90
610	70206	69.90
610	78626	69.90
610	82765	69.90
610	97988	69.90
610	107447	69.90
610	107462	69.90
610	110591	69.90
610	110746	69.90
610	118082	69.90
610	139655	69.90
610	160341	69.90
610	86644	70.77
610	56801	54.71
610	61024	84.76
610	77561	78.71
610	4816	77.60
610	62434	75.50
610	3972	75.93
