1	260	83.58
1	1927	88.00
1	804	64.00
1	3	66.06
1	1009	60.00
1	2406	69.51
1	1587	59.58
1	3671	78.41
1	2617	60.94
1	3053	80.00
1	2571	82.77
1	1222	83.47
1	2137	68.33
1	1377	59.55
1	2395	71.75
1	2761	80.65
1	2641	59.70
1	2872	76.00
1	1258	81.73
1	2700	74.91
2	333	76.32
2	122882	75.71
2	71535	78.37
2	46970	64.17
2	58559	83.81
2	80489	79.29
3	5764	45.83
3	647	70.91
3	6835	45.83
3	5919	80.00
3	2851	53.33
3	2288	78.44
3	5048	66.67
3	4518	75.00
4	106	69.87
4	1291	80.48
4	3408	70.00
4	265	75.83
4	52	71.00
4	4347	75.00
4	2467	77.14
4	908	82.98
4	345	69.58
4	1304	78.75
4	1923	71.89
4	2959	86.17
4	368	70.22
4	1219	80.38
4	4765	80.00
4	1199	84.36
4	4166	40.00
4	1732	79.23
4	21	67.70
4	2858	81.07
5	515	72.50
5	1	78.84
5	364	79.48
5	608	81.85
5	290	79.09
5	261	76.55
5	34	73.03
5	318	89.01
5	21	67.70
6	349	71.20
6	318	89.01
6	775	69.36
6	141	69.47
6	348	72.50
6	104	69.28
6	327	57.78
6	410	61.31
6	165	72.95
6	87	56.00
6	366	54.00
6	17	75.68
6	1084	80.74
6	222	75.38
6	16	77.59
6	416	46.67
6	277	61.54
6	460	50.00
6	867	10.00
6	316	67.61
7	8528	74.64
7	3623	56.55
7	8636	74.73
7	8360	73.88
7	1517	71.10
7	466	55.35
7	8373	45.00
7	1220	77.17
7	7155	51.43
7	8808	57.50
7	6863	66.67
7	31878	73.75
7	1610	75.47
7	1219	80.38
7	4700	61.00
7	45668	64.29
7	8970	73.00
7	27741	77.50
7	6333	75.54
7	8865	50.77
8	356	82.94
8	47	80.51
8	231	61.79
8	318	89.01
8	454	73.04
8	292	68.12
8	32	80.08
8	141	69.47
8	380	70.00
8	252	67.74
9	5451	56.67
9	923	80.62
9	5890	70.71
9	2901	61.25
9	922	83.89
9	6044	70.71
9	1987	70.71
9	5378	61.36
9	3735	78.00
9	5447	60.00
10	597	71.26
10	33679	67.27
10	8533	72.00
10	8969	60.67
10	72720	80.00
10	88810	76.00
10	136020	60.00
10	6377	78.02
10	5943	48.46
10	109374	76.34
10	113394	67.19
10	61250	47.50
10	82167	55.00
10	140110	64.29
10	5377	76.45
10	77841	67.19
10	6942	75.71
10	1028	78.95
10	72330	67.19
10	66203	52.00
11	733	72.71
11	1584	71.23
11	1210	83.36
11	170	65.00
11	1438	53.89
11	648	70.67
11	1918	57.83
11	493	72.50
11	10	70.11
11	457	78.75
11	1693	66.43
11	150	77.24
11	1923	71.89
12	2717	56.22
12	2100	61.39
12	838	76.00
12	2072	61.67
12	1876	55.71
12	2581	60.00
12	6942	75.71
13	3717	62.93
13	3624	64.19
13	3798	61.90
13	2174	68.79
13	47	80.51
13	3893	65.62
13	305	52.00
14	344	61.46
14	477	67.14
14	110	80.18
14	540	46.00
14	597	71.26
14	153	57.86
14	592	68.76
14	4	45.00
14	539	69.42
14	105	64.38
15	91529	80.20
15	7438	78.49
15	111759	80.61
15	2329	83.74
15	1	78.84
15	1909	70.00
15	1240	77.24
15	115713	81.30
15	1200	78.66
15	293	79.01
15	2571	82.77
15	3949	77.68
15	120466	71.43
15	1198	85.85
15	2028	82.56
15	2011	70.33
15	158	53.78
15	160980	60.00
15	4306	77.93
15	4022	74.93
16	1230	77.71
16	78499	78.48
16	913	82.78
16	1136	81.05
16	1299	85.29
16	1617	83.28
16	1203	82.34
16	3429	85.00
16	2858	81.07
16	608	81.85
16	3683	78.57
16	4002	77.65
16	1199	84.36
16	912	85.37
16	2707	64.55
16	5782	75.38
16	1260	71.67
16	319	78.18
16	27773	80.71
16	2109	67.37
17	260	83.58
17	64839	76.09
17	296	82.88
17	5952	79.77
17	527	84.29
17	1193	83.78
17	3681	84.62
17	1240	77.24
17	2717	56.22
17	2858	81.07
17	1093	65.83
17	81932	74.12
17	5618	82.00
17	50	84.34
17	5971	79.67
17	2959	86.17
17	1201	83.40
17	541	82.66
17	82459	73.33
17	1	78.84
18	8117	74.94
18	65596	74.94
18	88094	74.94
18	145283	74.94
18	157110	74.94
18	166015	74.94
18	171023	74.94
18	103253	66.67
18	60684	78.44
18	44199	73.12
18	2	68.03
18	86628	80.00
18	59784	68.92
18	2918	77.95
18	109374	76.34
18	4226	82.50
18	53129	84.00
18	139385	73.48
18	47	80.51
18	1291	80.48
19	3692	51.83
19	3662	60.00
19	54	80.00
19	2733	40.00
19	1702	57.27
19	1240	77.24
19	1270	80.34
19	3712	60.00
19	1881	60.00
19	216	71.03
19	3	66.06
19	1834	82.50
19	2184	73.33
19	3017	70.00
19	2044	40.00
19	2354	50.00
19	2005	72.82
19	3146	50.83
19	3387	66.67
19	2694	65.48
20	1566	68.64
20	5419	59.23
20	4014	68.93
20	2140	70.80
20	586	59.37
20	661	66.94
20	3189	68.75
20	5014	80.00
20	1333	73.44
20	4161	66.25
20	3784	58.33
20	1030	56.00
20	5313	44.38
20	2804	78.50
20	2054	53.93
20	34	73.03
20	1097	75.82
20	6358	71.92
20	4519	65.00
20	1722	59.21
21	107013	65.03
21	117922	65.03
21	140301	65.03
21	57640	80.00
21	2985	68.72
21	2990	63.53
21	2717	56.22
21	5418	75.93
21	31433	58.89
21	112175	74.55
21	7153	82.77
21	30793	61.56
21	4446	70.00
21	52973	73.06
21	45186	72.78
21	2023	67.88
21	79185	73.33
21	1721	67.16
21	102125	70.38
21	5459	59.09
22	8961	76.41
22	2723	65.91
22	60950	65.00
22	64575	57.50
22	1193	83.78
22	70286	78.44
22	4993	83.38
22	2160	86.84
22	39183	71.79
22	7147	78.41
22	3996	75.97
22	3481	73.15
22	55765	80.00
22	48780	79.45
22	7361	83.41
22	51540	72.92
22	6711	81.25
22	2968	75.20
22	3949	77.68
22	48394	75.77
23	6234	72.50
23	3996	75.97
23	293	79.01
23	1206	82.65
23	1136	81.05
23	1960	73.16
23	7587	80.00
23	3424	81.82
23	3181	80.00
23	2467	77.14
23	1248	84.44
23	1617	83.28
23	6807	78.33
23	1952	80.91
23	6440	76.67
23	1258	81.73
23	1243	80.00
23	1080	80.81
23	8228	70.00
23	1711	60.59
24	1784	70.81
24	2617	60.94
24	111759	80.61
24	134853	80.00
24	58998	75.29
24	1265	78.49
24	1198	85.85
24	3147	82.66
24	1197	85.15
24	1220	77.17
24	2424	61.84
24	5418	75.93
24	72011	72.38
24	54286	74.53
24	27773	80.71
24	64957	70.00
24	356	82.94
24	44191	78.43
24	1682	75.60
24	68358	78.89
25	58559	83.81
25	60069	81.27
25	74458	80.83
25	79132	81.43
25	527	84.29
25	260	83.58
26	10	69.90
26	34	69.90
26	47	69.90
26	150	69.90
26	153	69.90
26	165	69.90
26	185	69.90
26	208	69.90
26	225	69.90
26	288	69.90
26	296	69.90
26	300	69.90
26	344	69.90
26	349	69.90
26	356	69.90
26	380	69.90
26	434	69.90
26	454	69.90
26	457	69.90
26	592	69.90
26	593	69.90
27	1196	84.36
27	2478	62.86
27	2640	71.96
27	3508	85.00
27	3555	68.80
27	1201	83.40
27	3519	57.50
27	969	79.64
27	2080	69.23
27	673	55.88
27	2886	20.00
27	2529	77.88
27	1387	81.10
27	1101	65.00
27	1947	70.00
27	1250	84.19
27	1276	85.53
27	3114	76.62
27	1083	66.67
27	3809	67.50
28	27450	60.23
28	60943	60.23
28	61011	60.23
28	63033	60.23
28	5617	78.57
28	59369	71.61
28	60046	60.23
28	507	65.71
28	3300	70.38
28	55094	60.00
28	59018	60.23
28	26695	60.23
28	2951	79.23
28	3006	76.50
28	2231	75.65
28	5418	75.93
28	26812	50.00
28	2058	65.45
28	353	73.48
28	61167	60.23
29	98961	81.82
29	7379	63.33
29	1250	84.19
29	1201	83.40
29	111362	75.79
29	48516	85.81
29	1100	50.00
29	26554	81.96
29	3441	72.86
29	4327	70.00
29	2872	76.00
29	2301	72.00
29	1617	83.28
29	3681	84.62
29	55820	78.75
29	4223	67.94
29	99114	77.20
30	5952	79.77
30	108932	76.67
30	1200	78.66
30	91529	80.20
30	116823	75.56
30	112852	82.25
30	1198	85.85
31	1198	85.85
31	1200	78.66
31	648	70.67
31	1363	63.33
31	1073	79.57
31	1036	78.30
31	1197	85.15
31	377	69.04
31	1246	78.81
31	1270	80.34
32	236	69.03
32	314	73.00
32	1356	78.21
32	357	70.13
32	224	73.60
32	627	67.50
32	1079	78.87
32	1084	80.74
32	318	89.01
32	761	54.17
32	1197	85.15
32	849	58.44
32	912	85.37
32	880	56.32
32	1198	85.85
32	58	82.50
32	203	65.00
32	608	81.85
32	497	76.79
32	410	61.31
33	110	80.18
33	17	75.68
33	2396	73.58
33	2272	50.00
33	448	68.00
33	428	72.00
33	265	75.83
33	1280	87.14
33	1177	86.67
33	1617	83.28
33	50	84.34
33	261	76.55
33	11	73.72
33	452	50.00
33	345	69.58
33	608	81.85
33	150	77.24
33	1188	71.18
33	800	85.83
33	2690	80.00
34	780	69.25
34	2273	65.29
34	3717	62.93
34	26606	68.15
34	45499	66.22
34	3996	75.97
34	4310	58.85
34	3624	64.19
34	31685	64.00
34	1721	67.16
34	5146	66.67
34	7090	79.67
34	70	70.64
34	2006	58.10
34	3000	77.27
34	4306	77.93
34	27728	10.00
34	3997	36.25
35	11	73.72
35	185	61.08
35	595	73.70
35	21	67.70
35	300	72.36
36	5171	58.24
36	3066	80.00
36	552	64.10
36	4025	60.95
36	1262	78.62
36	2735	53.08
36	2359	73.89
36	1372	71.03
36	1278	80.00
36	2194	77.33
36	3347	83.33
36	1704	81.93
37	344	61.46
37	356	82.94
37	661	66.94
37	329	66.34
37	457	78.75
38	434	59.05
38	39	67.37
38	223	77.12
38	161	72.70
38	246	85.79
38	168	59.49
38	273	59.47
38	480	74.53
38	356	82.94
38	457	78.75
38	364	79.48
38	50	84.34
38	500	65.96
38	300	72.36
38	551	71.87
38	21	67.70
39	2571	82.77
39	2391	72.67
39	1921	76.00
39	1862	35.71
39	1219	80.38
39	1907	71.25
39	2081	71.06
39	2459	62.50
39	924	78.57
39	2529	77.88
39	1729	70.59
39	47	80.51
39	260	83.58
39	2080	69.23
39	592	68.76
39	296	82.88
39	3213	78.75
39	610	69.20
39	589	79.87
39	596	69.11
40	440	71.55
40	454	73.04
40	588	75.51
40	339	69.66
40	158	53.78
40	432	50.65
40	431	74.55
40	186	54.86
40	616	68.62
40	514	68.46
40	21	67.70
40	592	68.76
40	1	78.84
40	223	77.12
40	585	54.58
40	216	71.03
40	104	69.28
40	371	71.43
40	111	81.88
40	267	58.18
41	96829	88.33
41	64839	76.09
41	122882	75.71
41	6287	61.15
41	1569	71.61
41	106920	80.59
41	86781	90.00
41	3160	74.21
41	1721	67.16
41	2028	82.56
41	6763	45.00
41	5418	75.93
41	53519	65.26
41	122904	77.00
41	55247	77.19
41	924	78.57
41	4011	81.61
41	2324	82.22
41	35836	71.76
41	5995	83.33
42	3869	72.78
42	4654	62.50
42	1021	45.00
42	2423	68.57
42	3248	37.50
42	4477	44.00
42	2500	40.00
42	1431	49.09
42	195	70.00
42	3326	100.00
42	2407	66.25
42	1090	79.23
42	2735	53.08
42	3693	46.67
42	1020	62.41
42	4545	67.14
42	4132	45.00
42	2263	60.00
42	3535	73.41
42	2805	58.33
43	225	68.79
43	296	82.88
43	596	69.11
43	588	75.51
43	587	66.90
43	420	55.25
43	158	53.78
43	631	61.43
43	5	59.67
43	597	71.26
43	168	59.49
43	355	44.44
43	47	80.51
43	367	63.36
43	519	46.00
43	594	72.31
43	236	69.03
43	1	78.84
43	60	64.62
43	259	60.00
44	36	76.67
44	663	65.00
44	12	47.00
44	661	66.94
44	94	78.57
44	1	78.84
44	104	69.28
44	112	67.42
44	494	69.58
44	889	66.67
45	2718	67.14
45	1036	78.30
45	2028	82.56
45	1653	79.38
45	1682	75.60
45	2396	73.58
45	3249	60.00
45	261	76.55
45	4308	70.70
45	329	66.34
45	1367	61.94
45	2890	74.67
45	593	83.28
45	1127	70.65
45	2431	65.50
45	6377	78.02
45	569	55.00
45	1197	85.15
45	1060	73.46
45	2858	81.07
46	590	77.25
46	588	75.51
46	315	59.58
46	208	58.15
46	1	78.84
46	432	50.65
46	225	68.79
46	434	59.05
46	339	69.66
47	508	71.88
47	68932	70.00
47	72395	80.00
47	2420	71.67
47	597	71.26
47	148626	78.89
47	5989	78.69
47	96588	75.33
47	69122	73.21
47	6155	63.33
47	4975	66.84
47	30749	72.90
47	106100	72.50
47	45950	71.25
47	2028	82.56
47	4018	63.18
47	1259	79.23
47	6373	68.27
47	33166	75.59
47	2407	66.25
48	4886	76.63
48	1320	62.22
48	1527	74.23
48	1193	83.78
48	3793	73.96
48	48	65.40
48	1653	79.38
49	2028	82.56
49	1214	78.94
49	139385	73.48
49	318	89.01
49	527	84.29
50	8143	55.56
50	114335	55.56
50	136564	55.56
50	142074	55.56
50	171759	55.56
50	175693	55.56
50	179073	55.56
50	175707	55.56
50	71264	75.00
50	82848	55.56
50	1377	59.55
50	44555	81.92
50	8157	70.00
50	6807	78.33
50	95543	70.00
50	8253	67.50
50	96610	74.14
50	924	78.57
50	32875	55.56
50	4896	73.78
51	7040	75.28
51	5620	63.53
51	2613	51.43
51	4437	71.67
51	2023	67.88
51	1500	72.14
51	522	76.00
51	858	86.24
51	4508	66.67
51	2951	79.23
51	1014	80.00
51	1407	63.85
51	2282	66.67
51	2420	71.67
51	3388	46.67
51	260	83.58
51	3186	68.64
51	3994	69.15
51	3501	45.00
51	2371	59.44
52	152081	77.20
52	51255	78.54
52	74458	80.83
52	1923	71.89
52	7438	78.49
52	40583	69.23
52	59784	68.92
52	55765	80.00
52	112852	82.25
52	86892	88.75
52	55363	85.00
52	112138	69.23
52	49272	79.12
52	52245	58.46
52	69481	80.50
52	50794	57.14
52	1704	81.93
52	54736	73.33
52	44665	76.52
52	47200	67.78
53	481	63.08
53	1100	50.00
53	249	74.29
53	1125	73.57
53	916	82.78
54	296	82.88
54	593	83.28
54	639	60.00
54	1	78.84
54	205	65.00
54	161	72.70
54	500	65.96
55	2407	66.25
55	673	55.88
55	3275	85.14
55	2890	74.67
55	4011	81.61
56	786	61.67
56	253	71.00
56	165	72.95
56	110	80.18
56	589	79.87
56	370	60.44
56	434	59.05
56	410	61.31
56	69	75.00
56	185	61.08
57	2140	70.80
57	942	85.00
57	920	69.38
57	3175	70.96
57	1784	70.81
57	3429	85.00
57	933	87.14
57	1193	83.78
57	3446	67.58
57	160	60.29
57	1499	39.47
57	2640	71.96
57	892	68.89
57	11	73.72
57	2947	76.32
57	6	80.14
57	2478	62.86
57	2291	74.31
57	1688	68.82
57	2301	72.00
58	588	75.51
58	282	65.31
58	185	61.08
58	419	55.33
58	367	63.36
58	277	61.54
58	48	65.40
58	280	78.18
58	337	75.83
58	345	69.58
58	3	66.06
58	357	70.13
58	527	84.29
58	587	66.90
58	218	65.00
58	500	65.96
58	508	71.88
58	368	70.22
58	364	79.48
58	353	73.48
59	1696	40.00
59	6460	96.67
59	3489	66.50
59	1188	71.18
59	1222	83.47
59	2076	76.56
59	3448	74.14
59	1263	79.71
59	1247	79.25
59	527	84.29
59	1244	82.00
59	904	83.45
59	903	80.73
59	965	74.00
59	2616	56.67
59	1953	75.17
59	608	81.85
59	105	64.38
59	912	85.37
59	3471	74.29
60	832	68.21
60	58559	83.81
60	805	72.73
60	455	46.67
60	858	86.24
61	266	65.33
61	1101	65.00
61	7438	78.49
61	173	51.74
61	555	77.23
61	2012	67.62
61	4878	79.72
61	3949	77.68
62	99114	77.20
62	176371	76.92
62	3793	73.96
62	56757	72.92
62	73017	76.50
62	30793	61.56
62	179819	62.50
62	68554	64.55
62	185135	90.00
62	168248	82.50
62	5903	77.43
62	4878	79.72
62	2028	82.56
62	5502	64.75
62	6058	57.14
62	344	61.46
62	1721	67.16
62	45499	66.22
62	41566	67.50
62	78105	54.44
63	5669	77.56
63	4246	72.67
63	48780	79.45
63	500	65.96
63	6016	82.24
63	31658	81.79
63	2858	81.07
63	64285	70.00
63	85414	72.86
63	1221	85.06
63	106696	70.00
63	4963	76.74
63	50	84.34
63	1097	75.82
63	260	83.58
63	110	80.18
63	1222	83.47
63	4979	73.62
63	5952	79.77
63	77561	74.19
64	5878	80.00
64	3101	62.92
64	2640	71.96
64	2959	86.17
64	8784	74.33
64	2054	53.93
64	4239	75.71
64	4025	60.95
64	5026	80.00
64	40819	77.33
64	266	65.33
64	2699	56.10
64	27266	82.50
64	3969	71.43
64	1805	61.60
64	6296	74.29
64	4776	76.32
64	3148	73.89
64	4262	78.00
64	356	82.94
65	1246	78.81
65	33660	81.11
65	7458	70.29
65	2329	83.74
65	4993	83.38
65	91542	73.45
65	3147	82.66
66	593	83.28
66	47	80.51
66	5418	75.93
66	922	83.89
66	2139	70.91
66	2956	53.33
66	3745	69.50
66	1956	82.00
66	4581	80.27
66	5349	72.21
66	1210	83.36
66	1094	68.97
66	2001	64.25
66	380	70.00
66	6539	76.86
66	671	66.00
66	1	78.84
66	6378	72.43
66	7766	80.00
66	296	82.88
67	99114	77.20
67	4306	77.93
67	27193	60.00
67	79132	81.43
67	60069	81.27
67	2012	67.62
67	4886	76.63
67	4993	83.38
68	47978	64.21
68	95218	64.21
68	6534	47.83
68	48696	76.67
68	67267	60.00
68	30825	62.92
68	1799	67.00
68	3556	75.62
68	8622	71.15
68	4351	64.00
68	63113	67.50
68	58295	74.00
68	7151	68.18
68	2413	68.33
68	6287	61.15
68	653	61.59
68	41566	67.50
68	5541	62.50
68	260	83.58
68	48043	71.82
69	4370	68.00
69	4848	79.39
69	3671	78.41
69	2476	80.00
69	1193	83.78
69	356	82.94
69	553	75.62
69	4022	74.93
69	260	83.58
69	3994	69.15
70	1193	83.78
70	1097	75.82
70	1914	77.50
70	1269	76.11
70	4995	78.97
70	318	89.01
70	8949	74.14
70	1968	75.82
70	1210	83.36
70	89492	76.88
70	1250	84.19
70	1235	87.00
70	2366	72.86
71	494	69.58
71	647	70.91
71	736	65.58
71	95	57.78
71	733	72.71
71	589	79.87
71	7	65.41
72	1047	62.73
72	150	77.24
72	858	86.24
72	2490	68.71
72	1357	76.88
72	260	83.58
72	50	84.34
72	1198	85.85
72	1196	84.36
73	1193	83.78
73	45720	70.38
73	105037	40.00
73	6333	75.54
73	59315	75.82
73	76293	70.00
73	138204	80.00
73	2706	67.59
73	152081	77.20
73	45221	42.50
73	68135	71.25
73	150	77.24
73	8376	68.67
73	93510	74.12
73	59784	68.92
73	116823	75.56
73	106072	67.14
73	1682	75.60
73	52245	58.46
73	35836	71.76
74	31522	85.44
74	2594	73.75
74	2908	71.92
74	30749	72.90
74	6870	74.86
74	3006	76.50
74	52281	70.00
74	49772	80.00
74	55118	80.00
74	2997	78.51
74	6305	68.57
74	608	81.85
74	4546	76.00
74	41863	77.50
74	27773	80.71
74	6001	83.33
74	1251	82.22
74	6552	70.00
74	46976	72.12
74	44555	81.92
75	5445	72.47
75	1240	77.24
75	5952	79.77
75	2193	71.03
75	6870	74.86
75	2529	77.88
75	168	59.49
75	541	82.66
75	3176	70.26
75	1962	72.22
75	2078	74.50
75	1889	78.33
75	1266	80.91
75	1374	78.25
76	48877	56.67
76	5956	71.03
76	2918	77.95
76	58803	72.00
76	1247	79.25
76	74458	80.83
76	7669	76.67
76	79132	81.43
76	8957	62.61
76	858	86.24
76	55820	78.75
76	1258	81.73
76	63436	50.00
76	1201	83.40
76	1208	85.32
76	48	65.40
76	288	64.22
76	34405	78.00
76	1	78.84
76	1196	84.36
77	3996	75.97
77	4973	82.57
77	7361	83.41
77	8636	74.73
77	3578	77.95
77	33794	77.16
78	296	82.88
78	165	72.95
78	3809	67.50
78	589	79.87
78	546	39.29
78	27904	75.00
78	260	83.58
78	590	77.25
78	480	74.53
78	68791	70.00
78	344	61.46
78	44974	71.43
78	380	70.00
79	3266	100.00
79	3029	62.50
79	589	79.87
79	1916	72.50
79	307	82.00
79	4005	65.56
79	260	83.58
79	1189	76.67
79	1345	65.77
79	2000	72.55
79	1374	78.25
79	2659	86.00
79	2076	76.56
80	7445	67.78
80	96691	70.00
80	84189	85.04
80	91630	70.56
80	49530	74.87
80	8950	80.97
80	6539	76.86
80	4223	67.94
80	5630	66.80
80	3527	71.16
80	76251	72.59
80	80363	60.00
80	52604	71.43
80	6502	78.81
80	34048	62.25
80	1221	85.06
80	60684	78.44
80	6952	54.29
80	5989	78.69
80	77561	74.19
81	10	69.90
81	32	69.90
81	47	69.90
81	110	69.90
81	150	69.90
81	153	69.90
81	161	69.90
81	165	69.90
81	208	69.90
81	231	69.90
81	288	69.90
81	296	69.90
81	316	69.90
81	318	69.90
81	329	69.90
81	344	69.90
81	356	69.90
81	364	69.90
81	367	69.90
81	377	69.90
81	380	69.90
81	457	69.90
81	480	69.90
81	588	69.90
81	589	69.90
81	592	69.90
82	6886	68.12
82	2381	42.50
82	2378	55.33
82	6566	70.00
82	368	70.22
82	6536	72.00
82	3253	67.69
82	4310	58.85
82	1608	64.88
82	1372	71.03
82	145	62.70
82	356	82.94
82	6708	74.58
82	1485	59.15
82	4369	61.25
82	6564	44.55
82	6888	45.00
82	5803	42.00
82	4015	53.70
82	364	79.48
83	56367	74.49
83	7143	78.72
83	7323	74.71
83	6539	76.86
83	161	72.70
83	586	59.37
83	2115	72.36
83	1270	80.34
83	6874	79.40
83	2324	82.22
83	1537	79.17
83	7153	82.77
83	68954	78.08
83	48774	80.20
83	30749	72.90
83	8014	86.67
83	1222	83.47
83	3753	66.81
83	1223	81.58
83	64983	64.29
84	55	73.76
84	987	73.76
84	912	85.37
84	1096	80.00
84	420	55.25
84	1227	80.77
84	113	60.00
84	580	70.00
84	5060	78.12
84	1293	81.43
84	900	75.56
84	1097	75.82
84	62	73.46
84	368	70.22
84	1305	80.00
84	1247	79.25
84	1296	72.50
84	11	73.72
84	1073	79.57
84	1094	68.97
85	1519	77.14
85	1624	50.00
85	1140	77.14
85	1694	56.00
85	1643	70.00
85	1747	68.33
85	1635	75.83
86	4993	83.38
86	4310	58.85
86	6947	72.17
86	2411	52.73
86	457	78.75
86	5418	75.93
86	3996	75.97
86	4901	66.32
86	1835	68.33
86	33794	77.16
86	1196	84.36
86	3555	68.80
86	1097	75.82
86	2687	65.88
87	4023	62.94
87	2009	67.50
87	3504	80.00
87	671	66.00
87	2139	70.91
88	7312	81.71
88	74795	71.67
88	4993	83.38
88	68157	84.53
88	5952	79.77
88	1193	83.78
88	223	77.12
88	8665	74.38
88	4262	78.00
88	56782	83.50
88	8677	40.00
88	58559	83.81
89	26645	69.12
89	32060	69.12
89	44851	69.12
89	53280	69.12
89	53578	69.12
89	67888	69.12
89	69211	69.12
89	81087	69.12
89	84246	69.12
89	103602	69.12
89	108078	69.12
89	109596	69.12
89	118894	69.12
89	121007	69.12
89	128089	69.12
89	128944	69.12
89	131098	69.12
89	131439	69.12
89	134847	69.12
89	140481	69.12
89	146684	69.12
89	148632	69.12
89	150554	69.12
89	164226	69.12
89	30793	61.56
89	169912	50.00
89	87869	73.33
89	1923	71.89
89	4015	53.70
89	950	73.33
89	173253	69.12
89	2324	82.22
89	27826	69.12
89	92259	85.79
89	11	73.72
89	3977	54.23
89	86298	60.00
89	8154	86.67
89	77688	69.12
89	2997	78.51
89	170837	69.12
89	49274	46.25
89	157775	69.12
89	1	78.84
89	142196	69.12
89	99117	58.00
89	62008	69.12
89	72624	69.12
89	108156	53.33
89	3752	63.14
89	2059	61.54
89	128520	85.00
89	3175	70.96
89	133879	69.12
89	48649	69.12
89	126088	69.12
89	5529	69.12
89	65588	69.12
89	99130	69.12
89	40962	69.12
89	1732	79.23
89	68659	70.00
89	91666	69.12
89	2683	64.66
89	3751	73.62
89	750	85.56
89	6650	69.12
89	149508	69.12
89	2395	71.75
89	51575	55.00
89	65230	61.00
89	171751	69.12
89	85881	72.00
89	139157	69.12
89	6863	66.67
89	4246	72.67
89	108949	65.00
89	1230	77.71
89	160567	90.00
89	73319	65.00
89	177185	69.12
89	130520	60.00
89	5220	53.33
89	121338	69.12
89	153386	69.12
89	50872	76.33
89	149566	69.12
89	145491	69.12
89	4890	59.44
89	129354	62.86
89	32243	69.12
89	84944	73.85
89	6402	69.12
89	1288	82.61
89	140133	69.12
89	119141	67.78
89	947	90.00
89	176621	69.12
89	4973	82.57
89	158398	69.12
89	69469	69.12
89	54503	77.69
89	141928	69.12
89	102481	68.75
90	1137	81.18
90	1144	81.18
90	581	80.00
90	81	63.75
90	892	68.89
90	1073	79.57
90	116	60.00
90	896	40.00
90	17	75.68
90	7	65.41
90	613	65.00
91	3013	68.72
91	6395	68.72
91	8147	68.72
91	7153	82.77
91	3360	75.00
91	2791	80.17
91	3897	76.90
91	1080	80.81
91	4850	60.00
91	3429	85.00
91	7000	70.00
91	2060	60.00
91	2916	71.75
91	1391	63.64
91	2100	61.39
91	318	89.01
91	2146	67.50
91	1225	82.35
91	1246	78.81
91	8501	70.00
92	2572	70.54
92	2114	75.45
92	1015	60.00
92	2454	67.50
92	1801	74.67
93	736	65.58
93	1917	62.30
93	552	64.10
93	1721	67.16
93	539	69.42
93	480	74.53
93	1372	71.03
93	368	70.22
93	2355	71.18
93	1923	71.89
93	2193	71.03
93	2006	58.10
93	339	69.66
93	1097	75.82
93	1591	49.52
93	260	83.58
93	2968	75.20
93	1676	66.45
93	593	83.28
93	558	58.33
94	231	61.79
94	377	69.04
94	367	63.36
94	364	79.48
94	288	64.22
94	19	56.23
94	10	70.11
94	586	59.37
94	590	77.25
94	380	70.00
94	589	79.87
94	318	89.01
95	18	74.55
95	4878	79.72
95	6979	65.62
95	4732	36.00
95	3019	78.75
95	5246	35.00
95	32	80.08
95	2952	69.00
95	1247	79.25
95	1198	85.85
95	5283	58.00
95	3361	72.59
95	1513	56.19
95	2009	67.50
95	539	69.42
95	122	52.73
95	1584	71.23
95	1240	77.24
95	4262	78.00
95	5349	72.21
96	527	84.29
96	1094	68.97
96	272	72.11
96	3819	90.00
96	150	77.24
96	2021	69.64
96	2571	82.77
96	1214	78.94
96	2058	65.45
96	1220	77.17
96	733	72.71
96	2340	58.82
96	1721	67.16
96	2396	73.58
96	367	63.36
96	1291	80.48
97	4701	64.78
97	4306	77.93
97	3578	77.95
97	4993	83.38
97	4963	76.74
97	4299	65.00
97	3981	50.00
97	4161	66.25
98	81845	80.61
98	8961	76.41
98	122912	73.75
98	5299	62.98
98	63992	47.78
98	187541	80.00
98	56152	72.50
98	134853	80.00
98	69644	55.56
98	6863	66.67
98	5618	82.00
98	56801	52.50
98	3499	76.88
98	134130	82.90
98	74789	59.20
98	82461	65.45
98	1258	81.73
98	88810	76.00
98	79132	81.43
99	318	89.01
99	161	72.70
99	420	55.25
99	592	68.76
99	196	56.25
99	122	52.73
99	145	62.70
99	150	77.24
99	316	67.61
99	236	69.03
99	588	75.51
100	497	76.79
100	296	82.88
100	1393	69.85
100	95	57.78
100	592	68.76
100	605	57.14
100	6059	66.67
100	28	84.44
100	2245	62.35
100	62	73.46
100	4308	70.70
100	1777	70.25
100	838	76.00
100	2125	74.17
100	1288	82.61
100	234	50.91
100	1197	85.15
100	2005	72.82
100	4014	68.93
100	4623	67.69
101	2580	76.07
101	3285	59.41
101	2723	65.91
101	2700	74.91
101	2908	71.92
101	2390	76.67
101	3175	70.96
101	2395	71.75
101	358	56.00
101	2702	64.00
101	3394	55.00
101	2997	78.51
101	2502	82.94
102	158	53.78
102	588	75.51
102	150	77.24
102	592	68.76
102	253	71.00
102	480	74.53
102	344	61.46
102	539	69.42
102	553	75.62
102	593	83.28
102	586	59.37
102	223	77.12
103	86014	78.32
103	1954	77.74
103	60040	62.50
103	1968	75.82
103	77206	78.32
103	2161	71.21
103	1732	79.23
103	81834	80.00
103	608	81.85
103	2384	51.11
103	4254	45.56
103	104	69.28
103	139642	54.00
103	56782	83.50
103	2096	68.57
103	101	78.67
103	6534	47.83
103	374	44.76
103	60069	81.27
103	30793	61.56
104	4740	70.69
104	743	48.10
104	5218	72.37
104	8643	68.57
104	1288	82.61
104	47997	75.83
104	468	65.56
104	76251	72.59
104	8533	72.00
104	4018	63.18
104	38038	70.50
104	1566	68.64
104	7361	83.41
104	6060	70.69
104	3034	72.00
104	1641	74.17
104	4641	68.70
104	108190	56.67
104	616	68.62
104	7034	78.00
105	4788	82.69
105	69685	82.69
105	95311	82.69
105	95313	82.69
105	110586	82.69
105	141816	82.69
105	141818	82.69
105	170597	82.69
105	172587	82.69
105	172793	82.69
105	173351	82.69
105	173535	82.69
105	6433	50.00
105	4974	51.82
105	70286	78.44
105	108981	82.69
105	95175	82.69
105	69122	73.21
105	1243	80.00
105	3916	75.36
106	69844	77.91
106	72998	71.45
106	59501	71.25
106	86880	61.76
106	5349	72.21
106	53125	70.29
106	59784	68.92
107	231	61.79
107	253	71.00
107	590	77.25
107	165	72.95
107	434	59.05
107	208	58.15
107	318	89.01
108	800	85.83
108	6022	65.00
108	4995	78.97
108	2585	79.58
108	5316	60.00
108	4975	66.84
108	3978	58.89
108	5349	72.21
108	2926	67.78
108	4246	72.67
108	4878	79.72
108	4994	67.14
108	1968	75.82
108	1684	60.00
108	497	76.79
108	5380	76.67
109	380	70.00
109	1033	72.67
109	231	61.79
109	364	79.48
109	589	79.87
109	480	74.53
109	62	73.46
109	31	62.08
109	587	66.90
109	1032	65.52
109	586	59.37
109	778	80.41
109	540	46.00
109	256	57.86
109	163	72.50
109	252	67.74
109	223	77.12
109	553	75.62
109	537	65.00
109	168	59.49
110	26171	45.00
110	2468	50.00
110	1198	85.85
110	1089	83.85
110	1222	83.47
110	1208	85.32
110	4881	76.00
110	47	80.51
110	527	84.29
110	1193	83.78
110	2428	49.44
111	100194	66.72
111	162602	66.72
111	171251	66.72
111	2145	62.38
111	96588	75.33
111	65088	70.00
111	66203	52.00
111	84772	60.00
111	2081	71.06
111	91529	80.20
111	6365	66.34
111	45666	52.22
111	3255	69.31
111	1282	75.41
111	6539	76.86
111	86833	77.86
111	122882	75.71
111	59143	90.00
111	86911	70.00
111	5283	58.00
112	788	52.88
112	161	72.70
112	1917	62.30
112	16	77.59
112	21	67.70
112	208	58.15
112	434	59.05
112	39	67.37
112	3717	62.93
112	19	56.23
112	110	80.18
112	32	80.08
112	70286	78.44
113	4083	72.69
113	39	67.37
113	3168	70.83
113	932	83.33
113	2331	50.00
113	3359	82.22
113	1086	83.68
113	3504	80.00
113	1339	70.00
113	904	83.45
113	3546	72.69
113	4063	40.00
113	4062	62.86
113	1077	73.50
113	1589	64.62
113	2475	60.00
113	3831	73.33
113	46	57.50
113	1733	100.00
113	4007	76.00
114	141718	63.16
114	54001	78.04
114	2291	74.31
114	167732	63.16
114	122886	77.74
114	8961	76.41
114	3147	82.66
115	1580	69.46
115	2804	78.50
115	1387	81.10
115	2792	65.00
115	3146	50.83
115	3273	51.76
115	3052	73.75
115	2841	69.23
115	2719	37.50
115	595	73.70
115	2700	74.91
115	383	58.67
115	2027	36.67
115	2148	58.75
115	2770	60.83
115	3785	57.89
115	2916	71.75
115	3175	70.96
115	588	75.51
115	1377	59.55
116	2716	75.23
116	858	86.24
116	1299	85.29
116	62383	70.00
116	1339	70.00
116	1276	85.53
116	597	71.26
116	1029	68.80
116	1101	65.00
116	2797	74.53
116	2657	66.67
116	1961	75.53
116	1407	63.85
116	5995	83.33
116	1704	81.93
116	165	72.95
116	2115	72.36
116	8360	73.88
117	708	66.67
117	587	66.90
117	589	79.87
117	151	69.43
117	36	76.67
117	1036	78.30
117	595	73.70
117	288	64.22
117	596	69.11
117	48	65.40
117	315	59.58
117	454	73.04
117	353	73.48
117	474	72.94
117	10	70.11
117	60	64.62
117	805	72.73
117	491	66.15
117	616	68.62
117	485	58.24
118	1221	85.06
118	1625	73.65
118	153	57.86
118	1961	75.53
118	1810	68.75
119	95441	63.33
119	117176	69.09
119	1092	64.48
119	91529	80.20
119	74458	80.83
119	4387	73.75
119	79132	81.43
119	168252	85.56
119	44022	63.33
119	78499	78.48
119	122904	77.00
119	106782	79.14
119	442	59.66
119	4993	83.38
119	31685	64.00
119	6365	66.34
119	141004	40.00
119	4148	61.61
119	88744	68.89
119	8644	72.62
120	260	83.58
120	32	80.08
120	5	59.67
120	631	61.43
120	52	71.00
121	497	76.79
121	440	71.55
121	161	72.70
121	527	84.29
121	292	68.12
121	344	61.46
121	186	54.86
121	316	67.61
121	1	78.84
121	19	56.23
121	163	72.50
121	337	75.83
122	27660	73.75
122	69784	72.50
122	7022	76.92
122	148652	90.51
122	4816	70.26
122	56174	69.55
122	94959	73.33
122	81591	68.97
122	71535	78.37
122	30810	67.31
122	2997	78.51
122	1732	79.23
122	108932	76.67
122	780	69.25
122	1090	79.23
122	3253	67.69
122	106782	79.14
122	72226	79.23
122	1200	78.66
122	1214	78.94
123	68554	64.55
123	115569	84.29
123	79132	81.43
123	109487	78.04
123	1196	84.36
123	4226	82.50
123	296	82.88
123	7153	82.77
123	143458	80.00
123	47	80.51
123	96829	88.33
123	2858	81.07
124	56145	68.89
124	2161	71.21
124	260	83.58
124	175	80.71
124	1358	76.57
124	6377	78.02
124	4226	82.50
124	3147	82.66
124	608	81.85
124	1223	81.58
125	5088	77.35
125	86721	77.35
125	110330	77.35
125	54503	77.69
125	72011	72.38
125	162578	84.00
125	119145	78.62
125	176371	76.92
125	55247	77.19
125	1240	77.24
125	86332	74.35
125	68157	84.53
125	112623	66.25
125	4082	40.00
125	160567	90.00
125	3342	60.00
125	109487	78.04
125	88140	71.82
125	98607	77.35
125	81562	83.33
126	364	79.48
126	349	71.20
126	231	61.79
126	380	70.00
126	410	61.31
126	300	72.36
126	253	71.00
126	457	78.75
127	2915	68.48
127	903	80.73
127	55276	72.31
127	5060	78.12
127	272	72.11
128	904	83.45
128	965	74.00
128	926	87.33
128	1066	80.00
128	1721	67.16
128	1080	80.81
128	1198	85.85
129	4370	68.00
129	480	74.53
129	3698	66.09
129	2692	80.00
129	2138	82.50
129	1968	75.82
129	8368	78.46
129	653	61.59
129	7143	78.72
129	316	67.61
129	6874	79.40
129	239	61.67
129	2916	71.75
129	733	72.71
129	4896	73.78
129	2028	82.56
129	3977	54.23
129	3000	77.27
129	1907	71.25
129	31658	81.79
130	208	58.15
130	316	67.61
130	292	68.12
130	110	80.18
130	590	77.25
130	296	82.88
131	2273	65.29
131	6947	72.17
131	58559	83.81
131	908	82.98
131	4878	79.72
131	89745	79.77
131	7256	85.00
131	68237	80.87
131	2722	56.50
131	2028	82.56
131	48516	85.81
131	3178	71.67
131	64614	78.06
131	969	79.64
132	6251	60.38
132	3275	85.14
132	4995	78.97
132	2987	71.86
132	7444	64.38
132	3262	71.11
132	4168	60.00
132	31658	81.79
132	44191	78.43
132	1089	83.85
132	3967	78.00
132	5502	64.75
132	50	84.34
132	58559	83.81
132	5992	72.22
132	2108	67.65
132	1844	80.00
132	2657	66.67
132	47	80.51
132	2470	62.38
133	454	73.04
133	356	82.94
133	589	79.87
133	150	77.24
133	153	57.86
133	380	70.00
133	527	84.29
134	442	59.66
134	595	73.70
134	349	71.20
134	380	70.00
134	367	63.36
134	509	70.67
134	296	82.88
135	592	68.76
135	4084	59.09
135	893	60.00
135	3994	69.15
135	2004	64.44
135	608	81.85
135	1358	76.57
135	3852	62.86
135	3489	66.50
135	1614	56.25
135	1198	85.85
135	4128	74.12
135	1883	57.14
135	2302	62.31
135	1291	80.48
135	410	61.31
135	1261	78.89
135	4022	74.93
135	4881	76.00
135	1077	73.50
136	161	72.70
136	193	48.21
136	585	54.58
136	338	56.25
136	277	61.54
136	380	70.00
136	181	43.64
136	337	75.83
136	437	37.50
136	165	72.95
136	611	54.00
136	151	69.43
136	340	65.00
136	252	67.74
136	432	50.65
136	552	64.10
136	350	65.38
136	280	78.18
136	273	59.47
136	150	77.24
137	6787	81.05
137	2716	75.23
137	1198	85.85
137	750	85.56
137	919	76.62
137	1270	80.34
137	318	89.01
137	150	77.24
137	2997	78.51
137	1200	78.66
137	6986	79.69
137	7153	82.77
137	1242	83.08
137	110	80.18
137	33493	69.81
137	1197	85.15
137	2959	86.17
137	1237	79.17
137	903	80.73
137	7762	76.67
138	2707	64.55
138	1960	73.16
138	1959	75.00
138	849	58.44
138	3996	75.97
139	4025	60.95
139	7445	67.78
139	60684	78.44
139	4865	75.00
139	68319	59.52
139	7090	79.67
139	5502	64.75
139	260	83.58
139	8371	65.62
139	53953	67.06
139	58025	61.82
139	106782	79.14
139	6957	64.12
139	7163	58.46
139	3827	56.25
139	3624	64.19
139	52722	61.21
139	54259	71.54
139	4367	63.21
139	115617	76.43
140	5699	69.94
140	5299	62.98
140	1393	69.85
140	356	82.94
140	609	70.00
140	32596	62.00
140	4795	60.00
140	34072	68.46
140	1617	83.28
140	5256	69.94
140	5943	48.46
140	1084	80.74
140	4337	69.94
140	3108	75.71
140	43396	76.00
140	4719	50.00
140	1005	48.00
140	4321	65.26
140	5812	78.57
140	4259	66.67
141	5418	75.93
141	54503	77.69
141	4963	76.74
141	2478	62.86
141	71535	78.37
141	317	64.07
141	68954	78.08
141	54286	74.53
141	6365	66.34
141	54272	72.50
141	4447	67.56
141	5502	64.75
141	6377	78.02
141	6373	68.27
141	1265	78.49
141	91529	80.20
141	2502	82.94
141	441	77.33
141	1517	71.10
141	48516	85.81
142	434	59.05
142	384	70.00
142	588	75.51
142	50	84.34
142	527	84.29
142	356	82.94
142	337	75.83
142	377	69.04
143	1721	67.16
143	61250	47.50
143	6942	75.71
143	7169	60.00
143	8533	72.00
143	106696	70.00
143	3421	72.50
143	87232	75.19
143	78316	80.00
143	69069	65.00
143	59421	56.00
143	2144	73.85
143	96821	77.14
143	7173	63.64
143	500	65.96
144	589	79.87
144	541	82.66
144	8368	78.46
144	597	71.26
144	590	77.25
144	410	61.31
144	1246	78.81
144	527	84.29
144	356	82.94
144	500	65.96
144	19	56.23
144	2700	74.91
144	434	59.05
144	733	72.71
144	780	69.25
144	1036	78.30
144	5377	76.45
144	552	64.10
144	586	59.37
144	2081	71.06
145	344	61.46
145	339	69.66
145	380	70.00
145	318	89.01
145	588	75.51
146	7293	70.30
146	3257	59.58
146	32	80.08
146	1367	61.94
146	3686	55.45
146	410	61.31
146	47610	71.07
147	1234	79.11
147	168	59.49
147	552	64.10
147	555	77.23
147	2395	71.75
148	88125	78.33
148	5618	82.00
148	108932	76.67
148	81847	77.00
148	72998	71.45
148	5816	71.58
148	8368	78.46
148	7153	82.77
148	81834	80.00
148	4993	83.38
149	1097	75.82
149	1374	78.25
149	1831	47.14
149	1527	74.23
149	260	83.58
149	173	51.74
149	1206	82.65
149	1200	78.66
149	2021	69.64
149	1580	69.46
149	1391	63.64
149	1375	67.50
150	3	66.06
150	1356	78.21
150	5	59.67
150	95	57.78
150	733	72.71
150	1073	79.57
151	786	61.67
151	562	71.11
151	780	69.25
151	837	65.38
151	747	60.00
151	1265	78.49
151	828	73.33
151	1073	79.57
151	1	78.84
151	648	70.67
151	1393	69.85
151	1359	51.82
152	50	84.34
152	2959	86.17
152	116897	88.00
152	89492	76.88
152	1193	83.78
152	69481	80.50
152	85774	70.00
152	115713	81.30
152	111	81.88
152	92259	85.79
152	1234	79.11
152	79132	81.43
152	318	89.01
153	134853	80.00
153	1732	79.23
153	8533	72.00
153	4014	68.93
153	81456	60.00
153	106782	79.14
153	8528	74.64
153	6863	66.67
153	87194	70.00
153	2617	60.94
153	1246	78.81
153	106100	72.50
153	1954	77.74
153	7458	70.29
153	4226	82.50
153	89904	81.25
153	72998	71.45
153	133780	45.51
153	586	59.37
153	36535	74.00
154	114662	74.00
154	119145	78.62
154	81834	80.00
154	122904	77.00
154	106072	67.14
154	76093	79.12
154	77561	74.19
155	153	57.86
155	3286	36.67
155	1200	78.66
155	260	83.58
155	141	69.47
155	2355	71.18
155	2384	51.11
155	2948	75.00
155	432	50.65
155	2959	86.17
156	26313	73.44
156	31038	73.44
156	1230	77.71
156	1711	60.59
156	3341	85.00
156	6296	74.29
156	762	49.52
156	2361	54.44
156	2076	76.56
156	4784	60.00
156	661	66.94
156	2926	67.78
156	8571	73.44
156	47	80.51
156	3176	70.26
156	58	82.50
156	848	60.00
156	866	80.00
156	1485	59.15
156	923	80.62
157	785	64.38
157	3617	59.35
157	2720	42.50
157	2770	60.83
157	527	84.29
158	1093	65.83
158	2605	59.31
158	2872	76.00
158	2723	65.91
158	2428	49.44
158	66320	68.12
159	2959	86.17
159	60069	81.27
159	45720	70.38
159	597	71.26
159	4022	74.93
159	89864	75.38
159	49286	68.82
159	140110	64.29
159	84954	68.12
159	4447	67.56
159	1197	85.15
159	68954	78.08
159	6942	75.71
159	1961	75.53
159	106696	70.00
159	480	74.53
159	539	69.42
159	166643	80.00
159	40819	77.33
159	63082	76.17
160	126	53.33
160	1371	61.21
160	1198	85.85
160	196	56.25
160	3408	70.00
160	5349	72.21
160	3213	78.75
160	2408	53.33
160	839	52.00
160	3593	29.29
160	2748	54.32
160	533	56.36
160	1975	50.00
160	1676	66.45
160	3745	69.50
160	2011	70.33
160	733	72.71
160	3826	47.20
160	778	80.41
160	2840	55.29
161	4980	59.17
161	7247	66.00
161	47610	71.07
161	1223	81.58
161	38038	70.50
161	3429	85.00
161	2144	73.85
161	2336	72.63
162	150	77.24
162	225	68.79
162	168	59.49
162	50	84.34
162	300	72.36
162	266	65.33
162	31	62.08
162	62	73.46
163	1608	64.88
163	1810	68.75
163	1747	68.33
163	1777	70.25
163	1837	46.67
164	1036	78.30
164	2916	71.75
164	110	80.18
164	589	79.87
164	3527	71.16
164	1101	65.00
164	1201	83.40
164	2167	65.35
165	2353	68.86
165	3624	64.19
165	110	80.18
165	5505	64.55
165	5527	65.00
165	3256	70.91
165	5956	71.03
165	5418	75.93
165	5530	43.33
165	5450	65.00
165	1127	70.65
165	3409	59.66
165	5881	63.85
166	33794	77.16
166	1721	67.16
166	4011	81.61
166	5378	61.36
166	3481	73.15
166	49530	74.87
166	2353	68.86
166	47644	56.67
166	54272	72.50
166	8961	76.41
166	1198	85.85
166	2542	80.00
166	1036	78.30
166	608	81.85
166	434	59.05
166	5219	61.82
166	5418	75.93
166	2396	73.58
166	349	71.20
166	2324	82.22
167	33493	69.81
167	4886	76.63
167	778	80.41
167	3052	73.75
167	7147	78.41
167	6857	75.45
167	45501	55.00
167	6480	70.41
167	1682	75.60
167	2231	75.65
167	784	57.18
167	33794	77.16
167	2083	75.83
167	2413	68.33
167	6333	75.54
167	8961	76.41
167	2139	70.91
167	150	77.24
167	6773	76.67
167	35836	71.76
168	3730	83.75
168	1248	84.44
168	1201	83.40
168	1089	83.85
168	296	82.88
168	923	80.62
168	1222	83.47
168	5291	72.00
168	3543	78.89
168	1302	69.49
168	3362	77.93
168	1148	79.50
168	3101	62.92
168	57669	83.75
168	2076	76.56
168	1729	70.59
168	908	82.98
168	85354	60.00
168	80463	78.78
169	3536	70.00
169	2028	82.56
169	364	79.48
169	953	77.44
169	4886	76.63
169	5400	56.67
169	8644	72.62
169	524	68.33
169	2795	68.95
169	1022	67.81
169	3114	76.62
169	3967	78.00
169	1517	71.10
169	1035	78.51
169	8641	75.00
169	6365	66.34
169	661	66.94
169	457	78.75
169	3287	40.00
169	1416	66.00
170	318	89.01
170	296	82.88
170	586	59.37
170	377	69.04
170	34	73.03
170	592	68.76
170	277	61.54
170	500	65.96
170	266	65.33
170	588	75.51
171	485	58.24
171	1220	77.17
171	1025	73.89
171	801	58.00
171	1259	79.23
171	1079	78.87
171	828	73.33
171	317	64.07
171	869	70.00
171	380	70.00
171	1136	81.05
171	1225	82.35
171	661	66.94
171	318	89.01
171	47	80.51
171	1198	85.85
171	1208	85.32
172	3087	60.62
172	3578	77.95
172	7438	78.49
172	2072	61.67
172	3793	73.96
172	2762	76.79
173	10	70.11
173	329	66.34
173	586	59.37
173	597	71.26
173	588	75.51
174	553	75.62
174	520	63.53
174	224	73.60
174	648	70.67
174	161	72.70
174	317	64.07
174	158	53.78
174	780	69.25
174	315	59.58
174	485	58.24
174	282	65.31
174	440	71.55
174	350	65.38
174	10	70.11
175	531	61.88
175	8911	70.67
175	43904	26.67
175	38388	70.00
175	8362	55.00
176	165	72.95
176	434	59.05
176	39	67.37
176	368	70.22
176	380	70.00
176	780	69.25
176	47	80.51
176	471	72.58
177	42002	66.00
177	91542	73.45
177	6332	50.00
177	3668	73.33
177	45672	61.76
177	783	66.00
177	27706	63.89
177	2657	66.67
177	114662	74.00
177	1206	82.65
177	83132	75.00
177	5218	72.37
177	508	71.88
177	3114	76.62
177	1321	70.00
177	2176	78.33
177	8798	74.00
177	88140	71.82
177	2012	67.62
177	339	69.66
178	7361	83.41
178	527	84.29
178	2329	83.74
178	5995	83.33
178	6502	78.81
178	4235	78.75
178	1198	85.85
178	208	58.15
178	6539	76.86
178	296	82.88
178	349	71.20
178	10	70.11
178	4226	82.50
178	1240	77.24
178	2579	75.00
178	318	89.01
179	367	63.36
179	589	79.87
179	161	72.70
179	231	61.79
179	288	64.22
179	743	48.10
179	1061	73.00
179	317	64.07
179	786	61.67
179	592	68.76
179	671	66.00
179	296	82.88
179	434	59.05
179	364	79.48
180	1261	78.89
180	260	83.58
180	1748	80.29
180	1242	83.08
180	2140	70.80
181	157	66.67
181	593	83.28
181	596	69.11
181	353	73.48
181	539	69.42
181	516	64.62
181	132	60.00
181	169	45.71
181	25	72.14
181	31	62.08
181	542	54.00
181	6	80.14
181	707	58.18
181	185	61.08
181	464	57.50
181	502	47.27
181	415	54.55
181	480	74.53
181	592	68.76
181	344	61.46
182	4879	70.16
182	6969	70.16
182	3911	74.05
182	2728	71.11
182	4313	70.16
182	8042	80.00
182	1291	80.48
182	3113	53.33
182	3578	77.95
182	1590	55.88
182	161	72.70
182	4452	52.00
182	224	73.60
182	4980	59.17
182	4262	78.00
182	2353	68.86
182	2890	74.67
182	1127	70.65
182	541	82.66
182	6041	75.00
183	480	74.53
183	380	70.00
183	1196	84.36
183	2951	79.23
183	2534	35.00
183	4085	68.53
183	1287	83.91
183	2194	77.33
183	3247	57.86
183	1233	85.00
183	2662	54.29
183	1408	78.44
184	158035	74.29
184	181413	74.29
184	193565	74.29
184	97304	75.00
184	74754	60.00
184	168250	62.86
184	191005	74.29
184	106072	67.14
184	166291	60.00
184	127152	74.29
184	86332	74.35
184	80463	78.78
184	5816	71.58
184	122898	52.00
184	81845	80.61
184	5810	64.29
184	170813	70.00
184	174479	74.29
184	112852	82.25
184	148626	78.89
185	1685	67.59
185	2396	73.58
185	5377	76.45
185	1721	67.16
185	5952	79.77
185	1393	69.85
185	595	73.70
185	2085	67.94
185	4995	78.97
185	899	83.71
186	2605	59.31
186	1214	78.94
186	1291	80.48
186	3745	69.50
186	1269	76.11
186	2527	66.00
186	2532	56.25
186	4361	68.08
186	1307	75.45
186	2968	75.20
186	4306	77.93
186	2541	66.79
186	1702	57.27
186	480	74.53
186	1097	75.82
186	3977	54.23
186	919	76.62
186	3527	71.16
186	593	83.28
186	1196	84.36
187	26122	75.89
187	3949	77.68
187	49272	79.12
187	231	61.79
187	1206	82.65
187	6874	79.40
187	1729	70.59
187	1209	83.85
187	48394	75.77
187	6502	78.81
187	2701	43.59
187	4027	76.96
187	288	64.22
187	2542	80.00
187	7153	82.77
187	39427	40.00
187	6890	75.00
187	1222	83.47
187	8949	74.14
187	1748	80.29
188	2346	65.71
188	1212	87.65
188	594	72.31
188	1282	75.41
188	3469	72.50
188	2396	73.58
188	1091	49.29
188	3341	85.00
188	1264	75.00
188	2206	85.00
189	48516	85.81
189	4993	83.38
189	79132	81.43
189	2959	86.17
189	58559	83.81
190	6711	81.25
190	4776	76.32
190	8784	74.33
190	4995	78.97
190	5630	66.80
190	4306	77.93
190	30749	72.90
190	1221	85.06
190	4975	66.84
190	8961	76.41
190	858	86.24
190	8464	72.63
190	69844	77.91
190	7438	78.49
191	496	73.70
191	21	67.70
191	72	61.67
191	175	80.71
191	494	69.58
191	417	71.11
191	17	75.68
191	6	80.14
191	85	76.00
191	292	68.12
191	314	73.00
191	58	82.50
191	235	72.00
191	213	90.00
191	161	72.70
191	160	60.29
191	162	80.91
192	356	82.94
192	288	64.22
192	316	67.61
192	349	71.20
192	432	50.65
193	44555	81.92
193	55442	81.11
193	4878	79.72
193	6016	82.24
193	307	82.00
193	1270	80.34
193	5618	82.00
194	163	72.50
194	1396	67.81
194	1500	72.14
194	1288	82.61
194	5060	78.12
195	3424	81.82
195	2770	60.83
195	1041	92.22
195	1653	79.38
195	1923	71.89
195	3160	74.21
195	4723	45.00
195	1863	48.00
195	2336	72.63
195	2166	46.67
195	4308	70.70
195	1909	70.00
195	260	83.58
195	2028	82.56
195	3252	71.43
195	2908	71.92
195	1392	90.00
195	1365	80.00
195	70	70.64
195	190	66.67
196	70286	78.44
196	3578	77.95
196	59315	75.82
196	58559	83.81
196	364	79.48
196	1214	78.94
196	110	80.18
197	1513	56.19
197	1240	77.24
197	1882	40.40
197	786	61.67
197	2167	65.35
197	153	57.86
197	1784	70.81
198	3894	68.93
198	3499	76.88
198	920	69.38
198	1213	83.91
198	3949	77.68
198	1994	68.33
198	1485	59.15
198	2572	70.54
198	4019	76.82
198	1089	83.85
198	110	80.18
198	593	83.28
198	4128	74.12
198	1270	80.34
198	4886	76.63
198	1079	78.87
198	2117	78.18
198	912	85.37
198	1573	69.61
198	1682	75.60
199	5464	71.88
199	2165	66.72
199	2280	66.72
199	736	65.58
199	5673	70.77
199	349	71.20
199	5502	64.75
199	482	78.00
199	8532	66.72
199	1172	81.60
199	300	72.36
199	50068	75.00
199	4881	76.00
199	3175	70.96
199	7445	67.78
199	2973	75.83
199	34338	76.67
199	41997	77.86
199	1956	82.00
199	377	69.04
200	3809	67.50
200	7022	76.92
200	50802	60.00
200	3968	63.33
200	2485	55.60
200	500	65.96
200	5610	40.00
200	590	77.25
200	1029	68.80
200	53996	71.72
200	2572	70.54
200	4993	83.38
200	4041	72.22
200	57640	80.00
200	1302	69.49
200	1784	70.81
200	6383	49.38
200	1653	79.38
200	1569	71.61
200	1517	71.10
201	1748	80.29
201	1527	74.23
201	1584	71.23
201	2858	81.07
201	339	69.66
201	589	79.87
201	2717	56.22
201	994	82.22
201	788	52.88
201	1196	84.36
201	2797	74.53
201	733	72.71
201	1259	79.23
201	2174	68.79
201	1198	85.85
201	2455	68.48
201	1569	71.61
201	1213	83.91
201	160	60.29
201	24	63.04
202	3329	75.75
202	924	78.57
202	29	78.57
202	2289	77.69
202	1197	85.15
202	1196	84.36
202	2966	78.75
202	161	72.70
202	608	81.85
202	1209	83.85
202	1296	72.50
202	3194	60.00
202	1784	70.81
202	469	73.33
202	923	80.62
202	2000	72.55
202	1587	59.58
202	1719	90.00
202	3147	82.66
202	32	80.08
203	56174	69.55
203	8665	74.38
203	2407	66.25
203	5952	79.77
203	590	77.25
203	49272	79.12
203	40815	75.88
203	333	76.32
203	296	82.88
204	1136	81.05
204	3949	77.68
204	33794	77.16
204	48394	75.77
204	27075	80.77
204	1080	80.81
204	79008	82.00
204	6104	85.00
204	8874	78.39
204	81591	68.97
204	4878	79.72
204	91658	69.71
204	711	61.25
204	2313	76.36
204	86320	62.50
204	55820	78.75
204	5218	72.37
205	912	85.37
205	99114	77.20
205	91542	73.45
205	5816	71.58
205	95167	71.05
205	96079	78.00
206	36	76.67
206	608	81.85
206	733	72.71
206	140	67.78
206	141	69.47
207	2991	74.17
207	2428	49.44
207	2707	64.55
207	3740	79.09
207	100	55.56
208	1210	83.36
208	2628	62.98
208	380	70.00
208	2353	68.86
208	2278	72.26
208	2762	76.79
209	60684	78.44
209	1291	80.48
209	68157	84.53
209	74458	80.83
209	185029	85.00
209	122886	77.74
209	88125	78.33
210	123553	81.17
210	34405	78.00
210	166203	81.17
210	3147	82.66
210	31696	67.20
210	7649	53.33
210	58559	83.81
210	2105	66.57
210	6365	66.34
210	34397	81.17
210	4625	40.00
210	84772	60.00
210	122926	83.08
210	76093	79.12
210	62836	81.17
210	33493	69.81
210	1584	71.23
210	47610	71.07
210	108932	76.67
210	122918	78.57
211	58559	83.81
211	63113	67.50
211	90405	63.75
211	57669	83.75
211	60684	78.44
211	7153	82.77
211	73017	76.50
211	2105	66.57
211	4367	63.21
211	356	82.94
211	2642	44.62
211	1556	32.35
211	318	89.01
211	44665	76.52
211	85414	72.86
211	1198	85.85
211	1136	81.05
211	260	83.58
212	170697	80.00
212	122920	75.33
212	122892	65.62
212	2571	82.77
212	5218	72.37
212	48394	75.77
212	3578	77.95
212	1196	84.36
212	135143	72.00
212	74795	71.67
212	179401	80.00
212	79132	81.43
212	77800	80.00
212	108932	76.67
212	110102	74.09
212	96821	77.14
212	8874	78.39
212	65261	76.25
212	59784	68.92
212	2291	74.31
213	3285	59.41
213	87520	44.00
213	80363	60.00
213	76251	72.59
213	8957	62.61
213	2860	50.00
213	1234	79.11
213	5419	59.23
213	51935	75.33
213	69844	77.91
213	39446	52.00
213	4132	45.00
213	858	86.24
213	69526	53.08
213	4558	52.22
213	49530	74.87
213	58559	83.81
214	83	56.92
214	628	71.43
214	743	48.10
214	1363	63.33
214	802	68.00
215	1172	81.60
215	4973	82.57
215	63082	76.17
215	1291	80.48
215	2028	82.56
215	3252	71.43
215	3210	68.46
215	1968	75.82
215	1247	79.25
215	49272	79.12
215	1089	83.85
215	72407	52.00
215	5650	76.67
215	318	89.01
215	1208	85.32
215	2000	72.55
215	1197	85.15
215	1196	84.36
215	1297	71.43
215	4019	76.82
216	104	69.28
216	21	67.70
216	3996	75.97
216	3946	52.50
216	2946	63.33
216	3993	67.50
216	3897	76.90
216	2599	70.25
216	34	73.03
216	3994	69.15
216	4034	79.61
216	3363	76.97
216	1965	65.29
216	3422	64.00
216	3555	68.80
216	3253	67.69
216	2087	71.18
216	3986	58.67
216	2018	66.07
216	1923	71.89
217	1867	54.94
217	3434	54.94
217	1275	76.67
217	2468	50.00
217	3197	56.00
217	1912	79.13
217	2302	62.31
217	1876	55.71
217	380	70.00
217	1221	85.06
217	2471	55.33
217	1918	57.83
217	1385	60.00
217	3165	80.00
217	1590	55.88
217	1562	46.88
217	1703	57.50
217	2056	54.94
217	1831	47.14
217	160	60.29
218	2657	66.67
218	2692	80.00
218	1380	65.43
218	1198	85.85
218	6934	60.16
218	5349	72.21
219	60072	64.00
219	2115	72.36
219	59315	75.82
219	6539	76.86
219	442	59.66
219	30707	77.75
219	1704	81.93
219	180	67.60
219	1219	80.38
219	1005	48.00
219	27773	80.71
219	56156	68.00
219	6188	72.96
219	6721	70.00
219	30825	62.92
219	2997	78.51
219	1552	58.97
219	1500	72.14
219	2890	74.67
219	1921	76.00
220	3996	75.97
220	733	72.71
220	1198	85.85
220	3994	69.15
220	6539	76.86
220	1258	81.73
220	1917	62.30
220	4545	67.14
220	33794	77.16
220	165	72.95
220	71264	75.00
220	4623	67.69
220	53464	52.50
220	5218	72.37
220	6365	66.34
220	3751	73.62
220	32	80.08
220	1036	78.30
220	5502	64.75
220	1591	49.52
221	4338	82.86
221	7013	77.50
221	8529	64.41
221	1080	80.81
221	3246	88.00
221	2871	79.17
221	1208	85.32
221	7063	81.67
221	2702	64.00
221	4029	79.00
221	5954	77.14
221	2352	74.44
221	922	83.89
221	2997	78.51
221	1278	80.00
221	2858	81.07
221	1212	87.65
221	1959	75.00
221	1961	75.53
221	3671	78.41
222	81831	62.93
222	100498	40.00
222	48516	85.81
222	1249	83.75
222	99813	72.50
222	91529	80.20
222	59900	57.27
222	93287	80.00
222	1721	67.16
222	2706	67.59
222	3273	51.76
222	2411	52.73
222	64622	65.00
222	7143	78.72
222	87869	73.33
222	778	80.41
222	30825	62.92
222	42011	44.29
222	673	55.88
222	64839	76.09
223	55854	64.79
223	6711	81.25
223	1	78.84
223	736	65.58
223	1961	75.53
223	457	78.75
223	2716	75.23
223	48394	75.77
223	608	81.85
223	8784	74.33
223	48516	85.81
223	3863	62.14
223	4306	77.93
223	260	83.58
223	2683	64.66
224	3496	81.18
224	3044	75.00
224	356	82.94
224	2915	68.48
224	289	62.50
224	3668	73.33
224	1270	80.34
224	2797	74.53
224	1721	67.16
224	2716	75.23
224	1259	79.23
225	2423	68.57
225	1285	73.23
225	588	75.51
225	1717	60.43
225	2791	80.17
225	1321	70.00
225	1136	81.05
225	1197	85.15
225	1753	66.25
225	2004	64.44
225	2371	59.44
225	1407	63.85
225	785	64.38
225	1060	73.46
225	3024	50.00
226	6938	68.89
226	32666	68.89
226	3552	74.67
226	542	54.00
226	1240	77.24
226	3098	74.71
226	2804	78.50
226	3668	73.33
226	3653	90.00
226	2231	75.65
226	145	62.70
226	2253	48.24
226	3052	73.75
226	2628	62.98
226	762	49.52
226	53129	84.00
226	4816	70.26
226	16	77.59
226	2144	73.85
226	46948	66.00
227	46976	72.12
227	52319	75.00
227	81845	80.61
227	109487	78.04
227	134130	82.90
227	215	77.37
227	48738	76.25
227	47099	76.76
227	1196	84.36
227	32587	77.27
227	912	85.37
227	55721	85.00
227	1682	75.60
227	750	85.56
227	778	80.41
227	40629	73.33
227	97913	74.12
227	70286	78.44
227	150	77.24
228	2571	82.77
228	1373	60.00
228	362	72.69
228	318	89.01
228	3113	53.33
229	34	73.03
229	589	79.87
229	377	69.04
229	45	69.55
229	587	66.90
229	5	59.67
229	475	87.73
229	442	59.66
229	597	71.26
229	364	79.48
229	213	90.00
229	110	80.18
229	527	84.29
230	34330	58.32
230	52715	58.32
230	47	80.51
230	7438	78.49
230	527	84.29
230	3147	82.66
230	45499	66.22
230	6537	63.23
230	2291	74.31
230	1387	81.10
230	6863	66.67
230	1485	59.15
230	595	73.70
230	4022	74.93
230	2096	68.57
230	588	75.51
230	4034	79.61
230	1676	66.45
230	8644	72.62
230	2641	59.70
231	92259	85.79
231	858	86.24
231	593	83.28
231	1198	85.85
231	109487	78.04
232	31867	65.17
232	41769	65.17
232	57526	65.17
232	70336	57.50
232	8644	72.62
232	1586	56.00
232	44972	52.50
232	4019	76.82
232	43928	37.50
232	30883	65.17
232	65802	55.00
232	8376	68.67
232	39292	76.88
232	1035	78.51
232	66198	60.00
232	66097	71.85
232	32011	45.00
232	6564	44.55
232	7451	74.14
232	33164	40.00
233	48394	75.77
233	3751	73.62
233	48516	85.81
233	1721	67.16
233	356	82.94
233	106100	72.50
233	162600	65.67
233	608	81.85
233	7153	82.77
233	134214	80.00
233	57669	83.75
233	122920	75.33
233	2329	83.74
233	4239	75.71
233	7371	78.75
233	3977	54.23
233	3147	82.66
233	3948	68.48
233	49272	79.12
233	5418	75.93
234	2616	56.67
234	2140	70.80
234	172	52.37
234	126	53.33
234	1562	46.88
234	4519	65.00
234	153	57.86
234	2710	56.96
234	3624	64.19
234	3483	57.50
234	1391	63.64
234	438	53.33
234	1460	70.00
234	2987	71.86
234	65	48.64
234	260	83.58
234	1359	51.82
234	3175	70.96
234	588	75.51
234	2080	69.23
235	480	74.53
235	736	65.58
235	500	65.96
235	454	73.04
235	592	68.76
235	235	72.00
235	595	73.70
235	32	80.08
235	527	84.29
235	648	70.67
235	223	77.12
235	588	75.51
235	377	69.04
236	1214	69.90
236	1278	69.90
236	1345	69.90
236	1350	69.90
236	1387	69.90
236	1388	69.90
236	1982	69.90
236	1997	69.90
236	1998	69.90
236	2447	69.90
236	2459	69.90
236	2490	69.90
236	2496	69.90
236	2502	69.90
236	2505	69.90
236	2542	69.90
236	2572	69.90
236	2580	69.90
236	2596	69.90
236	2598	69.90
236	2606	69.90
236	2657	69.90
236	2683	69.90
236	2694	69.90
236	2718	69.90
236	2770	69.90
236	2806	69.90
236	2858	69.90
236	3024	69.90
236	3052	69.90
237	32	80.08
237	4254	45.56
237	94959	73.33
237	293	79.01
237	1371	61.21
237	1193	83.78
237	7361	83.41
237	7980	77.50
237	43936	60.00
237	1374	78.25
238	4954	74.00
238	3528	80.00
238	4265	60.00
238	4901	66.32
238	4238	61.00
238	593	83.28
238	4499	80.91
238	4957	40.00
238	1193	83.78
239	58559	83.81
239	5459	59.09
239	4085	68.53
239	380	70.00
239	95	57.78
239	7445	67.78
239	608	81.85
239	7147	78.41
239	6378	72.43
239	2115	72.36
239	4896	73.78
239	36529	76.54
239	3994	69.15
239	33679	67.27
239	47	80.51
239	590	77.25
239	4022	74.93
239	208	58.15
239	733	72.71
239	51662	73.65
240	368	70.22
240	543	65.00
240	480	74.53
240	367	63.36
240	810	41.25
240	500	65.96
240	546	39.29
240	110	80.18
240	173	51.74
240	1	78.84
240	542	54.00
240	104	69.28
240	34	73.03
240	174	55.71
240	204	54.71
240	225	68.79
240	383	58.67
240	262	80.00
240	434	59.05
240	420	55.25
241	81786	80.62
241	71899	83.33
241	527	84.29
241	1206	82.65
241	1193	83.78
241	99114	77.20
241	100714	55.00
241	8981	71.82
241	53123	80.00
241	116897	88.00
241	56367	74.49
241	3910	78.67
241	106782	79.14
241	115569	84.29
241	4235	78.75
241	48780	79.45
242	39	67.37
242	380	70.00
242	231	61.79
242	457	78.75
242	592	68.76
242	454	73.04
242	111	81.88
243	112	67.42
243	353	73.48
243	62	73.46
243	588	75.51
243	193	48.21
243	586	59.37
243	181	43.64
243	376	64.62
244	3090	82.50
244	1049	63.08
244	110	80.18
244	257	67.50
244	165	72.95
244	151	69.43
244	1090	79.23
244	3755	63.06
244	2278	72.26
244	648	70.67
244	1580	69.46
244	1957	78.75
244	1610	75.47
244	1196	84.36
244	3256	70.91
244	1573	69.61
244	1242	83.08
244	3753	66.81
244	2243	63.89
245	3196	80.00
245	2739	81.43
245	3114	76.62
245	3274	68.33
245	1361	86.67
246	1304	78.75
246	616	68.62
246	1680	70.00
246	6016	82.24
246	3081	69.57
246	44191	78.43
246	60684	78.44
246	4973	82.57
246	1732	79.23
246	1298	72.94
246	53125	70.29
246	2291	74.31
246	2692	80.00
246	293	79.01
246	4011	81.61
246	5013	78.82
246	60069	81.27
246	48082	74.29
246	82202	62.50
246	95167	71.05
247	48516	85.81
247	593	83.28
247	2858	81.07
247	49272	79.12
247	1961	75.53
247	44191	78.43
247	527	84.29
247	116797	81.28
247	68358	78.89
247	122886	77.74
247	480	74.53
247	223	77.12
247	1265	78.49
247	2078	74.50
247	1198	85.85
247	1682	75.60
247	6377	78.02
247	1089	83.85
247	953	77.44
247	919	76.62
248	4886	76.63
248	1198	85.85
248	166528	81.50
248	176371	76.92
248	316	67.61
248	147374	90.00
248	102903	66.67
248	189333	80.00
248	122912	73.75
248	58559	83.81
248	5218	72.37
249	110350	74.34
249	102903	66.67
249	2167	65.35
249	94959	73.33
249	84601	70.00
249	2395	71.75
249	97306	68.89
249	3408	70.00
249	89047	74.34
249	91500	68.81
249	91542	73.45
249	40815	75.88
249	69844	77.91
249	904	83.45
249	46723	69.55
249	3826	47.20
249	68791	70.00
249	88812	50.00
249	67695	55.00
249	50	84.34
250	1282	75.41
250	2407	66.25
250	318	89.01
250	1597	58.39
250	1246	78.81
250	8880	66.67
251	142115	90.00
251	293	79.01
251	356	82.94
251	318	89.01
251	1089	83.85
252	164179	78.26
252	89745	79.77
252	6377	78.02
252	164909	60.00
252	1682	75.60
252	166643	80.00
252	143355	65.45
252	78499	78.48
253	44555	81.92
253	916	82.78
253	608	81.85
253	2300	75.00
253	7099	79.00
253	4217	89.31
253	26366	89.31
253	1192	90.00
253	4642	83.00
253	3363	76.97
254	46578	77.68
254	44195	81.72
254	207	71.25
254	49278	68.00
254	6333	75.54
254	780	69.25
254	110	80.18
254	1210	83.36
254	49272	79.12
254	27846	78.57
254	32587	77.27
254	2571	82.77
254	44929	80.00
254	47	80.51
254	293	79.01
254	1580	69.46
254	5995	83.33
254	32	80.08
254	592	68.76
254	48394	75.77
255	1270	80.34
255	4467	80.00
255	2023	67.88
255	3501	45.00
255	1663	75.77
255	1394	81.39
255	3392	55.00
255	2542	80.00
255	2915	68.48
256	3247	57.86
256	88744	68.89
256	377	69.04
256	4973	82.57
256	53972	66.15
256	118696	68.24
256	95441	63.33
256	104841	73.04
256	71535	78.37
256	2953	49.50
256	81229	70.00
256	53121	58.82
256	30707	77.75
256	2571	82.77
256	68791	70.00
256	170	65.00
256	6942	75.71
256	90405	63.75
256	6537	63.23
256	33493	69.81
257	1500	72.14
257	594	72.31
257	2502	82.94
257	494	69.58
257	2406	69.51
258	4995	78.97
258	7147	78.41
258	72641	71.25
258	76093	79.12
258	47099	76.76
259	508	71.88
259	5945	64.50
259	1784	70.81
259	4886	76.63
259	1356	78.21
259	1584	71.23
260	7361	83.41
260	3556	75.62
260	162	80.91
260	903	80.73
260	5690	82.73
260	6337	73.33
260	4878	79.72
260	5617	78.57
260	342	70.53
260	5219	61.82
260	2997	78.51
260	8011	80.00
260	1206	82.65
260	3317	76.00
260	6709	60.91
260	8874	78.39
260	2348	73.33
260	3822	76.67
260	2959	86.17
260	8645	82.50
261	3897	76.90
261	16	77.59
261	2060	60.00
261	296	82.88
261	2723	65.91
261	1682	75.60
261	4085	68.53
261	2194	77.33
261	7361	83.41
261	4238	61.00
261	58559	83.81
262	708	66.67
262	539	69.42
262	457	78.75
262	322	68.00
262	339	69.66
262	85	76.00
262	26	73.75
262	17	75.68
262	213	90.00
262	273	59.47
262	593	83.28
262	728	73.33
263	223	77.12
263	150	77.24
263	500	65.96
263	2987	71.86
263	2953	49.50
263	110	80.18
263	4226	82.50
263	8370	77.78
263	1197	85.15
263	7458	70.29
263	708	66.67
263	1111	83.33
263	2125	74.17
263	6942	75.71
263	5013	78.82
263	163	72.50
263	457	78.75
263	8636	74.73
263	1967	77.06
263	2085	67.94
264	7841	90.00
264	1376	65.93
264	151	69.43
264	5816	71.58
264	1907	71.25
264	1320	62.22
264	1917	62.30
264	150	77.24
264	3578	77.95
264	1090	79.23
264	253	71.00
264	1876	55.71
265	3807	67.89
265	316	67.61
265	253	71.00
265	1302	69.49
265	724	59.52
265	1240	77.24
265	3504	80.00
265	230	66.11
265	3831	73.33
265	1956	82.00
265	3098	74.71
265	529	76.07
265	1270	80.34
265	3791	62.31
265	1177	86.67
265	2322	58.57
265	1488	61.25
265	2474	71.00
265	1198	85.85
265	1962	72.22
266	476	70.31
266	2812	70.31
266	2700	74.91
266	2278	72.26
266	24	63.04
266	2770	60.83
266	2702	64.00
266	64	46.67
266	1405	55.42
266	2580	76.07
266	1527	74.23
266	2167	65.35
266	457	78.75
266	1580	69.46
266	2300	75.00
266	1923	71.89
266	2094	64.83
266	132	60.00
266	2571	82.77
266	2097	60.00
267	2858	81.07
267	593	83.28
267	1175	82.86
267	3006	76.50
267	1302	69.49
267	3999	53.33
267	3113	53.33
267	1093	65.83
267	589	79.87
267	2571	82.77
267	923	80.62
267	3996	75.97
268	1641	74.17
268	587	66.90
268	1125	73.57
268	1911	51.74
268	2802	60.00
268	1036	78.30
268	1370	69.56
268	50	84.34
268	2064	75.60
268	1784	70.81
268	1912	79.13
268	1966	65.00
268	454	73.04
268	1234	79.11
268	2247	55.56
268	1394	81.39
268	2829	65.00
268	802	68.00
268	260	83.58
268	2858	81.07
269	724	59.52
269	743	48.10
269	95	57.78
269	1	78.84
269	63	62.00
269	648	70.67
270	661	66.94
270	62	73.46
270	79	58.46
270	628	71.43
270	14	72.73
270	1356	78.21
270	141	69.47
270	25	72.14
271	3897	76.90
271	32	80.08
271	2791	80.17
271	969	79.64
271	6787	81.05
271	2858	81.07
271	55765	80.00
271	1320	62.22
271	2288	78.44
272	177765	71.00
272	1240	77.24
272	51662	73.65
272	122922	78.75
272	49272	79.12
272	158238	77.27
272	6365	66.34
273	440	71.55
273	593	83.28
273	500	65.96
273	608	81.85
273	223	77.12
273	111	81.88
273	150	77.24
273	21	67.70
273	466	55.35
273	235	72.00
273	520	63.53
274	50147	64.68
274	2947	76.32
274	3037	83.16
274	1645	69.43
274	4951	67.50
274	2036	40.00
274	1359	51.82
274	35957	67.50
274	553	75.62
274	76293	70.00
274	3918	65.71
274	1503	45.00
274	45431	68.46
274	4816	70.26
274	54999	65.00
274	5667	64.68
274	4876	54.00
274	56805	67.50
274	1921	76.00
274	54004	62.50
275	1784	70.81
275	2289	77.69
275	5884	82.68
275	1171	67.14
275	357	70.13
275	1912	79.13
275	2539	60.00
275	235	72.00
275	4886	76.63
275	2572	70.54
275	2355	71.18
275	3253	67.69
275	1192	90.00
275	926	87.33
275	111	81.88
275	2100	61.39
275	3089	87.27
275	1393	69.85
275	1719	90.00
275	1392	90.00
276	673	55.88
276	356	82.94
276	466	55.35
276	104	69.28
276	631	61.43
276	648	70.67
276	2	68.03
276	1367	61.94
276	344	61.46
277	637	59.55
277	736	65.58
277	656	60.00
277	1	78.84
277	780	69.25
277	260	83.58
278	2371	59.44
278	1347	56.32
278	4002	77.65
278	318	89.01
278	2369	55.26
279	134130	82.90
279	1101	65.00
279	166528	81.50
279	90405	63.75
279	61132	66.25
279	79132	81.43
279	56782	83.50
279	97913	74.12
279	1608	64.88
279	4226	82.50
279	59315	75.82
279	88129	75.56
279	54286	74.53
279	1258	81.73
279	8665	74.38
279	58559	83.81
279	4993	83.38
279	8376	68.67
279	107406	70.00
279	1200	78.66
280	92535	85.00
280	344	61.46
280	262	80.00
280	3146	50.83
280	4239	75.71
280	4447	67.56
280	8638	81.25
280	919	76.62
280	72641	71.25
280	86817	50.00
280	8368	78.46
280	49530	74.87
280	6863	66.67
280	35836	71.76
280	55052	68.57
280	54503	77.69
280	4246	72.67
280	48516	85.81
280	1911	51.74
280	3916	75.36
281	46578	77.68
281	8361	60.53
281	35836	71.76
281	3897	76.90
281	3861	55.00
282	5995	83.33
282	3977	54.23
282	3263	53.85
282	25	72.14
282	6708	74.58
282	2683	64.66
282	4718	58.12
282	6711	81.25
282	5481	58.54
282	6863	66.67
282	5669	77.56
282	3752	63.14
282	588	75.51
282	80463	78.78
282	1921	76.00
282	1193	83.78
282	4369	61.25
282	48322	83.33
282	1194	68.75
282	784	57.18
283	1580	69.46
283	39	67.37
283	1704	81.93
283	356	82.94
283	586	59.37
283	2082	52.38
283	805	72.73
284	474	72.94
284	173	51.74
284	2	68.03
284	296	82.88
284	15	60.00
284	348	72.50
284	248	60.00
284	318	89.01
284	47	80.51
284	353	73.48
284	275	36.00
284	44	49.35
284	339	69.66
284	367	63.36
284	276	65.00
284	165	72.95
284	637	59.55
284	235	72.00
285	1193	83.78
285	949	78.00
285	1247	79.25
285	6978	63.33
285	113207	79.55
285	4447	67.56
285	441	77.33
285	296	82.88
286	454	73.04
286	778	80.41
286	5989	78.69
286	1333	73.44
286	165	72.95
286	500	65.96
286	7438	78.49
286	2294	63.64
286	4993	83.38
286	4995	78.97
286	7361	83.41
286	70	70.64
286	4980	59.17
286	1258	81.73
286	4963	76.74
286	1097	75.82
286	4848	79.39
286	539	69.42
286	377	69.04
286	110	80.18
287	3160	74.21
287	3578	77.95
287	223	77.12
287	2633	80.00
287	1059	75.24
287	586	59.37
287	3005	61.11
287	532	61.11
287	1193	83.78
287	2599	70.25
287	2028	82.56
287	1485	59.15
287	3826	47.20
287	2081	71.06
287	8949	74.14
287	2012	67.62
287	101	78.67
287	4034	79.61
287	2422	35.00
287	2115	72.36
288	4473	63.39
288	4966	63.39
288	1008	63.39
288	2867	68.57
288	42015	65.00
288	141	69.47
288	2571	82.77
288	13	65.71
288	53519	65.26
288	2407	66.25
288	5418	75.93
288	3916	75.36
288	2347	40.00
288	2528	65.50
288	30810	67.31
288	575	47.50
288	32587	77.27
288	587	66.90
288	2517	61.25
288	8361	60.53
289	3	69.90
289	16	69.90
289	235	69.90
289	266	69.90
289	594	69.90
289	708	69.90
289	750	69.90
289	1080	69.90
289	1101	69.90
289	1208	69.90
289	1220	69.90
289	1258	69.90
289	1917	69.90
289	2012	69.90
289	2174	69.90
289	2710	69.90
289	2797	69.90
289	4322	69.90
289	6125	69.90
289	6327	69.90
289	6453	69.90
289	7025	69.90
289	7028	69.90
289	26704	69.90
290	1228	82.76
290	1299	85.29
290	2494	80.00
290	2739	81.43
290	608	81.85
290	2130	76.00
290	908	82.98
290	341	82.44
290	1447	63.33
290	342	70.53
290	1056	58.00
290	1719	90.00
290	953	77.44
290	928	81.43
290	1394	81.39
290	2648	78.75
290	475	87.73
290	2731	76.25
290	1357	76.88
290	2385	40.00
291	40815	75.88
291	122892	65.62
291	106489	70.00
291	134853	80.00
291	7153	82.77
291	88125	78.33
291	1	78.84
292	520	63.53
292	103339	62.50
292	122900	75.26
292	4896	73.78
292	2291	74.31
292	474	72.94
292	85056	62.50
292	46972	61.50
292	95167	71.05
292	164909	60.00
292	3176	70.26
292	3476	68.33
292	1608	64.88
292	31221	40.00
292	1101	65.00
292	3985	67.50
292	3984	69.29
292	1017	68.33
292	69844	77.91
292	231	61.79
293	1682	75.60
293	1673	83.33
293	344	61.46
293	1617	83.28
293	1097	75.82
294	416	46.67
294	3869	72.78
294	1064	65.00
294	2794	51.54
294	610	69.20
294	2133	67.27
294	1391	63.64
294	3868	66.56
294	1129	70.40
294	520	63.53
294	3387	66.67
294	355	44.44
294	2378	55.33
294	3693	46.67
294	785	64.38
294	2193	71.03
294	2367	55.00
294	2458	46.67
294	348	72.50
294	3501	45.00
295	1221	85.06
295	3198	76.92
295	1287	83.91
295	1213	83.91
295	4351	64.00
295	1198	85.85
295	858	86.24
295	318	89.01
295	2329	83.74
296	160848	79.38
296	2028	82.56
296	169034	79.38
296	4144	82.00
296	50	84.34
296	2324	82.22
297	832	68.21
297	543	65.00
297	1645	69.43
297	111	81.88
297	454	73.04
297	1089	83.85
297	6	80.14
297	1249	83.75
297	1047	62.73
297	1370	69.56
297	1488	61.25
297	150	77.24
297	170	65.00
297	1092	64.48
297	866	80.00
298	57640	80.00
298	95510	68.70
298	6811	53.33
298	8370	77.78
298	8807	72.59
298	63131	72.00
298	6881	80.00
298	3785	57.89
298	122900	75.26
298	103042	67.65
298	6294	53.33
298	2167	65.35
298	2005	72.82
298	6006	63.33
298	653	61.59
298	55995	55.00
298	3018	66.25
298	69757	73.79
298	103772	67.00
298	3825	55.00
299	3793	73.96
299	1387	81.10
299	188	67.50
299	1198	85.85
299	1214	78.94
300	318	69.90
300	356	69.90
300	527	69.90
300	593	69.90
300	1172	69.90
300	1704	69.90
300	2028	69.90
300	2324	69.90
300	2329	69.90
300	2571	69.90
300	2762	69.90
300	2858	69.90
300	2959	69.90
300	4848	69.90
300	4973	69.90
300	5995	69.90
300	6016	69.90
300	6711	69.90
300	7361	69.90
300	8950	69.90
300	48394	69.90
300	56174	69.90
300	63082	69.90
300	79132	69.90
300	81591	69.90
300	92259	69.90
300	99114	69.90
300	109487	69.90
300	112183	69.90
300	112290	69.90
300	112552	69.90
300	112556	69.90
301	21	67.70
301	357	70.13
301	2490	68.71
301	6711	81.25
301	589	79.87
301	8949	74.14
301	837	65.38
301	3948	68.48
301	364	79.48
301	527	84.29
301	5989	78.69
301	4963	76.74
301	608	81.85
301	292	68.12
301	3578	77.95
301	3897	76.90
301	4226	82.50
301	3753	66.81
301	1393	69.85
301	1792	60.00
302	480	74.53
302	14	72.73
302	3	66.06
302	25	72.14
302	648	70.67
302	707	58.18
302	110	80.18
303	5378	61.36
303	3703	74.81
303	1127	70.65
303	5544	80.00
303	1196	84.36
303	3471	74.29
303	1580	69.46
303	1394	81.39
303	2683	64.66
303	920	69.38
303	1358	76.57
304	314	73.00
304	2571	82.77
304	2433	61.25
304	10	70.11
304	1376	65.93
304	480	74.53
304	1373	60.00
304	1777	70.25
304	1270	80.34
304	1517	71.10
304	151	69.43
304	356	82.94
304	208	58.15
304	474	72.94
304	1214	78.94
304	1375	67.50
304	640	55.71
304	1722	59.21
304	185	61.08
304	2701	43.59
305	74624	78.65
305	140627	78.65
305	87869	73.33
305	919	76.62
305	1197	85.15
305	106100	72.50
305	138210	66.67
305	788	52.88
305	7482	78.75
305	80590	55.00
305	103075	65.00
305	903	80.73
305	6537	63.23
305	93840	80.00
305	54736	73.33
305	592	68.76
305	2288	78.44
305	58803	72.00
305	55276	72.31
305	1272	78.57
306	5784	41.67
306	68954	78.08
306	69644	55.56
306	6377	78.02
306	95543	70.00
306	81847	77.00
306	111743	56.25
306	85367	53.33
306	168418	73.33
306	167018	66.67
306	72998	71.45
306	122904	77.00
306	69406	72.31
306	85788	55.00
306	4963	76.74
306	115664	70.00
306	134368	73.85
306	112852	82.25
306	161634	65.00
306	133419	67.14
307	2190	52.91
307	4181	52.91
307	31424	52.91
307	49314	52.91
307	5010	77.30
307	7845	62.50
307	3392	55.00
307	1220	77.17
307	6793	38.33
307	6483	10.00
307	2332	30.00
307	56003	60.00
307	1991	55.56
307	3273	51.76
307	4876	54.00
307	3421	72.50
307	1409	49.41
307	413	58.89
307	4447	67.56
307	52867	52.91
308	2959	86.17
308	45517	67.67
308	96821	77.14
308	72998	71.45
308	318	89.01
308	2	68.03
308	904	83.45
308	589	79.87
308	8961	76.41
308	56152	72.50
308	56367	74.49
308	5618	82.00
308	36	76.67
308	410	61.31
308	79132	81.43
308	4993	83.38
308	8464	72.63
308	1221	85.06
308	2248	76.25
308	6	80.14
309	2202	92.50
309	1645	69.43
309	898	89.05
309	1682	75.60
309	296	82.88
309	1089	83.85
309	1269	76.11
309	7153	82.77
309	6947	72.17
309	8340	75.00
309	1104	89.23
309	7218	75.76
309	25886	90.00
309	1219	80.38
309	8154	86.67
309	971	94.00
309	1944	81.11
309	6365	66.34
309	1262	78.62
309	2762	76.79
310	6863	66.67
310	6947	72.17
310	1101	65.00
310	6503	47.89
310	2524	67.14
310	2457	73.33
310	5899	80.00
310	733	72.71
310	246	85.79
310	3254	65.24
310	1223	81.58
310	1080	80.81
310	2671	72.79
311	6561	44.71
311	5992	72.22
311	1517	71.10
311	6461	76.00
311	1407	63.85
311	2706	67.59
312	5816	71.58
312	1375	67.50
312	3499	76.88
312	589	79.87
312	2454	67.50
312	1358	76.57
312	4878	79.72
312	4103	75.71
312	3793	73.96
312	2028	82.56
312	1371	61.21
312	4121	62.50
312	2366	72.86
312	2747	56.67
312	4105	72.50
312	5446	68.00
312	2699	56.10
312	2529	77.88
312	1350	78.82
312	1356	78.21
313	4980	59.17
313	170	65.00
313	3917	74.44
313	2455	68.48
313	5544	80.00
313	541	82.66
313	2193	71.03
313	2000	72.55
313	6	80.14
313	1968	75.82
313	1089	83.85
313	1301	75.00
313	1240	77.24
313	3175	70.96
313	4865	75.00
313	2005	72.82
313	2167	65.35
313	1375	67.50
313	2087	71.18
313	2530	55.00
314	7	65.41
314	1042	62.14
314	44	49.35
314	165	72.95
314	457	78.75
314	293	79.01
314	597	71.26
314	329	66.34
314	442	59.66
314	26	73.75
314	830	58.46
314	728	73.33
314	618	61.63
314	107	68.10
314	536	60.00
314	10	70.11
314	1376	65.93
314	153	57.86
314	208	58.15
314	150	77.24
315	1262	78.62
315	2729	71.67
315	2529	77.88
315	2067	82.67
315	2553	65.00
315	909	72.35
315	902	75.77
316	1748	80.29
316	253	71.00
316	3968	63.33
316	158	53.78
316	5445	72.47
316	3751	73.62
316	7438	78.49
316	6874	79.40
316	48	65.40
316	3882	54.62
316	2572	70.54
317	133115	74.67
317	73321	67.27
317	91529	80.20
317	74545	75.00
317	7445	67.78
317	1213	83.91
317	48774	80.20
317	4262	78.00
317	1884	80.31
317	5989	78.69
317	3578	77.95
317	4011	81.61
317	68358	78.89
317	1208	85.32
317	72011	72.38
317	3897	76.90
317	3499	76.88
317	96829	88.33
317	116797	81.28
317	56782	83.50
318	26713	75.15
318	81191	75.15
318	90245	75.15
318	111817	75.15
318	127180	75.15
318	145080	75.15
318	150696	75.15
318	7445	67.78
318	1090	79.23
318	116799	77.50
318	82459	73.33
318	48385	64.90
318	2294	63.64
318	64839	76.09
318	88125	78.33
318	109487	78.04
318	4021	90.00
318	33794	77.16
318	54286	74.53
318	89753	78.33
319	115617	76.43
319	6377	78.02
319	356	82.94
319	136864	44.62
319	1221	85.06
319	122904	77.00
319	110	80.18
320	72998	71.45
320	71535	78.37
320	31184	75.00
320	59315	75.82
320	1013	64.44
321	587	66.90
321	356	82.94
321	160	60.29
321	592	68.76
321	597	71.26
321	780	69.25
321	339	69.66
321	355	44.44
321	410	61.31
321	3	66.06
321	500	65.96
321	457	78.75
322	2882	40.00
322	1968	75.82
322	2542	80.00
322	58559	83.81
322	2788	80.45
322	2146	67.50
322	2617	60.94
322	2918	77.95
322	778	80.41
322	2599	70.25
322	4027	76.96
322	4993	83.38
322	1230	77.71
322	51540	72.92
322	1	78.84
322	1617	83.28
322	1923	71.89
322	4010	58.33
322	11	73.72
322	1035	78.51
323	377	69.04
323	480	74.53
323	356	82.94
323	1094	68.97
323	161	72.70
323	115569	84.29
323	1198	85.85
323	29	78.57
323	551	71.87
323	22	63.85
323	318	89.01
323	112183	64.76
323	253	71.00
323	111659	50.00
323	3257	59.58
323	260	83.58
323	150	77.24
323	329	66.34
323	342	70.53
323	266	65.33
324	2764	83.33
324	3972	81.67
324	3864	35.00
324	3949	77.68
324	3897	76.90
325	2848	71.50
325	235	72.00
325	2986	55.00
325	262	80.00
325	1573	69.61
325	2596	72.50
325	1584	71.23
325	1217	87.50
325	1676	66.45
325	4714	40.00
325	3770	48.00
325	3261	65.00
325	2894	71.50
325	2155	70.00
325	1279	83.33
325	1614	56.25
325	3994	69.15
325	2268	74.29
325	2915	68.48
325	5008	90.00
326	8665	74.38
326	47610	71.07
326	20	48.89
326	2858	81.07
326	86882	68.82
326	5418	75.93
326	4973	82.57
326	133771	75.00
326	48774	80.20
326	2324	82.22
326	1293	81.43
326	2692	80.00
326	72605	67.50
326	70159	65.00
326	54286	74.53
326	5446	68.00
326	6591	90.00
326	4226	82.50
326	105844	70.00
326	31410	75.71
327	3301	69.14
327	150	77.24
327	858	86.24
327	1923	71.89
327	51255	78.54
327	48516	85.81
327	1304	78.75
327	765	65.38
327	6888	45.00
327	2706	67.59
328	2687	65.88
328	112852	82.25
328	70286	78.44
328	1196	84.36
328	457	78.75
328	364	79.48
328	80463	78.78
328	3489	66.50
328	318	89.01
328	595	73.70
328	5349	72.21
328	2542	80.00
328	1219	80.38
328	35836	71.76
328	3751	73.62
328	79091	75.00
328	7153	82.77
328	596	69.11
328	2398	80.00
328	1148	79.50
329	130482	51.43
329	136850	51.43
329	858	86.24
329	1884	80.31
329	750	85.56
330	5378	61.36
330	316	67.61
330	1639	71.19
330	2918	77.95
330	919	76.62
330	3949	77.68
330	3535	73.41
330	5349	72.21
330	380	70.00
330	1676	66.45
330	2502	82.94
330	3703	74.81
330	1682	75.60
330	2683	64.66
330	1206	82.65
330	1721	67.16
330	2791	80.17
330	2081	71.06
330	8874	78.39
330	592	68.76
331	8874	78.39
331	6157	50.91
331	88125	78.33
331	6539	76.86
331	3897	76.90
331	4446	70.00
331	7361	83.41
331	50872	76.33
331	4995	78.97
331	4306	77.93
331	6874	79.40
331	5502	64.75
331	3911	74.05
331	608	81.85
331	4447	67.56
331	593	83.28
331	3751	73.62
331	8665	74.38
331	4367	63.21
331	2959	86.17
332	47	80.51
332	1653	79.38
332	1258	81.73
332	316	67.61
332	8983	69.38
332	431	74.55
332	97757	71.78
332	2291	74.31
332	1835	68.33
332	356	82.94
332	5502	64.75
332	4308	70.70
332	1203	82.34
332	1682	75.60
332	1249	83.75
332	76251	72.59
332	2905	83.33
332	318	89.01
332	2294	63.64
332	32	80.08
333	3785	57.89
333	3752	63.14
333	3616	64.29
333	3615	64.00
333	3646	40.00
334	55820	78.75
334	1196	84.36
334	1580	69.46
334	1291	80.48
334	3996	75.97
334	589	79.87
334	30810	67.31
334	4027	76.96
334	1	78.84
334	64957	70.00
334	1625	73.65
334	50601	50.00
334	44195	81.72
334	27416	80.00
334	6867	72.22
334	2997	78.51
334	293	79.01
334	480	74.53
334	5378	61.36
334	51935	75.33
335	780	69.25
335	592	68.76
335	356	82.94
335	296	82.88
335	2699	56.10
335	2001	64.25
336	1267	85.22
336	1	78.84
336	38798	60.00
336	33660	81.11
336	1784	70.81
336	2001	64.25
336	2268	74.29
336	293	79.01
336	1625	73.65
336	4886	76.63
336	50	84.34
336	150	77.24
337	318	89.01
337	47	80.51
337	16	77.59
337	805	72.73
337	1393	69.85
337	266	65.33
337	667	52.00
337	168	59.49
337	784	57.18
337	65	48.64
337	110	80.18
337	708	66.67
337	25	72.14
337	1356	78.21
337	277	61.54
337	786	61.67
338	189111	60.00
338	190207	60.00
338	190215	60.00
338	190219	60.00
338	7153	82.77
338	593	83.28
338	187541	80.00
338	185029	85.00
339	72641	71.25
339	5445	72.47
339	84152	82.86
339	96079	78.00
339	106072	67.14
339	69122	73.21
339	5617	78.57
339	41285	65.71
339	56869	82.14
339	48322	83.33
339	65216	76.67
339	91630	70.56
339	86504	82.50
339	91529	80.20
339	83613	60.00
339	4993	83.38
339	3470	82.50
339	102407	66.25
339	2028	82.56
339	5952	79.77
340	10	69.90
340	110	69.90
340	150	69.90
340	153	69.90
340	161	69.90
340	165	69.90
340	185	69.90
340	208	69.90
340	253	69.90
340	288	69.90
340	292	69.90
340	296	69.90
340	316	69.90
340	318	69.90
340	329	69.90
340	344	69.90
340	349	69.90
340	356	69.90
340	454	69.90
340	457	69.90
340	480	69.90
340	589	69.90
340	590	69.90
340	592	69.90
340	595	69.90
340	648	69.90
340	780	69.90
340	1356	69.90
341	2335	63.04
341	3624	64.19
341	130087	60.00
341	1370	69.56
341	135137	57.50
341	117529	66.47
341	5459	59.09
341	45672	61.76
341	1	78.84
341	47099	76.76
341	4025	60.95
342	2683	64.66
342	2598	55.33
342	2881	62.86
342	2369	55.26
342	1268	75.00
342	2605	59.31
342	2599	70.25
342	1198	85.85
342	3157	53.85
342	3826	47.20
342	2428	49.44
342	2827	42.50
342	3863	62.14
342	1959	75.00
343	858	86.24
343	3000	77.27
343	48394	75.77
343	4226	82.50
343	4878	79.72
343	3993	67.50
343	2571	82.77
343	1617	83.28
343	31658	81.79
343	55363	85.00
343	55820	78.75
343	296	82.88
344	111362	75.79
344	380	70.00
344	316	67.61
344	2628	62.98
344	4226	82.50
344	2571	82.77
344	4014	68.93
344	2012	67.62
344	4034	79.61
344	260	83.58
344	2541	66.79
344	4973	82.57
344	5418	75.93
344	2712	73.41
345	1019	71.67
345	2539	60.00
345	926	87.33
345	5902	80.00
345	8810	54.67
345	344	61.46
345	5707	60.00
345	2366	72.86
345	56949	66.92
345	3649	50.00
345	6658	77.18
345	3489	66.50
345	412	66.36
346	3174	69.57
346	778	80.41
346	608	81.85
346	6711	81.25
346	6286	80.00
346	306	84.17
346	7323	74.71
346	307	82.00
346	3535	73.41
346	1212	87.65
346	357	70.13
346	3949	77.68
346	714	82.00
346	7937	74.52
346	7396	80.00
346	5878	80.00
346	1120	70.45
346	1131	82.22
346	3627	80.00
346	7115	66.67
347	434	59.05
347	590	77.25
347	39	67.37
347	150	77.24
347	454	73.04
347	380	70.00
347	587	66.90
347	317	64.07
347	457	78.75
348	318	89.01
348	2324	82.22
348	4368	42.50
348	1213	83.91
348	6016	82.24
348	2959	86.17
348	6893	76.67
348	4973	82.57
348	1221	85.06
348	1960	73.16
348	2019	82.43
349	10	70.11
349	161	72.70
349	589	79.87
349	381	77.50
349	349	71.20
349	231	61.79
349	588	75.51
349	509	70.67
350	852	62.26
350	7	65.41
350	637	59.55
350	648	70.67
350	733	72.71
350	12	47.00
350	858	86.24
350	661	66.94
351	88932	72.71
351	87222	71.00
351	73344	90.00
351	52579	60.00
351	2231	75.65
351	88744	68.89
351	43836	65.00
351	79132	81.43
351	597	71.26
351	58559	83.81
351	12	47.00
351	8914	79.17
351	8950	80.97
351	63082	76.17
351	6214	77.14
351	90376	70.00
351	84152	82.86
351	480	74.53
351	4878	79.72
351	1193	83.78
352	72998	71.45
352	71745	58.00
352	1801	74.67
352	34319	66.09
352	2600	74.67
352	65682	72.50
352	1080	80.81
352	79695	57.50
352	110730	43.33
352	38038	70.50
352	130490	57.50
352	97752	72.67
352	1214	78.94
352	94864	62.78
352	41566	67.50
352	56587	67.00
352	44191	78.43
352	114935	67.50
352	59315	75.82
352	47610	71.07
353	552	64.10
353	25	72.14
353	267	58.18
353	216	71.03
353	367	63.36
353	288	64.22
353	144	60.00
353	186	54.86
353	333	76.32
353	266	65.33
353	112	67.42
353	198	65.56
353	234	50.91
353	145	62.70
353	293	79.01
353	158	53.78
353	163	72.50
353	296	82.88
354	1610	75.47
354	4306	77.93
354	2692	80.00
354	3147	82.66
354	47	80.51
354	903	80.73
354	733	72.71
354	3977	54.23
354	1225	82.35
354	35836	71.76
354	648	70.67
354	44191	78.43
354	8665	74.38
354	1917	62.30
354	7147	78.41
354	1923	71.89
354	589	79.87
354	2959	86.17
354	4718	58.12
354	1196	84.36
355	316	67.61
355	1580	69.46
355	3035	84.00
355	3175	70.96
355	317	64.07
355	916	82.78
356	2248	76.25
356	52435	77.78
356	52975	70.91
356	7122	80.42
356	44889	80.42
356	1641	74.17
356	2706	67.59
356	4011	81.61
356	802	68.00
356	7323	74.71
356	2502	82.94
356	56367	74.49
356	1223	81.58
356	55118	80.00
356	3949	77.68
356	3996	75.97
356	1246	78.81
356	1466	74.15
356	223	77.12
356	7153	82.77
357	4354	79.86
357	8998	79.86
357	27329	79.86
357	2804	78.50
357	595	73.70
357	529	76.07
357	4663	50.00
357	4091	65.00
357	1224	80.00
357	1242	83.08
357	34	73.03
357	208	58.15
357	58559	83.81
357	6296	74.29
357	30793	61.56
357	1042	62.14
357	2100	61.39
357	551	71.87
357	471	72.58
357	2067	82.67
358	26095	60.80
358	605	57.14
358	5066	62.00
358	52328	71.11
358	2226	60.80
358	42728	65.00
358	7361	83.41
358	69844	77.91
358	36525	55.00
359	405	49.00
359	1092	64.48
359	1101	65.00
359	51412	61.00
359	648	70.67
359	296	82.88
359	1097	75.82
359	2396	73.58
359	2424	61.84
359	593	83.28
359	2701	43.59
359	2942	58.18
359	1682	75.60
359	2530	55.00
359	4995	78.97
360	1422	70.00
360	1620	58.75
360	1488	61.25
360	1711	60.59
360	1414	64.00
361	47099	76.76
361	1580	69.46
361	377	69.04
361	1552	58.97
361	49272	79.12
361	1263	79.71
361	53125	70.29
361	589	79.87
361	49822	68.33
361	8360	73.88
361	318	89.01
361	2529	77.88
361	5218	72.37
361	6188	72.96
361	2422	35.00
361	3082	68.15
361	1732	79.23
361	1370	69.56
361	46972	61.50
361	7458	70.29
362	1945	82.00
362	592	68.76
362	6539	76.86
362	51540	72.92
362	5989	78.69
362	637	59.55
362	70	70.64
362	7153	82.77
362	1252	83.85
362	44665	76.52
362	407	66.00
362	6874	79.40
362	2959	86.17
362	1196	84.36
362	1208	85.32
362	8961	76.41
362	48516	85.81
362	7438	78.49
362	356	82.94
362	1201	83.40
363	1552	58.97
363	1732	79.23
363	1517	71.10
363	296	82.88
363	653	61.59
363	318	89.01
364	858	86.24
364	9	61.67
364	783	66.00
364	376	64.62
364	1	78.84
365	59315	75.82
365	81229	70.00
365	128975	50.00
365	6874	79.40
365	90345	80.00
365	158872	60.00
365	129354	62.86
365	103075	65.00
365	135536	55.00
365	70286	78.44
365	112852	82.25
365	76077	61.11
365	112818	80.00
365	1777	70.25
365	6502	78.81
365	155820	54.54
365	541	82.66
365	95720	66.00
365	93270	52.50
365	135569	70.83
366	116797	81.28
366	59315	75.82
366	33794	77.16
366	91529	80.20
366	2028	82.56
366	122882	75.71
366	7438	78.49
367	926	87.33
367	3061	60.00
367	1270	80.34
367	1287	83.91
367	486	50.00
367	3536	70.00
367	3824	38.33
367	2384	51.11
367	3072	70.95
367	898	89.05
367	3618	70.00
367	3225	46.67
367	2248	76.25
367	3157	53.85
367	3969	71.43
367	3717	62.93
367	1259	79.23
367	4023	62.94
367	1196	84.36
367	1258	81.73
368	3753	66.81
368	2112	58.33
368	1944	81.11
368	2986	55.00
368	3869	72.78
368	1214	78.94
368	2947	76.32
368	415	54.55
368	3035	84.00
368	832	68.21
368	50	84.34
368	2819	80.00
368	1801	74.67
368	2490	68.71
368	1917	62.30
368	1391	63.64
368	2193	71.03
368	225	68.79
368	161	72.70
368	2881	62.86
369	1256	76.25
369	785	64.38
369	47	80.51
369	2706	67.59
369	839	52.00
369	377	69.04
369	52973	73.06
369	743	48.10
369	4214	58.00
369	5418	75.93
369	3863	62.14
369	1372	71.03
369	27904	75.00
369	60069	81.27
369	2857	60.00
369	1967	77.06
369	150	77.24
369	2011	70.33
369	1580	69.46
369	3174	69.57
370	4011	81.61
370	4878	79.72
370	8961	76.41
370	6377	78.02
370	2628	62.98
370	1748	80.29
370	2116	56.67
370	589	79.87
370	2329	83.74
370	7438	78.49
370	3977	54.23
370	1676	66.45
370	593	83.28
370	4973	82.57
370	4226	82.50
370	1240	77.24
370	1089	83.85
370	8636	74.73
370	2716	75.23
371	2571	82.77
371	112512	90.80
371	1258	81.73
371	4090	71.67
371	56715	80.00
371	3000	77.27
371	4226	82.50
371	4993	83.38
371	1748	80.29
372	335	67.33
372	924	78.57
372	318	89.01
372	1603	50.91
372	1479	60.50
372	589	79.87
372	81	63.75
372	387	43.33
372	616	68.62
372	337	75.83
372	1220	77.17
372	1201	83.40
372	165	72.95
372	1243	80.00
372	1258	81.73
372	377	69.04
372	1401	60.00
372	450	65.00
372	1206	82.65
372	1306	57.50
373	216	71.03
373	60	64.62
373	169	45.71
373	350	65.38
373	585	54.58
373	44	49.35
373	371	71.43
373	163	72.50
373	616	68.62
373	198	65.56
373	265	75.83
373	25	72.14
373	6	80.14
373	733	72.71
373	47	80.51
373	2	68.03
373	736	65.58
373	305	52.00
373	357	70.13
373	141	69.47
374	296	82.88
374	208	58.15
374	1219	80.38
374	480	74.53
374	592	68.76
374	1258	81.73
374	1339	70.00
375	344	61.46
375	1027	54.00
375	32	80.08
375	2628	62.98
375	3256	70.91
375	4226	82.50
375	500	65.96
376	91535	60.77
376	2002	58.29
376	1214	78.94
376	1101	65.00
376	2916	71.75
376	33794	77.16
376	1198	85.85
376	349	71.20
376	1371	61.21
376	376	64.62
376	1240	77.24
376	1375	67.50
376	4993	83.38
376	858	86.24
376	457	78.75
376	4226	82.50
376	5952	79.77
376	344	61.46
376	2763	73.89
376	2797	74.53
377	4942	78.41
377	2793	41.25
377	1262	78.62
377	2791	80.17
377	748	60.62
377	1345	65.77
377	5027	50.00
377	5113	60.00
377	27692	78.41
377	3421	72.50
377	6021	78.41
377	3364	70.00
377	2072	61.67
377	8641	75.00
377	2163	42.50
377	92760	78.41
377	2858	81.07
377	1503	45.00
377	2124	65.56
377	2015	67.14
378	33794	77.16
378	7153	82.77
378	48516	85.81
378	3114	76.62
378	858	86.24
378	68954	78.08
378	91529	80.20
378	71535	78.37
378	90600	72.50
378	364	79.48
379	318	89.01
379	377	69.04
379	19	56.23
379	292	68.12
379	480	74.53
379	367	63.36
379	597	71.26
379	344	61.46
380	60818	73.61
380	172875	73.61
380	172881	73.61
380	172887	73.61
380	355	44.44
380	6979	65.62
380	5476	20.00
380	2735	53.08
380	68194	90.00
380	63433	60.00
380	72356	90.00
380	105731	73.61
380	1833	58.18
380	551	71.87
380	6731	73.33
380	27831	75.71
380	1665	55.83
380	393	58.00
380	140956	73.33
380	2791	80.17
381	2085	67.94
381	1088	65.45
381	3253	67.69
381	185	61.08
381	317	64.07
381	27808	65.00
381	1240	77.24
381	19	56.23
381	3753	66.81
381	4321	65.26
381	72011	72.38
381	3082	68.15
381	333	76.32
381	2140	70.80
381	1385	60.00
381	2273	65.29
381	1208	85.32
381	457	78.75
381	104	69.28
381	2716	75.23
382	1204	86.36
382	142372	40.00
382	135532	65.00
382	1201	83.40
382	112171	67.14
382	1198	85.85
382	912	85.37
382	81847	77.00
382	4638	55.00
382	63540	33.33
382	1681	37.50
382	170289	68.75
382	103042	67.65
382	72737	77.00
382	2496	61.05
382	357	70.13
382	81537	60.00
382	59501	71.25
382	101362	48.00
382	4890	59.44
383	2436	82.00
383	2541	66.79
383	2496	61.05
383	1584	71.23
383	2558	48.57
383	1246	78.81
383	903	80.73
384	3527	71.16
384	1388	60.00
384	2683	64.66
384	2502	82.94
384	4333	55.00
384	3098	74.71
384	4396	56.25
384	457	78.75
384	358	56.00
384	968	76.82
384	2724	57.14
384	296	82.88
384	3991	55.00
384	1204	86.36
385	736	65.58
385	1080	80.81
385	249	74.29
385	1219	80.38
385	1036	78.30
385	1136	81.05
385	282	65.31
385	1073	79.57
385	1200	78.66
385	1228	82.76
385	1022	67.81
385	1007	60.00
385	1201	83.40
385	1246	78.81
385	344	61.46
385	589	79.87
385	1023	69.09
385	1287	83.91
385	594	72.31
385	1303	79.09
386	110	80.18
386	410	61.31
386	112	67.42
386	165	72.95
386	223	77.12
386	648	70.67
386	185	61.08
386	608	81.85
386	485	58.24
386	305	52.00
386	44	49.35
386	585	54.58
386	349	71.20
386	10	70.11
387	4393	64.92
387	5156	64.92
387	5780	64.92
387	7336	64.92
387	26124	64.92
387	40966	64.92
387	2712	73.41
387	5062	80.00
387	1247	79.25
387	5489	64.92
387	4195	60.00
387	7132	82.50
387	2946	63.33
387	1387	81.10
387	3000	77.27
387	51939	53.33
387	4995	78.97
387	912	85.37
387	7938	64.92
387	1783	55.00
388	6158	68.33
388	63239	68.33
388	33615	69.62
388	86298	60.00
388	62999	67.50
388	8360	73.88
389	17	75.68
389	140	67.78
389	628	71.43
389	762	49.52
389	743	48.10
389	95	57.78
389	32	80.08
390	6344	73.73
390	64957	70.00
390	4239	75.71
390	5220	53.33
390	1193	83.78
390	2571	82.77
390	9010	80.00
390	2291	74.31
390	5296	55.00
390	4226	82.50
390	7254	71.43
390	6377	78.02
390	63062	71.67
390	1206	82.65
390	2329	83.74
390	4014	68.93
390	1784	70.81
391	5575	74.18
391	500	65.96
391	3994	69.15
391	1213	83.91
391	516	64.62
391	199	83.33
391	4027	76.96
391	150	77.24
391	1408	78.44
391	4014	68.93
391	1527	74.23
391	1059	75.24
391	2916	71.75
391	4973	82.57
391	357	70.13
391	555	77.23
391	5026	80.00
391	4936	66.67
391	1210	83.36
391	3067	77.14
392	3004	50.00
392	2858	81.07
392	707	58.18
392	1198	85.85
392	1125	73.57
393	91658	69.71
393	102125	70.38
393	48394	75.77
393	36517	64.55
393	8636	74.73
393	110102	74.09
393	44199	73.12
393	5388	66.15
393	54259	71.54
393	4848	79.39
393	5669	77.56
393	1291	80.48
393	68848	80.00
393	86190	72.22
393	2571	82.77
393	1206	82.65
393	122892	65.62
393	106642	90.00
393	1625	73.65
393	106489	70.00
394	588	75.51
394	316	67.61
394	344	61.46
394	225	68.79
394	457	78.75
395	329	66.34
395	1025	73.89
395	296	82.88
395	160	60.29
395	208	58.15
395	173	51.74
395	485	58.24
395	355	44.44
395	520	63.53
395	595	73.70
395	126	53.33
395	48	65.40
395	367	63.36
396	1276	85.53
396	1597	58.39
396	1777	70.25
396	44	49.35
396	204	54.71
396	2081	71.06
397	4017	70.91
397	8645	82.50
397	1701	80.00
397	8228	70.00
397	6993	78.00
398	6408	85.00
398	1197	85.15
398	5971	79.67
398	7022	76.92
398	1198	85.85
398	60069	81.27
398	2455	68.48
398	1136	81.05
398	48516	85.81
398	82459	73.33
399	1198	85.85
399	110	80.18
399	5445	72.47
399	1196	84.36
399	593	83.28
399	480	74.53
399	1270	80.34
399	2194	77.33
400	608	81.85
400	356	82.94
400	2571	82.77
400	2959	86.17
400	7153	82.77
400	1221	85.06
400	3578	77.95
400	858	86.24
400	59615	57.74
401	5952	79.77
401	6297	69.23
401	55768	61.43
401	48982	70.00
401	166461	67.50
401	49274	46.25
401	50872	76.33
401	32031	62.00
401	79091	75.00
401	170939	71.56
401	38038	70.50
401	8360	73.88
401	3114	76.62
401	33615	69.62
401	1136	81.05
402	1084	80.74
402	597	71.26
402	52	71.00
402	329	66.34
402	296	82.88
402	586	59.37
402	315	59.58
402	1036	78.30
402	434	59.05
402	527	84.29
403	110	80.18
403	2427	70.80
403	3210	68.46
403	296	82.88
403	61465	60.00
403	1663	75.77
403	180	67.60
404	204	54.71
404	349	71.20
404	474	72.94
404	34	73.03
404	364	79.48
404	508	71.88
404	105	64.38
404	593	83.28
404	509	70.67
404	277	61.54
404	315	59.58
404	185	61.08
405	70708	80.88
405	293	79.01
405	7254	71.43
405	37731	77.14
405	2959	86.17
405	345	69.58
405	1213	83.91
405	7134	80.88
405	64614	78.06
405	6023	60.00
405	1241	74.00
405	2329	83.74
405	1247	79.25
405	3052	73.75
405	68237	80.87
405	1199	84.36
405	27592	80.00
405	27664	80.88
405	3418	67.14
405	1215	82.97
406	1586	56.00
406	135	56.54
406	56949	66.92
406	46972	61.50
406	724	59.52
407	7153	82.77
407	2959	86.17
407	6539	76.86
407	1240	77.24
407	54286	74.53
408	1198	85.85
408	122904	77.00
408	44840	57.50
408	165101	70.00
408	6618	75.71
408	1291	80.48
408	1210	83.36
408	89745	79.77
408	1278	80.00
408	7324	65.56
408	44	49.35
408	8641	75.00
408	115210	74.00
408	103596	20.00
408	68554	64.55
408	2571	82.77
408	109487	78.04
408	63131	72.00
408	80489	79.29
408	4649	73.33
409	2485	55.60
409	2490	68.71
409	2028	82.56
409	3812	62.86
409	1278	80.00
409	2997	78.51
409	296	82.88
409	1078	62.86
409	3016	61.82
409	1073	79.57
409	2683	64.66
409	2289	77.69
409	3846	63.33
409	912	85.37
409	2013	61.18
409	1911	51.74
409	2352	74.44
409	1230	77.71
409	2541	66.79
409	3174	69.57
410	389	81.54
410	3224	93.33
410	318	89.01
410	2302	62.31
410	4002	77.65
410	1060	73.46
410	4297	70.00
410	3263	53.85
410	1859	70.00
410	111	81.88
410	58	82.50
410	2145	62.38
410	3255	69.31
410	2321	67.25
410	3504	80.00
410	3948	68.48
410	11	73.72
410	4019	76.82
410	3	66.06
410	597	71.26
411	508	71.88
411	261	76.55
411	586	59.37
411	432	50.65
411	353	73.48
411	431	74.55
411	194	80.77
411	318	89.01
411	272	72.11
411	515	72.50
411	356	82.94
411	266	65.33
411	257	67.50
411	349	71.20
411	10	70.11
411	31	62.08
411	344	61.46
411	227	61.18
411	455	46.67
411	122	52.73
412	2828	20.00
412	2384	51.11
412	2915	68.48
412	903	80.73
412	608	81.85
412	2720	42.50
412	2858	81.07
412	1883	57.14
412	1307	75.45
412	1214	78.94
412	1784	70.81
412	2239	95.00
412	1	78.84
412	930	84.71
412	1136	81.05
412	2710	56.96
412	915	75.00
412	2398	80.00
412	17	75.68
412	1079	78.87
413	2706	67.59
413	1198	85.85
413	3753	66.81
413	2424	61.84
413	593	83.28
413	128360	72.14
413	4993	83.38
413	16	77.59
413	5574	70.48
413	3948	68.48
413	64957	70.00
413	2959	86.17
414	4458	68.01
414	4666	68.01
414	5285	68.01
414	5635	68.01
414	6033	68.01
414	6493	68.01
414	6563	68.01
414	6628	68.01
414	6797	68.01
414	48319	68.01
414	58879	68.01
414	169992	68.01
414	3802	40.00
414	3599	60.00
414	1600	80.00
414	8666	33.33
414	4975	66.84
414	7444	64.38
414	4081	40.00
414	177593	96.00
415	296	82.88
415	1213	83.91
415	4321	65.26
415	3507	80.91
415	4308	70.70
415	47	80.51
415	1021	45.00
415	111	81.88
415	2617	60.94
415	1276	85.53
415	3861	55.00
415	4369	61.25
415	99114	77.20
415	1221	85.06
415	63082	76.17
415	1234	79.11
415	45722	69.80
415	1197	85.15
415	175	80.71
416	5952	79.77
416	5951	60.00
416	531	61.88
416	1296	72.50
416	1199	84.36
416	1721	67.16
416	830	58.46
416	1206	82.65
416	7323	74.71
416	4848	79.39
416	3677	95.00
417	778	80.41
417	4995	78.97
417	4975	66.84
417	7254	71.43
417	1198	85.85
417	106782	79.14
417	27773	80.71
417	168250	62.86
417	1625	73.65
417	7153	82.77
417	74458	80.83
417	110102	74.09
417	48394	75.77
417	4878	79.72
418	356	82.94
418	296	82.88
418	63082	76.17
418	104374	79.00
418	1276	85.53
418	1136	81.05
418	117176	69.09
418	1573	69.61
418	137337	75.00
418	1682	75.60
418	5816	71.58
418	88125	78.33
418	74458	80.83
418	367	63.36
418	89745	79.77
418	45672	61.76
418	87869	73.33
418	7361	83.41
418	54001	78.04
419	4093	77.22
419	111	81.88
419	46976	72.12
419	27822	45.00
419	2858	81.07
419	319	78.18
419	6287	61.15
419	3578	77.95
419	1213	83.91
419	64969	73.85
419	47	80.51
419	79592	67.50
419	34319	66.09
419	89580	77.22
419	60756	67.65
419	27704	77.22
419	90943	77.22
419	2412	40.00
419	1240	77.24
419	52245	58.46
420	1161	75.00
420	4993	83.38
420	45499	66.22
420	923	80.62
420	26693	77.71
420	48385	64.90
420	1927	88.00
420	5608	75.00
420	2052	53.89
420	6934	60.16
420	7022	76.92
420	3979	48.89
420	59295	77.71
420	2329	83.74
420	54259	71.54
420	1131	82.22
420	2762	76.79
420	4973	82.57
420	5669	77.56
420	527	84.29
421	2858	81.07
421	909	72.35
421	5008	90.00
421	953	77.44
421	1178	90.00
421	2313	76.36
421	2478	62.86
421	1203	82.34
422	2539	60.00
422	2710	56.96
422	4947	80.00
422	4971	55.00
422	5039	82.00
422	4925	68.47
422	2581	60.00
422	4916	60.00
422	1265	78.49
422	2804	78.50
422	3053	80.00
422	2665	68.47
422	1283	81.82
422	4835	80.00
422	2908	71.92
422	3943	56.67
422	1213	83.91
422	2670	66.67
422	858	86.24
423	1653	79.38
423	110	80.18
423	2194	77.33
423	5349	72.21
423	1320	62.22
424	1193	83.78
424	141	69.47
424	2804	78.50
424	40278	70.77
424	608	81.85
424	108729	70.00
424	293	79.01
424	69122	73.21
424	1092	64.48
424	54503	77.69
424	58559	83.81
424	3186	68.64
424	66097	71.85
424	778	80.41
424	5679	65.41
424	3176	70.26
424	2288	78.44
424	2174	68.79
424	71668	75.00
424	112556	76.00
425	45517	67.67
425	377	69.04
425	2329	83.74
425	733	72.71
425	6	80.14
425	1645	69.43
425	8368	78.46
425	2081	71.06
425	4306	77.93
425	1680	70.00
425	1909	70.00
425	367	63.36
425	46723	69.55
425	1625	73.65
425	1036	78.30
425	4901	66.32
425	750	85.56
425	2353	68.86
425	1342	51.43
425	145	62.70
426	59784	68.92
426	150	77.24
426	471	72.58
426	337	75.83
426	54001	78.04
426	1197	85.15
426	6378	72.43
426	72641	71.25
426	4886	76.63
426	8644	72.62
426	37729	70.27
426	597	71.26
426	5444	74.55
426	91325	40.00
426	588	75.51
426	3247	57.86
426	4022	74.93
426	79091	75.00
427	4887	57.00
427	5463	52.00
427	5015	64.29
427	110	80.18
427	58	82.50
427	5528	69.17
427	6348	40.00
427	5312	65.00
427	2710	56.96
427	5696	40.00
427	4993	83.38
427	5266	60.69
427	2683	64.66
427	5400	56.67
427	5816	71.58
427	1208	85.32
427	5574	70.48
428	2471	55.33
428	2762	76.79
428	3827	56.25
428	1089	83.85
428	2953	49.50
428	2916	71.75
428	1380	65.43
428	1997	77.78
428	3440	42.22
428	4022	74.93
428	317	64.07
428	4255	42.22
428	1208	85.32
428	1391	63.64
428	6377	78.02
428	2581	60.00
428	260	83.58
428	3285	59.41
428	588	75.51
428	653	61.59
429	339	69.66
429	421	63.33
429	150	77.24
429	225	68.79
429	165	72.95
429	266	65.33
429	329	66.34
429	252	67.74
429	279	60.00
429	317	64.07
429	237	64.44
429	204	54.71
430	923	80.62
430	2987	71.86
430	3745	69.50
430	6287	61.15
430	2858	81.07
430	6365	66.34
430	2571	82.77
430	4447	67.56
430	4014	68.93
430	329	66.34
430	2076	76.56
430	4446	70.00
431	172	52.37
431	1625	73.65
431	1376	65.93
431	3948	68.48
431	802	68.00
432	1831	47.14
432	5630	66.80
432	6870	74.86
432	8640	52.22
432	6539	76.86
432	3916	75.36
432	5989	78.69
432	84189	74.11
432	110	80.18
432	35836	71.76
432	4886	76.63
432	2762	76.79
432	1206	82.65
432	49272	79.12
432	19	56.23
432	318	89.01
432	58559	83.81
432	69481	80.50
432	7158	72.86
432	33660	81.11
433	91529	80.20
433	1089	83.85
433	50	84.34
433	5299	62.98
433	110	80.18
434	1136	81.05
434	3147	82.66
434	1090	79.23
434	1265	78.49
434	5989	78.69
434	1101	65.00
434	1779	55.33
434	586	59.37
434	344	61.46
434	3863	62.14
434	1208	85.32
434	3160	74.21
434	589	79.87
434	780	69.25
434	6796	75.38
434	2791	80.17
434	4226	82.50
434	2194	77.33
434	8665	74.38
434	1291	80.48
435	2353	68.86
435	44191	78.43
435	485	58.24
435	3510	69.29
435	34405	78.00
435	2302	62.31
435	158	53.78
435	82459	73.33
435	48780	79.45
436	204	54.71
436	435	46.40
436	440	71.55
436	432	50.65
436	161	72.70
436	480	74.53
436	377	69.04
436	531	61.88
436	536	60.00
436	502	47.27
436	364	79.48
436	235	72.00
436	371	71.43
436	344	61.46
436	2	68.03
436	585	54.58
436	450	65.00
436	587	66.90
436	437	37.50
436	227	61.18
437	748	60.62
437	318	89.01
437	5	59.67
437	640	55.71
437	1299	85.29
437	1120	70.45
437	1396	67.81
437	1246	78.81
437	454	73.04
437	1171	67.14
437	1225	82.35
437	1183	72.00
437	1097	75.82
437	1307	75.45
437	1268	75.00
437	592	68.76
437	198	65.56
437	155	36.67
437	112	67.42
437	246	85.79
438	7154	57.14
438	2501	75.45
438	8966	74.00
438	27801	81.67
438	1527	74.23
438	6711	81.25
438	3898	30.00
438	1784	70.81
438	8644	72.62
438	6367	52.86
438	2424	61.84
438	3889	42.00
438	223	77.12
438	1517	71.10
438	7361	83.41
438	2641	59.70
438	5009	61.43
438	2617	60.94
438	3753	66.81
438	2393	65.83
439	356	82.94
439	4022	74.93
439	7153	82.77
439	78499	78.48
439	1240	77.24
440	8690	77.00
440	541	82.66
440	29	78.57
440	1653	79.38
440	1274	75.86
440	3174	69.57
440	1235	87.00
441	589	79.87
441	2683	64.66
441	2959	86.17
441	4306	77.93
441	260	83.58
441	296	82.88
441	51255	78.54
441	47	80.51
441	68358	78.89
442	2908	71.92
442	2881	62.86
442	1186	73.33
442	3752	63.14
442	4361	68.08
443	2329	83.74
443	79132	81.43
443	296	82.88
443	48394	75.77
443	106487	70.00
443	108190	56.67
443	7153	82.77
443	63082	76.17
444	356	82.94
444	592	68.76
444	208	58.15
444	21	67.70
444	111	81.88
444	110	80.18
444	235	72.00
444	296	82.88
444	344	61.46
445	2028	82.56
445	590	77.25
445	34405	78.00
445	47	80.51
445	116897	88.00
445	780	69.25
445	4011	81.61
445	899	83.71
445	593	83.28
445	33794	77.16
445	1080	80.81
445	45722	69.80
445	17	75.68
445	1230	77.71
445	306	84.17
445	2710	56.96
446	237	64.44
446	339	69.66
446	300	72.36
446	296	82.88
446	480	74.53
446	368	70.22
446	288	64.22
446	172	52.37
446	17	75.68
446	16	77.59
446	357	70.13
446	150	77.24
446	434	59.05
446	153	57.86
446	648	70.67
446	593	83.28
446	337	75.83
447	257	67.50
447	293	79.01
447	337	75.83
447	531	61.88
447	382	63.33
447	589	79.87
447	552	64.10
447	253	71.00
447	362	72.69
447	532	61.11
447	292	68.12
447	31	62.08
447	474	72.94
447	540	46.00
447	442	59.66
447	160	60.29
448	2368	57.46
448	3284	57.46
448	3933	57.46
448	6302	57.46
448	6476	57.46
448	7245	57.46
448	48262	57.46
448	49688	57.46
448	75803	57.46
448	75816	57.46
448	78116	57.46
448	79590	57.46
448	86593	57.46
448	92198	57.46
448	98908	57.46
448	100326	57.46
448	102819	57.46
448	104760	57.46
448	108715	57.46
448	109191	57.46
448	111680	57.46
448	113416	57.46
448	116207	57.46
448	116985	57.46
448	129657	57.46
448	130083	57.46
448	133377	57.46
448	136654	57.46
448	138546	57.46
448	142424	57.46
448	151777	57.46
448	152658	57.46
448	157130	57.46
448	158022	57.46
448	161290	57.46
448	164375	57.46
448	53996	71.72
448	136778	57.46
448	5418	75.93
448	288	64.22
448	88356	36.67
448	2580	76.07
448	155358	57.46
448	2889	76.67
448	4034	79.61
448	148888	60.00
448	81156	66.67
448	2713	54.00
448	103335	73.33
448	95441	63.33
448	34048	62.25
448	80126	53.33
448	3057	57.46
448	1057	70.00
448	2794	51.54
448	33830	57.46
448	8665	74.38
448	6059	66.67
448	110553	52.22
448	90374	57.46
448	151501	57.46
448	3764	42.50
448	6143	57.46
448	103819	57.46
448	4361	68.08
448	104913	75.71
448	3986	58.67
448	5528	69.17
448	1196	84.36
448	105351	60.00
448	83349	62.50
448	3276	57.46
448	1090	79.23
448	5349	72.21
448	587	66.90
448	106330	40.00
448	4677	61.67
448	95508	57.46
448	109895	30.00
448	110611	57.46
448	671	66.00
448	2289	77.69
448	152077	75.00
448	80693	58.33
448	111360	61.82
448	170	65.00
448	87444	70.00
448	94323	60.00
448	8493	70.00
448	3671	78.41
448	91653	63.33
448	4981	57.46
448	2991	74.17
448	78034	57.46
448	119145	78.62
448	5099	46.67
448	4299	65.00
448	2567	57.69
448	6996	27.50
448	109864	57.46
448	6582	50.00
448	73017	76.50
448	370	60.44
448	543	65.00
448	115617	76.43
448	590	77.25
448	154065	57.46
448	5553	63.33
448	41569	68.79
448	3286	36.67
448	6645	76.67
448	589	79.87
448	1920	56.25
448	2857	60.00
448	111663	70.00
448	78499	78.48
448	2657	66.67
448	6537	63.23
448	1148	79.50
448	46974	62.50
448	48516	85.81
448	80241	70.00
448	445	65.00
448	4262	78.00
448	3689	26.67
448	114935	67.50
448	6428	60.00
448	127194	57.46
448	109673	46.67
448	127096	80.00
448	89388	57.46
448	4156	57.46
448	3793	73.96
448	33679	67.27
448	2014	50.00
448	64285	70.00
448	3968	63.33
448	49530	74.87
448	3450	65.00
448	160563	66.00
448	5502	64.75
448	8169	70.00
448	6314	40.00
448	122490	57.46
448	3386	70.38
448	140725	80.00
448	4896	73.78
448	2642	44.62
448	127136	80.00
448	2763	73.89
448	2520	57.46
448	457	78.75
448	48783	70.00
448	3263	53.85
448	5400	56.67
448	5541	62.50
448	4011	81.61
448	58351	57.46
448	127132	57.46
448	152091	70.00
448	3698	66.09
448	435	46.40
448	4799	60.00
448	84152	82.86
448	3401	45.00
448	2858	81.07
448	3174	69.57
448	7076	75.00
448	106542	57.46
448	6218	66.45
448	2860	50.00
448	1283	81.82
448	3618	70.00
448	2616	56.67
448	90439	78.00
448	2404	46.67
448	4660	57.46
448	2530	55.00
448	26386	57.46
448	4327	70.00
448	3030	82.00
448	71464	71.11
448	32	80.08
448	91529	80.20
448	4158	57.50
448	99114	77.20
448	98585	72.50
448	93326	55.71
448	2268	74.29
448	80489	79.29
448	130576	43.33
448	105504	80.00
448	2791	80.17
448	50601	50.00
448	7007	66.00
448	4234	70.00
448	3623	56.55
448	80727	57.46
448	78467	35.00
448	8641	75.00
448	4128	74.12
448	106782	79.14
448	2537	30.00
448	112138	69.23
448	3247	57.86
448	112818	80.00
448	2027	36.67
448	3101	62.92
448	5779	57.46
448	82202	62.50
448	1704	81.93
448	98296	57.46
448	6863	66.67
448	89305	70.00
448	4203	68.00
448	1201	83.40
448	6212	45.00
448	637	59.55
448	84954	68.12
448	6814	57.46
448	94864	62.78
448	67695	55.00
448	159077	57.46
448	92439	80.00
448	6812	40.00
448	3156	58.18
448	802	68.00
448	118354	57.46
448	134130	82.90
448	138036	70.00
448	65135	57.46
448	52975	70.91
448	4368	42.50
448	90717	75.00
448	45722	69.80
448	79259	57.46
448	68157	84.53
448	4233	38.00
448	74458	80.83
448	3258	55.38
448	1262	78.62
448	3949	77.68
448	101025	42.50
448	69526	53.08
448	1831	47.14
448	1083	66.67
448	1884	80.31
448	1476	67.62
448	156609	63.33
448	3755	63.06
448	111659	50.00
448	4734	61.85
448	161	72.70
448	95201	57.46
448	135887	66.36
448	2598	55.33
448	87232	75.19
448	4634	100.00
448	5334	57.46
448	5459	59.09
448	146730	57.46
448	72694	57.46
448	157432	57.46
448	132488	57.46
448	4558	52.22
448	1375	67.50
448	6424	57.46
448	71518	62.50
448	2716	75.23
448	94780	57.50
448	3593	29.29
448	129354	62.86
448	158	53.78
448	1409	49.41
448	6514	57.46
448	2881	62.86
448	51662	73.65
448	90522	64.00
448	68554	64.55
448	2126	55.56
448	122932	57.46
448	93510	74.12
448	137857	72.22
448	125916	10.00
448	2953	49.50
448	2090	61.25
448	1760	24.00
448	480	74.53
448	58803	72.00
448	2109	67.37
448	50792	40.00
448	46062	25.00
448	85510	62.22
448	80864	57.46
448	112171	67.14
448	122900	75.26
448	2587	60.00
448	1527	74.23
448	117529	66.47
448	4993	83.38
448	92264	60.00
448	5247	60.00
448	533	56.36
448	912	85.37
448	26464	57.46
448	2249	60.00
448	4678	67.14
448	103772	67.00
448	114601	70.00
448	96861	82.50
448	420	55.25
448	59615	57.74
448	2349	75.00
448	109372	60.00
448	95207	60.00
448	348	72.50
448	19	56.23
448	136020	60.00
448	4502	36.67
448	91094	50.00
448	138208	50.00
448	3511	42.00
448	79428	71.67
448	2643	35.56
448	109183	57.46
448	2139	70.91
448	4212	57.46
448	5942	60.00
448	96417	66.67
448	112852	82.25
448	99728	75.00
448	89470	76.25
448	142448	65.00
448	64983	64.29
448	2640	71.96
448	2046	62.78
448	4881	76.00
448	3882	54.62
448	3744	53.08
448	1032	65.52
448	116799	77.50
448	5	59.67
448	4040	45.56
448	157407	57.46
448	2115	72.36
448	1617	83.28
448	4367	63.21
448	105254	57.46
448	3388	46.67
448	3760	80.00
448	2146	67.50
448	2968	75.20
448	6281	61.60
448	466	55.35
448	96448	30.00
448	86332	74.35
448	64969	73.85
448	115170	57.46
448	1036	78.30
448	3397	68.00
448	2474	71.00
448	1408	78.44
448	155743	57.46
448	106920	80.59
448	8542	70.00
448	120466	71.43
448	2051	40.00
448	7143	78.72
448	7150	58.75
448	89087	36.67
448	34150	55.52
448	2253	48.24
448	2973	75.83
449	1917	62.30
449	2502	82.94
449	4034	79.61
449	1222	83.47
449	2770	60.83
449	762	49.52
449	2011	70.33
449	2324	82.22
450	3977	54.23
450	589	79.87
450	110	80.18
450	3363	76.97
450	3535	73.41
450	3948	68.48
450	3409	59.66
450	1035	78.51
450	3568	78.75
450	358	56.00
450	1259	79.23
451	733	72.71
451	593	83.28
451	7	65.41
451	5	59.67
451	494	69.58
451	25	72.14
451	17	75.68
452	4025	60.95
452	2858	81.07
452	2617	60.94
452	5292	72.50
452	1206	82.65
452	1676	66.45
452	3219	61.82
452	47	80.51
452	3101	62.92
452	163	72.50
452	1092	64.48
452	1917	62.30
452	2126	55.56
452	1356	78.21
452	552	64.10
452	2628	62.98
452	1200	78.66
452	608	81.85
452	2707	64.55
452	3273	51.76
453	208	58.15
453	858	86.24
453	2335	63.04
453	4022	74.93
453	3618	70.00
453	1617	83.28
453	3452	61.82
453	1357	76.88
453	112	67.42
453	2671	72.79
453	1884	80.31
453	1894	57.86
453	2294	63.64
453	318	89.01
453	1614	56.25
453	3534	66.67
453	2959	86.17
453	798	53.00
453	5266	60.69
453	780	69.25
454	7361	83.41
454	2692	80.00
454	7116	70.00
454	55820	78.75
454	6016	82.24
454	27773	80.71
454	2160	86.84
454	2858	81.07
454	26131	90.00
455	272	72.11
455	432	50.65
455	367	63.36
455	590	77.25
455	253	71.00
455	364	79.48
455	555	77.23
455	252	67.74
455	110	80.18
455	225	68.79
455	588	75.51
455	597	71.26
456	1407	63.85
456	634	50.00
456	135	56.54
456	5	59.67
456	724	59.52
456	780	69.25
456	733	72.71
456	260	83.58
456	706	75.56
457	329	66.34
457	3593	29.29
457	2692	80.00
457	1356	78.21
457	223	77.12
457	2394	69.44
457	2701	43.59
457	3608	56.47
457	733	72.71
457	2094	64.83
458	597	71.26
458	185	61.08
458	10	70.11
458	380	70.00
458	95	57.78
458	454	73.04
458	300	72.36
458	595	73.70
458	153	57.86
458	587	66.90
458	150	77.24
458	552	64.10
459	79132	81.43
459	5618	82.00
459	8961	76.41
459	48780	79.45
459	50872	76.33
459	260	83.58
460	89039	85.38
460	4886	76.63
460	4703	85.00
460	3831	73.33
460	1441	68.33
460	4878	79.72
460	3483	57.50
460	8970	73.00
460	1	78.84
460	49272	79.12
460	40815	75.88
460	85414	72.86
460	68237	80.87
460	76093	79.12
460	47610	71.07
460	63082	76.17
460	2571	82.77
461	74458	80.83
461	2762	76.79
461	1036	78.30
461	91500	68.81
461	3578	77.95
461	539	69.42
462	26838	67.82
462	89090	67.82
462	164655	67.82
462	188189	67.82
462	1136	81.05
462	1219	80.38
462	158966	90.00
462	1248	84.44
462	508	71.88
462	1653	79.38
462	1674	72.73
462	8917	71.60
462	8620	10.00
462	3424	81.82
462	2146	67.50
462	7044	80.00
462	3814	88.33
462	1213	83.91
462	82857	67.82
462	26131	90.00
463	6377	78.02
463	2028	82.56
463	4310	58.85
463	3753	66.81
463	2006	58.10
463	1092	64.48
463	5995	83.33
464	1370	69.56
464	58025	61.82
464	63853	50.00
464	296	82.88
464	2019	82.43
464	3527	71.16
464	5254	64.19
464	7007	66.00
464	1101	65.00
464	1779	55.33
464	377	69.04
464	1653	79.38
464	55820	78.75
464	648	70.67
464	33493	69.81
464	1610	75.47
464	65088	70.00
464	74727	90.00
464	1617	83.28
464	62374	73.33
465	2941	74.29
465	2987	71.86
465	1200	78.66
465	3448	74.14
465	5060	78.12
465	1299	85.29
465	3703	74.81
465	3649	50.00
465	1625	73.65
465	292	68.12
465	904	83.45
465	3101	62.92
465	1754	71.00
465	750	85.56
465	1256	76.25
465	593	83.28
465	3732	70.00
465	3740	79.09
465	3334	81.43
465	377	69.04
466	5418	75.93
466	30793	61.56
466	79091	75.00
466	92259	85.79
466	5989	78.69
466	5459	59.09
466	318	89.01
466	63082	76.17
466	59784	68.92
466	5010	77.30
466	74458	80.83
466	6281	61.60
466	5952	79.77
466	8529	64.41
466	64716	80.00
466	68954	78.08
466	4993	83.38
466	45447	61.79
466	81845	80.61
466	55247	77.19
467	41	69.90
467	58	69.90
467	389	69.90
467	466	69.90
467	527	69.90
467	593	69.90
467	780	69.90
467	1183	69.90
467	1233	69.90
467	1357	69.90
467	1365	69.90
467	1408	69.90
467	1721	69.90
467	2028	69.90
467	2125	69.90
467	2324	69.90
467	2334	69.90
467	2384	69.90
467	2390	69.90
467	2393	69.90
467	2394	69.90
467	2493	69.90
468	592	68.76
468	349	71.20
468	1	78.84
468	317	64.07
468	296	82.88
468	32	80.08
468	165	72.95
469	3658	74.04
469	3832	74.04
469	3507	80.91
469	3032	77.50
469	2736	75.00
469	2132	80.00
469	1958	78.24
469	910	79.14
469	1090	79.23
469	1485	59.15
469	1388	60.00
469	2321	67.25
469	1234	79.11
469	2081	71.06
469	1193	83.78
469	36	76.67
469	2908	71.92
469	909	72.35
469	2023	67.88
469	3255	69.31
470	253	71.00
470	318	89.01
470	110	80.18
470	588	75.51
470	282	65.31
470	5	59.67
470	597	71.26
470	32	80.08
470	595	73.70
470	592	68.76
470	500	65.96
470	26	73.75
470	356	82.94
470	357	70.13
470	434	59.05
470	300	72.36
471	2571	82.77
471	8874	78.39
471	527	84.29
471	1	78.84
471	8360	73.88
471	7147	78.41
472	58559	83.81
472	3450	65.00
472	3298	72.94
472	2840	55.29
472	1221	85.06
472	858	86.24
473	4979	73.62
473	2959	86.17
473	60	64.62
473	7147	78.41
473	6281	61.60
473	3897	76.90
473	48322	83.33
473	2596	72.50
474	638	68.17
474	2179	68.17
474	2697	68.17
474	4046	68.17
474	5114	68.17
474	5311	68.17
474	5353	68.17
474	5455	68.17
474	5601	68.17
474	6201	68.17
474	6273	68.17
474	6382	68.17
474	6407	68.17
474	6592	68.17
474	6912	68.17
474	7702	68.17
474	7826	68.17
474	7832	68.17
474	7839	68.17
474	8057	68.17
474	8446	68.17
474	8458	68.17
474	8459	68.17
474	8611	68.17
474	8650	68.17
474	8774	68.17
474	8938	68.17
474	1466	74.15
474	6708	74.58
474	2940	80.00
474	2616	56.67
474	2334	55.56
474	7139	76.00
474	4218	68.17
474	371	71.43
474	750	85.56
474	2935	80.00
474	8645	82.50
474	5481	58.54
474	6370	87.50
474	25865	68.17
474	2553	65.00
474	912	85.37
474	2467	77.14
474	5548	70.00
474	7301	68.17
474	52967	75.00
474	5945	64.50
474	480	74.53
474	1983	50.00
474	3462	75.50
474	1068	68.17
474	8600	68.17
474	6650	68.17
474	8482	68.17
474	6791	90.00
474	4016	72.96
474	1784	70.81
474	3668	73.33
474	3977	54.23
474	8961	76.41
474	4160	80.00
474	30820	70.00
474	6984	68.17
474	2750	60.00
474	5034	60.00
474	7716	68.17
474	2612	68.17
474	4419	90.00
474	1300	85.71
474	4187	80.00
474	1187	66.67
474	6565	73.85
474	272	72.11
474	5440	68.17
474	25937	65.00
474	1099	60.00
474	3125	68.17
474	5826	68.17
474	5649	68.17
474	7256	85.00
474	4912	80.00
474	6016	82.24
474	1208	85.32
474	2083	75.83
474	3385	62.00
474	2310	70.00
474	3360	75.00
474	3163	90.00
474	1413	80.00
474	4081	40.00
474	1643	70.00
474	968	76.82
474	2116	56.67
474	26965	80.00
474	5954	77.14
474	1263	79.71
474	5116	68.17
474	3536	70.00
474	8778	68.17
474	63433	60.00
474	2952	69.00
474	318	89.01
474	3394	55.00
474	1200	78.66
474	3384	90.00
474	4356	75.00
474	932	83.33
474	7698	75.00
474	516	64.62
474	4873	74.29
474	48385	64.90
474	39869	83.33
474	1902	68.17
474	2641	59.70
474	7036	70.00
474	2181	73.33
474	4638	55.00
474	31116	60.00
474	2455	68.48
474	2146	67.50
474	628	71.43
474	3897	76.90
474	1030	56.00
474	4022	74.93
474	344	61.46
474	3196	80.00
474	92	50.00
474	237	64.44
474	6770	70.00
474	3259	65.00
474	3368	60.00
474	26151	68.17
474	1293	81.43
474	34072	68.46
474	3044	75.00
474	1639	71.19
474	5944	63.12
474	6539	76.86
474	477	67.14
474	7361	83.41
474	55687	68.17
474	58	82.50
474	4014	68.93
474	3467	70.00
474	8154	86.67
474	4191	60.00
474	2134	62.35
474	4644	80.00
474	4293	60.00
474	5013	78.82
474	1399	80.00
474	1196	84.36
474	2918	77.95
474	5899	80.00
474	4465	72.50
474	100	55.56
474	361	61.43
474	3341	85.00
474	8921	68.17
474	195	70.00
474	3789	68.17
474	4709	60.00
474	1588	63.08
474	3468	88.46
474	4678	67.14
474	2723	65.91
474	2118	70.00
474	1939	86.67
474	7019	68.17
474	3147	82.66
474	1792	60.00
474	33903	86.67
474	1682	75.60
474	41566	67.50
474	1693	66.43
474	1957	78.75
474	5021	60.00
474	2313	76.36
474	3870	68.17
474	948	77.50
474	47099	76.76
474	3447	80.00
474	6614	55.00
474	216	71.03
474	5619	80.00
474	3987	47.50
474	5060	78.12
474	3111	90.00
474	45950	71.25
474	32584	56.67
474	5525	68.17
474	2567	57.69
474	5956	71.03
474	7	65.41
474	1172	81.60
474	3217	70.00
474	8331	68.17
474	587	66.90
474	5238	70.00
474	1189	76.67
474	2416	64.00
474	832	68.21
474	3095	81.25
474	7386	75.00
474	1223	81.58
474	7058	68.17
474	5246	35.00
474	5418	75.93
474	27803	81.67
474	26	73.75
474	4002	77.65
474	1135	66.67
474	45	69.55
474	6945	100.00
474	2411	52.73
474	2520	68.17
474	7347	66.15
474	5375	68.17
474	5673	70.77
474	3039	72.96
474	7833	68.17
474	33781	50.00
474	720	83.68
474	2103	60.00
474	33154	80.00
474	608	81.85
474	1327	40.00
474	101	78.67
474	7061	68.17
474	5451	56.67
474	5682	68.17
474	5434	76.67
474	6609	68.17
474	31658	81.79
474	4578	30.00
474	2009	67.50
474	4704	68.17
474	7572	68.17
474	4929	45.00
474	3306	80.00
474	6334	80.00
474	5379	85.00
474	5437	60.00
474	42418	70.00
474	4128	74.12
474	7451	74.14
474	2786	40.00
474	2243	63.89
474	27846	78.57
474	6197	65.00
474	3264	48.00
474	3608	56.47
474	5603	100.00
474	6124	70.00
474	1222	83.47
474	1663	75.77
474	3566	51.67
474	3755	63.06
474	2628	62.98
474	4815	58.00
474	2089	68.75
474	7102	46.67
474	27706	63.89
474	7013	77.50
474	1348	72.00
474	45666	52.22
474	5755	40.00
474	4055	68.17
474	2058	65.45
474	4462	20.00
474	1544	54.47
474	2405	55.00
474	4998	68.17
474	273	59.47
474	1977	50.00
474	1732	79.23
474	7822	68.17
474	7073	68.17
474	41527	80.00
474	4787	67.14
474	1676	66.45
474	3708	62.50
474	6669	66.00
474	317	64.07
474	25940	68.17
474	971	94.00
474	7366	57.14
474	3115	80.00
474	7026	50.00
474	2710	56.96
474	50685	72.50
474	2114	75.45
474	3809	67.50
474	3516	68.17
474	2770	60.83
474	535	61.54
474	4878	79.72
474	5992	72.22
474	41997	77.86
474	1083	66.67
474	4487	60.00
474	7293	70.30
474	1016	63.33
474	2006	58.10
474	1007	60.00
474	4993	83.38
474	3412	68.00
474	5007	68.17
474	3929	40.00
474	6639	80.00
474	8712	68.17
474	1876	55.71
474	3546	68.17
474	34359	68.17
474	7579	75.00
474	7325	70.00
474	6837	68.17
474	2634	70.00
474	7753	70.00
474	8943	68.17
474	8385	68.17
474	4308	70.70
474	3246	88.00
474	3745	69.50
474	1148	79.50
474	42002	66.00
474	50740	70.00
474	3952	55.00
474	1927	88.00
474	7581	60.00
474	910	79.14
474	3948	68.48
474	54881	77.78
474	1284	91.67
474	4007	76.00
474	5341	68.17
474	3675	83.33
474	52975	70.91
474	6244	80.00
474	965	74.00
474	454	73.04
474	1247	79.25
474	7215	70.00
474	1282	75.41
474	8207	82.50
474	6242	66.67
474	6502	78.81
474	4509	66.67
474	3528	80.00
474	2391	72.67
474	4262	78.00
474	4039	62.50
474	42018	10.00
474	3271	76.67
474	976	68.17
474	48394	75.77
474	5384	68.17
474	5168	68.17
474	1358	76.57
474	6534	47.83
474	8773	68.17
474	2384	51.11
474	48780	79.45
474	1269	76.11
474	4600	80.00
474	2642	44.62
474	111	81.88
474	933	87.14
474	3578	77.95
474	5297	68.17
474	944	80.00
474	6020	68.17
474	2123	53.33
474	748	60.62
474	4896	73.78
474	5380	76.67
474	53953	67.06
474	3712	60.00
474	25996	68.17
474	1997	77.78
474	4464	80.00
474	4085	68.53
474	51540	72.92
474	2707	64.55
474	2069	100.00
474	6710	70.00
474	1488	61.25
474	6378	72.43
474	928	81.43
474	3038	85.00
474	7116	70.00
474	44511	68.17
474	594	72.31
474	1962	72.22
474	421	63.33
474	4316	30.00
474	2761	80.65
474	4823	58.95
474	892	68.89
474	1345	65.77
474	5294	83.33
474	1408	78.44
474	6579	68.17
474	3272	68.57
474	3421	72.50
474	3844	65.00
474	6787	81.05
474	37736	70.00
474	2249	60.00
474	1610	75.47
474	2468	50.00
474	3498	93.33
474	4902	74.29
474	6268	80.00
474	5225	82.00
474	5404	90.00
474	929	68.17
474	25999	68.17
474	7835	68.17
474	805	72.73
474	4126	80.00
475	6539	76.86
475	4993	83.38
475	87232	75.19
475	40815	75.88
475	5816	71.58
475	8644	72.62
475	81564	74.38
475	4701	64.78
475	81834	80.00
475	6564	44.55
475	68791	70.00
475	111759	80.61
475	7153	82.77
475	1527	74.23
475	71530	57.69
475	4896	73.78
475	106487	70.00
475	112852	82.25
475	3578	77.95
475	82461	65.45
476	594	72.31
476	34	73.03
476	380	70.00
476	158	53.78
476	153	57.86
476	586	59.37
476	440	71.55
476	364	79.48
476	378	52.50
476	357	70.13
476	224	73.60
476	165	72.95
476	296	82.88
476	11	73.72
477	34	73.03
477	913	82.78
477	3100	78.82
477	2105	66.57
477	1271	71.90
477	1207	85.13
477	70687	20.00
477	2174	68.79
477	45672	61.76
477	4571	73.87
477	3973	35.00
477	4226	82.50
477	1103	80.91
477	5291	72.00
477	348	72.50
477	3593	29.29
477	1	78.84
477	1274	75.86
477	6502	78.81
477	59615	57.74
478	1917	62.30
478	3114	76.62
478	594	72.31
478	1584	71.23
478	1101	65.00
479	5365	65.31
479	4488	80.00
479	524	68.33
479	1025	73.89
479	3707	60.00
479	1220	77.17
479	4010	58.33
479	3244	70.00
479	3526	70.00
479	4092	50.00
479	1968	75.82
479	4700	61.00
479	4003	70.00
479	3671	78.41
479	2671	72.79
479	341	65.31
479	2012	67.62
479	2542	80.00
479	454	73.04
479	2384	51.11
480	43914	65.46
480	2700	74.91
480	8533	72.00
480	2193	71.03
480	2797	74.53
480	3484	58.57
480	2571	82.77
480	1210	83.36
480	2596	72.50
480	8866	74.00
480	47610	71.07
480	6306	90.00
480	5379	85.00
480	2018	66.07
480	7153	82.77
480	3911	74.05
480	44191	78.43
480	38061	81.79
480	5673	70.77
480	380	70.00
481	1608	64.88
481	1687	64.00
481	1629	60.00
481	1729	70.59
481	1620	58.75
481	1597	58.39
481	1485	59.15
482	2068	100.00
482	8985	56.00
482	1036	78.30
482	474	72.94
482	1042	62.14
482	4389	80.00
482	780	69.25
482	27706	63.89
482	3211	68.84
482	1610	75.47
482	4367	63.21
482	1374	78.25
482	1220	77.17
482	1602	40.00
482	653	61.59
482	592	68.76
482	30812	75.20
482	4862	40.00
482	8361	60.53
482	8529	64.41
483	105325	72.77
483	783	66.00
483	2541	66.79
483	2959	86.17
483	109971	72.77
483	45722	69.80
483	1199	84.36
483	50872	76.33
483	2000	72.55
483	4306	77.93
483	69757	73.79
483	2683	64.66
483	2273	65.29
483	1588	63.08
483	109487	78.04
483	66934	79.41
483	1721	67.16
483	2328	45.00
483	68522	72.77
483	8972	64.67
484	93320	76.86
484	1438	53.89
484	6155	63.33
484	6944	69.17
484	2706	67.59
484	33166	75.59
484	6874	79.40
484	3697	64.29
484	1059	75.24
484	76293	70.00
484	919	76.62
484	2762	76.79
484	1821	55.00
484	837	65.38
484	5810	64.29
484	1753	66.25
484	3254	65.24
484	4718	58.12
484	2413	68.33
484	3646	40.00
485	588	75.51
485	161	72.70
485	253	71.00
485	292	68.12
485	231	61.79
486	653	61.59
486	47	80.51
486	110	80.18
486	153	57.86
486	474	72.94
486	95	57.78
486	288	64.22
486	329	66.34
486	161	72.70
486	318	89.01
486	292	68.12
486	6	80.14
487	27611	73.12
487	8961	76.41
487	318	89.01
487	1198	85.85
487	31658	81.79
487	1197	85.15
487	6539	76.86
487	5445	72.47
487	116797	81.28
487	4027	76.96
487	8874	78.39
487	86377	92.50
488	720	83.68
488	838	76.00
488	608	81.85
488	1223	81.58
488	26	73.75
488	5135	77.50
488	2109	67.37
488	7720	53.33
488	7303	80.00
488	4014	68.93
488	5995	83.33
488	457	78.75
488	105	64.38
488	1136	81.05
488	272	72.11
488	1269	76.11
488	3176	70.26
488	1278	80.00
488	1125	73.57
488	910	79.14
489	79536	60.78
489	86000	60.78
489	4848	79.39
489	736	65.58
489	8387	16.67
489	4700	61.00
489	45666	52.22
489	4720	72.00
489	2683	64.66
489	2021	69.64
489	2389	40.00
489	1619	67.00
489	950	73.33
489	58559	83.81
489	2236	60.00
489	2167	65.35
489	1616	60.00
489	247	80.00
489	376	64.62
489	2717	56.22
490	46578	77.68
490	89492	76.88
490	81591	68.97
490	91077	85.00
490	60074	58.50
490	5816	71.58
490	4144	82.00
490	54001	78.04
490	1	78.84
490	1784	70.81
490	7153	82.77
490	4993	83.38
490	89759	90.00
490	86320	62.50
490	60128	70.00
490	76251	72.59
490	8368	78.46
490	69122	73.21
490	2006	58.10
490	78499	78.48
491	106782	79.14
491	69757	73.79
491	7293	70.30
491	27808	65.00
491	4246	72.67
491	3948	68.48
491	104374	79.00
491	86833	77.86
491	140110	64.29
491	8529	64.41
491	180231	85.50
491	4306	77.93
491	88405	61.43
492	736	65.58
492	784	57.18
492	628	71.43
492	858	86.24
492	852	62.26
492	64	46.67
492	990	40.00
492	830	58.46
492	743	48.10
492	62	73.46
492	52	71.00
492	1499	39.47
492	66	56.00
492	1210	83.36
492	881	40.00
492	1474	36.67
492	1405	55.42
492	724	59.52
492	1047	62.73
492	65	48.64
493	2985	68.72
493	4444	75.00
493	2916	71.75
493	1275	76.67
493	2571	82.77
493	1527	74.23
493	2028	82.56
493	3793	73.96
493	2167	65.35
493	1215	82.97
493	4701	64.78
493	2924	83.33
493	260	83.58
494	1196	84.36
494	4498	55.00
494	3578	77.95
494	2028	82.56
494	1210	83.36
495	140523	80.00
495	115149	76.32
495	1259	79.23
495	1721	67.16
495	136562	72.50
495	80489	79.29
495	19	56.23
495	50872	76.33
495	231	61.79
495	102123	60.00
495	52319	75.00
495	7254	71.43
495	7360	74.17
495	8528	74.64
495	1645	69.43
495	46578	77.68
495	30810	67.31
495	2918	77.95
495	148626	78.89
495	56775	63.68
496	1221	85.06
496	99149	66.67
496	858	86.24
496	904	83.45
496	8865	50.77
496	114713	70.00
497	1193	83.78
497	112556	76.00
497	112290	75.38
497	1916	72.50
497	92259	85.79
497	2329	83.74
497	112552	79.64
497	1258	81.73
497	2762	76.79
497	5349	72.21
497	111362	75.79
498	344	61.46
498	231	61.79
498	648	70.67
498	10	70.11
498	300	72.36
498	356	82.94
498	316	67.61
499	1202	72.00
499	2337	60.00
499	38304	93.33
499	327	57.78
499	56286	60.00
499	1304	78.75
500	2599	70.25
500	2987	71.86
500	543	65.00
500	2700	74.91
500	2542	80.00
500	1265	78.49
500	2916	71.75
500	356	82.94
500	3301	69.14
500	1784	70.81
500	1914	77.50
500	595	73.70
500	2355	71.18
500	3536	70.00
500	1885	70.00
500	322	68.00
500	838	76.00
500	720	83.68
501	6	80.14
501	62	73.46
501	93	61.43
501	45	69.55
501	3	66.06
501	637	59.55
501	11	73.72
501	18	74.55
501	662	76.00
502	7236	75.00
502	1077	73.50
502	4412	77.27
502	3469	72.50
502	2001	64.25
502	2520	77.27
502	1777	70.25
503	7455	68.67
503	7361	83.41
503	4878	79.72
503	356	82.94
503	91500	68.81
503	593	83.28
503	527	84.29
503	858	86.24
503	4226	82.50
503	1259	79.23
503	1342	51.43
503	2877	55.00
503	92509	65.00
503	90866	73.57
503	500	65.96
503	441	77.33
503	48516	85.81
503	2858	81.07
503	48394	75.77
504	4995	78.97
504	5812	78.57
504	2321	67.25
504	1	78.84
504	3556	75.62
504	7153	82.77
504	6708	74.58
504	1288	82.61
504	6927	75.09
504	4033	76.67
504	4700	61.00
504	6565	73.85
504	342	70.53
504	3408	70.00
504	6879	67.69
504	4361	68.08
504	5952	79.77
504	5955	66.00
505	1241	74.00
505	4105	72.50
505	1029	68.80
505	74685	66.67
505	273	59.47
505	6502	78.81
505	54999	65.00
506	59258	65.00
506	54272	72.50
506	37741	75.62
506	56782	83.50
506	62293	66.67
506	51834	58.00
506	49286	68.82
506	112556	76.00
506	61024	80.00
507	165	72.95
507	266	65.33
507	253	71.00
507	377	69.04
507	593	83.28
508	2872	76.00
508	2011	70.33
508	1952	80.91
508	1175	82.86
508	898	89.05
509	26958	64.34
509	130073	64.34
509	2028	82.56
509	87232	75.19
509	33830	64.34
509	5313	44.38
509	48	65.40
509	2090	61.25
509	2080	69.23
509	6942	75.71
509	8907	52.00
509	6156	63.33
509	5816	71.58
509	39	67.37
509	3988	60.00
509	6807	78.33
509	7458	70.29
509	1196	84.36
509	45447	61.79
509	616	68.62
510	1882	40.40
510	7026	50.00
510	35836	71.76
510	494	69.58
510	1198	85.85
510	514	68.46
510	457	78.75
510	2935	80.00
510	858	86.24
510	2699	56.10
510	317	64.07
510	8949	74.14
510	2918	77.95
510	145	62.70
510	1262	78.62
510	6787	81.05
510	1208	85.32
510	372	54.74
510	1242	83.08
510	40819	77.33
511	2959	86.17
511	53953	67.06
511	115149	76.32
511	164179	78.26
511	6534	47.83
511	99114	77.20
511	92259	85.79
511	318	89.01
511	2324	82.22
511	1653	79.38
511	56757	72.92
512	480	74.53
512	150	77.24
512	349	71.20
512	47	80.51
512	350	65.38
512	442	59.66
512	457	78.75
512	50	84.34
512	317	64.07
512	593	83.28
513	5952	79.77
513	318	89.01
513	2174	68.79
513	235	72.00
513	1304	78.75
513	1220	77.17
513	1080	80.81
514	1335	66.48
514	5704	66.48
514	62586	66.48
514	168358	66.48
514	180263	66.48
514	1704	81.93
514	2005	72.82
514	2792	65.00
514	2013	61.18
514	1673	83.33
514	134130	82.90
514	76093	79.12
514	1333	73.44
514	58998	75.29
514	68157	84.53
514	2406	69.51
514	3210	68.46
514	54503	77.69
514	4855	74.71
514	1644	44.17
515	33794	77.16
515	2028	82.56
515	527	84.29
515	91529	80.20
515	58559	83.81
515	2959	86.17
516	260	69.90
516	457	69.90
516	480	69.90
516	647	69.90
516	708	69.90
516	1042	69.90
516	1090	69.90
516	1197	69.90
516	1198	69.90
516	1954	69.90
516	1958	69.90
516	2021	69.90
516	2259	69.90
516	2268	69.90
516	3052	69.90
516	3471	69.90
516	4027	69.90
516	4291	69.90
516	4306	69.90
516	4321	69.90
516	4322	69.90
516	4333	69.90
516	4337	69.90
516	4349	69.90
516	4361	69.90
516	4429	69.90
517	4306	77.93
517	53125	70.29
517	1265	78.49
517	165489	48.98
517	97938	76.19
517	88744	68.89
517	86880	61.76
517	4148	61.61
517	26761	48.98
517	3398	70.77
517	1293	81.43
517	3988	60.00
517	2858	81.07
517	4963	76.74
517	1204	86.36
517	1704	81.93
517	47629	75.71
517	7669	76.67
517	1206	82.65
517	46578	77.68
518	3101	62.92
518	2657	66.67
518	783	66.00
518	1876	55.71
518	6365	66.34
519	1704	81.93
519	356	82.94
519	140110	64.29
519	6378	72.43
519	7445	67.78
519	1968	75.82
520	7266	77.12
520	318	89.01
520	1049	63.08
520	59315	75.82
520	4995	78.97
520	32	80.08
520	2716	75.23
520	4333	55.00
520	1291	80.48
520	1732	79.23
520	4085	68.53
520	2723	65.91
520	3081	69.57
520	3994	69.15
520	33493	69.81
520	135	56.54
520	2393	65.83
520	60516	50.00
520	2406	69.51
520	1584	71.23
521	661	66.94
521	112	67.42
521	86	80.77
521	104	69.28
521	58	82.50
521	79	58.46
521	52	71.00
521	852	62.26
522	99114	77.20
522	81932	74.12
522	89492	76.88
522	63113	67.50
522	2959	86.17
522	1193	83.78
522	1375	67.50
522	4993	83.38
522	223	77.12
522	27611	73.12
522	76060	50.00
522	180	67.60
522	59315	75.82
522	1617	83.28
522	10	70.11
522	67255	80.56
522	2023	67.88
522	6187	80.00
522	318	89.01
522	127098	83.33
523	168252	85.56
523	8970	73.00
523	5989	78.69
523	318	89.01
523	91529	80.20
523	1721	67.16
523	293	79.01
523	65261	76.25
523	4270	58.89
523	3147	82.66
523	27731	77.50
523	134130	82.90
523	31696	67.20
523	527	84.29
523	101962	73.33
524	1356	78.21
524	150	77.24
524	552	64.10
524	748	60.62
524	344	61.46
524	442	59.66
524	253	71.00
524	1225	82.35
524	20	48.89
524	589	79.87
524	1242	83.08
524	544	56.00
524	173	51.74
524	1302	69.49
524	380	70.00
524	457	78.75
524	1020	62.41
524	788	52.88
524	193	48.21
524	466	55.35
525	120807	71.28
525	317	64.07
525	6863	66.67
525	8622	71.15
525	33004	70.30
525	7147	78.41
525	2396	73.58
525	40815	75.88
525	137337	75.00
525	1639	71.19
525	1968	75.82
525	91869	71.28
525	45880	61.11
525	2100	61.39
525	339	69.66
525	4886	76.63
525	50872	76.33
525	86332	74.35
525	8983	69.38
525	3996	75.97
526	593	83.28
526	55247	77.19
526	46578	77.68
526	176415	83.33
526	1295	63.75
526	90430	65.00
526	4014	68.93
526	2352	74.44
526	176413	83.33
526	215	77.37
526	81845	80.61
526	51255	78.54
527	2137	68.33
527	3114	76.62
527	3210	68.46
527	3016	61.82
527	2161	71.21
527	4571	73.87
527	2118	70.00
527	3421	72.50
527	455	46.67
527	2867	68.57
527	2450	38.00
527	1909	70.00
527	1214	78.94
527	4299	65.00
527	736	65.58
527	2477	50.00
527	588	75.51
527	4016	72.96
527	1259	79.23
527	2533	57.78
528	4886	76.63
528	2278	72.26
528	80906	84.00
528	4037	80.00
528	1240	77.24
528	64614	78.06
528	3821	47.50
528	150	77.24
528	1291	80.48
528	80463	78.78
528	593	83.28
528	99813	72.50
528	85342	84.00
528	48516	85.81
528	58559	83.81
529	653	61.59
529	135	56.54
529	65	48.64
529	62	73.46
529	733	72.71
530	292	68.12
530	500	65.96
530	300	72.36
530	586	59.37
530	593	83.28
530	11	73.72
531	593	83.28
531	590	77.25
531	919	76.62
531	480	74.53
531	1215	82.97
532	1721	67.16
532	4863	90.00
532	457	78.75
532	290	79.09
532	1245	86.43
532	1242	83.08
532	2023	67.88
532	2329	83.74
532	1304	78.75
532	517	64.29
533	1200	78.66
533	6502	78.81
533	79132	81.43
533	46578	77.68
533	93840	80.00
533	4973	82.57
533	2455	68.48
533	66934	79.41
534	116724	75.83
534	97913	74.12
534	94953	60.00
534	2003	67.50
534	2167	65.35
534	7569	78.00
534	153	57.86
534	1485	59.15
534	65514	77.50
534	104218	60.00
534	344	61.46
534	2571	82.77
534	5445	72.47
534	95875	61.67
534	112818	80.00
534	82461	65.45
534	96610	74.14
534	2987	71.86
534	138036	70.00
534	1566	68.64
535	2571	82.77
535	2581	60.00
535	2700	74.91
535	2688	59.09
535	2583	77.00
535	2882	40.00
536	232	84.00
536	272	72.11
536	356	82.94
536	335	66.40
536	225	68.79
536	150	77.24
536	434	59.05
536	589	79.87
537	80906	84.00
537	367	63.36
537	7153	82.77
537	53322	66.67
537	104218	60.00
537	97304	75.00
537	6539	76.86
537	318	89.01
537	89745	79.77
537	105504	80.00
538	595	73.70
538	3671	78.41
538	80549	77.89
538	4039	62.50
538	69757	73.79
538	5047	61.25
538	44889	91.30
538	66934	79.41
539	4306	77.93
539	6753	68.18
539	5218	72.37
539	50872	76.33
539	88	64.29
539	3301	69.14
539	4886	76.63
539	69122	73.21
540	2598	55.33
540	2959	86.17
540	1073	79.57
540	8874	78.39
540	1681	37.50
540	2183	66.67
540	2841	69.23
540	2747	56.67
540	1196	84.36
541	590	77.25
541	457	78.75
541	413	58.89
541	15	60.00
541	110	80.18
541	595	73.70
541	597	71.26
541	480	74.53
541	356	82.94
541	203	65.00
541	529	76.07
541	357	70.13
541	22	63.85
541	345	69.58
541	546	39.29
541	586	59.37
541	281	80.00
541	350	65.38
542	6539	76.86
542	30793	61.56
542	5299	62.98
542	2542	80.00
542	34319	66.09
542	33679	67.27
542	4963	76.74
542	5481	58.54
542	1997	77.78
542	4025	60.95
542	3623	56.55
542	924	78.57
542	4369	61.25
542	6378	72.43
542	2571	82.77
542	7254	71.43
542	41566	67.50
542	37733	71.18
542	7361	83.41
542	45517	67.67
543	73881	90.00
543	1702	57.27
543	595	73.70
543	3301	69.14
543	231	61.79
543	2378	55.33
543	2379	41.11
543	86882	68.82
543	6377	78.02
543	588	75.51
543	377	69.04
543	48385	64.90
543	2571	82.77
543	4526	40.00
543	4388	52.73
543	92259	85.79
544	1	69.90
544	3	69.90
544	14	69.90
544	32	69.90
544	40	69.90
544	62	69.90
544	68	69.90
544	95	69.90
544	116	69.90
544	619	69.90
544	626	69.90
544	648	69.90
544	650	69.90
544	694	69.90
544	736	69.90
544	780	69.90
544	839	69.90
544	1042	69.90
544	1047	69.90
544	1059	69.90
544	1105	69.90
544	1356	69.90
545	1438	53.89
545	1267	85.22
545	2763	73.89
545	1367	61.94
545	44	49.35
546	1270	80.34
546	3328	82.35
546	480	74.53
546	1970	57.00
546	2456	50.00
546	1976	38.33
546	589	79.87
546	2657	66.67
546	1673	83.33
546	3941	68.00
546	3959	65.00
546	3566	51.67
546	1977	50.00
547	1211	78.75
547	2859	80.00
547	2917	77.50
547	1394	81.39
547	1288	82.61
548	69	69.90
548	260	69.90
548	356	69.90
548	733	69.90
548	1196	69.90
548	1393	69.90
548	1477	69.90
548	1621	69.90
548	2571	69.90
548	2716	69.90
548	3263	69.90
548	3578	69.90
548	3916	69.90
548	4776	69.90
548	4899	69.90
548	5955	69.90
548	6874	69.90
548	7458	69.90
548	8531	69.90
548	49910	69.90
548	58559	69.90
548	74532	69.90
548	80862	69.90
548	122904	69.90
548	125916	69.90
548	168712	69.90
549	2571	82.77
549	2028	82.56
549	4226	82.50
549	1210	83.36
549	589	79.87
550	167296	84.71
550	102125	70.38
550	106782	79.14
550	116797	81.28
550	112852	82.25
550	122882	75.71
551	5010	77.30
551	34162	68.22
551	60069	81.27
551	1544	54.47
551	45186	72.78
551	103772	67.00
551	51935	75.33
551	4226	82.50
551	2353	68.86
551	7153	82.77
551	5989	78.69
551	135569	70.83
551	115149	76.32
551	88129	75.56
551	134130	82.90
551	6934	60.16
551	47	80.51
551	4701	64.78
551	2959	86.17
551	98809	75.71
552	2916	71.75
552	3317	76.00
552	1405	55.42
552	2953	49.50
552	2245	62.35
552	2944	78.50
552	2890	74.67
552	2125	74.17
552	508	71.88
552	3948	68.48
552	5349	72.21
552	2959	86.17
552	2857	60.00
552	173	51.74
552	2991	74.17
552	2871	79.17
552	2628	62.98
552	4308	70.70
552	4878	79.72
552	3101	62.92
553	55765	80.00
553	3481	73.15
553	1923	71.89
553	2571	82.77
553	4011	81.61
553	50	84.34
553	3949	77.68
553	1089	83.85
553	44199	73.12
553	5513	85.96
553	2231	75.65
553	2395	71.75
553	3052	73.75
553	61257	85.96
553	1221	85.06
553	33166	75.59
553	2959	86.17
554	1196	84.36
554	1022	67.81
554	2820	80.00
554	1207	85.13
554	1517	71.10
554	1282	75.41
554	1210	83.36
554	1760	24.00
554	2282	66.67
554	1225	82.35
554	907	60.00
554	1358	76.57
554	2096	68.57
554	1028	78.95
554	593	83.28
554	608	81.85
554	953	77.44
554	2324	82.22
555	790	69.37
555	3664	69.37
555	1	78.84
555	3111	90.00
555	3395	60.00
555	104	69.28
555	1334	40.00
555	2506	62.50
555	2072	61.67
555	4002	77.65
555	1266	80.91
555	2641	59.70
555	2256	60.00
555	2791	80.17
555	2701	43.59
555	1333	73.44
555	1320	62.22
555	337	75.83
555	1393	69.85
555	3526	70.00
556	162600	82.00
556	122890	66.00
556	3081	69.57
556	88125	78.33
556	588	75.51
556	72998	71.45
556	74789	59.20
557	648	70.67
557	231	61.79
557	1291	80.48
557	260	83.58
557	1210	83.36
557	150	77.24
558	5329	63.75
558	5064	76.30
558	4903	58.33
558	2297	76.00
558	2568	58.57
558	4993	83.38
558	4306	77.93
558	367	63.36
558	5283	58.00
558	1097	75.82
558	4164	80.00
558	5294	83.33
559	552	64.10
559	608	81.85
559	355	44.44
559	329	66.34
559	544	56.00
559	1527	74.23
559	173	51.74
559	377	69.04
559	745	77.62
559	174	55.71
559	529	76.07
559	350	65.38
559	349	71.20
559	533	56.36
559	836	58.18
559	1210	83.36
559	420	55.25
559	786	61.67
559	227	61.18
559	253	71.00
560	5839	71.26
560	91535	60.77
560	136018	40.00
560	67997	87.50
560	79132	81.43
560	3253	67.69
560	142558	71.26
560	2355	71.18
560	39435	55.00
560	1527	74.23
560	40414	75.00
560	64614	78.06
560	48744	90.00
560	56587	67.00
560	593	83.28
560	76251	72.59
560	84944	73.85
560	109313	71.26
560	5878	80.00
560	40819	77.33
561	168174	67.86
561	5308	58.12
561	78469	61.43
561	3703	74.81
561	60069	81.27
561	91535	60.77
561	2105	66.57
561	73017	76.50
561	5445	72.47
561	2000	72.55
561	83134	80.71
561	79132	81.43
561	79592	67.50
561	80463	78.78
561	89745	79.77
561	527	84.29
561	8972	64.67
561	353	73.48
561	33162	72.50
561	68157	84.53
562	27140	81.90
562	6870	74.86
562	6377	78.02
562	2580	76.07
562	1249	83.75
562	4776	76.32
562	36529	76.54
562	1259	79.23
562	1982	70.00
562	2268	74.29
562	2133	67.27
562	83134	80.71
562	3210	68.46
562	48394	75.77
562	30707	77.75
562	33836	41.11
562	2692	80.00
562	88163	80.83
562	99191	81.90
562	1240	77.24
563	61071	66.62
563	70932	66.62
563	80858	66.62
563	919	76.62
563	74450	60.00
563	588	75.51
563	5943	48.46
563	118997	40.00
563	86833	77.86
563	1197	85.15
563	128832	66.62
563	85397	80.00
563	45221	42.50
563	33499	50.00
563	7380	66.00
563	96821	77.14
563	81784	53.33
563	95307	40.00
563	65585	70.00
563	55250	45.00
564	50942	71.65
564	356	82.94
564	31685	64.00
564	131013	60.00
564	61024	80.00
564	79224	42.00
564	87869	73.33
564	500	65.96
564	108156	53.33
564	81784	53.33
564	93270	52.50
564	6188	72.96
564	106918	77.86
564	65230	61.00
564	67087	71.43
564	80693	58.33
564	94677	61.82
564	8984	68.89
564	73266	55.00
564	2671	72.79
565	590	77.25
565	231	61.79
565	19	56.23
565	21	67.70
565	50	84.34
565	539	69.42
566	648	70.67
566	10	70.11
566	231	61.79
566	329	66.34
566	342	70.53
566	141	69.47
566	203	65.00
566	345	69.58
566	39	67.37
566	497	76.79
566	265	75.83
566	588	75.51
566	708	66.67
566	353	73.48
566	2	68.03
567	8189	45.58
567	26743	45.58
567	92681	45.58
567	109897	45.58
567	152071	45.58
567	5690	82.73
567	136602	80.00
567	122888	45.58
567	6333	75.54
567	1274	75.86
567	122922	78.75
567	153070	45.58
567	151687	45.58
567	117877	45.58
567	108928	60.00
567	954	84.62
567	122924	69.09
567	27773	80.71
567	648	70.67
567	135887	66.36
568	50	69.90
568	147	69.90
568	296	69.90
568	356	69.90
568	480	69.90
568	593	69.90
568	765	69.90
568	1103	69.90
568	1104	69.90
568	1257	69.90
568	1298	69.90
568	1895	69.90
568	2313	69.90
568	2359	69.90
568	2863	69.90
568	3053	69.90
568	3148	69.90
568	3261	69.90
568	3363	69.90
568	8169	69.90
568	46723	69.90
568	63853	69.90
568	65088	69.90
569	231	61.79
569	50	84.34
569	380	70.00
569	588	75.51
569	592	68.76
570	208	58.15
570	8636	74.73
570	48516	85.81
570	1225	82.35
570	586	59.37
570	2683	64.66
570	457	78.75
570	1196	84.36
570	110	80.18
570	4993	83.38
570	7361	83.41
570	1198	85.85
570	1079	78.87
570	10	70.11
570	3793	73.96
570	1391	63.64
570	589	79.87
570	380	70.00
570	527	84.29
570	185	61.08
571	1331	52.88
571	2982	52.88
571	2366	72.86
571	1128	56.67
571	610	69.20
571	2902	53.33
571	1998	52.88
571	3696	75.00
571	1980	52.88
571	1987	52.88
571	70	70.64
571	1924	58.57
571	2279	48.89
571	1327	40.00
571	3732	70.00
571	1972	32.00
571	1278	80.00
571	1644	44.17
571	2327	90.00
571	1978	40.00
572	1961	75.53
572	2570	60.00
572	2788	80.45
572	2321	67.25
572	111	81.88
572	904	83.45
572	2987	71.86
572	2302	62.31
572	1834	82.50
572	2539	60.00
572	2917	77.50
572	1307	75.45
572	1	78.84
572	161	72.70
572	3421	72.50
572	838	76.00
572	1356	78.21
572	2006	58.10
572	3167	60.00
572	1953	75.17
573	89745	79.77
573	72998	71.45
573	3752	63.14
573	356	82.94
573	7293	70.30
573	6754	72.00
573	8665	74.38
573	32587	77.27
573	1073	79.57
573	88744	68.89
573	1127	70.65
573	68954	78.08
573	98809	75.71
573	2640	71.96
573	48516	85.81
573	71535	78.37
573	59369	71.61
573	60069	81.27
573	88140	71.82
573	1562	46.88
574	47	69.90
574	110	69.90
574	150	69.90
574	153	69.90
574	161	69.90
574	185	69.90
574	225	69.90
574	231	69.90
574	292	69.90
574	296	69.90
574	300	69.90
574	316	69.90
574	318	69.90
574	329	69.90
574	339	69.90
574	344	69.90
574	380	69.90
574	410	69.90
574	434	69.90
574	588	69.90
574	592	69.90
574	593	69.90
574	595	69.90
575	2566	60.00
575	2580	76.07
575	296	82.88
575	2581	60.00
575	2572	70.54
575	2542	80.00
575	2574	40.00
575	2598	55.33
576	849	58.44
576	1321	70.00
576	1373	60.00
576	1479	60.50
576	2289	77.69
577	2415	70.89
577	1183	72.00
577	1288	82.61
577	1129	70.40
577	2944	78.50
577	2194	77.33
577	733	72.71
577	1213	83.91
577	2076	76.56
577	2020	80.59
577	1262	78.62
577	1931	84.00
577	1391	63.64
577	2987	71.86
577	952	71.11
577	1909	70.00
577	260	83.58
577	919	76.62
577	2248	76.25
577	1270	80.34
578	6751	86.25
578	52668	80.00
578	45668	64.29
578	830	58.46
578	72407	52.00
578	75446	86.25
579	3174	69.57
579	2485	55.60
579	1022	67.81
579	2018	66.07
579	838	76.00
579	1917	62.30
579	1391	63.64
579	596	69.11
579	1573	69.61
579	2965	79.13
579	1653	79.38
579	2599	70.25
579	892	68.89
579	2687	65.88
579	595	73.70
580	5767	70.93
580	6583	70.93
580	480	74.53
580	8844	70.93
580	6989	70.00
580	3809	67.50
580	41569	68.79
580	3699	64.17
580	4041	72.22
580	33166	75.59
580	356	82.94
580	508	71.88
580	8376	68.67
580	3578	77.95
580	608	81.85
580	3785	57.89
580	3089	87.27
580	1320	62.22
580	54286	74.53
580	1201	83.40
581	7153	82.77
581	5995	83.33
581	4973	82.57
581	116797	81.28
581	3949	77.68
581	4306	77.93
581	109487	78.04
581	6377	78.02
582	91529	80.20
582	2959	86.17
582	116797	81.28
582	4993	83.38
582	5618	82.00
582	2571	82.77
582	76251	72.59
582	69844	77.91
582	104841	73.04
582	48516	85.81
582	97752	72.67
582	76093	79.12
583	8533	72.00
583	88405	61.43
583	2706	67.59
583	117590	75.71
583	317	64.07
583	60756	67.65
583	6942	75.71
583	595	73.70
583	46578	77.68
583	104	69.28
583	2694	65.48
583	7451	74.14
584	288	64.22
584	22	63.85
584	203	65.00
584	315	59.58
584	500	65.96
584	316	67.61
584	539	69.42
584	234	50.91
584	296	82.88
584	257	67.50
584	434	59.05
584	586	59.37
584	338	56.25
584	349	71.20
584	282	65.31
584	480	74.53
584	590	77.25
585	3173	59.23
585	1228	82.76
585	54503	77.69
585	2959	86.17
585	428	72.00
585	1405	55.42
585	7254	71.43
585	441	77.33
585	1805	61.60
585	296	82.88
585	27373	86.32
585	5325	72.50
585	79132	81.43
586	34332	57.50
586	4016	72.96
586	111659	50.00
586	106002	67.69
586	149406	60.00
586	167036	73.33
586	45499	66.22
586	136556	87.13
586	5445	72.47
586	117851	60.00
586	1291	80.48
586	71264	75.00
586	106489	70.00
586	135436	56.67
586	3753	66.81
586	2640	71.96
586	3147	82.66
586	122916	81.88
586	3793	73.96
586	101362	48.00
587	1234	79.11
587	628	71.43
587	2012	67.62
587	534	72.73
587	2002	58.29
587	1641	74.17
587	236	69.03
587	1376	65.93
587	2622	62.50
587	1541	47.14
587	3260	80.00
587	497	76.79
587	3082	68.15
587	445	65.00
587	3448	74.14
587	2574	40.00
587	765	65.38
587	691	60.00
587	329	66.34
587	3406	60.00
588	50	84.34
588	16	77.59
588	20	48.89
588	356	82.94
588	350	65.38
588	198	65.56
588	593	83.28
588	364	79.48
588	163	72.50
588	253	71.00
588	223	77.12
588	3	66.06
589	1092	64.48
589	318	89.01
589	590	77.25
589	373	73.33
589	586	59.37
589	587	66.90
589	527	84.29
589	337	75.83
590	924	78.57
590	8807	72.59
590	2371	59.44
590	38061	81.79
590	81834	80.00
590	40815	75.88
590	4890	59.44
590	903	80.73
590	5	59.67
590	3624	64.19
590	555	77.23
590	4047	72.50
590	51662	73.65
590	2085	67.94
590	419	55.33
590	595	73.70
590	329	66.34
590	2376	66.32
590	3635	65.00
590	2398	80.00
591	2908	71.92
591	2706	67.59
591	2712	73.41
591	2355	71.18
591	3615	64.00
591	3578	77.95
591	2394	69.44
591	3798	61.90
591	356	82.94
591	223	77.12
591	2724	57.14
592	514	68.46
592	2	68.03
592	153	57.86
592	415	54.55
592	110	80.18
592	177	65.00
592	420	55.25
592	380	70.00
592	44	49.35
592	788	52.88
592	588	75.51
592	163	72.50
592	204	54.71
592	610	69.20
592	39	67.37
592	419	55.33
592	253	71.00
592	432	50.65
592	240	60.00
593	1196	84.36
593	1073	79.57
593	1086	83.68
593	1617	83.28
593	4034	79.61
593	41566	67.50
593	1197	85.15
593	344	61.46
593	8368	78.46
593	339	69.66
593	2959	86.17
593	8961	76.41
593	5816	71.58
593	2797	74.53
593	4896	73.78
593	588	75.51
593	595	73.70
593	5952	79.77
593	377	69.04
593	141	69.47
594	7031	78.64
594	2671	72.79
594	7115	66.67
594	1616	60.00
594	5943	48.46
594	1188	71.18
594	2269	65.00
594	1733	100.00
594	4902	74.29
594	6996	27.50
594	780	69.25
594	1429	70.77
594	6140	78.64
594	7046	57.50
594	39	67.37
594	595	73.70
594	799	71.00
594	2028	82.56
594	8482	78.64
594	7169	60.00
595	265	75.83
595	50	84.34
595	1186	73.33
595	1199	84.36
595	1966	65.00
596	33649	69.94
596	43744	69.94
596	182793	69.94
596	129397	40.00
596	128908	69.94
596	1	78.84
596	142488	82.86
596	122922	78.75
596	4310	58.85
596	71838	60.00
596	4025	60.95
596	2501	75.45
596	110102	74.09
596	149406	60.00
596	2774	69.94
596	5502	64.75
596	8665	74.38
596	6537	63.23
596	2571	82.77
596	345	69.58
597	1799	67.00
597	490	62.50
597	3040	57.14
597	2529	77.88
597	2858	81.07
597	903	80.73
597	3039	72.96
597	2000	72.55
597	1291	80.48
597	357	70.13
597	1228	82.76
597	1845	78.33
597	2411	52.73
597	1580	69.46
597	1148	79.50
597	1198	85.85
597	2723	65.91
597	485	58.24
597	592	68.76
597	2692	80.00
598	56367	74.49
598	8360	73.88
598	593	83.28
598	114265	85.00
598	103543	40.00
599	26142	52.66
599	26567	52.66
599	26590	52.66
599	26676	52.66
599	26854	52.66
599	27595	52.66
599	34800	52.66
599	53450	52.66
599	60803	52.66
599	69131	52.66
599	74696	52.66
599	79895	52.66
599	84523	52.66
599	87960	52.66
599	92674	52.66
599	98799	52.66
599	102735	52.66
599	102852	52.66
599	104017	52.66
599	105020	52.66
599	122433	52.66
599	157865	52.66
599	158874	52.66
599	160978	52.66
599	161044	52.66
599	174727	52.66
599	179053	52.66
599	1801	74.67
599	6035	80.00
599	3387	66.67
599	33437	70.00
599	112	67.42
599	5995	83.33
599	167706	52.66
599	4394	52.66
599	836	58.18
599	7235	67.50
599	8809	80.00
599	102749	52.66
599	89087	36.67
599	42011	44.29
599	432	50.65
599	471	72.58
599	5628	72.50
599	1015	60.00
599	2	68.03
599	2269	65.00
599	69	75.00
599	3947	65.00
599	79091	75.00
599	104837	52.66
599	4037	80.00
599	7587	80.00
599	6881	80.00
599	1449	81.11
599	7225	80.00
599	81229	70.00
599	68952	80.00
599	4728	61.54
599	5081	60.00
599	33966	52.66
599	1779	55.33
599	3669	52.66
599	87197	52.66
599	170297	52.66
599	79057	67.78
599	95965	52.66
599	55207	52.66
599	4007	76.00
599	1220	77.17
599	80831	74.00
599	46723	69.55
599	71282	80.00
599	7757	72.50
599	3259	65.00
599	92309	80.00
599	1376	65.93
599	7192	60.00
599	4654	62.50
599	101423	52.66
599	53468	66.67
599	62662	52.66
599	3174	69.57
599	3698	66.09
599	2882	40.00
599	2359	73.89
599	1183	72.00
599	2792	65.00
599	1095	72.86
599	8387	16.67
599	53125	70.29
599	115713	81.30
599	2949	74.07
599	2471	55.33
599	3	66.06
599	1231	76.50
599	3861	55.00
599	240	60.00
599	1480	68.57
599	2301	72.00
599	1445	46.67
599	8045	52.66
599	586	59.37
599	2942	58.18
599	1185	78.33
599	4594	52.66
599	2474	71.00
599	3671	78.41
599	3196	80.00
599	64839	76.09
599	98697	52.66
599	2606	51.82
599	1777	70.25
599	5309	51.67
599	7022	76.92
599	4873	74.29
599	541	82.66
599	27311	85.00
599	43921	73.33
599	67734	70.00
599	4240	52.66
599	5026	80.00
599	168	59.49
599	33493	69.81
599	4125	20.00
599	7354	60.00
599	207	71.25
599	1094	68.97
599	742	60.00
599	1609	40.00
599	1042	62.14
599	3362	77.93
599	4553	73.33
599	4632	70.00
599	2278	72.26
599	468	65.56
599	122904	77.00
599	75416	52.66
599	42718	77.50
599	4285	40.00
599	79274	85.00
599	1794	52.66
599	45081	48.00
599	108192	52.66
599	3489	66.50
599	3503	80.00
599	89804	64.29
599	163809	52.66
599	577	46.67
599	3071	62.50
599	1204	86.36
599	3981	50.00
599	95771	52.66
599	45382	80.00
599	6548	60.83
599	59387	81.00
599	166528	81.50
599	168492	52.66
599	6691	52.66
599	605	57.14
599	424	40.00
599	2991	74.17
599	248	60.00
599	97950	52.66
599	3865	70.00
599	1216	66.67
599	342	70.53
599	35836	71.76
599	27772	56.67
599	176419	52.66
599	151781	52.66
599	277	61.54
599	6320	20.00
599	39381	78.00
599	5111	52.66
599	4090	71.67
599	2450	38.00
599	2676	67.50
599	2356	52.50
599	79702	75.14
599	1597	58.39
599	410	61.31
599	1721	67.16
599	3702	69.64
599	183301	52.66
599	1387	81.10
599	2072	61.67
599	26729	77.50
599	2393	65.83
599	4247	51.11
599	4591	62.50
599	1032	65.52
599	3087	60.62
599	1895	64.00
599	634	50.00
599	210	66.67
599	2074	80.00
599	51575	55.00
599	3505	77.14
599	5247	60.00
599	481	63.08
599	4215	50.00
599	1355	30.00
599	2657	66.67
599	2028	82.56
599	4011	81.61
599	420	55.25
599	552	64.10
599	1196	84.36
599	2395	71.75
599	5303	70.00
599	1752	60.00
599	3186	68.64
599	4310	58.85
599	1784	70.81
599	3200	86.67
599	7254	71.43
599	688	48.75
599	473	35.00
599	1079	78.87
599	1552	58.97
599	1148	79.50
599	1544	54.47
599	63113	67.50
599	2325	65.00
599	26649	80.00
599	6804	52.66
599	161	72.70
599	4109	62.50
599	34332	57.50
599	1653	79.38
599	4808	46.67
599	7707	52.66
599	3468	88.46
599	502	47.27
599	1221	85.06
599	1792	60.00
599	68319	59.52
599	6787	81.05
599	2119	30.00
599	3884	40.00
599	4254	45.56
599	3973	35.00
599	103609	52.66
599	8934	52.66
599	5377	76.45
599	42632	83.33
599	55290	70.00
599	4506	65.00
599	7840	80.00
599	5568	63.33
599	1689	52.00
599	7005	52.66
599	103228	76.67
599	59947	52.66
599	786	61.67
599	4351	64.00
599	172253	52.66
599	4679	62.86
599	1411	82.73
599	117630	52.66
599	1590	55.88
599	112623	66.25
599	3146	50.83
599	8984	68.89
599	1920	56.25
599	519	46.00
599	179817	85.00
599	3979	48.89
599	3741	82.22
599	44020	60.00
599	26630	52.66
599	7285	73.75
599	3030	82.00
599	1021	45.00
599	8638	81.25
599	87	56.00
599	7153	82.77
599	2877	55.00
599	2018	66.07
599	3173	59.23
599	5198	52.66
599	7101	62.00
599	7701	35.00
599	3213	78.75
599	26159	52.66
599	2339	52.66
599	33896	75.00
599	2000	72.55
599	4006	68.00
599	136562	72.50
599	37382	65.00
599	6645	76.67
599	171763	91.67
599	8528	74.64
599	27008	52.66
599	4017	70.91
599	4167	62.22
599	86142	83.33
599	1249	83.75
599	3255	69.31
599	736	65.58
599	2779	65.45
599	84414	100.00
599	27773	80.71
599	2083	75.83
599	98499	60.00
599	4034	79.61
599	119828	52.66
599	1993	43.33
599	94864	62.78
599	6631	52.66
599	2321	67.25
599	26242	65.00
599	3703	74.81
599	41566	67.50
599	2529	77.88
599	1968	75.82
599	8914	79.17
599	3257	59.58
599	159403	52.66
599	1036	78.30
599	76093	79.12
599	5103	71.76
599	6947	72.17
599	1952	80.91
599	2124	65.56
599	4084	59.09
599	6016	82.24
599	778	80.41
599	81	63.75
599	2171	68.00
599	1253	77.62
599	4275	50.00
599	7982	63.33
599	3723	90.00
599	849	58.44
599	2681	65.00
599	6565	73.85
599	39414	67.50
599	122916	81.88
599	6440	76.67
599	8917	71.60
599	72011	72.38
599	1605	60.00
599	1240	77.24
599	923	80.62
599	68157	84.53
599	5961	52.66
599	5053	52.66
599	3571	80.00
599	2403	70.42
599	3871	80.00
599	44238	52.66
599	72226	79.23
599	7004	56.67
599	2054	53.93
599	62970	60.00
599	5159	64.00
599	354	75.00
599	122924	69.09
599	48774	80.20
599	1394	81.39
599	3763	61.67
599	70286	78.44
599	1904	40.00
599	3969	71.43
599	81562	83.33
599	102590	52.66
599	233	70.91
599	4155	70.00
599	1031	69.52
599	76	68.18
599	459	46.67
599	1097	75.82
599	1178	90.00
599	60291	80.00
599	3328	82.35
599	1232	80.00
599	3036	85.00
599	5283	58.00
599	4327	70.00
599	610	69.20
599	2726	81.43
599	4732	36.00
599	5970	63.33
599	2396	73.58
599	594	72.31
599	1247	79.25
599	45499	66.22
599	3476	68.33
599	2399	50.00
599	137218	52.66
599	1997	77.78
599	3271	76.67
599	27801	81.67
599	6365	66.34
599	1799	67.00
599	580	70.00
599	122900	75.26
599	2803	57.50
599	80219	63.33
599	466	55.35
599	110882	80.00
599	3997	36.25
599	26176	52.66
599	2378	55.33
599	117895	25.00
599	26662	81.82
599	90603	85.00
599	119218	52.66
599	44	49.35
599	809	48.75
599	1960	73.16
599	4519	65.00
599	1959	75.00
599	414	50.00
599	1073	79.57
599	61236	50.00
599	1479	60.50
599	4019	76.82
599	1245	86.43
599	37857	77.14
599	161032	52.66
599	371	71.43
599	3020	71.54
599	88593	52.66
599	6774	74.00
599	2005	72.82
599	90405	63.75
599	26285	52.66
599	6793	38.33
599	627	67.50
599	1617	83.28
599	6734	40.00
599	108090	52.66
599	2427	70.80
599	51024	80.00
599	122922	78.75
599	3440	42.22
599	6874	79.40
599	4919	70.00
599	338	56.25
599	81591	68.97
599	1704	81.93
599	1499	39.47
599	357	70.13
599	62155	63.33
599	144	60.00
599	34148	52.66
599	53519	65.26
599	4504	52.66
599	2796	56.67
599	216	71.03
599	6827	10.00
599	1429	70.77
599	7445	67.78
599	1385	60.00
599	90471	70.00
599	8425	52.66
599	10	70.11
599	26542	70.00
599	7387	80.67
599	72998	71.45
599	89470	76.25
599	3629	87.50
599	1297	71.43
599	3424	81.82
599	1672	66.25
599	44761	83.00
599	196	56.25
599	70703	52.66
599	2383	36.67
599	180	67.60
599	4040	45.56
599	6333	75.54
599	4440	100.00
599	5291	72.00
599	88235	80.00
599	1639	71.19
599	4580	10.00
599	153236	52.66
599	86190	72.22
599	4477	44.00
599	103027	52.66
599	32291	65.00
599	34811	52.66
599	5171	58.24
599	122260	52.66
599	8784	74.33
599	5954	77.14
599	8798	74.00
599	707	58.18
599	880	56.32
599	314	73.00
599	61323	69.69
600	3269	57.00
600	1394	81.39
600	3785	57.89
600	2717	56.22
600	5569	70.00
600	4306	77.93
600	1206	82.65
600	56775	63.68
600	2015	67.14
600	7	65.41
600	2013	61.18
600	262	80.00
600	1210	83.36
600	1060	73.46
600	2431	65.50
600	2077	73.33
600	2423	68.57
600	4641	68.70
600	527	84.29
600	5076	60.00
601	141846	89.06
601	68157	84.53
601	1262	78.62
601	106782	79.14
601	60069	81.27
601	49272	79.12
601	5445	72.47
601	1193	83.78
601	1207	85.13
601	79132	81.43
601	904	83.45
601	166024	90.00
601	1917	62.30
601	7153	82.77
601	2324	82.22
601	170697	80.00
601	31658	81.79
601	5989	78.69
601	88810	76.00
601	2571	82.77
602	161	72.70
602	19	56.23
602	350	65.38
602	494	69.58
602	14	72.73
602	471	72.58
602	125	70.00
602	434	59.05
602	235	72.00
602	481	63.08
602	315	59.58
602	371	71.43
602	474	72.94
602	527	84.29
602	21	67.70
602	349	71.20
602	440	71.55
602	339	69.66
602	480	74.53
602	163	72.50
603	602	70.41
603	803	70.41
603	2008	70.41
603	2577	70.41
603	3459	70.41
603	4787	67.14
603	2912	73.00
603	1769	58.33
603	485	58.24
603	4420	70.41
603	920	69.38
603	1	78.84
603	2706	67.59
603	1844	80.00
603	3787	100.00
603	1222	83.47
603	190	66.67
603	2716	75.23
603	3983	86.25
603	101	78.67
604	220	68.75
604	292	68.12
604	151	69.43
604	329	66.34
604	410	61.31
604	426	63.33
604	435	46.40
604	316	67.61
604	22	63.85
604	235	72.00
604	181	43.64
604	332	63.75
604	273	59.47
604	637	59.55
604	285	68.75
604	173	51.74
604	588	75.51
604	23	61.43
604	553	75.62
604	1	78.84
605	35347	64.56
605	6787	81.05
605	1197	85.15
605	5667	64.56
605	42738	63.08
605	51662	73.65
605	7373	67.50
605	596	69.11
605	780	69.25
605	4571	73.87
605	2316	68.33
605	7454	53.50
605	150	77.24
605	60040	62.50
605	8977	48.57
605	3269	57.00
605	72982	64.56
605	1210	83.36
605	62376	50.00
605	60937	50.00
606	263	73.16
606	563	73.16
606	583	73.16
606	3808	73.16
606	4671	73.16
606	4840	73.16
606	5856	73.16
606	6111	73.16
606	6573	73.16
606	8685	73.16
606	32728	73.16
606	55805	73.16
606	3147	82.66
606	4392	60.00
606	2311	73.85
606	6308	40.00
606	50842	90.00
606	6591	90.00
606	8270	70.00
606	2025	82.00
607	891	80.00
607	1610	75.47
607	448	68.00
607	3147	82.66
607	1094	68.97
607	1307	75.45
607	592	68.76
607	204	54.71
607	1552	58.97
607	527	84.29
607	3476	68.33
607	296	82.88
607	2313	76.36
607	3440	42.22
607	423	58.33
607	1518	65.83
607	2118	70.00
607	2193	71.03
607	380	70.00
607	2028	82.56
608	52245	58.46
608	2997	78.51
608	3793	73.96
608	2763	73.89
608	174	55.71
608	2000	72.55
608	1214	78.94
608	919	76.62
608	2700	74.91
608	4161	66.25
608	5146	66.67
608	1639	71.19
608	541	82.66
608	473	35.00
608	2529	77.88
608	522	76.00
608	4343	56.84
608	1909	70.00
608	2431	65.50
608	1220	77.17
609	296	82.88
609	833	37.50
609	356	82.94
609	339	69.66
609	454	73.04
609	318	89.01
609	208	58.15
609	292	68.12
610	5953	73.51
610	58975	73.51
610	70206	73.51
610	78626	73.51
610	82765	73.51
610	97988	73.51
610	107447	73.51
610	107462	73.51
610	110591	73.51
610	110746	73.51
610	118082	73.51
610	139655	73.51
610	160341	73.51
610	86644	52.86
610	56801	52.50
610	61024	80.00
610	77561	74.19
610	4816	70.26
610	62434	68.75
610	3972	81.67
