1|169
3740   80
1042   80
2046   80
151   100
2640   80
1219   40
2141   100
2094   100
1270   100
2099   80
1625   100
593   80
1030   60
1473   80
1278   100
1   80
3439   80
2161   100
2947   100
423   60
527   100
1954   100
1676   60
2450   80
2542   100
2997   80
2644   80
2985   80
1445   60
1213   100
356   80
1275   100
673   60
2078   100
1920   80
70   60
1226   100
4006   80
1408   60
2528   60
50   100
919   100
333   100
3440   80
2949   100
101   100
2000   80
1804   100
1573   100
349   80
1644   60
1089   100
367   80
2529   100
2054   80
2716   100
2692   100
1025   100
1224   100
1256   100
2353   100
2193   80
940   100
3729   100
733   80
1029   100
1580   60
47   100
1080   100
1298   100
2916   80
2899   100
1214   80
2826   80
231   100
1732   100
3793   100
1348   80
362   100
3489   80
2143   80
2012   80
3702   100
2093   60
216   100
2580   100
157   100
1967   80
1620   80
2427   100
923   100
1197   100
1198   100
2991   100
1805   80
1023   100
2959   100
1073   100
3450   100
2596   100
2797   80
2096   80
1031   100
661   100
2470   100
2616   80
2502   100
552   80
5060   100
1210   100
1136   100
2414   60
2058   100
296   60
590   80
2273   80
2987   100
1793   80
1127   80
3052   100
316   60
2090   100
457   100
2033   100
3253   100
163   100
1092   100
2648   80
2948   100
2654   100
543   80
235   80
1500   80
2115   100
2005   100
596   100
3448   100
2492   80
2993   100
2387   100
736   60
3034   100
2268   80
223   60
3617   80
1291   100
2253   40
1265   80
2139   100
3033   100
1097   100
1220   100
553   100
780   60
480   80
2291   100
2028   80
1032   100
500   60
3176   20
3479   80
954   100
2389   40
1552   80
3243   60
1396   60
2048   100
1090   80
943   80
2|18
318   60
86345   80
106782   100
3578   80
80906   100
8798   70
79132   80
68157   90
91529   70
114060   40
91658   50
99114   70
115713   70
112552   80
1704   90
60756   100
109487   60
6874   80
3|24
31   10
1371   60
3949   10
2105   40
1272   10
70946   100
7899   90
2090   10
688   10
7991   100
720   10
5746   100
1587   90
2018   10
849   100
6238   10
3210   10
1093   10
26409   90
1124   10
3703   100
5181   100
914   10
1302   10
4|156
348   80
417   40
2926   100
910   100
475   100
902   80
2324   20
3508   100
2203   80
2406   80
260   100
1259   80
1265   80
4308   20
3176   80
3851   100
1103   100
1733   100
2770   40
1391   20
3317   80
4252   60
1860   40
2078   100
47   40
1580   60
4144   60
1500   80
4014   20
937   60
4896   80
914   100
2019   40
2712   40
2351   80
4273   80
1734   60
2390   100
357   60
3489   20
3365   100
4034   100
1597   20
450   40
1213   80
3967   80
1892   40
1077   100
539   20
2204   100
919   100
1136   100
2763   20
1966   40
912   100
4741   60
3083   100
441   20
648   60
4641   20
3386   80
3079   60
2583   100
3788   60
247   60
3591   20
4121   80
1517   80
4074   60
1073   80
2571   20
2997   80
492   100
457   100
2683   80
2076   80
3809   60
898   100
2336   40
4381   60
4902   80
1203   100
4002   60
920   100
1449   100
3060   80
2109   80
4881   60
1466   80
4021   80
1025   80
3175   20
1046   100
232   100
2791   100
215   100
2145   60
222   20
4020   60
4260   40
800   80
4239   100
509   20
3255   80
1060   40
235   40
342   100
899   80
2599   100
1188   100
1250   100
1197   100
1641   80
1282   100
1080   100
1883   80
176   100
3481   40
3033   80
2874   80
1279   40
1084   100
1179   80
4246   80
2973   40
1907   60
190   40
171   60
2359   80
1086   100
4029   60
32   40
45   60
3996   80
3160   80
1057   60
608   100
1968   80
2395   60
296   20
2150   100
708   80
1834   100
125   100
1283   100
599   40
1704   20
2628   20
892   80
4027   60
1183   20
58   60
4033   80
595   60
1094   60
3538   40
5|28
410   60
300   60
150   60
110   80
594   100
39   60
265   60
357   40
253   60
590   100
58   100
50   80
349   60
589   60
266   20
380   40
316   40
588   80
153   60
475   100
527   100
534   60
592   60
531   80
596   100
474   80
296   100
232   80
6|235
25   60
795   60
458   60
250   80
163   60
999   40
493   60
837   60
102   20
330   60
515   80
231   60
21   40
313   60
79   60
508   80
151   80
818   60
736   100
1004   80
1061   80
340   80
159   60
364   100
26   80
113   60
225   80
505   60
310   60
838   80
848   80
344   60
62   80
185   60
195   80
595   100
594   80
243   60
36   100
415   80
256   60
205   60
93   80
378   60
65   60
371   60
126   60
1006   80
880   60
95   80
140   60
60   80
191   40
539   60
359   60
171   60
4   60
146   80
445   60
981   60
747   60
569   80
480   100
257   100
509   60
354   80
419   60
497   60
274   80
218   40
780   100
186   60
986   80
355   80
367   80
640   20
209   60
22   100
469   80
592   60
637   80
593   80
210   80
253   60
532   60
361   80
694   60
252   80
32   80
358   60
15   80
288   40
799   60
160   100
510   60
251   60
991   80
352   60
262   100
266   60
700   80
1064   80
43   80
150   80
110   100
835   80
19   40
46   80
276   80
66   60
54   80
382   60
628   60
180   40
208   60
336   60
92   80
112   80
217   60
710   60
356   100
303   60
89   80
304   80
709   100
234   40
647   80
88   40
360   60
212   80
86   100
426   60
1073   60
204   60
11   80
135   60
179   20
380   80
161   60
302   60
802   80
153   60
239   60
662   60
454   80
455   60
3   100
174   60
350   100
337   100
575   60
333   100
312   20
314   100
405   60
616   100
852   80
596   60
34   80
31   60
475   80
520   60
24   80
1049   100
608   60
158   80
548   60
537   60
552   60
219   60
477   80
339   80
296   40
370   80
181   60
279   60
606   60
201   60
491   80
13   60
516   80
270   60
542   80
10   60
41   80
216   80
494   60
546   40
7   80
457   100
61   80
489   60
440   80
588   100
240   60
466   40
842   60
293   60
50   20
589   60
631   80
362   60
524   60
237   80
719   40
1042   60
881   60
996   80
291   60
502   60
531   60
979   60
105   60
468   80
343   60
342   60
450   80
697   60
261   80
47   80
543   60
236   80
258   60
839   60
353   80
500   100
536   60
490   60
145   80
254   60
783   100
587   100
474   80
317   80
332   60
7|105
592   60
2683   40
30816   40
3578   30
1196   80
2671   90
4223   40
1183   30
8957   80
4993   90
8972   50
589   50
1682   60
30812   70
4310   10
45730   10
3354   30
49272   90
33162   70
1240   100
2858   80
8965   20
49278   70
356   100
8961   80
8368   50
1584   100
5378   10
8207   90
780   90
920   60
6534   10
5991   90
2688   50
2701   30
4995   90
4874   60
49286   10
8665   70
46530   20
648   80
5618   100
587   40
2640   60
38388   70
48783   90
45499   80
4018   80
48997   50
1   90
42002   90
2628   30
2353   70
1210   80
6365   80
8870   70
5464   60
4370   90
2762   90
3869   100
4963   80
1917   80
924   80
4886   80
260   100
3977   50
1923   30
8666   20
5816   90
5445   80
3916   80
5989   80
4844   30
480   100
380   60
58   60
4306   80
165   80
32029   40
3793   70
1270   100
588   60
1101   80
8984   80
5349   70
48516   20
32587   70
49824   60
5952   90
34319   90
7143   90
1784   10
3114   90
45517   90
33794   40
8949   80
33836   20
4896   80
32296   40
37741   70
6934   40
1954   90
2717   70
8783   20
34048   60
8|29
480   80
296   80
11   80
440   60
597   60
185   100
50   100
21   80
590   100
34   100
377   80
150   80
235   60
357   100
587   60
586   60
457   60
527   100
236   60
186   80
432   20
282   60
208   60
10   40
339   60
593   80
592   60
539   60
500   40
9|28
5902   100
2300   100
3173   40
5965   80
1674   80
2877   60
4993   100
187   60
1095   80
5445   80
5952   100
5843   60
5481   100
5893   80
1270   100
5956   80
5962   20
2011   60
5218   80
223   80
2023   60
5988   40
5872   60
371   60
1037   40
627   60
41   60
3328   60
10|96
95543   70
7458   100
60950   40
71579   100
63992   90
96079   100
80549   70
81847   70
69406   90
51662   60
106696   90
63113   70
5066   60
72011   50
33794   100
1247   60
2762   10
40819   80
7451   70
8636   70
4447   90
97938   20
54286   70
49272   100
79091   100
74450   60
7293   70
103335   80
1784   70
8529   70
70293   10
109853   80
95510   60
31685   90
51834   30
30749   70
51705   90
31433   50
56949   60
112006   80
912   80
5957   60
84374   70
4246   70
104374   80
95167   80
41285   50
60397   60
81784   50
69844   60
137595   80
588   80
103339   80
72737   70
7375   80
7151   60
6535   80
78772   60
129428   70
82499   40
72407   60
1907   80
95449   80
105211   50
4993   80
3882   60
87222   70
106489   70
58047   70
5952   80
92259   100
3578   80
8961   50
7149   80
72998   50
119145   20
2571   10
56367   70
81845   100
91529   100
296   20
109487   10
98203   60
4995   80
2671   70
64969   10
49286   100
1307   60
7153   80
40629   60
68954   80
113275   90
6155   60
2858   20
91104   60
8665   70
11|40
474   80
376   40
1687   60
1840   80
44   40
1882   40
1616   60
1385   60
380   80
466   60
1408   100
208   60
1784   100
110   100
377   60
95   60
2027   60
529   100
1370   60
1608   80
480   80
292   80
1586   80
780   80
1391   20
1721   100
1604   80
356   100
589   80
1573   60
511   80
1358   80
1100   60
1917   80
153   60
1518   80
318   80
2028   100
593   100
434   60
12|20
1357   100
256   100
8533   100
5620   80
1721   100
168   100
2694   80
1405   60
543   70
357   70
3967   90
2572   100
261   90
40629   100
277   60
1265   70
2485   100
4018   90
222   100
63992   100
13|19
3578   100
2571   100
3513   60
1173   60
4148   80
3827   80
1198   100
1590   80
597   60
3300   80
3977   60
3409   40
3863   80
3996   100
1619   60
1721   80
3897   80
3753   80
2541   40
14|30
383   80
318   60
32   80
193   60
356   80
491   60
527   60
296   60
586   60
552   60
455   60
367   20
150   80
266   100
376   80
282   100
39   60
231   60
351   60
337   100
25   80
47   100
784   20
448   60
288   80
377   60
7   60
339   80
508   60
553   80
15|92
849   40
112556   90
1270   100
63859   60
1214   100
152077   100
2085   30
33493   100
2001   100
3499   80
3510   100
1196   100
71057   80
7254   70
103249   70
68954   70
5618   60
152081   60
99114   20
109374   40
1527   60
4226   30
596   40
6502   70
115149   40
364   60
5989   100
296   80
89745   40
6377   60
5445   80
112852   30
48774   60
85414   70
70286   70
134130   80
143385   60
256   60
589   100
3156   100
8961   50
4720   100
59315   40
355   20
109487   80
122922   40
2012   80
3555   80
2081   60
527   100
1265   70
122904   40
122886   100
91500   60
101864   80
158872   70
780   70
3994   60
110102   30
58559   40
3147   100
4995   100
97938   80
4993   70
1210   100
4018   80
48304   90
44   20
134853   90
8644   70
50872   60
318   100
96610   60
72998   60
5971   40
79132   70
166635   70
166528   100
94864   60
47   70
71264   50
588   60
4370   80
3753   60
356   100
84954   90
60069   70
105504   80
3578   100
2959   50
1347   60
84152   100
16|62
4878   70
58559   90
1281   60
3000   80
1222   90
2019   80
1089   80
50   80
60069   80
1213   70
745   80
2723   70
1223   80
4993   70
1704   70
318   80
849   80
1261   80
593   60
923   70
1276   80
4973   80
2329   70
68954   80
527   80
1201   60
91529   90
2641   60
2571   70
356   70
7153   70
7361   70
48394   80
1188   50
7099   70
3741   80
2762   70
5618   90
858   50
678   80
1208   80
204   40
1196   60
1219   60
1193   80
5952   70
111   90
1247   80
1267   80
1148   80
1680   70
750   90
1186   70
3108   80
541   90
4226   90
27611   80
260   60
6350   70
293   80
296   60
904   70
17|68
1032   90
6016   90
2762   80
1198   90
48394   90
590   90
1222   90
1196   100
910   70
2005   80
78499   80
589   90
904   80
356   100
27773   80
1209   70
1258   80
48516   80
3435   70
1213   90
750   90
1405   80
6870   70
1036   80
33794   80
1234   80
3949   90
1210   100
60069   70
2502   90
4993   90
6350   100
1252   80
58559   90
5782   80
2571   100
1732   100
1967   80
68157   80
1197   70
1100   70
480   90
3702   70
3508   80
2028   90
3039   90
293   70
80463   80
1358   60
77455   70
1375   70
858   100
68358   90
31658   90
1263   80
593   90
1259   80
1090   90
1466   60
110   90
7153   90
780   80
3147   90
4226   80
47   80
7099   100
1228   90
1291   80
18|385
7153   90
466   50
6539   90
5459   50
2706   70
1089   80
62434   70
5903   70
110   90
1201   100
98585   70
296   80
1095   80
163   80
2410   70
49651   70
180095   60
2411   60
119145   80
36   80
111362   80
500   70
58559   80
293   90
92094   70
96610   60
2012   60
6377   80
161582   80
54286   80
37729   80
2028   80
27689   50
3052   90
5679   80
1580   70
1247   90
70286   70
34405   70
5120   90
8958   80
180777   90
1020   70
527   90
4011   90
6373   70
162606   70
4643   60
1210   90
68954   80
68319   80
1466   80
33794   90
8360   70
480   70
30812   80
589   90
116823   70
7293   60
2291   80
44191   90
3257   60
88140   80
3994   50
53318   50
377   50
86190   70
117176   80
1206   90
5669   70
1136   90
59315   80
1086   80
122904   70
208   60
367   50
159093   70
4007   80
260   80
3751   70
858   80
2571   90
6287   60
106489   70
1527   70
1221   100
457   70
3681   90
2762   90
55118   90
71108   90
1805   70
6863   70
69757   80
2951   90
1212   90
91542   80
7323   60
4993   90
116797   90
27831   70
168252   80
2412   60
1625   70
106072   70
59615   50
30793   80
158972   70
231   50
50872   70
106782   60
34   50
6807   90
141688   80
134130   90
1207   90
1721   80
555   80
91658   70
2058   70
1209   100
73499   70
745   80
55276   80
235   90
45722   80
177593   90
288   80
53972   60
134853   70
88129   60
431   80
6300   90
1059   70
5445   80
76077   60
98124   80
73017   90
5418   80
7317   60
4327   80
1608   60
2409   80
3793   80
7254   90
3081   80
5481   60
122926   70
442   60
1   70
91500   80
5952   70
593   90
595   60
1246   80
47491   80
2997   80
923   100
8641   50
51540   90
1892   80
55765   90
44022   70
71156   60
3896   80
356   90
27878   90
6787   80
160438   60
1208   70
1676   70
150548   80
329   80
590   80
6709   60
2000   80
8665   80
3578   90
73321   70
27716   90
86332   70
588   70
4306   80
1682   60
164179   60
51662   70
79702   80
5816   70
68073   90
58295   70
102125   70
374   50
1198   80
155168   80
508   80
1918   70
111   80
1544   70
48780   90
1653   70
1729   80
74510   90
79592   60
364   60
71899   90
85414   70
7361   80
6888   10
2420   80
1193   90
112334   90
3949   90
3702   70
1196   80
435   40
53996   60
37733   80
6333   80
37741   80
1784   70
32587   70
904   90
1036   80
1704   80
34150   70
1917   60
1954   80
96432   80
502   40
1370   70
780   80
72378   60
68157   70
5995   90
2542   90
3785   40
2011   70
54272   70
76175   50
96488   80
122924   80
89745   80
53125   70
87232   80
112183   70
784   40
919   80
318   100
90600   80
2002   70
8961   70
83349   60
112552   90
7753   70
586   70
26444   70
1275   70
4262   80
74458   90
103772   80
74789   70
56757   80
99728   70
111759   70
6440   90
27773   70
1213   90
85354   80
2421   60
2692   60
2001   70
79293   60
79132   90
63131   70
4383   80
1276   80
102903   80
60074   50
165   80
8644   70
4995   90
2470   60
7147   90
1732   90
1219   90
140289   80
7018   70
1517   50
47200   60
1356   90
33615   70
38061   80
60040   70
6   80
106839   80
1234   90
97752   70
31685   40
1252   80
6378   60
77561   80
908   80
1374   90
98809   80
924   80
102445   80
1961   80
5349   80
99114   80
55247   70
46578   70
128620   70
73268   70
112852   90
114066   80
2019   80
7318   50
122900   80
4728   60
648   60
84392   90
5944   50
72011   70
58299   80
337   80
4896   70
64839   70
1375   70
73323   90
91485   70
135569   70
2959   90
2115   80
122886   80
68358   70
4886   80
344   50
6534   60
80489   80
60756   60
145   70
673   60
91529   80
114060   70
44665   90
778   90
1260   80
52604   90
1223   90
142488   90
95441   50
1080   90
45499   80
185135   90
7438   70
69640   80
109487   90
69951   70
79695   70
1203   100
1391   60
8950   80
78499   80
1924   50
2683   50
72998   80
78469   60
8917   70
4973   80
913   80
1240   80
1214   80
180   80
115713   90
8957   70
70   70
8361   60
6870   80
44555   80
81788   90
3462   80
176101   70
112421   80
48394   80
69122   60
19|546
2491   80
2279   40
3064   40
3269   40
3082   40
2763   80
1   80
513   60
3754   80
648   60
3114   40
1748   60
2123   60
2717   20
1653   80
2936   80
2709   40
10   40
3535   40
1812   60
1081   40
339   60
1593   40
2558   40
1457   60
2321   60
2916   60
3505   60
2414   60
2490   60
788   40
367   80
1291   100
1658   100
1285   100
1148   80
1718   40
2513   20
1330   40
2416   60
1371   60
2860   40
589   100
3450   60
1307   60
2287   60
3622   60
2094   80
541   80
2953   60
1376   80
442   60
1617   80
849   40
3370   40
3255   40
587   60
1855   40
733   60
1064   40
1679   40
671   40
330   60
745   80
799   60
2617   60
2001   40
842   40
2683   60
2203   60
2033   60
427   60
2081   80
3213   80
2171   40
3225   60
2053   40
2040   40
1391   60
1396   60
13   60
1556   20
1032   20
2249   60
1057   60
2315   40
3258   40
2111   60
87   40
2406   60
611   40
420   40
2110   60
1021   40
379   40
2468   40
344   40
3708   40
3397   40
575   40
1970   60
2900   40
1092   40
3481   40
1805   60
118   60
70   40
1256   80
455   40
291   40
1031   40
1625   80
2088   60
2253   80
316   40
588   60
3203   40
911   60
2139   60
903   100
1345   60
674   80
1907   60
1777   60
551   100
736   40
839   20
170   60
3826   20
2245   60
1994   60
1971   60
3394   60
3396   100
2394   60
3717   40
1991   40
2078   40
2034   40
1690   20
1136   60
2687   40
1665   20
378   60
3401   40
661   60
1918   60
2606   80
2997   80
497   60
2857   60
1238   60
3072   40
1079   80
1906   40
158   60
2550   60
2555   20
372   20
289   40
2822   40
3418   60
235   80
1895   40
2115   60
3056   80
818   80
3744   40
1645   40
2723   100
466   60
1441   60
785   40
743   40
2243   40
1798   20
1339   40
2808   40
380   60
1461   60
3591   40
3421   80
1097   100
2148   40
486   40
2153   60
915   40
3048   40
153   40
3032   60
2995   40
2806   40
2641   60
933   80
3409   40
364   60
2788   40
3440   40
1663   60
161   40
1474   40
1921   60
357   80
3578   60
2518   40
2186   80
837   80
1077   60
3484   40
637   40
3751   60
3476   60
2369   40
3238   20
2267   40
65   40
3477   100
3005   40
2052   40
3300   60
3483   40
2004   60
410   40
2883   60
2372   20
3705   40
1552   60
348   40
368   60
1347   40
2003   60
1517   60
542   40
165   60
810   20
673   20
1200   60
2393   60
2011   40
1127   60
2014   40
173   20
457   80
1037   20
1968   40
2193   60
1324   40
3671   60
3743   40
34   80
2026   40
3785   20
1047   60
2375   40
1259   60
1597   40
107   40
3081   60
2700   80
1489   40
2065   40
762   20
1919   40
1845   60
3686   60
3693   40
931   80
3489   40
597   60
3398   40
2614   20
1407   60
1806   40
798   40
2496   60
1500   40
2959   100
2167   60
3763   60
332   40
434   60
1610   60
2502   40
2248   60
3802   40
3548   40
2145   40
3501   40
3683   60
2668   40
2706   60
2539   40
2097   60
3584   40
3219   40
1920   60
3176   20
3263   40
2140   80
2320   60
1073   80
432   60
2804   60
2227   60
422   60
472   40
1089   60
2428   60
1333   60
3793   80
2338   20
468   60
2000   60
2118   40
1688   60
2762   80
2672   60
832   40
1016   60
1676   40
186   40
2793   40
351   40
2746   60
2041   80
3361   40
1322   40
2423   80
3243   60
1269   80
1590   20
3190   20
2985   60
2858   80
3534   40
3770   40
520   40
2722   40
1544   20
830   40
2605   40
1193   80
1049   40
2657   60
44   60
2105   60
2642   20
2374   40
3424   40
2643   20
333   40
965   40
1972   20
102   20
485   40
1831   40
3254   40
2467   60
1648   40
3698   40
904   100
1584   60
2548   40
3040   60
1551   40
2048   60
2701   20
3031   40
627   40
1573   80
2012   60
362   40
295   60
1346   40
3454   40
592   100
3324   40
3101   20
3358   100
586   60
500   40
1848   40
3624   60
3536   40
3623   40
48   20
329   40
135   60
719   40
921   60
273   20
984   40
2463   40
3113   40
3499   60
3034   60
1234   80
1973   40
1214   80
2716   80
2455   40
3247   60
2396   80
709   40
3355   40
3784   40
480   40
19   40
2719   40
2418   40
1862   20
3301   40
377   80
370   60
653   40
104   40
3016   60
2027   20
1784   40
1747   40
1485   60
1086   80
2169   40
2424   40
1783   20
1257   60
3466   40
2628   60
3798   40
338   40
1779   40
1375   60
1258   40
3395   60
350   40
1603   40
2328   40
880   40
252   60
1197   100
2915   40
3175   80
490   40
2581   60
2054   60
2450   40
1885   40
1342   40
3752   60
2453   60
1566   80
2572   60
1394   60
540   20
366   40
293   80
1196   80
47   60
3400   60
1359   60
1198   100
930   60
879   20
64   40
2302   60
1499   20
440   60
2465   20
2699   60
724   80
1569   60
2255   40
2458   40
2901   20
1689   40
3835   40
2046   40
2037   80
1367   20
2335   60
742   60
2355   60
2478   40
1219   80
711   60
2232   60
2134   40
1892   40
2261   40
1963   60
2870   60
260   80
720   80
2002   60
3471   80
231   40
986   60
829   40
1732   60
924   60
3550   60
3448   60
3685   60
92   40
1882   40
2371   80
3510   60
1816   20
3052   60
374   40
3699   40
3308   40
2802   60
1591   40
3248   40
1409   60
2244   40
141   20
3740   40
1911   40
543   60
1267   60
881   20
2036   40
2015   60
3264   60
1265   80
2   60
1717   60
1888   40
3526   40
2082   60
2060   60
2640   60
1372   100
258   60
2754   20
2898   40
2446   40
2387   60
435   40
12   20
1355   40
1583   60
1924   40
2174   80
20|177
1013   80
2941   80
2078   90
5445   90
2617   50
4446   70
3972   60
3623   60
2355   80
4154   80
1021   40
914   90
3438   80
1035   90
2709   100
783   70
1876   40
5013   90
3034   100
2761   90
3882   50
1018   70
5693   80
1848   60
2746   90
4449   40
709   60
2565   70
4039   100
2081   100
3300   60
5679   70
2087   90
1547   60
158   60
3565   60
2657   100
2167   40
588   100
6166   30
4019   80
3410   80
3615   50
5218   100
4821   10
5015   80
3967   90
3996   70
3897   90
2135   100
3397   100
1688   90
5504   10
2161   90
3396   100
3755   90
2987   100
3990   10
3535   20
4720   70
3744   20
4310   80
4734   20
4896   90
2033   80
2006   40
4979   80
5110   60
5299   80
899   80
239   90
8   20
2   60
5349   60
4366   30
3555   60
2059   70
4054   50
13   80
5481   20
4344   70
1015   70
595   100
2018   80
4641   60
2100   70
1022   90
362   80
1031   60
2770   50
6365   80
5785   80
2294   70
3408   70
2137   90
1907   100
5463   40
3512   60
5952   100
2700   90
2141   90
3114   100
4232   10
4783   70
4776   70
4369   40
107   70
5991   100
1919   70
4700   80
594   100
364   100
4995   100
3159   100
2430   40
48   100
6157   40
4447   60
801   50
4306   100
6170   80
3988   70
1010   60
5293   70
317   70
1073   100
4846   50
6297   80
2089   90
1282   90
4638   30
4027   80
3398   100
5378   80
2085   80
1489   80
3483   70
720   100
3751   100
3948   70
5171   40
2116   50
4886   80
6156   60
4308   70
5103   80
2701   20
4270   10
3986   50
5388   80
1025   100
4090   70
5816   90
1380   100
4378   70
5502   60
3157   60
5418   60
1032   70
262   90
1367   60
596   90
3301   70
1088   90
1947   100
6333   80
2080   80
4246   100
3624   40
1029   90
5364   80
4029   80
5254   60
4990   80
6345   100
5630   70
1012   80
21|338
122922   80
109723   70
122886   80
90249   70
648   90
54276   70
94677   80
2403   50
2993   90
4896   80
107449   30
79132   70
53125   80
72641   60
105213   40
108945   60
4005   80
115877   70
1573   50
111113   50
134853   80
4545   80
134393   50
780   70
5796   40
2959   40
115502   70
52730   10
165   70
167036   80
2858   40
480   80
79293   70
45499   70
130450   60
3253   80
102993   40
45447   70
91500   70
152081   80
111781   90
95510   70
2115   80
2376   90
104841   80
117529   80
97913   40
3868   80
102481   80
139915   50
2378   50
2000   70
78469   70
30816   60
103810   70
902   60
106072   70
50872   70
2288   10
1580   90
114180   70
2012   100
122904   70
5952   40
68791   70
6548   70
5266   20
60397   70
4085   70
1391   10
59784   70
8360   80
103335   80
93510   60
3638   90
112006   70
2617   70
3578   50
8946   60
8972   80
119964   40
44022   70
91529   70
99532   30
103141   80
108156   60
108932   20
3793   70
60074   70
63082   70
87232   70
56775   70
108190   70
1036   70
500   50
50189   40
355   80
4886   70
88405   50
2052   60
135861   10
136020   80
81591   20
1527   50
33679   80
78637   90
58559   70
73858   30
745   60
103228   70
63113   70
2916   80
31685   70
80166   60
2273   70
435   20
77561   80
111362   70
2706   100
143385   80
59615   80
142536   50
173307   10
73017   50
160565   20
111743   70
66934   10
122900   70
59429   50
106487   80
97938   70
592   70
40629   30
6166   40
101864   90
119145   80
135536   70
59315   80
51662   70
2   70
95738   60
116823   70
743   80
2724   60
44191   50
6365   70
2355   60
95067   60
36519   70
138186   10
106491   70
8529   90
64032   50
47997   100
6874   30
7701   50
3635   90
116797   50
4973   60
7573   100
4993   30
2949   90
63859   70
8665   80
26340   60
104211   80
2087   40
58998   90
3984   90
588   80
6942   80
8984   90
1240   70
2174   20
109576   50
53972   60
72378   70
2671   80
96079   80
3948   70
139717   10
104374   70
59900   60
81229   70
164179   80
81564   50
110130   80
53121   90
2402   60
138036   70
3022   80
122882   70
72998   80
105844   40
166492   70
112852   80
106489   60
356   90
6934   80
296   70
1210   90
3082   100
293   60
103372   70
73106   40
111617   80
7143   80
19   50
106540   50
364   80
119141   10
1291   80
49272   80
103339   70
54286   80
2011   100
88744   60
132157   50
586   50
2529   80
2006   50
2424   80
38038   30
61160   20
117368   70
139642   10
68793   70
94503   60
148675   40
135133   70
115149   70
4701   70
105653   80
88125   80
1148   60
1909   40
6373   60
10   100
719   70
134368   70
79134   40
2948   90
88140   70
6539   80
89745   80
32296   70
117590   70
119155   70
5989   70
1265   70
39715   50
7570   90
59369   60
160872   10
133419   60
69526   70
107141   80
44   20
8368   80
81834   60
80463   60
2001   50
2953   60
1370   70
81845   70
95170   80
2991   90
5218   80
32587   60
1230   50
86068   10
3988   20
8644   80
85259   80
103883   70
1270   100
46972   70
69844   80
7569   90
53996   70
3697   50
370   100
3114   70
5574   80
1214   30
112138   70
115617   80
8961   70
7373   60
111844   70
34048   70
733   70
367   60
2762   10
94777   80
168248   70
34150   60
5872   100
6155   70
73321   70
8636   60
53322   90
6503   70
2700   50
3617   40
2571   80
70286   70
2167   70
1722   100
2947   90
4700   60
111759   90
106918   70
168252   60
84152   70
87520   70
5445   90
106782   60
1198   80
82202   80
33493   90
4306   80
170   40
69406   70
3000   10
117851   60
2716   70
91535   70
74789   50
103801   10
98124   70
2989   90
149380   30
48   60
597   80
3869   80
164909   70
5481   60
22|79
5673   10
8464   10
5388   60
6502   30
253   80
55290   20
69122   10
59315   10
48516   50
31658   50
61323   10
52281   10
30707   40
5464   40
107   90
216   80
66097   40
68358   10
6870   80
56367   10
3751   80
49272   100
3911   80
4036   90
41997   60
30749   10
3489   100
541   100
4886   70
33794   50
74789   10
7153   20
2541   70
58559   60
5418   70
50872   30
5816   10
6377   70
2058   10
5015   10
54286   50
68954   40
4848   90
72998   70
53519   10
7438   100
36529   50
6539   50
38038   10
318   100
5617   70
4034   90
858   60
68157   80
8970   70
46976   20
4017   80
3006   80
2300   80
60069   40
4979   70
55820   80
56782   80
6874   80
4306   60
34437   60
1223   80
31410   20
356   100
44191   10
8798   80
37741   70
69757   10
56788   20
63082   10
3578   80
33004   20
4995   70
4878   30
23|80
1232   100
3681   70
296   70
6989   70
1175   80
750   60
2951   60
1884   60
454   50
6   80
7123   90
50   80
1233   100
1252   90
3462   60
2726   80
3265   90
8636   60
2019   60
1274   80
2912   70
2730   40
1266   80
1218   70
6857   70
924   80
1425   60
1050   70
6721   60
3108   70
2579   80
1036   60
5971   80
8961   60
858   70
923   80
1859   70
1221   70
1284   100
7438   60
5618   80
1208   80
1222   100
431   60
1214   80
272   80
1200   60
6790   70
1249   70
608   70
3949   100
1245   70
2542   60
2761   70
32   70
7099   80
7932   60
1199   80
8012   80
1212   100
6773   90
1203   60
8370   80
5782   80
6387   60
866   60
1217   70
5013   60
778   80
1213   60
3030   60
2686   80
904   70
58   60
4973   70
1748   70
4027   60
334   80
7924   70
3822   70
24|72
61132   60
165   70
5445   60
79132   80
4489   80
2273   70
552   70
134130   80
119145   80
1704   80
2028   80
57368   70
5943   40
2916   70
34437   70
47610   60
64969   60
733   60
1653   60
4855   80
2115   80
5673   80
296   80
134393   50
32   70
45672   60
318   90
608   80
5791   80
35836   80
58559   80
2571   80
1527   80
1663   70
51662   80
1047   40
4995   70
102407   70
96610   60
2686   80
4262   80
1297   60
52973   70
5064   90
59615   70
4973   70
780   70
1580   80
139385   60
46976   80
132660   80
31685   70
5903   60
49272   70
69406   60
122886   70
8784   60
3578   80
6   90
2421   70
457   70
63113   60
1639   60
253   70
31696   60
96079   70
94777   80
1370   70
86882   80
6350   90
3556   40
4299   70
25|16
68157   100
59315   80
176371   80
5952   100
231   80
122912   100
122916   90
187593   100
116797   100
68954   100
91529   100
1198   100
2028   100
3578   100
187541   80
177593   100
27|92
2709   60
2085   60
367   80
158   40
1396   60
3471   80
3448   80
1210   80
2294   40
3037   80
648   80
902   80
1247   40
2059   60
421   60
1270   100
595   80
1907   80
356   100
736   60
1148   100
2012   80
3681   80
2687   80
34   100
1920   40
1287   100
3489   100
3247   60
1200   20
2174   40
1197   100
3451   100
126   40
1592   60
2040   40
1584   80
48   80
1262   100
3791   60
1010   40
2150   100
2100   80
1222   20
661   60
2406   80
62   100
745   100
1580   60
1207   100
913   80
783   80
1   60
1356   60
2   80
2046   80
316   80
1588   40
2876   40
1198   100
920   80
2355   60
3157   60
5060   40
480   80
260   80
924   40
2054   80
2985   20
2944   80
1035   100
808   80
364   80
2115   80
1566   40
2628   100
2161   80
3062   80
3350   80
590   80
1960   60
238   60
2532   60
60   60
2311   40
2032   40
3836   80
1021   80
2142   60
1304   60
3168   40
1721   100
28|440
1994   50
63082   80
608   60
2618   60
5446   60
1201   80
6997   60
49651   50
55363   60
1748   70
2105   80
61628   40
6428   60
2571   80
49272   70
8951   60
1678   40
8874   40
2194   70
7009   70
3360   80
71106   50
59129   50
3543   50
54962   50
593   50
2329   50
589   90
54997   70
2268   60
55274   50
3272   80
2706   60
1356   70
61986   60
64983   50
2762   60
37741   40
1682   30
924   60
2716   30
8970   60
64997   70
65216   70
6870   60
48780   30
48774   60
1206   50
65682   50
3555   70
8798   70
4881   50
3994   60
2412   40
31116   60
56174   80
3386   50
23   30
53953   20
37386   70
55080   50
553   60
318   70
6548   30
2628   80
898   60
858   90
1095   60
1240   90
4626   60
57528   40
2542   60
4011   70
4878   80
58559   70
54503   70
52952   70
1221   80
30812   60
55118   80
34437   70
6974   60
1303   60
3911   60
161   60
6365   70
61350   70
1089   60
56921   40
428   50
5577   40
2858   80
6957   60
4874   60
44191   60
61323   50
592   50
41566   50
43921   60
2358   80
5010   90
2021   100
33004   60
1276   70
4446   70
4019   60
46723   50
72378   40
6947   70
44199   40
2490   90
46578   40
290   60
56587   60
6867   80
2427   70
33166   40
55276   50
3967   80
2028   70
6502   60
4787   40
3429   70
51255   20
8207   70
1374   50
1584   70
1608   40
6874   80
48326   50
60674   50
356   80
475   80
6993   30
2763   40
3949   40
31225   60
45658   40
8937   50
474   50
21   60
3950   60
4017   60
42004   50
52281   50
8810   60
1704   60
1580   60
3535   80
110   70
6552   50
64575   50
2023   70
27831   70
4993   60
1036   40
8010   80
3271   60
7361   50
1200   80
5152   90
51662   90
53550   50
27408   50
56367   50
480   50
72998   100
3169   50
647   50
8641   60
2502   40
3105   50
4226   70
60941   60
1590   60
2912   50
3317   50
57368   40
3020   60
1256   80
59315   90
40583   50
3916   70
2908   60
4343   50
27611   90
1136   70
3755   40
4378   60
27793   40
780   60
293   90
62394   40
8983   40
44204   60
1092   50
5009   50
48738   60
34048   70
7153   70
377   30
6157   30
60684   80
33660   80
62792   50
6817   60
457   60
41569   50
7841   90
508   70
43928   60
48385   80
34150   60
36517   50
1371   80
49530   90
51935   50
7884   50
1196   80
69849   70
2278   80
64716   80
1233   70
61248   40
1641   50
68205   60
1101   60
3793   70
6333   50
52042   50
52328   50
8132   80
1253   70
62849   70
52241   40
5956   40
8982   60
6537   80
62376   50
8949   50
62374   50
58803   60
26614   80
678   70
61236   50
2060   30
6934   70
1480   60
41997   60
63062   60
70286   90
3250   80
442   20
6953   60
1198   50
36529   80
4772   70
1042   50
51540   40
68237   60
3681   70
4344   20
3275   70
2952   50
3408   60
3198   60
57640   80
67534   60
1120   60
1517   50
56782   60
3147   50
55290   60
41863   90
2944   70
4223   80
2232   40
4855   50
4047   70
7706   80
47644   60
6807   50
555   60
5945   60
1466   60
31   50
456   40
1645   50
47894   70
31101   60
60647   50
53972   50
48879   50
8977   50
54286   80
64497   60
4995   60
635   60
6281   30
4022   70
3683   50
1129   50
4688   50
172   60
8961   70
3178   50
1953   80
38886   40
1729   50
1215   70
1625   40
71135   70
3783   80
34536   50
590   80
55820   90
49822   60
6617   80
1358   80
1785   70
40819   50
3980   60
62   70
47   60
1275   40
56145   20
16   50
3256   50
253   60
60735   50
68791   90
5903   60
481   60
53322   30
4238   50
1208   60
8633   90
4327   70
599   60
5349   70
64957   90
3176   60
1214   70
30707   80
34405   90
7123   60
55116   60
8493   60
145   30
55247   70
33794   90
2683   50
37739   60
1199   40
7438   80
68319   70
43396   80
5995   60
8644   80
7025   50
7143   70
5630   50
68358   70
996   40
4370   60
49265   80
2193   70
5502   60
26649   80
4034   60
1197   50
1921   80
3328   80
32   70
2403   40
2580   70
47099   60
63433   40
59387   40
54736   50
5632   60
33558   60
2272   50
724   30
2539   30
6565   70
1230   40
1266   90
1754   60
6534   50
4211   40
55721   70
31420   50
8495   50
3175   30
345   80
5292   70
7090   40
60040   60
1732   80
5445   70
3508   90
2000   40
53123   100
2997   50
7263   60
2701   30
8636   60
34319   60
1213   80
36527   60
7445   40
61132   40
300   40
61352   60
65982   60
8665   70
43936   50
3052   60
3156   50
1171   60
62799   60
63113   60
1653   70
7842   100
714   70
3107   40
5329   60
56607   50
1245   70
1047   70
527   60
4027   70
95   40
40278   60
1587   50
1249   80
44665   60
32587   70
3174   50
29|51
87306   90
111759   80
80489   80
150   80
1208   80
48774   90
2761   70
3578   100
1408   100
1224   80
1270   80
5995   100
1204   90
104841   80
318   90
165   80
50   70
7156   90
1213   80
64620   90
296   70
70286   80
1945   90
5010   80
924   100
170   60
750   90
1209   90
953   100
1136   80
3363   90
26729   80
1198   90
68237   100
3591   60
27611   100
1792   60
2420   60
81845   80
2951   90
904   90
1939   80
1772   30
2944   80
56174   80
914   80
2028   100
858   90
4980   40
780   80
1242   80
30|21
95510   100
111759   100
97913   80
33794   100
68954   100
68358   100
1196   100
93510   100
60069   100
1210   100
110   100
7153   100
58559   100
318   100
1240   70
122904   100
2571   100
260   100
96821   100
589   70
4993   100
31|32
912   100
5060   100
25   40
1214   80
344   60
1   100
141   80
852   80
1353   80
339   80
62   80
612   60
1393   60
783   80
733   100
780   80
1282   100
788   40
1240   80
605   80
588   100
1361   100
1391   100
784   100
1265   40
165   80
1405   20
1231   60
1196   80
1099   40
10   80
1057   100
32|65
50   100
1   60
141   80
272   100
1061   80
36   80
7   80
708   80
788   20
529   80
553   60
628   60
592   100
339   80
538   100
694   60
471   60
32   80
140   60
527   80
996   60
1438   60
52   60
1407   40
153   60
1393   80
1036   100
260   100
1073   100
648   60
265   100
337   60
24   60
736   60
1409   80
1086   80
1196   80
733   80
1103   80
361   80
25   80
345   100
653   60
194   100
296   100
1458   80
1425   60
786   60
802   80
353   60
799   60
440   80
282   80
246   80
6   60
1391   100
719   60
1429   80
661   60
26   80
74   80
1183   60
539   80
780   60
593   100
33|108
446   100
161   60
1643   60
1672   60
2443   60
302   60
58   80
2028   100
1095   80
1721   80
2324   60
34   60
1183   60
223   80
2355   100
593   100
475   80
2294   60
1621   40
1841   60
2485   40
1633   80
1805   40
2087   60
151   80
43   40
194   60
249   60
1358   80
2762   80
318   80
1799   60
39   100
2268   80
232   80
589   80
507   80
1245   100
2539   80
914   100
1885   80
293   80
339   100
1060   100
490   40
1542   80
2108   40
508   60
1   60
1393   80
337   100
457   100
296   100
2542   80
838   100
1545   100
919   100
1801   80
28   100
1639   100
1641   100
805   20
308   80
529   80
2058   60
2875   80
94   80
2080   80
36   100
1658   40
477   60
1487   60
2333   80
2112   60
1446   100
32   60
1056   80
2490   60
778   80
1918   60
1777   80
1923   100
307   100
2580   100
1249   100
1678   100
1580   60
300   60
613   100
356   100
588   100
21   80
1719   100
1610   60
2571   100
2724   60
1888   80
322   40
1210   100
1537   80
1059   80
2302   60
1213   60
2310   80
2336   40
527   100
2391   40
1784   40
34|54
2671   60
6333   100
6934   10
2628   70
4226   90
5952   20
1036   50
4246   80
4446   100
5459   40
318   80
7451   90
5378   80
8636   100
6711   100
356   80
2571   60
377   90
3948   60
1682   50
4447   80
2953   40
4874   20
1527   90
6567   70
6539   100
4643   80
3617   30
5449   40
1717   70
1580   50
8957   40
6857   80
3052   50
145   20
2617   80
110   10
6618   100
7438   90
2762   60
31184   60
6387   90
3793   100
6874   100
8622   40
4720   80
2424   20
2959   80
27801   100
6721   90
3977   90
3489   60
589   70
6378   90
35|14
236   80
316   60
50   100
39   60
342   80
237   60
590   100
235   80
60   100
231   60
592   80
266   40
150   100
62   100
36|38
5956   40
3362   50
908   70
5464   30
1376   40
1015   40
544   60
3766   40
5093   50
2406   60
3798   60
2581   50
1252   40
2082   40
4995   20
1485   10
315   10
3897   90
2302   30
25   50
318   80
1358   50
2794   60
1396   30
3861   40
1086   70
2012   40
548   60
2376   80
5312   80
919   30
1094   30
4085   40
3363   90
3270   30
1234   80
1597   40
3308   40
37|12
592   60
231   100
590   80
316   100
165   100
593   100
150   100
1061   100
153   60
671   100
296   100
349   80
38|49
235   80
509   40
151   100
588   60
736   40
339   60
292   60
440   60
208   20
595   80
153   60
410   60
203   60
317   60
590   80
367   40
282   60
110   100
466   60
105   60
468   60
377   60
376   80
648   80
355   60
237   60
337   60
592   80
266   20
193   20
485   60
163   20
555   40
435   40
432   60
552   60
62   60
224   80
527   100
454   80
350   80
586   60
17   60
253   20
593   60
329   60
357   100
48   60
497   100
39|64
1258   100
1097   80
588   80
1994   80
3178   60
2599   100
2085   60
3034   60
2078   60
1408   80
1387   100
2997   100
1954   40
1214   100
1210   100
858   80
1136   80
1221   100
3019   100
2118   100
3000   100
1196   100
1276   80
1282   20
1270   80
1500   80
32   60
2762   100
2987   80
1197   100
1617   40
1396   60
908   60
3362   100
1968   100
2018   60
1032   60
2342   100
50   100
1200   100
3328   100
1291   100
1036   80
1584   100
3745   80
3481   100
3911   100
1089   100
1025   80
608   100
594   60
1215   100
1073   60
1198   80
3418   40
2692   100
1022   60
2858   100
1213   80
1127   80
2174   60
1029   60
457   80
2947   60
40|66
17   100
491   100
165   80
281   100
306   100
126   60
685   100
300   100
266   80
434   60
296   100
173   80
231   20
44   60
551   60
208   40
353   60
19   40
228   60
31   80
151   80
329   60
256   40
34   100
307   100
292   60
110   80
235   80
205   80
150   100
146   60
224   80
312   60
272   100
362   80
421   60
82   100
327   80
230   100
364   100
330   60
273   20
595   60
107   80
26   80
62   100
265   100
199   60
121   80
610   80
509   60
318   100
367   80
60   80
383   60
515   60
435   60
344   80
163   100
457   60
168   40
590   80
337   100
159   60
252   80
410   60
41|157
61132   60
112552   80
1784   80
1961   80
60950   60
49530   80
30707   80
5618   70
61323   60
4034   70
58998   80
50   60
6711   70
111921   80
1222   40
2160   100
3996   70
71899   80
115149   10
3301   50
49286   60
86882   70
93840   40
128360   80
288   60
7438   100
71033   80
1704   60
54272   80
1097   60
55765   40
136864   10
3968   80
34162   80
48516   70
1208   40
85774   20
138036   40
55280   80
1265   60
69122   60
2329   80
6708   60
150548   20
1584   40
3081   60
293   80
31685   60
52973   70
7293   100
4014   70
112290   70
1088   30
4720   70
2712   100
67255   80
2268   50
1213   40
102407   60
51662   40
1206   100
50872   80
541   40
1258   100
66097   80
57669   90
296   100
3408   60
88129   70
46723   80
34319   60
608   80
6539   60
8641   70
30812   80
7173   100
80906   40
4027   80
1219   80
2671   60
69757   70
6377   80
1307   70
4816   100
380   10
215   40
91529   20
6953   70
2115   40
104879   100
125916   10
81845   60
2858   80
4848   100
1641   40
100714   30
135887   60
1682   60
37729   70
8949   80
7445   40
65230   70
356   40
109374   70
7444   50
41285   80
920   60
2724   40
112556   60
7361   80
8961   60
64969   60
56367   50
47099   70
4235   80
7149   90
99114   80
2692   80
33166   80
8874   40
1259   100
115569   80
3578   80
1214   10
55820   100
778   80
5952   40
54001   10
4226   80
112183   60
89759   80
56941   70
1732   80
6373   80
4973   80
79132   10
118900   80
5816   20
3949   80
115713   10
750   40
1884   60
54286   70
111659   20
103980   60
4022   100
1089   40
68954   80
5449   60
47   70
111   40
61240   80
4246   80
1777   50
5377   80
88163   80
139385   80
42|336
1213   100
553   100
4005   80
344   40
1476   80
3752   80
4487   80
1222   100
193   60
1513   60
1036   80
1976   40
4002   100
3   80
1806   40
1079   60
253   100
628   40
1089   100
1894   80
173   40
4041   100
3534   60
486   60
3098   80
350   80
3450   100
2771   80
4293   80
1674   60
2598   80
168   60
3861   60
372   40
2875   60
1374   80
296   100
924   100
2712   100
2278   100
550   100
3247   40
223   100
2796   80
1101   100
552   80
3176   80
548   80
3301   80
2702   80
2968   80
260   100
1644   40
2571   100
2492   20
3264   80
1499   40
1088   60
4361   60
1645   80
4034   100
3408   80
1663   80
1831   40
3441   80
4085   80
639   60
19   40
4621   80
2433   60
1883   40
2353   40
288   100
4516   80
1196   60
1597   80
3100   100
3033   80
2568   80
1285   80
509   80
303   40
231   80
2580   80
3210   80
1457   80
3257   80
4367   60
2722   60
163   60
4084   80
3552   80
2694   80
2297   80
3104   60
3255   60
3946   80
1339   60
434   80
2420   60
1876   80
227   80
1097   80
424   60
141   20
1373   80
415   40
3977   60
408   80
3764   40
2100   80
2478   100
436   80
1580   80
1378   100
2081   100
3882   40
1461   60
2795   80
2023   100
2707   80
1127   80
1060   100
1641   60
1246   100
733   40
2376   100
2427   80
592   60
2671   80
1391   40
1673   100
11   100
2372   100
2724   60
381   80
1270   80
2700   80
1810   60
414   40
2987   80
442   80
4280   80
1704   100
4018   80
2716   60
1672   80
1093   100
4629   40
2541   100
784   40
3253   80
2105   40
3753   80
4207   60
1918   40
468   80
3261   40
380   60
2804   80
2369   40
1614   80
880   40
2094   60
1307   80
3502   100
292   60
996   40
2011   80
4333   20
2605   80
383   80
252   80
1726   40
597   100
3791   60
2791   100
3259   80
1231   100
4062   80
165   40
360   60
420   60
2959   60
410   40
1474   40
2683   80
356   100
1805   80
1923   80
4027   80
2001   80
122   60
3361   80
135   60
4349   80
3052   60
2115   80
3387   80
2861   80
2989   100
2990   100
353   40
4067   40
1100   80
3448   100
2906   80
2028   100
10   100
1393   80
1573   80
2581   60
1517   100
3980   40
1245   100
858   100
2918   80
234   80
4359   80
3208   40
22   100
3101   60
912   100
1835   80
2311   80
2574   60
4317   60
3617   80
3263   80
2371   100
4466   40
2110   80
1968   80
788   80
3646   60
257   60
2713   60
1485   80
3755   100
413   40
3252   80
507   80
2306   60
144   80
110   80
2890   80
1210   100
186   80
586   40
3256   80
466   40
1265   100
3298   80
3177   40
1625   80
782   60
4509   100
1608   80
612   40
1191   80
457   80
2424   80
785   60
4482   100
1266   60
2871   100
593   100
2502   100
4686   40
4442   20
4679   80
3481   80
3515   80
2294   60
4564   100
3527   40
333   100
86   80
4155   60
2421   40
433   80
236   60
379   40
153   40
3694   20
4489   100
1343   60
1466   80
4153   60
2169   40
4321   100
2002   60
4577   80
2144   60
1094   20
1610   80
1619   60
4565   40
1653   100
1302   80
316   40
1687   60
4007   100
2352   80
418   60
540   80
4541   80
4102   100
3948   60
2641   40
1892   60
2335   80
3186   80
21   80
2375   60
3394   60
1042   40
647   40
3142   80
432   60
2628   60
3146   60
524   60
47   80
1682   60
590   80
4022   80
3082   100
1975   40
3578   60
4040   40
708   80
2763   100
3269   60
2688   60
225   80
43|75
110   60
589   100
29   100
150   100
434   100
1084   100
542   80
502   100
173   60
271   100
828   100
262   100
3   100
711   100
380   60
1356   100
276   100
419   100
590   80
107   100
435   100
79   100
231   60
788   100
344   80
592   100
661   100
410   80
1105   100
7   100
161   80
8   100
616   100
610   100
343   80
325   100
57   100
484   100
316   80
810   100
552   100
165   100
292   100
153   100
351   80
1073   100
185   80
480   80
23   100
349   60
382   100
193   80
553   80
609   100
253   80
362   100
454   80
208   80
217   100
377   60
595   100
10   80
432   80
174   100
1064   100
350   80
317   80
48   100
783   100
500   100
648   100
374   100
256   100
34   100
277   100
44|30
780   60
785   60
842   60
1476   100
141   60
1639   100
833   40
1210   100
1429   100
1517   80
849   60
891   60
786   40
605   20
737   100
852   80
18   80
1120   80
673   20
3   60
260   100
135   40
733   100
836   60
1544   20
667   60
1393   80
798   40
6   60
95   80
45|303
2078   100
53996   90
2541   80
53121   80
546   40
784   80
858   100
587   40
2797   80
466   60
4993   100
1370   90
852   80
520   80
2080   80
6373   80
292   80
1391   60
4979   60
2683   80
2124   80
21   80
8636   70
364   100
4033   80
3052   80
903   80
3552   100
474   100
11   60
2987   80
1136   100
1005   40
3114   100
2997   80
70   80
543   100
2087   80
185   60
2052   40
1704   100
1968   80
104   100
1   80
3269   60
3301   80
4974   80
785   80
4016   100
500   80
5218   70
3972   100
1457   80
733   80
3996   100
165   100
5481   80
33493   100
2355   100
333   80
2012   60
589   100
541   60
33145   80
2501   80
231   100
4886   100
4980   40
788   40
5620   60
1721   80
2504   80
5418   100
3534   80
924   80
2140   80
2657   100
3489   60
2841   80
765   80
1729   80
1862   60
2046   60
552   80
2571   100
1909   80
6287   100
4734   100
1356   80
2528   80
849   60
1242   100
8665   100
2598   80
5313   60
5582   60
639   40
260   100
252   80
5103   60
1431   80
3439   20
671   80
1500   60
1374   60
1372   100
1042   60
4011   100
2096   80
248   40
3147   100
5445   80
3565   80
590   80
1923   100
1035   100
2746   60
5568   40
3798   100
1569   80
51080   90
39   60
5308   60
3004   60
1377   40
50   100
7173   100
5502   100
1097   100
2712   60
53322   100
2707   80
1769   60
356   100
1442   80
54286   90
8528   100
1291   100
2985   40
4623   60
934   60
2605   40
1221   80
440   60
2064   80
3176   80
1393   100
2329   100
1883   60
1566   80
7   60
112   80
480   80
2804   60
1029   80
3248   40
3555   80
4034   80
3897   60
180   80
1080   80
4369   100
3082   80
3175   60
2311   80
3484   60
5630   100
441   60
1863   40
3087   60
7294   80
69   60
5307   60
4896   80
6333   100
2492   80
2694   100
1476   60
1225   80
1610   80
4299   100
1371   60
4502   20
1258   100
457   80
3408   80
1270   70
1196   100
5589   60
2042   60
296   100
5989   100
32   90
3033   80
2106   100
53125   80
1307   60
2771   100
1517   100
3258   60
3717   100
3536   80
2082   60
338   60
3273   80
2918   100
1390   40
1101   80
362   100
1198   80
594   80
3298   80
3254   80
1033   80
1028   80
53993   90
1866   100
317   60
3549   80
2302   60
1407   90
3421   80
595   100
2108   40
5151   80
1213   100
110   100
2762   100
6539   100
4022   100
2791   80
344   80
2710   80
551   60
62   80
1615   60
2094   60
1073   80
5283   100
3385   40
1485   80
4958   80
367   80
597   60
5500   100
33004   80
19   90
2915   80
1573   100
832   90
316   80
3177   80
1021   40
4963   100
1639   80
783   60
413   60
2005   60
5528   100
1688   80
6   80
1375   80
1641   80
1059   100
173   20
5220   40
223   100
380   80
4718   100
2407   40
2502   100
1584   100
3247   60
6365   100
2115   90
88   80
2470   20
3255   60
2672   20
3253   80
2006   100
3285   60
919   60
3243   40
2081   100
5378   100
107   80
2716   80
2324   100
2485   80
150   100
1676   80
2763   80
2083   100
588   100
3196   80
2947   80
5349   100
435   60
2021   60
216   100
2105   60
1302   100
46|26
253   80
161   60
457   100
185   80
380   100
592   60
39   60
10   60
32   80
173   100
50   100
292   100
318   80
288   60
300   60
266   100
153   80
349   60
454   100
160   80
435   60
593   100
231   60
344   60
282   60
367   80
47|96
724   40
49278   70
1968   50
105504   70
1021   40
5679   40
81591   30
48385   10
318   80
5293   60
97938   70
40819   70
3949   20
80463   70
59725   70
106782   70
146656   70
1265   40
51931   100
1721   70
140247   20
8966   80
2671   40
108729   60
2144   60
3408   60
1097   80
111921   70
5991   40
6765   60
82767   70
53894   70
5943   40
97921   70
3844   80
2959   40
4776   70
150   60
2762   60
2908   70
6870   70
56587   80
147   70
96567   80
72998   50
391   90
88810   70
140715   80
47423   100
3969   70
117881   80
1580   30
4022   60
112183   30
63876   60
140174   50
587   80
1961   80
31   60
97923   80
163645   60
30793   60
7160   60
4487   30
132424   50
81932   80
145839   70
55247   80
30707   80
1393   50
500   20
8958   70
72641   80
69712   80
141   40
139385   10
2291   50
47099   50
100383   70
101525   70
63082   80
1088   80
30812   60
137337   70
112804   100
31685   60
5108   80
84152   90
112552   100
96811   80
356   90
5014   60
2942   50
159817   60
4474   70
1203   50
48|20
2081   90
8636   90
5445   90
2115   100
5349   80
5903   80
780   70
2194   80
1584   90
2791   50
653   80
1356   90
5882   80
1485   80
1690   90
2571   100
3623   50
1625   90
6333   70
2797   80
49|12
47099   90
79091   80
70286   80
356   80
109487   90
168252   90
122920   80
6377   80
2571   90
103335   80
110   80
79132   90
50|232
44022   30
90746   50
72378   20
78499   40
7247   60
2018   50
596   40
175485   10
32031   40
1391   60
1251   90
1101   50
122904   30
899   80
8361   20
7700   80
296   80
44719   50
32659   50
33794   50
104913   50
8928   80
165   60
47099   40
52885   60
143969   20
45517   40
3415   80
6663   60
174141   70
109487   50
6666   70
91094   30
4914   80
5932   70
170705   70
92046   60
45880   50
3000   70
97923   50
96606   50
909   60
3868   60
138208   50
104841   30
170875   20
2006   50
41566   40
3949   60
136018   40
74458   50
188301   60
88911   60
49272   50
85796   40
1732   70
1968   50
96079   50
593   70
1387   60
969   70
1208   90
5816   50
110102   40
112552   50
5669   50
4306   40
5618   80
152081   50
103171   20
32898   70
1079   50
1232   80
1036   70
168254   30
69644   20
8879   60
37545   60
164280   70
100498   20
122882   60
7063   70
167370   30
102407   50
356   60
32657   70
107338   50
3114   60
27773   60
6874   70
7438   70
112183   60
139385   50
81018   60
2925   70
175781   60
50872   60
176101   20
1370   60
89774   50
111732   70
2959   60
2160   80
1278   70
33781   50
136020   40
63312   40
608   80
1281   70
4226   60
32   60
116797   50
134170   50
149406   40
1136   80
1206   80
5218   40
62644   50
3462   70
140928   50
137857   40
7327   80
54272   50
1223   60
109374   60
6377   60
79702   40
107565   30
923   80
3730   80
1274   80
174403   50
4886   60
1198   70
174055   50
1921   60
4399   70
1   60
176371   60
783   50
128360   50
143859   40
2019   80
142448   40
122918   20
3168   70
174737   60
1380   50
101072   50
46062   20
26326   80
122898   10
318   70
750   80
1721   60
2732   80
1682   50
62336   70
5810   40
27156   80
858   80
175705   70
66335   50
1201   80
90522   30
94864   30
128695   50
3221   70
142997   40
4658   70
8368   60
151759   50
1080   70
1367   40
1253   60
172013   60
59784   50
5021   60
99114   60
105250   70
30793   30
104283   70
4928   80
541   80
156607   20
135887   20
172461   60
108932   50
8961   60
111   80
48385   60
1258   80
103228   40
111921   50
1273   60
7206   70
79132   50
135143   40
1252   80
914   60
72998   40
1580   50
2553   60
106782   60
148626   60
69122   20
93326   20
7748   80
139644   60
92475   80
2712   70
117176   40
92427   20
63082   50
2947   70
160569   20
60397   50
128620   70
26258   80
837   50
1230   70
26729   70
94677   40
26422   60
46862   70
3034   60
1289   60
59615   40
6711   60
79224   40
903   80
48780   50
51|271
1784   100
2762   100
2644   70
2167   80
47997   100
45666   70
2379   40
2615   90
3809   60
2826   70
527   60
48877   100
39414   80
593   100
2668   50
5171   70
60487   100
2746   60
3868   60
5339   70
4886   80
2374   80
1214   100
1580   100
4255   80
3814   100
111   100
3148   100
2097   50
4308   10
1011   30
5672   10
316   90
58559   80
719   90
3274   50
383   60
1267   80
247   100
2279   30
7004   60
6502   100
1304   100
1753   70
327   30
953   100
387   70
7000   100
2151   70
39183   100
6873   100
2554   80
4014   100
7757   70
3917   100
33166   50
52973   90
2376   70
4034   100
236   100
3361   100
3863   100
2194   100
1873   100
555   90
1645   100
5377   100
48774   100
3763   80
3107   100
3614   70
1994   80
2408   60
4327   80
610   80
616   80
5040   60
6807   100
6880   10
4267   90
2455   90
1391   90
551   100
1215   100
781   80
2524   70
1663   100
1953   100
4876   60
2100   80
70   100
2123   60
2797   100
2617   10
6659   80
3969   100
2393   10
33615   70
2356   70
1777   60
5459   70
1235   100
5060   90
3396   70
8464   100
2015   80
4238   90
3257   50
1024   80
520   90
2   90
1257   90
1301   90
34338   100
8874   100
7983   100
4291   40
1371   100
1373   100
4262   100
3638   70
60074   100
3949   100
4518   70
1641   80
317   70
2683   10
1805   10
6934   10
7160   100
380   80
1243   100
93   60
5378   30
4447   60
1186   90
2701   10
4591   60
1991   60
1608   60
2641   30
2533   70
186   70
42723   100
1479   90
1079   100
36   60
934   20
54001   100
4002   100
4344   60
2011   70
4293   60
965   100
4713   100
54286   30
59615   100
1033   80
433   70
3968   60
597   70
1792   10
2054   60
1276   100
2322   80
2791   80
2664   80
804   100
589   100
482   70
5816   100
230   50
6371   10
1272   100
3255   60
2587   60
2124   80
849   90
2942   40
2133   70
1350   90
3799   10
4496   70
497   100
479   40
57532   70
4041   70
6793   40
2291   80
2169   80
7007   70
2391   90
3253   10
4865   100
344   60
1674   100
2872   80
2402   20
2871   90
505   80
59900   60
6786   60
1224   100
5956   100
4878   80
6708   100
5712   70
468   90
1748   80
3671   100
2148   80
1639   100
2995   70
4270   10
4018   60
1302   100
8533   100
2137   60
466   70
4992   90
1997   100
4855   90
4464   80
2375   100
5254   50
2302   100
5505   80
5481   80
1287   70
4054   40
3489   100
3430   80
2321   100
65   70
1918   60
1591   20
1249   100
2159   80
1688   60
2380   30
912   60
339   80
4215   70
1834   80
1690   60
2580   100
1196   100
1457   70
1967   100
6711   90
3219   80
2901   100
4340   50
2490   60
2788   100
52722   70
3681   80
2916   30
2978   80
2248   100
1088   80
829   80
1244   80
3785   70
1201   80
4241   10
7254   90
59306   10
7569   100
2634   60
3918   100
52|88
46976   100
52973   90
588   100
39183   80
54997   100
39444   100
58559   100
72998   90
62374   80
260   80
70286   100
122886   100
110501   100
59900   60
3753   80
34437   60
61132   100
1196   80
55118   100
51077   60
31685   60
54286   100
1784   80
293   80
69122   100
7153   100
1210   100
48738   90
5010   80
68954   80
63082   100
33646   60
96811   100
134368   90
2959   90
60684   80
73017   100
48774   70
89745   100
58998   100
5064   100
8464   80
60069   80
49530   100
54999   100
57368   100
96079   60
57669   100
733   100
52281   80
5418   100
63113   80
95167   100
2324   80
31696   90
122904   100
134853   100
68358   100
8665   100
59369   80
6874   90
44191   100
52328   100
81847   80
71535   90
364   100
4901   100
47099   80
79091   80
36529   100
122900   100
54995   100
56801   60
318   100
65514   70
356   100
64620   80
47997   100
7361   70
134130   100
93838   70
2571   100
150   80
48304   100
35836   90
1198   70
57528   60
34405   90
53|12
413   100
4019   100
880   100
203   100
381   100
2686   100
2616   100
3100   100
1982   100
748   100
922   100
1298   100
54|20
288   60
47   60
590   60
586   40
150   60
17   60
410   60
377   60
592   60
480   60
588   60
50   60
339   60
318   80
110   60
454   60
356   80
469   60
329   60
589   60
55|16
44665   90
2100   10
54286   80
1293   80
33166   90
27831   100
2763   50
2580   50
186   10
2542   100
2490   70
2393   10
1947   10
2278   60
2005   40
1357   10
56|28
288   60
317   80
47   100
39   80
196   60
208   80
480   100
592   60
11   80
19   100
225   80
420   60
316   60
593   100
231   100
333   60
296   80
10   80
493   80
160   60
315   80
364   100
344   100
329   60
733   80
161   80
292   80
457   80
57|364
527   100
2529   80
2761   80
1371   40
2023   60
158   20
1266   80
589   80
1101   80
2297   80
2683   60
1831   40
1385   40
3159   60
2949   60
1223   80
1243   100
3107   60
3593   20
1552   20
745   80
2709   60
593   100
10   60
2405   40
748   40
3066   100
537   60
1210   80
552   40
2353   40
2470   60
379   20
1498   40
951   80
52   60
1198   100
1377   40
736   40
1100   40
141   80
2087   80
1726   40
515   80
3901   60
3114   80
851   20
912   100
1518   60
1527   80
1513   80
596   80
2770   80
1866   60
2990   40
1303   60
1653   100
1047   80
410   40
3466   80
2000   100
3022   100
355   20
1257   60
1953   80
2628   60
3070   60
480   100
3471   100
3396   80
431   80
2681   60
3774   20
1614   40
260   100
778   80
3030   100
1468   20
1270   80
720   100
1912   40
2354   20
1678   60
2700   80
2429   20
2021   40
2115   60
2917   80
104   40
2355   80
65   20
1212   100
1049   60
2580   60
1094   60
1127   80
1858   60
2336   60
1372   80
2530   60
539   60
224   80
553   80
1379   40
1670   80
153   40
3740   80
2701   20
1249   80
2941   60
1907   80
1590   40
1036   80
1704   60
2858   100
3635   80
316   60
2922   80
1027   20
474   60
1250   100
3045   80
457   100
2009   80
2641   40
69   80
1747   80
1674   60
610   60
3044   80
21   60
908   100
3811   80
329   80
349   80
761   40
272   60
95   60
1597   60
955   100
2571   100
1030   60
904   100
1080   80
1226   80
2532   60
150   60
783   60
1028   80
3435   80
235   100
2273   60
2083   60
1291   80
2599   80
3426   60
2288   60
1373   40
518   40
597   60
3033   60
1136   100
2690   60
2997   80
3686   60
473   40
592   80
762   40
991   60
2759   80
2706   80
3272   20
1388   40
198   60
3643   80
2094   60
653   60
3081   80
913   100
1277   60
2376   60
1769   40
107   60
1564   60
471   60
1197   100
1129   60
780   60
1196   80
171   80
1909   80
1573   40
296   60
2396   100
3638   40
923   100
2968   80
3639   60
520   60
1673   80
1441   40
861   80
2406   80
2617   60
2289   60
305   60
1641   80
1884   40
590   60
2202   100
994   80
1617   100
3082   40
608   80
494   80
1722   40
364   80
2791   100
3624   80
70   20
485   60
1304   100
2951   80
1256   100
357   80
1968   80
3753   60
3256   80
417   40
497   60
587   40
2916   80
2019   100
2193   60
2762   100
1204   100
2028   100
382   40
1356   80
3494   100
2088   20
356   80
1517   80
185   40
3108   100
1268   60
3032   80
2935   80
594   80
750   100
551   80
849   40
3301   60
1584   60
2961   40
3258   60
940   80
3334   100
1275   100
588   80
2490   80
3479   80
3543   60
162   80
2005   60
1882   40
1   100
1059   60
1580   80
1939   80
3489   60
2797   60
2311   80
648   80
5060   80
1544   40
3104   80
1682   80
303   40
1252   100
1242   80
2081   100
2067   100
208   20
3361   60
3827   80
1391   80
1562   40
915   100
1748   60
39   60
903   80
3160   60
595   100
924   100
380   80
442   40
2002   60
1954   80
3020   80
3578   80
1479   60
3632   80
265   40
112   80
3937   40
1721   40
733   60
3697   40
1148   100
3105   80
2407   60
3685   60
1221   100
3527   60
899   100
2001   60
866   80
2150   80
3552   80
2124   60
421   60
1222   80
2802   60
1265   100
2921   100
2054   60
434   40
2232   20
500   60
2985   60
2616   40
1320   60
3628   80
671   60
810   20
50   100
2403   80
516   40
880   60
2268   80
2723   60
1676   80
897   80
1254   80
1603   40
1500   60
1608   60
3260   60
2102   80
1620   40
3671   80
1201   100
1646   20
2108   60
786   40
440   80
674   80
3064   60
377   40
2393   40
2302   40
1234   100
1288   100
58|73
265   80
616   80
153   60
253   40
589   80
474   100
380   60
44   40
216   60
161   80
551   100
648   100
7   100
552   60
261   80
196   40
497   100
736   60
477   80
36   80
47   100
234   80
454   60
475   100
455   40
540   60
5   80
327   80
224   60
186   60
168   100
594   100
356   80
339   100
249   100
520   60
480   80
21   80
266   60
62   60
173   40
317   60
350   80
371   80
165   80
50   100
222   100
315   100
539   100
440   80
300   100
509   40
435   60
19   20
595   100
596   80
333   100
708   100
1073   100
110   100
296   100
592   60
292   80
231   100
342   100
362   100
225   60
597   100
276   40
590   60
555   60
344   20
457   100
59|69
1196   80
1361   80
906   100
2671   60
780   80
733   80
110   40
924   100
1097   100
3450   60
1250   100
1674   100
1610   80
1944   80
922   80
3204   100
648   100
1625   100
2352   100
2427   100
1208   100
3075   100
3461   80
2028   100
2160   100
3498   100
1617   80
2571   20
2067   100
1151   100
858   100
593   100
2020   100
2294   60
1224   100
3256   100
552   60
350   60
1269   100
913   100
1631   100
480   60
3504   80
1212   100
1221   80
2987   20
3386   80
3230   100
1573   100
589   80
1086   80
1722   60
1580   60
2174   40
3462   100
1797   100
750   100
2550   100
3479   80
647   80
1552   60
1183   100
10   60
541   100
1233   100
2726   100
1299   100
41   100
1094   100
60|13
60   60
48   60
1242   80
318   80
1203   60
3386   80
527   100
783   80
1562   60
2150   80
6016   80
3424   80
2067   60
61|24
1080   70
50   90
32   90
6796   80
7361   80
7153   90
1258   80
293   90
6502   80
1089   90
30707   90
1653   90
27831   80
1201   90
6874   80
318   100
4993   90
593   80
4011   90
1214   90
1090   80
235   80
2174   70
4226   90
62|276
110102   80
6863   60
136864   80
8972   70
115569   90
778   90
68954   100
1198   90
135569   50
111362   80
50804   100
1097   90
44191   100
59501   80
90866   70
45722   90
1704   100
60126   60
88125   90
103341   80
114180   70
122912   80
116823   80
3949   90
2959   100
60072   70
48043   60
187595   80
108729   80
4973   90
1610   80
135518   70
4306   20
104879   60
88163   80
79702   80
6874   100
96079   90
98809   90
168252   100
8368   90
122896   70
260   90
106072   70
118696   80
111743   70
33794   100
68848   80
38061   80
122898   80
51540   90
5816   90
96821   100
97938   90
8961   90
122924   80
37729   80
34150   60
6934   100
79357   90
122900   70
72011   70
74228   70
60040   70
59315   70
109374   100
112804   90
5989   90
1961   100
4262   100
89864   90
81834   90
293   100
1203   100
6539   80
33660   80
114662   80
4011   90
27808   80
53121   20
104374   90
2023   100
8371   50
58559   100
47   90
8984   100
8529   90
135133   70
115149   100
86880   80
1645   100
7438   100
3969   90
36529   80
115713   80
54997   90
173925   80
84152   80
31658   70
5349   80
89745   80
88140   80
172591   100
96829   80
2115   90
53125   90
122920   80
115680   80
58803   80
63992   20
176601   100
1270   90
5459   60
5618   100
54001   90
527   90
1221   100
87430   70
3252   90
67734   80
33493   90
46976   80
166635   70
184471   70
318   80
60069   90
1265   80
182715   80
87520   40
56587   90
48385   80
63072   80
49649   30
52604   90
1682   90
45447   70
47099   100
166528   90
4270   70
94777   70
4148   100
6534   70
51662   90
136020   90
3114   60
183611   80
60684   90
5630   100
2571   100
71106   90
122904   90
55908   80
2   80
69757   90
86911   80
158238   80
116897   80
41569   80
171763   80
102125   70
46723   60
33679   70
122892   80
3147   100
164179   80
5378   90
161131   80
69844   90
7373   60
2329   90
2124   100
4993   100
61024   80
111659   70
106487   80
111759   80
7143   80
81845   100
102123   80
68237   40
5445   80
122916   80
55820   100
5254   60
2012   90
135536   80
7153   100
122926   80
7254   80
71535   70
6365   100
58047   70
122886   80
593   100
2011   100
27706   80
68319   70
97921   80
586   80
143355   70
8914   90
115210   90
122918   80
162606   80
114935   100
79132   100
37733   80
119141   60
103042   70
88405   70
106782   80
107348   80
356   100
4896   90
64969   90
111360   80
6541   70
6333   60
103772   80
116797   90
3578   90
3977   50
5995   90
63113   90
112552   80
27831   90
8360   20
49272   90
48394   90
114678   90
83369   80
117176   90
4367   70
48780   100
60756   70
4223   90
6   90
53322   100
158966   90
128512   70
102903   80
27660   90
122922   90
3000   80
64957   90
1196   90
32587   90
74789   100
46972   80
7293   80
91529   100
108190   60
166534   90
47610   80
106489   100
96610   80
104863   80
68157   80
137857   60
40815   90
8636   80
122882   80
175661   70
8641   80
80693   80
69122   80
112852   80
33162   80
7458   80
6564   70
94864   70
110   90
91542   100
77561   70
112556   80
109487   100
63|200
3752   40
27846   70
1278   60
4027   20
5418   80
58559   100
91529   100
589   80
112852   80
5218   80
3481   80
3949   100
6539   80
3421   50
4022   60
33794   70
27904   80
6365   40
4886   70
92535   100
104069   80
95858   80
89904   100
3717   50
1393   70
778   80
77800   100
47   80
7980   90
3000   70
5010   80
6502   80
77455   100
1196   100
150   60
3435   80
1617   80
6104   100
858   80
111759   80
74458   80
153   20
592   80
10   60
377   50
1288   100
5872   60
111   60
3088   80
1732   10
4734   70
122892   80
59615   80
102445   90
30793   50
89753   100
4993   80
595   60
6934   60
969   60
33779   100
1387   60
38038   100
32   60
5464   80
3948   50
1965   90
2571   70
357   80
48774   100
165   80
96079   70
1262   80
4995   80
7132   80
318   100
1923   40
1527   70
2683   60
4816   50
78499   80
106487   10
1201   80
1945   50
92494   100
8376   50
1213   80
89745   70
57669   100
1291   80
208   40
1202   80
3555   60
115617   100
3552   40
8873   60
98491   100
4262   50
2115   80
8874   100
79132   70
356   70
7387   40
3578   60
102217   100
41566   60
54272   80
2329   80
3617   20
527   80
1080   100
1682   70
110102   80
1200   50
111781   100
3868   70
51255   100
913   80
2078   100
30810   50
54286   80
68358   70
2791   80
86504   60
5989   80
4878   60
91500   10
6541   20
1193   80
648   80
3755   70
3793   70
49272   80
81845   90
586   50
912   80
48385   60
780   60
2692   90
8464   80
4011   70
2788   100
588   80
1282   80
293   70
2959   100
5445   80
4226   70
1   100
86290   100
1210   90
34   60
8917   80
96610   90
1704   70
3409   40
79702   100
32587   100
7254   50
7438   50
1089   60
33004   70
73017   80
61323   70
4896   30
91658   80
231   60
1084   80
111362   70
608   90
91630   80
924   70
364   80
53000   40
2716   100
88140   80
344   100
2542   90
97913   100
8361   60
5903   70
81229   80
3285   40
4310   10
3785   40
2028   70
6874   70
6942   50
4344   80
3751   80
4223   70
1220   100
1265   60
1580   40
45722   80
45728   80
71535   80
134853   100
1223   100
67997   80
64|397
1210   70
1513   80
3949   80
2710   70
4128   100
3108   80
45447   50
2871   80
377   60
1097   90
3362   100
1345   90
3247   70
1042   60
1222   80
1258   70
1348   80
6373   70
48   60
7743   90
1208   100
2542   70
7293   60
6539   80
788   70
924   20
350   70
3996   90
780   60
7982   90
3210   80
5956   80
647   70
1288   90
553   80
364   80
783   50
151   60
2683   80
8961   70
2826   70
50   60
2018   70
33794   80
6242   60
8368   70
2997   80
2987   80
2313   90
2078   80
207   70
3608   100
1343   80
1225   80
3176   70
2804   100
316   60
6385   100
5445   80
104   60
1645   50
2124   80
509   80
697   60
1517   80
8783   70
1193   100
3510   60
608   80
5902   90
3526   80
3033   70
6188   100
4027   80
2080   80
597   70
8014   100
7451   80
4980   80
8528   70
2617   70
2762   90
3273   40
4310   60
110   80
786   60
3793   70
4002   90
1953   60
26504   70
2700   90
596   80
111   80
5630   70
2167   70
520   80
317   70
5254   60
4720   70
1120   70
8874   100
296   90
25   70
1094   90
1641   80
2087   70
7162   80
6874   80
3916   60
1617   80
3301   60
8949   60
5417   70
1569   50
5810   80
7360   90
198   60
1196   70
6365   60
588   80
4343   50
5481   70
2580   60
1263   90
3421   90
1466   80
1320   60
4734   40
1215   80
4896   70
355   50
555   80
1907   80
2406   70
1748   70
2006   70
1028   80
1217   100
3671   70
2291   80
3450   70
45   70
2085   60
8798   80
4975   60
8464   80
1293   100
34162   60
2028   80
6214   80
2599   70
2712   60
1214   80
500   70
8641   80
1883   50
1967   90
6218   80
1408   100
6711   80
2302   70
4023   20
2174   70
160   50
3897   80
5308   60
7147   80
8795   90
4701   60
1339   70
3617   60
30810   100
185   60
778   100
3041   70
4369   50
2396   80
27523   100
6975   80
1644   50
6502   90
2539   60
3030   80
7361   90
1911   60
1276   80
1   80
3300   80
70   80
4308   60
2470   60
435   70
186   50
3489   60
3100   70
785   70
33683   80
2722   60
33166   50
2581   60
2420   100
1784   60
32   80
2905   70
2723   70
1552   40
3386   90
3257   70
1203   100
8917   100
37733   60
6331   90
367   70
589   80
4235   100
2003   90
2193   70
5225   80
141   60
2369   60
223   60
1732   100
4223   70
27020   70
2706   50
1148   80
30707   70
2916   60
344   70
3005   60
7701   60
4773   60
1639   70
3072   100
1136   80
5064   70
480   80
6863   70
307   70
2019   100
7235   60
163   70
293   80
919   80
6957   80
1265   80
3809   80
1096   100
3052   80
628   90
1287   90
4448   70
4011   90
6287   40
1183   80
5266   80
586   60
46578   90
16   100
4489   90
2064   80
8981   80
2248   80
2746   80
8983   70
4246   80
3556   80
5418   70
2694   60
2161   80
4105   60
8376   100
2692   100
1947   80
3994   80
1625   60
1704   90
8873   90
27869   90
2355   80
7160   80
2770   80
265   70
3827   60
2273   60
1221   100
1690   60
5952   90
5010   100
6377   100
5015   80
1036   60
6155   10
8093   70
333   90
7004   60
1527   70
736   70
5502   90
4993   90
41569   80
1889   70
2918   70
6944   70
357   90
30793   80
1060   70
3717   50
2294   60
527   100
253   80
8645   90
4979   80
3752   60
1285   60
4973   100
7318   70
4016   90
5528   70
8950   90
1250   100
1777   80
1673   90
6281   80
2278   100
5673   100
5954   90
2100   70
2427   100
1101   60
4571   80
1089   80
4641   70
4144   90
6   90
1912   100
784   60
587   80
3396   80
318   100
4380   100
47   90
1204   100
8957   70
34072   90
2797   80
2115   60
858   100
593   100
31878   80
3147   80
908   80
1073   80
4148   60
3   70
27773   100
4306   70
7090   90
365   80
1961   80
370   40
6936   70
3175   70
1092   90
2571   80
41566   80
3552   60
1405   80
112   60
2394   70
1197   90
6323   70
3160   80
2268   80
3535   100
5690   100
7153   90
236   70
5991   70
4321   70
585   80
153   50
2908   90
4226   90
2502   90
3105   80
590   100
2657   80
19   70
5218   70
1994   90
3354   10
7139   90
1391   70
1682   80
7254   60
6870   70
65|21
318   80
1682   90
89774   80
47610   70
527   80
8798   70
7153   80
64614   90
97921   60
74458   90
46976   70
111759   80
88140   60
48780   90
116797   90
2028   80
44191   90
1036   60
58559   90
36529   80
122904   60
66|260
1358   100
6807   70
2918   80
2463   80
1394   90
6936   90
282   80
6287   90
6617   90
7015   80
1247   100
2805   60
4720   70
912   90
1407   90
1023   90
1845   80
2470   80
1288   100
2401   80
172   70
1206   100
7048   80
3444   90
4616   70
1356   70
628   80
5299   100
1912   90
1382   50
4203   80
4611   80
1488   70
4158   80
3198   80
1197   80
1252   90
3105   80
6832   80
3911   80
4322   80
4585   80
3045   60
3499   80
248   60
3254   70
2257   80
2797   80
6708   100
1216   90
1748   100
4079   90
7438   100
223   70
3552   80
4231   70
7153   100
3697   70
6333   80
4465   80
7493   80
2987   80
2355   70
1285   80
3029   70
6773   80
1127   80
2617   40
1090   80
415   60
7325   60
592   80
51255   80
7173   70
2000   70
5548   90
2959   100
357   100
2420   80
4993   100
5023   80
2580   70
608   80
6996   40
2288   100
3271   90
8961   80
1517   80
4041   90
1769   80
5464   100
954   80
1047   80
110   100
1217   100
1259   70
5445   70
7293   90
6947   90
5644   80
481   40
1284   100
3262   80
1639   90
2291   70
1527   60
1186   90
2302   70
1079   90
1275   90
2706   80
3740   80
4787   80
1610   70
1004   60
7373   80
1370   70
1080   80
7069   80
919   70
7028   50
1257   80
953   80
586   60
903   90
6124   70
1214   80
5265   90
2312   80
6188   70
2700   100
780   70
5574   80
2966   80
3074   100
6754   90
1203   90
637   60
2762   100
541   100
6786   90
3108   90
3219   60
1200   100
2683   90
2268   70
1073   90
260   50
7004   70
6979   80
32   100
2628   60
2248   90
762   50
2648   100
6711   100
7127   70
1201   100
6022   50
1213   70
6874   100
273   70
7027   80
4654   70
318   90
3101   80
849   70
2020   80
1222   90
208   80
589   80
1240   80
19   60
5283   80
3355   70
1100   70
6238   60
2716   70
2421   80
21   80
2710   80
3421   70
799   80
181   40
5747   100
8665   100
1378   80
1215   90
442   60
551   70
1346   80
1682   90
293   80
4591   70
4306   100
8493   80
3201   100
1961   80
337   80
1541   80
5618   90
516   60
805   80
2316   70
4537   80
7647   80
1862   20
7147   100
1302   90
4027   80
8784   90
2795   80
5952   100
2261   90
1089   80
8158   80
1246   90
1918   70
5   80
1036   80
4572   80
2951   90
3052   80
4085   60
1258   80
5617   100
6636   80
5957   80
7090   80
3809   80
5329   70
5673   100
5481   80
2115   60
224   100
356   100
1968   80
3063   80
1224   90
2019   90
480   60
2002   60
8024   80
3033   70
4499   80
4149   80
7143   90
2502   100
1704   100
4226   100
529   90
3037   100
1265   70
272   70
1641   90
2763   80
2571   100
612   70
555   70
6025   70
67|22
8604   100
68157   80
2028   90
6539   90
293   100
4011   90
356   90
2329   60
2011   80
1527   100
1270   90
5574   80
5952   40
7153   40
2571   90
1291   70
5418   60
589   70
5628   80
1580   80
2858   80
152081   80
68|992
34150   70
64839   80
34405   90
27660   60
60941   40
2338   60
4085   40
58162   50
87430   70
6503   40
60072   50
86377   90
62   70
368   80
6595   80
55253   80
8879   40
46530   90
1729   60
1129   60
59725   50
33679   50
3534   50
4388   40
4387   70
60363   10
45517   90
102445   100
3300   50
7154   50
97913   80
2542   20
53125   90
64622   70
66934   100
168252   80
5219   80
1035   40
2997   90
6297   70
1527   60
6157   40
59369   100
8623   70
6535   50
3077   80
2706   80
637   50
1292   50
480   70
69644   60
68791   70
4701   40
50068   60
5943   70
173   50
440   60
6   80
55765   70
104   90
135143   80
2501   60
7454   60
1267   40
8533   60
46972   60
2139   50
26614   80
2485   70
6893   70
2324   50
597   90
3000   70
1620   60
42018   10
99114   50
875   70
2496   60
86190   60
3969   60
647   70
86332   70
44004   60
1307   70
31   70
6539   100
2411   60
3671   70
73017   60
6944   90
80549   80
1120   70
6266   50
91630   60
2567   50
86293   40
1997   30
17   70
69481   80
1291   100
141   60
70286   80
1243   20
54995   70
73023   70
6754   70
355   60
54281   70
2108   60
53972   60
5574   80
47970   90
1234   70
1476   60
1297   60
3178   60
58293   80
4487   80
3527   70
454   70
64969   100
2881   70
4027   40
2763   90
1590   40
3675   80
3635   80
33154   60
70990   50
2560   50
57669   80
2953   10
587   40
1645   80
2683   70
1688   60
376   60
2   50
1220   60
48774   70
788   20
45499   40
2340   70
81845   60
830   60
8984   60
2746   60
3755   60
3005   80
8981   90
8132   90
5152   80
1   50
1597   60
3275   70
88125   90
32031   50
266   80
3535   60
8972   60
1876   50
2406   80
1370   50
2699   10
2890   60
53318   60
6874   60
1617   70
1453   60
3450   50
7256   80
2993   80
2692   40
4447   80
4877   70
3510   60
2918   80
67618   100
3809   70
805   60
4299   80
2701   60
27539   50
3033   70
1917   60
2491   90
783   50
4993   90
3   40
1500   50
3175   60
55282   80
555   40
2605   70
1873   70
356   70
4876   50
91529   80
78772   40
1663   60
1101   70
45726   50
60950   60
1060   40
53894   70
7438   60
1674   70
2959   50
109374   70
5267   40
1028   50
3981   50
27611   80
1967   50
4068   40
4558   50
852   70
7160   70
72591   70
2662   40
68319   70
2012   20
4047   60
51540   60
81591   70
3968   60
276   70
52975   70
4128   40
4995   70
6218   40
345   20
27706   70
539   70
6188   90
8949   60
3798   80
4823   60
85780   50
53953   60
594   60
6942   90
70183   100
4223   50
7445   80
54999   70
11   90
1717   50
2248   60
3791   80
55052   50
45186   40
168   60
3578   80
49772   50
3868   40
116797   70
595   90
2003   40
81564   90
432   50
1042   50
4054   70
89864   70
153   60
2161   40
3996   60
93840   70
3448   80
3173   70
4681   60
32598   80
52722   60
1059   70
4878   50
2355   60
7004   70
4734   60
53000   90
39   80
2100   60
53464   60
2949   70
364   90
1704   90
135   60
2539   40
2599   30
59440   70
5502   70
3786   20
55112   80
2395   30
6564   60
47999   90
8866   90
1883   40
3252   70
50806   20
2111   70
48342   60
6953   50
3471   30
6537   60
47   80
231   70
3285   40
2353   60
59421   70
2268   80
6565   60
1380   70
70293   80
1923   80
2083   60
142488   90
6709   60
5329   60
4262   100
52287   40
51884   60
30749   70
1703   70
2826   40
81910   80
1805   60
4958   60
3396   70
3114   60
4016   80
1258   70
2794   60
34153   80
3100   70
1722   80
216   70
4356   70
69406   60
47997   60
8371   50
39381   80
1711   40
96079   90
34   20
59315   90
7046   40
1073   10
208   80
58998   100
2471   60
51709   70
7153   90
932   80
724   60
41571   70
103249   70
2502   100
2080   60
780   80
27705   30
1673   60
357   20
1240   80
5151   70
69122   90
80906   80
4963   70
2002   60
3844   60
2908   20
1210   100
838   70
4969   60
93287   80
500   60
2420   40
562   50
2470   70
5991   70
6502   90
1228   40
70   80
6711   100
4886   90
48394   90
38061   70
53996   100
6708   70
30810   50
46965   70
74668   80
36519   70
16   70
6383   60
1381   50
1031   40
61132   50
2273   50
2125   90
1278   80
1377   70
118696   60
46322   70
708   60
514   50
45722   90
56587   60
1682   90
4148   40
4306   100
380   70
134130   100
361   70
6281   40
1635   60
5419   90
434   60
5218   70
350   70
586   20
56775   50
3168   50
3978   60
2409   60
54272   60
527   80
1275   50
93510   100
1866   70
1499   50
140   70
4141   60
7458   80
4034   70
4901   50
4326   70
4019   80
2424   70
48385   20
5630   50
5266   40
3298   80
6373   70
62434   80
70336   40
33437   60
953   50
139385   60
56339   70
2671   60
785   40
2640   70
26871   50
1200   50
46970   60
337   70
71282   90
3948   80
1207   60
7143   90
58025   60
541   40
25   70
3107   60
74154   20
3147   70
344   50
185   60
2145   60
1196   100
5444   90
62293   60
8907   50
8376   60
5400   70
122918   70
858   80
2717   40
51834   60
4973   40
7   40
367   60
3273   40
1097   30
52435   70
3105   60
82459   70
3617   70
51084   70
66203   40
2335   60
2081   100
5064   90
7090   80
1517   80
2301   70
63131   90
37729   50
33615   70
3826   60
2657   30
261   40
59126   80
4369   70
40278   40
74789   80
59333   50
8873   80
72641   90
1198   100
5989   70
2728   50
4700   50
3897   70
34048   40
1552   70
80860   90
1831   80
5481   50
47200   40
2005   60
42718   80
4979   50
1215   50
88810   90
6936   70
3793   90
2989   90
31878   50
87232   90
45501   70
46723   70
2431   70
160   50
3247   50
2571   90
4084   40
79702   80
165   70
45720   90
2144   80
52458   90
1049   70
59501   50
8677   40
8781   50
6934   70
442   40
1408   100
1214   40
5693   70
8368   100
2278   70
3977   60
1608   60
83134   90
79057   70
1894   80
2947   70
5679   50
56949   80
1378   50
44191   60
2916   40
6193   70
252   60
49274   60
50658   80
40815   100
1127   70
2581   70
122922   60
585   70
3593   10
27473   50
709   70
41569   90
55118   100
63859   70
1614   50
4308   30
6365   80
49530   60
2791   80
1438   60
2985   60
1416   30
59615   20
4367   60
3444   80
41724   90
5015   80
8969   60
1270   60
318   60
203   60
2617   80
2232   40
94864   60
45431   90
5955   70
54004   60
72998   100
786   50
152081   60
86882   40
919   60
111759   90
3740   50
48780   70
4855   50
377   100
59900   20
2405   70
116823   80
1022   70
256   30
48   80
6707   40
1644   80
76093   100
4720   60
1387   70
30822   70
296   40
80463   70
4069   80
3039   60
531   50
6333   90
2808   70
6870   40
1089   70
67255   90
1610   60
8958   70
7137   70
3863   60
8985   70
1020   50
2028   80
59731   70
40732   70
68952   80
1333   60
441   90
4226   80
50872   80
33493   60
4865   50
5553   60
3257   70
1513   70
8665   70
3421   60
736   80
7361   90
3552   80
2067   60
6323   50
26712   80
8874   80
8644   60
1556   60
106782   60
60514   60
1027   60
1580   80
3752   40
8917   40
1912   60
2428   60
1586   70
26   60
1777   80
4124   40
1409   50
7162   40
44022   70
41285   60
104841   60
34072   50
5952   80
2572   90
2762   50
2134   60
54121   60
107406   30
5010   80
117529   80
1721   60
7320   60
62956   80
293   80
56379   50
49286   80
1029   50
158   60
2011   20
2950   70
4499   70
81784   80
5459   70
4344   70
3717   60
8360   70
54286   80
3270   80
6618   60
7346   80
1036   60
1282   70
1680   60
1562   70
3703   60
95875   80
2888   70
31049   50
74946   100
4310   50
89087   40
91094   60
46976   80
40629   80
92420   40
26778   60
69784   80
19   30
72489   90
5378   60
81847   80
69069   100
7254   50
166528   90
1835   60
33794   50
3259   50
253   50
67087   70
63072   80
60069   90
1892   80
10   90
150   60
58299   60
166635   60
2087   70
2096   60
59220   70
65   30
60684   70
68954   60
88129   60
282   40
6659   60
1888   40
50740   70
78467   40
2167   70
1676   40
53129   90
54001   100
98809   90
59784   70
5617   70
2407   60
3536   80
69394   90
59258   60
193   40
3254   90
103042   90
1213   70
3408   60
49272   100
2716   40
53435   30
2606   50
832   70
61240   50
77561   80
2490   60
2427   70
4018   90
51935   70
54997   90
8861   60
5782   80
8947   60
3477   70
69904   50
57951   60
72167   20
3476   40
3861   60
5254   70
81834   100
55267   60
1193   60
7325   90
6939   80
8798   50
2616   60
3824   40
51255   80
96110   60
2707   50
1653   50
57368   40
66097   60
95510   80
55620   60
303   70
111362   60
47610   60
86880   30
4489   50
5103   50
2085   60
54116   60
2291   60
60074   60
2140   50
2858   100
8529   50
2018   60
3753   60
1515   60
5308   70
7451   70
2019   70
2321   60
44788   80
3409   60
55232   60
102407   50
95441   70
455   40
3785   80
8910   20
1961   50
33672   30
7010   70
5   40
553   60
114762   70
4639   50
2231   40
180   50
3553   40
292   50
6863   90
7022   70
8807   80
596   40
508   60
1690   50
31696   70
8641   90
51662   80
71579   70
31685   90
112852   90
54503   70
339   70
1206   60
2133   80
93721   90
3697   60
52767   80
122904   80
66198   60
4015   40
5669   70
3911   90
95624   60
52245   90
48304   40
106489   60
2078   60
485   50
34542   80
53993   50
54881   100
89470   70
1265   50
4343   70
1994   50
6753   60
94959   70
2054   20
62155   60
56757   40
4571   70
457   90
6377   90
2995   40
5673   60
27773   20
2001   60
68659   80
3101   80
3704   70
2194   70
2710   20
5299   70
54734   70
122886   90
4270   70
3916   80
1732   10
164179   70
3186   50
4975   70
2724   70
55247   50
3984   80
74458   60
4161   70
48516   70
1393   90
333   80
1954   70
74508   40
79132   100
316   70
4011   60
2804   40
2700   40
71535   100
370   30
1884   50
8784   90
1619   60
6873   50
317   50
1320   20
52973   100
4621   70
5312   50
1032   50
1103   50
41997   70
8464   90
3555   70
2423   80
1088   70
628   70
56941   40
44195   100
112183   30
27831   60
69524   90
2797   60
1544   40
6755   30
39183   40
2694   70
3481   40
802   60
1136   70
588   70
37733   60
3146   60
3698   50
89745   90
44665   80
5418   90
4545   50
2688   80
2082   60
78703   80
58078   60
33166   70
616   60
4022   40
2840   70
35836   90
1339   40
1573   60
56251   80
3949   60
762   60
4638   40
546   40
2948   80
60126   70
88163   80
2385   40
61250   60
1407   50
3081   30
69|28
4020   80
1580   80
1917   80
1101   100
2571   100
333   100
1610   80
1258   100
4744   40
541   100
4448   80
4963   60
1210   100
3793   80
1196   100
4027   100
2951   100
3827   80
1266   100
318   100
50   100
2628   80
296   100
3175   100
1721   80
4874   100
924   100
4880   100
70|39
1954   90
2858   80
1293   100
1682   70
1253   80
1300   100
1955   70
37741   90
3152   80
63082   100
1246   100
3098   90
91077   80
527   100
376   30
246   90
3147   50
4306   80
1272   80
3359   100
1303   90
72011   90
3361   100
3468   100
1304   80
1302   100
55820   80
7361   90
3543   80
1704   90
529   90
3730   90
356   80
953   100
1270   80
2918   70
5669   90
1288   80
150   80
71|22
648   80
1356   100
86   100
1210   60
24   40
608   40
165   100
1036   80
1004   60
17   20
802   100
1073   60
852   80
1101   100
1   100
609   60
260   60
1370   80
707   20
788   80
780   100
1544   60
72|28
1221   90
2329   90
27193   70
165   80
780   70
593   90
590   80
56174   90
2858   90
589   90
110   90
2634   80
457   90
2805   70
648   80
1962   70
1193   80
344   70
296   90
318   100
527   90
912   90
356   80
2427   90
1210   90
47   90
2571   100
30825   80
73|152
112556   80
96079   100
34162   90
8641   70
60684   100
69278   20
53125   90
71518   80
6373   60
88810   80
3785   60
140110   80
8970   40
102481   80
68358   100
91500   80
75805   60
58998   70
103141   90
62434   80
138036   50
103249   80
33495   80
131013   70
4306   50
5299   60
97921   70
64969   80
1   90
58559   90
87869   70
128520   70
134393   70
87430   20
74647   20
6874   100
1884   70
2502   60
69644   20
3793   100
112183   50
3535   100
111362   100
69757   80
115617   100
54503   30
47122   80
74458   90
99114   100
96588   70
56367   70
8636   80
81591   80
86332   100
3969   80
63992   40
924   80
58047   90
88140   90
112138   80
95441   70
4025   40
101612   60
79132   50
72378   40
46578   80
44193   90
4995   80
64957   70
71535   100
50685   70
95510   80
6155   70
96821   80
107348   30
108932   70
78499   100
119145   90
53460   70
53996   80
134368   80
7438   80
6863   60
52722   100
68319   80
4226   80
117590   80
113378   20
48414   60
56775   70
52975   70
2321   80
93272   70
86833   100
112450   40
99106   30
1732   100
52973   80
33836   60
6539   90
102445   100
59258   90
3671   90
61024   80
4979   100
86880   70
260   40
92509   70
122904   90
79091   70
109483   40
65230   70
109487   90
111921   70
81562   80
1206   100
72641   90
8360   40
102407   70
123947   50
47099   80
8807   80
91529   100
117881   80
41566   60
66097   30
60126   70
7451   60
48385   60
8361   60
111320   30
45499   100
61250   80
30793   70
151739   50
4016   50
80463   80
69122   60
60756   90
72226   70
47518   70
68157   100
51255   90
93326   70
70293   70
8972   100
112290   70
103335   40
45722   80
72998   70
126548   50
79592   90
74|125
4103   80
3996   100
1230   100
6993   100
46723   90
1217   80
6787   100
6235   100
44937   80
273   70
111   100
3481   70
2076   100
858   100
50274   80
39292   90
30707   80
58103   80
1221   100
7158   60
5812   80
1209   80
55069   80
47629   80
55444   100
4034   70
1952   80
48774   80
3089   100
48696   90
6016   100
2313   70
6244   80
1094   90
48698   100
1252   100
26578   80
55290   80
55247   90
923   100
2010   80
1673   70
3863   60
1208   100
55820   90
2644   70
3424   80
1212   100
6301   80
4211   80
1206   100
52967   90
8341   70
34437   70
37741   70
1247   80
1041   100
27721   70
7387   60
2243   60
307   100
194   100
1193   100
55276   100
3160   80
5893   50
57147   80
55814   70
7323   100
2420   50
55253   70
4878   80
6858   70
3201   80
50068   70
8340   70
8951   80
949   80
39183   80
8838   100
37733   60
5995   100
46578   100
26350   100
1960   100
7087   80
52952   90
6711   80
6270   100
58   100
5300   80
48394   90
1889   100
6666   100
3083   100
58154   70
8154   100
5867   80
6591   100
5632   80
8873   80
3949   100
3730   80
475   100
4427   70
56782   90
4979   90
8207   80
56757   80
1617   90
7419   70
382   90
3019   80
51540   80
47423   80
5434   90
6852   80
1263   100
6791   100
40629   70
4973   100
7234   100
8804   100
41997   100
903   90
75|44
928   90
1234   90
2467   80
8961   80
589   90
1320   60
435   20
1199   50
924   70
2115   70
8360   80
173   60
4306   80
7001   80
1198   90
36519   80
515   40
1253   80
1610   80
8865   20
1291   90
903   20
920   60
1214   90
34405   80
44199   60
44191   90
908   90
151   40
4993   100
1372   80
1376   80
1204   70
3034   80
1653   40
1200   50
1090   20
6303   80
3681   100
1721   50
2640   30
4369   50
1275   70
7123   50
76|79
40815   60
158   10
788   10
31410   80
2959   90
589   70
317   10
1884   70
1367   20
6934   60
1089   90
1214   80
953   40
588   10
52281   70
6373   40
42723   60
1213   100
67255   60
593   70
1221   90
63992   10
1732   80
318   60
778   90
1250   60
6539   40
51662   60
99114   80
54503   60
2762   80
41566   30
3671   30
72129   90
111   60
4226   90
1206   90
5952   60
480   40
1080   90
58559   60
2571   80
2502   80
260   80
33004   80
4878   50
2318   90
80463   60
7153   60
2731   40
5445   70
4963   70
1136   100
117176   40
8961   10
608   80
61323   60
44195   90
1220   30
8641   60
68157   80
81535   90
2628   40
2791   80
1288   80
77455   70
6016   60
39446   90
56782   70
553   70
34048   60
1148   10
27611   80
57669   80
55577   90
1278   80
2019   80
296   90
745   20
77|18
5816   100
260   100
79132   50
4226   50
1196   100
5989   40
4993   100
58559   100
7438   40
4878   20
1210   100
6539   80
1198   100
5349   100
8961   100
3948   60
5418   50
54286   60
78|38
836   60
608   40
1270   80
8528   90
4085   60
1   80
2795   40
5541   60
2991   70
3087   60
743   40
593   60
466   60
5400   70
2571   90
1552   80
4571   60
150   80
2792   40
2746   30
3868   90
1370   80
68358   80
2791   100
2716   90
1198   90
1036   100
53972   30
1200   60
1240   100
648   60
780   70
318   90
2605   50
3826   50
6537   20
59315   60
377   70
79|40
3104   100
3062   80
1261   100
1192   100
3006   80
1610   100
1196   100
480   100
1210   100
2249   80
3142   80
377   80
1580   80
1200   80
1240   80
1242   100
3197   80
1954   80
1387   100
2427   40
2150   80
2028   100
2406   80
457   80
2692   100
246   100
2019   100
2791   60
3578   40
3576   80
1221   100
1912   100
3984   80
1220   100
1197   80
1191   100
6   80
3702   60
164   100
3425   80
80|117
65216   70
89470   80
8861   80
100383   90
65682   90
6874   90
2232   80
49272   90
75395   60
48780   100
5064   100
5103   80
5349   80
8665   100
2513   80
44665   100
1302   80
94864   100
4848   80
83134   60
80219   60
69122   80
5388   80
4995   90
431   80
858   80
5679   80
80489   90
45186   90
96917   80
48774   80
87232   80
42738   90
53129   90
59315   90
1527   80
2571   90
8914   70
4887   80
2470   80
91658   100
1676   70
48394   90
78349   80
70286   90
91500   90
4963   90
8644   90
3147   80
1258   80
53322   80
71135   80
100810   80
74458   90
2763   90
2291   80
51662   90
90469   70
6281   70
318   100
71535   80
103075   80
4226   100
84601   80
6059   100
44199   100
103249   80
1921   80
58559   100
53972   80
1214   100
60030   90
34319   90
53000   80
84152   90
32   80
91535   80
3623   80
4878   100
80831   100
8957   90
8810   80
93840   80
6323   80
54286   100
93297   90
69654   70
56174   90
78266   80
85414   90
3285   70
59369   100
50   90
3863   70
5502   80
3535   100
82041   80
6365   80
85397   80
101864   80
49278   90
3534   70
96079   90
8361   80
79132   90
91974   90
5445   90
4776   90
98361   80
53953   70
3275   100
103688   80
2959   100
7154   80
4886   80
6754   100
86190   100
82|165
2948   60
367   70
3753   80
6949   70
153   60
5445   60
3793   70
165   80
2683   80
589   90
5296   70
5093   60
260   70
2001   90
4816   80
1089   70
858   70
5507   70
3052   50
1214   70
5679   80
3638   70
2355   40
454   70
7149   80
317   50
1645   40
2115   90
588   50
6338   70
110   90
4255   40
5094   40
2006   40
1127   60
3624   80
3785   80
6686   70
4388   80
5481   70
231   80
47   70
6155   70
1370   80
10   70
5299   40
1198   90
2490   70
6958   70
4018   80
1221   60
595   60
1517   70
5419   50
5220   80
163   80
420   70
6383   60
733   80
4238   60
2628   70
6702   70
5459   80
6887   80
442   70
4718   70
6752   70
5872   80
4386   50
7154   70
1036   80
5106   50
2571   80
1690   70
5991   70
158   20
780   80
6266   60
832   60
6378   80
592   70
1721   50
5414   80
6287   80
3948   80
6595   80
4344   70
6539   90
6946   30
6586   70
2606   70
7153   80
6764   90
104   70
3744   70
5900   80
196   70
3861   50
357   70
6548   90
4246   50
1377   50
6541   80
1367   20
2380   60
1556   30
1291   90
6156   90
2701   80
3578   90
2273   80
4084   80
3977   60
6537   90
185   60
2987   70
6879   70
466   60
6687   80
7142   70
590   70
2770   60
1562   40
3418   30
1527   80
6503   60
1801   60
337   50
4025   70
344   70
1580   80
370   60
1387   40
3717   80
6249   70
2012   80
6863   70
303   60
6157   60
380   80
4153   80
2384   20
6377   70
6   70
6873   80
480   80
1923   80
3452   70
3703   80
6006   60
5065   60
4306   80
170   60
4085   70
4367   90
7325   80
1210   80
1552   70
1196   80
648   80
2383   50
784   30
1270   80
34   40
2617   70
83|78
65216   80
5418   10
1348   60
4975   80
2728   50
59615   40
3578   100
72998   90
480   60
364   70
8873   50
5952   70
4022   60
1726   40
750   70
7438   10
2389   30
4226   90
71535   40
1090   30
1676   70
1653   70
1250   60
58559   100
1206   80
58303   30
1291   20
1172   80
3155   70
88125   60
1199   50
318   100
69844   70
3967   80
4993   80
53318   100
76251   70
48997   60
6502   70
31878   10
1385   10
1960   70
1280   70
3462   60
1862   10
8874   60
4306   60
1258   100
7254   70
8977   70
4995   60
4310   80
3159   100
27397   80
4720   10
55442   90
541   90
3147   70
8622   40
1282   90
4973   100
40278   60
81845   80
2762   80
356   90
51662   30
1225   100
5010   80
70286   70
916   100
4370   70
4963   60
1204   60
40629   90
924   100
48394   70
595   70
1682   100
84|218
7   60
1271   80
805   80
406   60
380   60
539   80
1228   80
1381   60
920   80
534   80
225   60
923   80
1414   80
1394   80
21   80
916   60
922   80
302   60
377   80
31   60
361   60
951   80
276   60
261   80
926   100
1104   80
342   80
800   100
296   80
1269   80
1304   80
468   60
339   60
593   100
318   100
349   80
100   60
818   60
1082   60
1196   80
4   60
914   80
480   60
1288   80
491   60
46   60
165   60
1265   60
1081   80
1193   80
1194   60
586   60
334   80
50   80
445   60
17   100
234   60
1208   100
852   60
1172   80
1393   80
858   80
1124   100
509   100
898   100
1187   60
321   80
1333   60
1225   80
1285   60
1291   60
260   80
551   60
1077   60
899   80
266   80
1035   100
371   60
270   60
909   60
324   80
10   60
904   80
1191   60
5   60
1101   80
102   20
230   60
412   100
57   60
356   100
140   80
1011   60
1185   80
1103   80
1177   80
671   80
1234   80
122   60
25   100
587   60
722   80
1290   60
150   100
515   80
691   60
235   60
1266   80
141   60
1200   80
348   100
1371   60
105   60
475   80
265   100
647   80
1270   60
1292   100
1395   60
508   80
537   60
1307   100
331   60
474   80
931   60
452   60
1179   60
1230   80
1036   60
1374   60
214   80
1267   100
637   20
180   40
232   100
908   80
802   80
161   60
915   60
1213   60
1190   60
736   60
597   60
36   100
1009   60
902   80
248   40
454   80
1299   100
538   60
381   80
1302   80
224   80
932   80
1295   100
6   80
247   80
1171   60
287   60
1214   60
1023   60
1231   80
830   80
477   80
1207   80
272   100
1132   80
1408   80
590   80
1217   80
1286   60
1345   60
1246   80
1091   60
52   100
1090   80
953   60
1280   100
1088   60
1018   60
1272   100
1028   80
1042   60
948   80
1010   60
1173   60
1131   100
440   80
719   60
223   100
237   80
354   80
34   80
788   60
446   100
1210   80
628   80
1135   60
147   80
14   80
1343   80
415   60
1013   60
1057   80
733   80
1136   80
277   60
181   60
500   80
726   60
357   80
1263   80
305   60
45   80
1388   60
524   80
1219   80
608   100
85|21
1358   20
538   80
515   80
1391   20
1449   80
1357   100
1446   80
1584   60
1183   80
527   100
314   100
1641   100
1207   100
1704   60
1730   80
1693   80
1719   100
1633   100
1683   60
1696   40
53   100
86|44
95510   90
1210   80
2628   70
4886   80
7361   90
480   60
1961   80
2642   70
4226   90
33679   100
58293   50
2858   80
2028   70
5266   70
2959   70
69951   90
3578   80
66097   90
4306   80
6377   90
74553   70
318   90
260   90
2571   90
3793   80
590   80
51662   30
4963   90
1680   90
419   70
5952   80
1   80
72356   90
59315   80
595   80
2421   80
79132   80
60069   60
648   90
1265   80
356   80
165   80
1721   70
7147   80
87|12
531   80
3593   40
327   70
1136   100
1345   70
5618   100
60   60
4973   100
262   80
5971   100
3910   80
4571   70
88|35
1358   80
7438   90
48394   100
6874   90
5995   90
7153   100
5418   90
8950   100
83177   10
1732   100
4995   90
785   80
48516   80
6502   90
46578   80
69   70
2105   70
79132   90
4963   90
16   90
527   80
6464   10
2478   70
3476   90
44191   90
2542   90
6870   90
50   100
4226   80
3275   90
54286   90
7147   70
1994   70
48774   90
1625   70
89|331
6156   80
136834   100
158238   70
143559   100
909   50
133712   60
74946   60
4014   30
131130   100
94677   40
82167   40
945   80
107951   100
3868   40
3462   20
3624   70
139994   80
131013   50
58291   90
35807   80
156025   100
5299   40
2936   70
104   80
936   50
31685   30
112138   60
4300   80
73160   50
3157   80
2935   20
140541   80
3061   40
4641   50
182299   80
3599   70
4728   60
130518   90
74683   80
73042   100
174681   70
56587   50
102686   70
4388   50
85295   100
79897   100
99122   70
72701   80
88785   40
118572   80
53460   70
357   50
116738   70
3948   80
136503   100
6287   20
146244   80
171811   80
76143   90
6188   60
955   60
32031   100
78142   90
61024   70
40339   80
2355   70
94661   80
134334   90
182731   90
159069   90
5048   100
128087   100
899   30
1517   50
131826   70
1265   20
6218   50
93022   100
2599   60
67087   50
4023   60
94503   90
1485   50
133867   90
911   50
1580   30
50613   90
149406   80
96655   50
132496   90
1270   20
88069   80
3088   10
132153   100
48982   80
33646   60
105540   90
7209   50
910   30
52973   40
33679   50
1079   60
1278   10
131104   90
148775   80
2987   30
102378   80
37444   80
2294   70
56367   40
95543   80
104339   70
108932   100
55269   50
46948   50
136353   100
119714   70
86833   30
86882   50
6666   70
76301   90
141544   50
5621   100
41828   90
147410   100
90717   90
106540   60
42013   60
74698   50
125974   70
745   60
83910   50
130452   80
69720   90
50999   100
42761   90
74342   90
918   60
120813   90
76293   70
141830   40
86059   80
93510   60
69644   80
80860   50
118530   90
164200   90
59784   70
78637   90
143031   100
902   20
109374   70
2706   80
6550   80
68793   80
172321   40
6586   70
1256   30
136355   100
72692   100
163527   80
3604   10
181065   80
954   70
126921   100
128968   100
47725   80
916   70
121342   70
127134   70
7293   40
151739   40
49013   70
128366   80
101283   60
901   30
156781   80
26265   90
2716   30
117109   90
118862   80
129011   70
898   80
66943   100
116718   70
60737   100
71264   80
7346   50
96935   100
5092   90
102747   70
177765   40
70697   70
27619   90
147936   90
82854   40
356   10
135937   60
118834   100
146986   80
134004   100
115111   70
44777   90
95633   90
788   50
132422   90
176805   80
6958   70
5481   40
3315   90
81537   60
155589   60
136359   100
102984   90
69122   70
26184   50
116817   90
3882   40
153408   80
1234   10
4447   50
121781   100
119155   90
4899   40
42725   40
51167   90
132584   70
8978   50
109241   100
1136   50
64032   50
182293   80
60289   80
33090   100
164707   80
4700   30
46578   80
2335   40
2085   60
46105   90
34312   100
32596   60
91386   100
915   40
61323   50
4701   80
34162   50
4886   90
132800   90
167854   90
3549   70
105746   90
113453   50
96110   50
142550   90
5419   100
33004   60
84512   100
73015   30
8360   90
1223   30
92643   100
1269   50
2539   40
4979   30
8238   100
3785   100
8814   50
142831   90
78469   80
3307   40
140561   80
124273   90
97836   50
53355   100
113252   80
157296   100
111146   90
3255   60
69757   50
87834   100
6271   40
26183   100
7067   50
89898   70
104211   50
44022   20
946   10
94959   60
184791   80
3097   40
73822   100
179211   50
161131   50
37384   50
118270   100
78620   90
128594   80
184349   70
1682   10
135777   90
905   60
4306   60
39715   60
49286   50
124404   100
7297   70
139640   100
7381   80
6783   60
170993   80
69406   60
111617   70
5480   100
122092   100
48520   40
135887   90
2918   30
88746   100
141513   80
117590   80
5218   80
73106   30
3991   90
3022   40
26429   80
167018   50
34332   90
3606   70
144222   60
1307   50
90|34
1034   100
780   60
743   60
58   100
1366   80
1356   80
82   100
32   80
791   80
1   60
617   80
562   80
608   100
1353   60
141   60
1057   100
1046   80
1357   100
260   100
85   100
36   80
1060   80
805   60
1414   80
1358   100
685   60
708   60
25   100
1183   80
1041   100
735   80
1411   100
1417   60
728   60
91|444
4599   60
2502   90
2140   70
112   60
1266   80
2712   80
1909   60
784   70
1258   90
3810   60
4661   60
4351   70
3508   80
1   80
4084   50
2298   80
3893   60
2987   80
543   70
104   30
750   100
4963   70
161   70
433   40
1885   40
2012   40
1405   70
1921   100
587   50
2028   90
3018   90
708   50
8340   70
500   50
741   90
165   60
3977   40
2097   40
1220   100
1321   90
2463   50
231   60
4027   80
158   40
1035   40
337   30
1500   60
8266   30
2657   60
2174   80
1259   60
315   60
1340   60
2625   70
4626   80
920   50
3031   70
1234   80
593   90
8961   90
3563   60
2990   40
802   70
3   60
3837   100
196   60
3254   50
3809   80
7650   70
1762   50
2236   10
2456   50
1028   60
7492   80
7387   100
1242   80
10   70
1967   80
1645   60
1278   90
5582   50
1974   80
1270   70
367   70
866   80
4886   80
16   90
6461   70
2959   90
349   60
3275   90
4254   40
173   70
588   70
1527   80
3481   50
2706   40
4327   50
919   60
3698   80
3836   90
2651   20
2268   60
1253   70
4386   80
454   60
4092   50
4975   70
4571   60
1917   50
5749   60
2137   60
6874   80
1213   80
1356   70
5445   70
2782   40
1127   80
6678   70
3671   90
4896   80
1201   90
316   80
32   80
3578   70
5988   60
2599   50
2144   40
2002   40
1221   80
2571   100
252   50
1304   80
780   70
8370   70
3745   60
4979   40
6659   100
502   20
5640   60
3703   100
6963   80
1394   40
597   50
329   40
6755   80
2985   90
153   40
5308   30
778   80
1097   60
6375   60
1961   70
1608   60
2713   60
253   90
350   60
8874   100
8426   80
4105   80
5349   100
1682   80
235   90
225   60
3263   40
1387   100
1748   90
2019   90
4645   90
88   60
5679   80
1408   80
1089   80
4214   40
8368   90
5903   90
2518   50
1183   50
7438   80
2081   60
3917   90
4262   70
3017   80
2790   60
1617   50
1208   50
6731   90
29   80
1261   90
2797   60
19   40
1376   70
374   20
589   80
3147   50
4624   60
6378   60
4987   60
410   60
3471   80
2   60
1198   100
2762   80
2784   60
353   100
3840   80
344   60
6219   60
5650   90
5378   80
1079   80
368   60
3576   60
904   50
5693   90
296   90
1347   80
6820   100
6242   90
1644   70
25   40
2450   50
5673   60
4678   100
6629   80
380   70
1687   70
2804   70
7308   50
428   60
1337   90
2944   80
4369   70
2761   100
1994   80
6620   70
2997   70
2122   80
610   90
4878   80
908   60
151   60
1981   40
608   70
1197   100
1206   100
555   70
480   90
551   100
6638   40
293   80
1747   60
1676   80
1240   90
292   70
4316   30
5669   60
2668   70
3176   80
6203   30
420   30
3708   80
2699   50
92   40
3550   80
4587   20
1092   90
3499   80
7454   40
357   30
2001   50
384   70
653   50
464   80
3070   100
1196   90
3727   90
7090   90
903   80
1210   80
4306   100
1148   80
3081   100
8910   40
2868   60
163   100
2289   60
6327   70
2992   70
2115   70
2058   60
552   60
36   60
7118   70
592   100
2871   80
1552   60
322   40
6   100
3182   80
27873   50
1274   100
4226   90
1845   80
3000   80
457   80
1373   60
223   60
31696   80
5500   70
5459   50
2117   80
4846   70
1393   60
27317   90
474   70
5346   50
2710   80
4993   90
2529   80
1771   80
1262   70
1265   80
4909   40
251   50
3785   90
1129   100
1584   60
111   80
1760   10
590   70
1580   70
4800   50
6807   80
2692   80
1805   60
41   80
799   80
606   80
2867   80
1199   80
6503   20
2138   80
1249   80
4034   80
858   100
494   60
376   50
2455   60
110   80
6218   30
6539   100
8157   90
5989   50
2947   90
8016   70
3868   80
1297   50
4629   30
1370   60
2396   40
595   60
5418   80
648   80
3267   80
924   70
7360   100
4438   70
1485   50
1276   60
4641   30
2628   80
4720   90
541   100
208   50
1291   80
1350   90
1288   70
1200   100
745   70
912   80
2288   100
2403   90
1923   60
5060   40
5588   70
2641   70
923   80
842   50
3793   80
3113   70
1876   60
377   60
435   30
2993   60
3175   70
2918   70
1219   100
2617   60
520   70
2395   20
8581   80
539   50
50   90
1207   60
736   50
2054   50
2717   60
628   60
434   40
3826   70
515   20
2355   70
3948   40
1610   90
1375   60
2287   70
6857   100
7123   80
288   70
1094   60
2700   80
1517   70
1544   60
1407   80
2419   70
5952   80
6283   90
3535   80
4304   80
1193   80
3740   100
7569   80
6863   50
5479   80
2291   80
1380   40
22   70
8798   50
466   60
3623   40
1073   60
3882   40
6721   80
92|15
837   100
55282   80
327   70
1619   80
6383   60
51662   90
2087   90
2398   80
3168   90
2139   80
35836   90
107   100
69757   80
2085   70
1367   60
93|61
761   80
158   80
1641   80
380   100
2872   100
2396   80
10   80
648   80
2822   80
2028   100
1562   80
1580   100
1356   100
434   100
2103   80
2174   80
1476   80
1   60
1894   60
588   80
153   80
329   100
349   80
2054   80
2167   80
2567   60
1377   80
356   100
590   100
2153   60
653   80
367   100
316   100
1606   80
2012   60
1615   80
2094   80
2161   100
15   80
527   100
1499   80
1359   80
362   80
836   80
1552   80
318   80
2424   80
2359   80
2105   100
2321   80
2617   80
2628   100
2797   80
1049   80
34   100
2268   100
733   80
86   80
110   100
2021   80
1265   100
94|35
593   60
434   60
337   60
160   60
2   80
282   60
592   60
110   100
344   60
11   60
185   40
253   20
208   40
95   60
150   80
165   80
356   60
161   80
500   60
480   80
357   20
420   60
316   80
588   80
34   80
266   60
432   60
39   20
153   60
457   80
329   80
17   20
21   60
587   60
44   20
95|118
7   60
1274   100
2028   100
913   80
6947   80
2600   50
2640   90
2423   80
4973   100
6934   80
2167   60
176   80
3033   80
5810   80
589   80
5418   100
1529   80
5378   80
6711   90
5072   100
1036   100
2990   40
2528   80
2735   80
5619   80
1381   40
1221   100
6051   100
8633   90
3424   90
1374   90
8636   90
162   100
2010   70
1175   100
2072   60
4235   100
2115   90
2692   80
3840   60
3053   60
1967   100
358   60
924   100
4378   80
2985   80
1214   80
6879   60
541   100
4975   80
1206   100
1228   100
39   80
6383   70
1307   100
8644   80
3418   80
1208   100
5445   80
2021   90
4954   80
741   100
1396   80
1617   80
5816   60
5464   80
1653   100
2023   80
6863   80
3070   60
5812   80
293   90
4901   80
5902   100
608   90
3703   100
5151   80
6378   70
6365   80
1968   90
1094   80
1912   90
1659   80
6288   80
4979   80
5247   80
7361   100
6708   60
3071   80
2968   90
3702   100
34   80
5377   80
1748   80
1270   100
2804   100
6942   80
3994   60
2268   80
3298   60
4126   80
1089   100
1011   80
260   100
1210   90
6016   100
4370   70
6502   90
4068   80
2706   80
1921   90
3690   40
4396   80
6333   80
5956   80
3793   80
3527   90
2571   100
96|49
50   100
858   80
260   100
296   100
2948   60
1304   80
306   20
1188   100
2858   100
1296   100
3555   60
1210   100
3499   40
1587   40
1079   100
780   60
3418   100
110   100
380   60
2000   60
1625   80
434   80
299   60
3256   80
1   100
1617   100
2174   80
1610   80
3635   40
3633   40
1036   60
1942   100
788   20
589   100
2115   100
2028   80
2628   40
2289   100
3033   20
3175   100
1198   100
1387   80
2054   40
1200   100
2716   100
1221   80
193   20
3060   100
454   80
97|22
3555   80
1961   40
5420   60
1193   80
2571   100
4025   60
3623   100
2019   60
5378   80
4011   100
4270   100
377   80
593   100
3999   60
1210   100
4643   80
4386   80
3257   80
4638   80
5109   80
3793   100
3717   80
98|58
1240   20
152077   90
104841   90
135143   50
608   80
122904   70
1193   90
72641   70
47099   100
52975   80
56775   80
4720   100
46578   100
55267   100
1197   100
81847   90
60040   80
56757   60
83134   80
71264   70
60126   100
81564   100
7153   30
53993   80
109487   100
74458   100
1214   90
1219   100
67408   40
1704   80
8529   70
164179   100
1   90
58047   40
1207   80
3114   90
72378   60
122916   100
4016   90
116797   100
97938   80
4995   80
593   90
1036   100
177765   100
187593   100
122918   80
4226   80
63859   60
79139   60
356   100
59615   30
179819   60
5444   90
88163   100
4306   100
122926   100
7451   70
99|33
256   80
227   60
160   40
555   80
413   60
281   100
434   60
22   80
293   100
344   100
248   60
349   100
153   100
204   20
380   100
168   100
259   60
315   60
23   80
325   40
282   80
337   100
312   20
165   100
276   80
333   100
416   80
288   60
435   40
163   100
266   80
231   100
252   100
100|102
2262   80
3499   40
1912   90
4621   80
1203   80
1968   90
2396   90
441   80
553   90
934   90
1257   70
2406   80
1225   70
6377   80
2671   90
899   90
4995   80
597   90
3098   80
1923   70
16   90
2683   70
4161   90
357   80
1220   60
2329   80
1028   90
920   80
5620   100
89   80
4041   100
261   90
7149   70
368   90
3244   80
5299   70
17   90
4643   80
3911   70
2706   70
1639   70
2248   70
3261   80
2108   70
6183   90
1500   90
237   80
2468   70
1037   40
539   90
2513   40
2028   80
3259   90
1277   80
1674   60
1265   70
3274   80
377   80
555   80
648   80
919   90
1678   90
4571   60
916   90
923   70
5013   60
3536   80
1246   90
2710   40
266   80
2539   80
933   80
222   80
5989   90
900   80
3   70
1278   90
1784   70
2804   70
1091   90
19   20
1441   90
1270   80
2496   80
1213   70
2100   70
932   80
3717   80
1307   90
1517   80
1580   80
587   80
1101   100
1958   100
3512   80
590   80
74   80
1035   80
2423   100
2291   80
8636   90
508   80
101|38
2541   60
2959   100
2337   60
2722   60
2433   60
3160   80
2490   40
3203   80
2707   80
3751   80
2841   60
3219   80
2712   100
2692   80
2598   40
2560   80
2762   80
1093   100
1719   100
3005   40
2706   80
2683   60
3793   80
2600   80
1210   80
2770   40
3081   80
3717   80
3623   20
3752   40
233   80
2318   100
2396   80
2694   60
3179   60
370   40
1127   80
3298   80
102|35
153   60
266   60
540   20
186   60
474   80
420   60
161   60
172   60
288   80
440   60
364   80
350   60
237   60
3   100
21   60
173   40
23   60
47   100
434   60
231   60
590   80
163   60
329   40
39   60
204   40
500   80
296   100
377   60
552   60
802   60
380   60
318   80
293   60
349   80
315   60
103|285
87222   60
1015   60
2410   80
317   80
595   60
50   80
5618   80
90890   80
2797   80
62553   80
555   100
1291   80
1196   90
59022   80
8368   40
86882   90
2054   70
106766   70
2423   100
70728   80
59315   30
1252   90
1179   90
1208   80
54001   50
91542   80
8972   70
58972   70
41569   80
1198   70
1032   90
6870   90
6711   100
99764   70
1210   70
111   90
1084   100
69844   30
18   100
60756   80
37733   70
661   80
2291   90
37729   80
6539   90
8970   80
148626   100
2   80
596   90
1688   80
90522   80
53125   90
6440   90
2028   80
78469   50
1244   90
1729   90
91653   70
2087   100
4388   60
2194   100
1033   80
8641   80
2761   60
5349   60
410   80
367   70
1247   90
5444   80
924   80
3735   100
1348   80
107   70
79091   80
3081   80
91976   70
89745   60
79572   50
2959   100
74789   60
837   70
492   80
5   80
1197   70
524   70
1   80
2174   80
539   70
1073   80
6373   70
1704   90
5010   80
4002   90
1221   90
318   100
5816   50
784   60
6565   80
2335   80
81819   90
65577   60
1367   70
7367   70
3751   80
71745   60
87194   70
78772   50
122886   50
91126   80
89492   80
55247   100
1961   100
111781   80
2706   70
45517   70
73042   40
6874   90
2409   80
527   70
593   100
1206   100
923   80
3087   90
48516   90
134881   100
88125   40
2421   70
105844   80
81932   100
4896   50
58559   100
116799   80
3671   80
551   80
1064   70
2791   70
1278   100
91529   90
1245   100
56367   70
1228   100
117529   80
4027   100
2294   80
59784   60
344   70
59615   50
89470   80
1035   80
1025   80
5956   100
68954   70
4993   80
2080   70
4886   70
1945   80
6957   80
4881   100
1201   100
62999   70
2411   80
8807   80
1222   100
7361   90
69140   80
79134   70
2712   90
616   70
3468   100
132046   20
2716   70
2396   100
88108   60
86815   70
36   80
109374   80
1702   70
90866   80
953   80
82854   60
2501   90
2710   70
8376   100
3160   100
2720   70
3668   80
8360   60
2687   50
88744   70
78499   60
1028   80
89774   90
72407   50
85796   40
3988   70
5952   70
27706   70
3681   100
356   80
1089   90
785   70
5378   60
60289   40
1093   70
2078   80
3552   90
2144   80
150   80
1012   80
74698   40
260   80
41566   70
2804   100
969   80
33794   90
480   80
5218   70
2628   70
4262   100
65802   50
45722   80
57522   70
5669   60
61323   80
5014   80
1566   90
55820   90
91500   70
140715   90
69122   80
4232   50
2124   80
1288   80
1271   80
1466   90
2918   100
40819   90
1994   80
40815   80
1029   80
81156   80
1884   90
5810   80
50912   70
2997   100
110   90
1293   90
8950   90
80586   70
4019   100
8961   70
4734   80
2571   80
586   80
5673   90
3450   70
73017   80
16   100
296   100
1387   80
590   80
80572   80
122882   80
4016   70
1230   80
1059   80
5103   80
72226   80
8636   60
48780   90
19   70
7438   100
2529   70
96728   80
216   80
2951   90
1921   90
6016   100
5388   80
4226   100
1693   80
65088   70
3034   90
72998   60
80463   80
104|202
4993   60
360   60
4447   80
6218   80
1688   60
54780   70
2794   60
1253   60
2671   100
6012   60
500   60
2551   40
1882   40
5380   80
2396   60
33004   80
592   60
1653   60
91500   80
3675   70
780   80
6535   70
1517   40
527   90
260   60
1408   60
89904   80
858   30
3977   60
46578   80
2080   70
2683   60
41566   90
54001   80
31   80
114180   80
79702   60
1275   60
110   20
80549   80
85401   50
3911   60
73017   70
1391   60
89753   90
4886   80
936   70
8636   70
3719   40
6773   70
40815   90
81834   80
5500   80
60397   90
39   80
1833   50
8866   70
4963   70
52975   80
934   70
5991   100
87   60
53121   70
41573   70
6030   40
914   80
1265   80
27706   50
81847   80
56775   60
4069   80
47629   80
1777   70
94833   80
7050   80
466   70
7155   80
4291   70
4663   80
2423   50
72998   60
2746   80
532   60
901   80
1772   80
674   60
3751   80
1148   100
5460   60
4299   60
293   80
30793   90
8972   80
2078   80
2622   60
94015   60
5296   60
1270   40
4016   80
54259   80
2502   60
5816   90
1022   80
709   60
1088   60
436   30
7297   80
586   60
3408   80
6593   80
4676   60
7346   70
4639   60
6711   60
783   60
2581   80
1680   80
1136   90
5796   40
357   100
6873   70
1223   80
1999   10
1246   80
3253   80
52722   60
4896   90
3060   80
37729   70
2424   90
2837   60
7380   70
5957   70
76093   80
2355   80
69988   50
1947   80
45175   80
918   70
4226   80
4308   100
8368   80
1569   90
2325   70
3844   70
367   60
81845   80
6942   90
68954   80
93805   70
56171   80
53466   60
72737   70
539   80
4306   90
2724   80
1247   80
4941   50
7375   60
3489   70
6169   60
56949   70
342   80
4973   100
8360   80
52287   80
3325   40
838   80
74789   60
2470   60
837   60
588   80
597   80
364   80
2294   60
595   100
95449   50
5618   80
5541   70
380   70
2690   80
10   60
2987   80
4700   80
6238   80
2795   60
471   90
5299   80
2485   60
4246   80
1513   60
5349   70
2572   100
2628   60
2300   60
25937   70
6377   80
515   60
1580   60
3746   60
745   100
2   60
105|561
1199   80
5989   90
59387   70
1446   90
5690   100
85414   70
68237   70
7254   80
96829   100
76251   60
118985   80
106920   100
117444   60
58554   40
175387   100
141830   90
6985   90
306   100
95377   90
91500   80
6863   70
4874   100
4388   80
68554   90
36529   80
122882   80
64839   80
32892   100
3301   70
26236   80
5464   70
71535   80
54997   70
6537   70
26849   100
151769   100
8874   70
116897   100
136445   100
53322   80
75341   80
1172   80
60950   80
56060   90
92259   100
92535   90
42191   90
30707   80
26237   80
5171   60
86882   60
96610   80
8957   80
1111   80
5378   80
5956   80
108932   70
3632   100
96373   90
7143   70
48872   90
912   80
1263   80
7438   80
145994   100
3988   80
72011   70
27773   100
4369   80
3752   70
106100   90
5791   80
30749   80
90405   70
72641   80
109633   100
1260   80
6365   90
3677   90
34048   70
5878   70
6942   80
56757   80
215   80
105593   100
60069   100
5349   70
86347   90
6643   70
166183   100
170411   80
91542   80
1207   80
106487   70
143511   100
6618   80
5903   80
541   80
5313   60
84152   90
116797   80
33124   70
909   80
147300   100
59784   70
56782   90
1244   100
89492   70
6373   80
8950   70
4865   80
48385   90
5679   80
112852   80
5995   80
95858   80
5014   90
4963   80
99145   90
79357   70
33162   70
2959   100
4993   80
178613   80
48304   80
96606   100
4886   70
5481   80
6874   80
40815   60
120466   80
111360   70
107410   80
57504   90
54259   60
7347   80
2028   100
6541   60
4299   60
107141   80
5152   90
131237   100
163386   100
6350   80
26082   80
134849   80
102602   80
116411   90
27134   80
106696   70
33493   80
133716   90
80124   100
33794   80
32460   100
141844   90
152081   90
147196   100
5785   70
86504   80
84156   90
6301   90
3592   90
3969   90
1258   80
3310   90
31696   70
37729   80
7099   80
527   70
2351   80
4018   70
104069   90
4995   80
213   90
27741   90
1407   80
83803   90
152591   80
4878   100
8641   60
6539   80
589   80
4728   70
7371   100
98604   90
104780   100
1201   80
140038   90
79333   80
81591   90
3980   80
8970   80
8656   90
127098   90
45720   70
53125   90
112556   80
5888   100
3593   40
48043   60
714   90
914   80
1293   80
8033   80
111   90
8665   70
260   80
69529   100
171749   100
138036   80
134853   80
750   80
120478   100
96488   90
55721   80
68954   70
8368   80
107412   90
1222   80
86320   100
8529   80
4367   70
34072   80
130978   100
38159   90
8360   80
86066   80
3275   90
96821   80
27803   80
147330   100
6333   80
74789   80
4226   70
88235   80
50   100
97304   80
3285   80
74324   90
1289   80
111622   80
134095   100
55247   100
100553   90
74458   100
112290   80
593   90
79702   80
81564   60
64614   80
46578   60
1193   90
27834   90
50794   90
5218   90
69844   80
5617   80
7173   70
308   90
904   90
118166   70
6777   70
100302   60
103235   90
3535   70
35836   60
112006   80
905   80
3147   100
3996   80
4022   100
4343   80
60904   80
3623   80
2076   80
48780   100
81847   80
175431   100
115617   70
85736   90
8638   80
105844   80
3306   90
26587   100
158402   50
1221   90
1225   100
78499   80
3415   90
79132   100
903   80
1214   80
33660   90
63515   80
59315   70
171011   100
54001   80
49530   70
32657   90
6187   100
7458   70
31685   80
118696   80
98809   80
129514   100
45447   80
172583   100
922   80
73881   90
8917   30
4973   80
101088   80
41566   70
6711   70
63062   80
163112   100
318   100
4718   70
112421   90
130976   90
98491   80
4310   80
8511   90
95654   100
3629   90
72104   90
307   90
63992   60
44665   100
1227   80
173355   100
48394   70
3949   90
4027   10
88810   70
7022   90
58425   100
47   100
5816   70
3687   100
6214   90
2571   80
37731   100
53953   80
33615   80
4025   60
54995   80
4776   80
3967   80
175293   100
3968   60
104879   90
1178   80
99114   80
2762   90
45499   80
64716   80
56174   80
32   70
3578   80
127052   100
100714   80
120625   90
81932   80
5120   80
163072   100
32898   90
1354   80
2324   70
2858   100
7090   80
27815   90
134326   90
36401   60
69757   100
6888   70
4823   70
172637   100
8361   60
126430   100
138835   100
81845   80
94833   50
118896   80
8025   90
7158   80
55908   60
94677   80
44022   80
16   90
5971   80
88129   70
71899   80
1617   90
1208   100
50872   80
106782   80
109374   90
115569   90
3821   60
5507   70
5373   80
7317   80
86628   80
1266   80
44555   70
3307   100
85774   90
2843   100
27706   60
3198   80
101962   80
4306   80
6383   60
7587   80
108540   90
8984   80
86345   90
3753   70
68157   80
4011   100
5782   70
858   100
1234   80
48516   100
3717   70
66097   60
1272   70
110   70
63082   80
76093   100
55765   70
8014   100
1089   100
1265   80
47099   90
6586   70
8873   80
120138   100
97921   80
915   80
1198   80
30825   70
26578   90
3462   90
134252   90
2700   80
91529   80
172589   100
41571   70
89774   80
4386   60
1213   100
7361   100
3081   80
924   80
5889   100
170705   100
64957   80
4023   60
36363   80
3785   80
935   80
91261   70
69134   100
6281   80
30803   80
1247   80
2925   70
3617   70
53121   80
96020   80
88345   80
97752   80
40629   70
140265   100
2931   90
147282   80
8981   80
1281   100
5291   80
431   80
102666   90
7327   80
38061   60
72356   90
175435   90
1233   80
5618   80
172825   90
45517   80
130970   100
147326   100
1259   80
57183   100
51255   70
49278   80
30812   80
5418   70
2019   90
4308   70
5219   70
173963   100
1211   80
175397   100
56367   70
117176   80
172577   100
53519   100
1466   90
172909   100
79091   80
179133   100
1230   80
85316   70
147328   100
126090   90
134184   90
133712   90
6708   80
7063   70
72998   80
7153   90
2131   100
136447   100
74727   90
3751   70
174551   100
165959   100
81562   80
1206   100
91658   80
26662   80
119145   80
26183   70
77455   100
26184   90
30793   80
66371   70
47610   70
1219   90
3409   80
163645   90
2329   80
134170   80
60684   70
58559   70
293   100
2712   90
57669   70
61323   60
52281   100
7147   60
126426   80
5872   80
3948   70
93790   80
84954   70
69644   80
147250   100
106|20
8368   100
106489   100
5218   70
45722   100
47099   100
76175   60
5952   100
40815   100
86332   80
73017   100
2617   90
99636   100
81834   100
41566   70
31696   50
7153   100
4993   100
112852   70
85414   60
6539   100
107|21
140   80
296   60
410   60
329   60
111   80
62   100
105   80
316   60
317   80
380   80
141   100
349   80
160   80
5   80
185   80
11   100
150   100
2   100
432   80
110   100
292   80
108|48
4639   60
5135   80
4992   80
151   40
5812   100
848   60
480   80
1721   80
5391   100
3751   60
1270   100
5466   60
3795   100
5218   80
4027   100
5011   80
4308   100
508   80
4993   60
4024   20
541   100
4976   100
5034   80
1959   100
4889   60
2395   100
509   100
1097   100
5303   100
6049   80
5945   100
5309   60
5450   100
25   80
1204   100
3072   60
4159   40
5989   100
1917   40
838   100
3512   60
4823   60
1095   40
156   80
926   60
2571   100
4372   100
82   100
109|85
543   60
25   100
422   60
802   80
161   60
349   60
34   60
151   80
1021   60
500   60
788   60
592   80
50   80
457   80
555   80
14   80
39   60
296   100
852   60
52   60
357   80
516   60
135   60
144   60
528   60
6   60
442   60
290   60
122   60
1027   60
153   60
733   60
175   100
288   100
366   60
507   80
173   40
329   40
36   100
490   60
1020   60
743   60
266   60
477   60
165   60
354   60
805   80
347   60
593   80
454   60
246   60
273   60
76   60
432   60
356   100
440   60
485   40
481   60
355   60
344   40
21   60
371   60
283   40
230   60
348   60
590   60
514   60
361   60
535   60
527   60
610   60
551   60
154   60
198   60
272   60
588   60
346   80
233   60
474   60
45   60
437   40
216   40
410   60
32   80
300   60
110|32
3462   70
27773   80
47629   90
910   90
2788   90
6016   90
5459   50
2762   60
1882   30
46578   70
2959   90
909   80
374   20
296   90
541   80
4011   70
2571   80
7160   70
2028   70
7173   60
1276   100
111   80
3629   80
232   70
3949   80
2384   60
996   60
778   70
3268   60
1279   90
4973   100
40870   70
111|500
135887   70
56174   50
67087   70
1367   50
4270   70
129737   50
7373   70
75805   60
35836   70
6548   70
80463   70
2174   90
128099   90
1907   70
91104   30
157296   90
595   60
1895   80
410   80
53993   40
88405   60
48385   50
93270   30
4148   10
45447   80
104241   50
155509   90
174045   80
3408   70
171867   90
175577   30
78174   30
168326   80
318   90
119153   90
167036   80
72167   100
58998   100
1856   80
1485   70
2294   50
140715   90
183197   70
1566   70
83134   60
52973   70
86293   70
173255   50
85367   100
40815   80
104   70
161131   90
37384   100
5630   10
3825   60
172547   80
176329   80
4974   20
80139   100
91658   70
134393   60
110773   10
131013   100
65585   70
134853   50
597   80
3210   40
4054   50
46972   70
95441   50
159441   90
118930   90
76293   60
2916   60
73017   70
8368   80
585   50
6957   10
64839   80
7285   70
2701   80
121372   90
4016   50
4878   80
170399   80
52245   70
162344   100
134861   50
102686   70
5991   50
80166   60
3535   70
1569   70
588   90
170401   60
7361   70
47610   70
167634   90
50189   10
46970   100
87869   80
60072   80
71838   60
2485   80
129354   50
3489   70
54732   70
4963   90
4995   80
148956   90
3275   100
84374   50
2539   60
784   50
3988   70
171891   70
37729   50
3174   80
5989   80
3254   70
88125   80
67255   60
76077   90
74532   100
6373   60
126548   90
193   60
79702   70
8360   40
128975   60
158872   10
4069   50
31696   60
1517   80
3273   10
71535   70
179211   70
203   70
50872   60
87867   90
2167   70
3785   50
121374   90
5025   60
51935   60
181139   30
128520   100
8533   50
62434   70
115149   90
130087   60
33679   70
170937   60
47122   80
79132   90
151739   80
8814   60
100083   40
170813   80
2329   70
53519   60
2694   60
6863   60
94953   90
719   80
179427   80
110771   90
97836   70
98083   100
102720   70
168846   90
2987   70
131826   80
327   50
4068   80
4865   60
5445   40
4255   40
3253   100
180   50
81537   70
45501   70
102481   90
16   90
24   50
41573   70
171631   20
100507   90
4015   70
116977   50
74946   70
112852   90
2617   70
4306   60
68954   80
2125   70
180265   90
85780   80
104644   10
161580   90
81229   80
5110   90
44840   50
128914   100
127116   90
1028   80
1588   70
61250   70
102903   100
5066   30
7451   80
71205   10
170817   80
94478   80
54286   60
85022   80
40819   80
3617   60
48322   100
8917   70
7293   90
86880   60
104211   90
837   80
4226   70
112788   50
79428   60
94777   20
61132   70
31685   70
1088   60
182749   50
95543   60
135861   40
162478   90
135137   80
4447   70
150548   90
87483   60
59315   40
6297   70
32298   50
4239   60
93443   90
70183   60
8950   60
4816   60
51575   60
127390   80
7160   50
149352   80
8528   90
3949   60
82852   20
97172   40
8984   80
6874   70
5524   70
56775   70
88785   70
480   50
1676   40
98203   30
1777   70
4890   60
673   50
2683   60
61323   50
1197   70
5501   70
107348   50
159161   90
1702   80
123200   90
4886   60
93831   30
183959   90
5449   60
69436   80
34520   50
48516   90
70565   80
63479   90
165671   90
8807   90
3977   70
111659   50
65   70
87485   70
152081   50
6586   30
157699   90
5418   10
4246   80
68554   80
6377   80
53322   70
63992   30
3980   70
167018   90
184257   80
170897   40
2541   80
31433   70
96432   70
1562   60
2005   40
59784   50
111113   80
4299   70
4896   80
8957   10
155812   80
144606   80
158813   50
79592   60
6952   10
178323   70
59258   80
8531   70
2355   80
5874   80
91542   80
4308   50
170357   80
103372   70
6503   70
106540   60
2700   60
122918   80
5481   70
2571   10
3897   80
5218   70
3177   80
56805   50
8641   80
54001   80
112556   80
3861   50
109282   60
3247   70
6944   80
2335   70
3186   80
34162   90
6188   90
34   50
7347   10
42007   50
96616   80
166534   10
65230   50
59022   60
165645   10
30825   10
39446   10
48780   80
6482   30
136471   70
68157   90
117590   70
2572   80
53121   40
103810   80
81847   30
62155   60
7317   60
104218   90
6564   70
6187   70
58156   70
119155   70
364   70
161024   90
3052   100
4228   50
5   70
39715   10
93326   70
148626   100
59725   50
7438   60
54503   90
5942   60
181065   70
4649   90
593   10
170957   60
4011   60
32598   60
165843   80
4700   60
55245   90
2428   50
156609   40
3948   20
2959   100
8972   70
109483   40
172215   60
118888   90
51662   80
62439   90
48394   60
106916   70
168632   80
4367   70
56949   50
55276   80
7439   60
69844   80
551   80
92264   60
102407   70
71668   90
45720   80
64032   70
47518   70
48   70
4262   40
1704   80
1805   60
2858   80
47640   90
160567   90
69406   70
4149   50
70641   70
8969   60
181659   50
5943   60
128097   80
49396   80
166492   90
8961   20
45722   60
135436   50
99114   80
91323   90
110669   80
6764   60
169912   50
6003   80
45672   60
61255   80
99007   40
160289   90
53125   70
60126   60
183227   70
145   80
106918   80
65216   70
121715   70
2717   50
3979   30
73929   40
7254   10
74154   80
1682   80
140110   90
119141   90
74275   50
112138   90
136511   40
160271   100
95720   80
87529   100
48520   80
60069   70
166461   90
83349   70
168248   80
54190   80
55261   50
2718   80
3301   80
72998   40
3646   40
133419   70
4247   60
4340   40
79134   100
157312   60
176101   80
81834   80
97913   70
51086   10
159093   90
6287   70
500   80
49286   90
1911   70
3752   60
1060   20
61024   100
122900   60
101142   70
8361   30
112|41
62   80
36   10
2   30
104   80
4993   100
1356   80
109487   100
185   40
5952   100
356   70
68157   90
1270   80
58559   100
778   70
780   100
1393   80
223   30
79132   90
357   10
454   80
292   80
1196   100
593   80
3147   100
6   90
7153   100
150   80
339   30
1210   100
25   50
68954   80
115617   70
47   100
99114   80
329   50
50   100
551   70
508   90
17   10
95   30
72998   80
113|104
2791   20
2340   20
1380   60
207   60
1466   60
2076   80
3556   60
1459   40
1013   100
1183   100
903   80
3108   40
71   20
1129   80
804   60
969   100
490   60
356   80
1955   80
1600   80
4124   20
3099   100
943   100
3668   100
1721   80
1735   40
2067   100
916   100
1912   100
543   40
2080   100
4128   60
912   100
3706   80
2166   60
2699   20
351   100
111   80
902   100
1829   60
2184   80
1265   60
2764   100
25   20
587   60
779   60
550   40
2969   100
3244   60
222   80
1564   100
11   60
1244   80
2858   100
3476   80
1777   80
933   100
3498   80
4040   60
858   80
2724   40
1232   40
4126   80
597   80
2978   60
265   100
3675   80
2135   100
1276   80
2844   20
1569   80
293   100
64   40
1193   100
593   80
2749   80
3103   40
3251   80
1230   100
2424   60
3451   100
3296   100
4090   60
2108   80
1680   60
1014   100
3468   80
1235   100
260   80
3551   80
3217   60
915   100
1997   80
3824   40
3537   100
1286   80
539   60
1094   100
1639   40
4003   60
1944   80
357   80
1282   80
1393   20
114|19
40815   70
593   60
260   70
122904   70
79702   70
1136   70
8636   90
5349   80
122882   60
52722   90
95510   10
69844   40
6377   60
88125   50
81834   60
127198   70
152081   70
60069   70
4306   40
115|73
3671   100
32   100
2321   80
1391   40
1196   100
1645   80
3354   60
2701   40
1777   60
1721   80
2002   60
589   100
196   80
260   100
1566   100
3499   100
3703   60
780   40
2325   80
153   60
480   100
2858   20
3301   80
110   60
487   100
370   80
736   20
1241   20
364   80
3081   60
1198   80
2273   80
2987   100
2355   60
594   60
3752   80
1617   80
3624   80
919   80
590   60
1240   100
368   80
1304   100
457   80
2427   40
2687   60
112   40
2571   60
1407   100
1562   40
3753   80
3508   100
1923   100
1907   100
1266   100
1222   100
593   100
2772   20
3264   80
3751   60
1200   100
1614   60
1379   100
2867   80
2762   60
380   20
592   100
2694   40
3114   100
1208   100
2688   80
3555   100
2394   60
116|55
589   80
1721   80
161   90
480   80
2174   30
2683   10
1219   50
2406   90
2915   60
1954   60
1562   60
1544   90
367   100
3996   50
586   70
2000   80
1198   100
1247   40
1193   80
1387   100
500   60
736   80
350   80
920   20
3   70
1036   70
30749   90
150   20
593   40
2724   100
1225   60
1291   80
2617   40
339   90
160   80
1183   60
2054   40
1393   50
539   80
2002   60
899   60
6539   80
541   100
457   60
2985   40
590   90
1293   70
231   50
2080   70
780   50
4963   80
1270   90
1380   90
5349   70
356   80
117|116
480   80
849   60
296   80
280   60
420   60
553   80
1027   60
861   60
802   60
34   60
261   60
11   80
39   60
367   60
586   80
266   80
225   60
432   60
160   60
31   60
21   80
356   80
237   60
168   60
7   80
230   60
442   60
272   80
986   60
6   60
593   100
765   60
357   60
185   60
539   80
1023   60
253   80
799   80
380   80
880   60
5   60
500   80
329   60
529   60
158   60
19   40
434   60
26   80
282   60
1035   80
1079   80
41   80
1028   80
17   60
515   80
73   80
153   60
594   80
377   60
186   60
531   60
344   40
249   80
733   60
788   60
747   60
172   60
780   60
293   60
804   60
362   80
252   80
227   60
262   60
852   60
719   80
204   60
316   60
44   40
551   80
273   60
590   80
235   60
62   80
317   60
364   80
648   60
339   60
32   60
3   60
350   60
457   80
697   60
762   60
161   60
50   80
349   60
647   60
318   100
656   60
231   40
534   60
1022   80
592   60
440   80
333   60
597   60
292   80
508   60
150   80
778   60
610   60
236   60
47   80
193   40
527   100
118|13
2028   80
608   80
1059   60
1350   60
2329   60
25   40
1104   80
527   80
858   100
2378   60
1213   100
1343   80
1196   80
119|156
120635   90
3147   100
135861   60
434   80
54272   90
109846   100
64839   70
48516   80
45517   80
5574   80
4161   80
88163   80
139642   80
96861   100
293   100
140711   30
32587   80
108689   80
101142   80
50872   80
33615   80
76093   80
60074   70
59784   80
136562   70
112183   60
105844   80
33794   70
5995   90
173   60
81845   80
2167   80
5810   60
109374   70
86882   70
114184   70
96079   70
5064   90
31410   80
6539   80
51662   100
30707   100
104913   100
131023   90
35836   80
48774   80
8961   80
116823   80
5010   80
91542   80
99112   80
44191   90
79091   100
5218   80
6378   90
87869   90
66097   60
108932   90
4370   70
148626   100
8464   70
4369   100
8622   70
51077   70
84392   80
46723   70
115713   80
2353   60
122882   80
102903   100
165551   90
66511   100
46337   80
136598   100
3452   100
64614   90
136666   70
3578   100
102481   80
110730   80
115617   100
2329   80
130520   70
4886   90
63113   80
132157   70
4643   80
116797   100
4344   80
104841   70
91658   100
3793   80
364   100
7458   90
103335   100
52722   70
6934   90
117887   80
356   80
7454   70
4367   80
135532   90
128488   60
135887   80
106920   100
4776   80
5418   80
138210   100
1732   80
56174   90
68954   100
7153   100
114795   80
95105   80
69122   100
119145   80
111781   80
40278   80
2324   100
3275   90
54286   90
4446   70
58559   90
85020   90
59369   80
55247   80
296   80
170   100
129354   80
4306   80
60069   80
92259   90
80463   100
139385   80
86911   100
318   90
106918   90
4239   80
110718   80
4015   80
138036   90
128620   70
2701   60
2683   80
134853   80
130578   80
3081   80
5989   90
106491   90
4995   100
315   80
72998   100
67255   100
162350   90
2571   80
127184   80
120|13
765   60
858   100
733   80
1367   80
1073   40
743   60
852   40
780   40
608   100
648   60
783   60
141   60
802   80
121|36
62   100
39   80
353   60
555   80
5   60
265   40
141   80
282   60
110   80
508   60
296   80
44   20
288   80
272   20
595   60
6   100
432   40
597   60
474   60
95   60
780   80
252   60
150   60
22   60
237   80
457   60
435   40
266   60
225   60
434   60
25   80
16   100
47   60
592   60
300   60
590   80
122|217
3535   100
480   80
71530   60
81537   90
3911   100
115569   90
99007   70
58998   90
3462   100
32   100
91529   80
103042   80
6936   80
3481   90
231   90
2076   100
4239   90
59387   90
27706   80
120466   100
112852   80
117529   80
2761   90
48516   100
2232   90
8874   100
79132   90
55269   90
1391   100
91535   80
8917   100
87306   90
104   80
592   90
1263   100
80463   100
2959   100
1748   100
58559   80
6333   90
520   80
101864   80
77866   70
4874   90
72998   90
152081   80
95088   80
48774   100
296   100
19   70
1237   100
122886   100
122900   80
3793   80
3671   90
1923   90
5669   90
51540   100
89470   90
86298   70
33004   90
5989   90
589   100
46578   100
70599   80
54995   100
1080   100
61240   90
8464   90
7451   90
77561   80
2710   90
72407   40
3968   80
4979   100
79592   90
1220   90
55765   100
119145   90
2455   100
67087   90
86345   100
4343   80
2012   80
6188   90
2011   90
96079   90
1394   100
34437   90
46530   80
41997   90
4975   80
68237   100
1270   100
1219   80
86377   100
1968   90
858   100
1073   100
46970   80
134368   70
442   80
86190   70
134170   80
48780   100
152077   80
5673   90
107406   90
1276   100
1921   80
8641   90
2003   80
53519   90
106002   60
1208   100
60069   100
116799   80
6957   90
103341   100
778   100
87869   70
112515   90
1682   100
2916   100
49272   90
2   80
5219   80
7438   100
3702   90
53000   70
2571   100
288   100
139385   100
27904   90
57528   80
1247   100
111   100
4643   80
96737   100
2160   100
4148   80
5810   90
104841   90
253   90
555   90
593   100
79702   100
8807   80
128360   100
1673   100
784   100
33679   80
27831   90
2355   90
2291   100
47   90
54503   100
1199   100
96728   100
31658   100
93840   100
92535   100
3275   90
3160   100
63131   80
260   100
923   100
4873   90
69481   90
101142   90
93510   90
91658   80
1089   100
109487   100
1197   100
551   100
1222   100
1562   60
4776   100
3175   90
86833   100
1345   90
2762   100
2987   90
115122   100
69122   90
99114   100
5630   90
6502   100
6377   90
1275   90
2804   100
3114   100
103228   90
106920   100
76251   80
8644   80
39183   100
70   90
48385   90
60684   90
4262   100
97306   80
2542   100
4886   100
4011   100
55820   100
3863   90
3409   80
2502   100
318   100
53953   80
1265   100
4963   80
48043   90
3020   90
3499   90
123|35
89745   80
593   80
115617   70
69306   80
99114   90
112852   80
111759   90
6016   70
104879   80
87232   80
112552   70
84152   80
85414   90
81782   80
59315   80
2329   90
76093   90
64969   80
293   70
106920   70
97923   80
68157   80
48780   80
260   90
44199   80
4886   80
5952   70
54286   70
51540   80
116797   90
112171   70
112556   90
104913   70
58803   90
91542   80
124|32
1210   90
2683   80
2858   100
1784   80
1961   80
1091   60
520   80
2329   90
50872   90
1092   80
1884   90
344   70
3252   90
2353   60
8641   70
593   80
5608   90
1   80
79592   40
4995   80
256   60
318   90
50   90
3328   90
1405   80
356   100
2712   70
543   60
480   70
6188   80
3263   80
3556   80
125|272
95690   90
166461   80
50842   90
589   80
158238   80
67087   40
101112   90
76093   80
127198   80
44195   80
161582   80
27482   90
139385   60
91947   90
119141   80
55908   80
1206   90
79357   80
156371   80
105213   90
149354   60
4995   80
108932   60
48774   90
137857   70
99813   90
141544   80
95167   70
58559   80
80549   70
7254   100
68237   70
1034   90
128360   80
159717   70
53125   80
69516   50
5218   70
2571   100
2600   100
89190   60
138036   80
7361   90
6952   60
161634   50
33145   60
122890   70
161580   70
1873   60
76077   70
127202   80
63276   90
120466   60
40148   40
45722   70
44974   90
72226   100
134130   80
3949   50
93855   90
593   80
115680   80
7008   100
3147   80
1261   90
158872   100
59315   70
8376   80
9010   100
71264   90
174053   100
27773   90
84772   60
26681   60
151695   80
136864   50
6539   80
73488   40
63072   60
140928   70
1193   100
2843   80
131920   90
113741   80
88744   80
65130   100
152077   80
106920   80
67695   100
161966   80
71520   90
149146   80
122882   90
60072   80
4864   50
97752   80
95088   70
111759   80
87869   80
68954   80
149144   80
71304   90
131749   60
79592   80
149830   90
223   100
337   100
166492   50
4246   50
96588   80
74789   40
76251   80
91470   90
147142   60
135436   70
91542   70
167746   80
2657   40
35836   80
141408   80
8360   70
152091   80
60950   100
61323   40
60684   70
42632   100
168252   70
110   90
100083   100
2387   90
55820   10
27022   80
33794   80
5219   60
7022   100
48385   90
62439   90
56174   40
2692   80
111113   80
158966   90
48516   80
155064   50
62336   90
6874   90
54286   50
58301   100
501   90
158972   70
8368   60
163645   80
2918   80
55278   90
5459   60
99114   80
152081   80
134170   80
608   60
99437   90
97913   70
288   100
62434   90
106918   80
92694   90
86190   60
160563   70
5956   90
65514   80
26680   100
112183   80
1084   90
296   90
47491   90
2596   90
1215   80
168266   80
2959   100
3083   80
88163   80
149902   40
91690   90
164909   80
99117   80
84954   70
175303   60
95441   90
122922   80
858   90
60756   80
94931   70
84952   80
96829   90
522   60
43836   40
4848   90
4973   10
159415   80
1210   80
6711   60
103341   90
8254   100
71530   40
171763   100
2858   100
32460   80
318   80
155509   80
127096   80
88129   90
58998   40
72998   90
2321   100
135887   60
79132   80
162350   70
162082   70
94959   100
134393   80
33201   90
143355   70
1221   90
75985   90
106782   90
1726   90
142422   80
79702   80
5903   70
166528   60
7438   90
59784   80
1285   70
164881   30
116897   90
160271   70
160080   70
1590   40
122904   90
91500   40
5816   60
54190   100
130490   60
168250   80
7371   100
83349   60
6502   70
133217   70
5617   90
52973   90
142509   90
148626   70
142222   80
4738   80
93510   80
115617   80
156387   70
1120   90
4979   90
161131   70
167790   70
148956   60
166635   80
95761   90
7265   100
164179   70
117466   70
135567   50
2   80
60069   80
70286   80
44191   70
142456   90
99007   90
126|24
592   60
344   20
110   80
150   80
356   80
165   80
434   60
589   60
480   60
595   80
454   100
593   60
153   80
588   60
185   60
590   80
161   60
34   60
318   100
367   100
296   20
208   40
47   100
288   20
127|13
3671   80
3101   20
1962   60
2763   80
4226   40
1947   80
68954   10
1276   80
1302   40
2144   40
1747   80
36517   80
913   100
128|20
942   80
1356   80
1193   60
940   100
908   100
945   100
923   80
1284   100
943   80
608   100
593   100
1387   60
260   100
912   100
1291   80
1617   60
898   100
110   100
1196   80
935   100
129|96
2858   90
1690   70
1210   80
2959   80
3745   80
5378   70
31184   90
1573   70
4447   70
597   80
2174   90
2706   70
33794   90
6539   80
7099   90
1358   10
33493   70
4025   60
40815   80
253   70
33166   100
5481   50
2105   80
3948   70
5816   80
27660   90
1197   100
588   70
5952   90
6537   70
1101   80
4878   50
1527   90
208   80
32587   90
7153   90
2987   80
3034   80
2021   70
2139   70
2167   80
1073   80
39183   80
5502   80
3623   70
44191   90
4226   60
1625   80
4090   90
6863   80
6502   70
160   70
2396   80
6711   80
1544   80
37830   90
5159   80
35836   80
185   70
4993   90
45722   80
3421   80
6365   80
8644   80
5010   90
33615   60
4446   80
2791   80
7438   80
3556   100
110   80
8665   80
1196   80
5445   80
3996   80
6934   70
5618   90
4963   80
4886   80
6333   90
1676   100
3793   80
6093   90
2890   90
3578   90
45499   90
2628   70
40819   80
1380   90
6218   90
2683   60
47   70
5418   80
1222   80
4308   80
33679   100
130|17
253   80
344   80
161   80
380   60
339   80
185   60
588   40
595   40
225   100
165   80
329   60
1   60
317   60
349   40
231   80
150   80
434   60
131|44
1288   70
48780   70
296   80
5959   50
2393   60
293   80
1214   90
4993   70
1233   80
3624   40
593   80
858   80
7361   70
541   80
79132   80
3949   50
5009   60
1228   90
778   80
2858   70
356   60
1089   80
1200   70
50   80
1136   60
1061   70
1617   80
5782   80
2871   80
2571   60
1104   90
62336   70
27611   70
2329   70
3826   40
6016   80
4011   70
47   80
1213   80
260   50
318   80
2320   50
7153   70
111   80
132|261
30749   80
3081   60
3067   60
3186   90
1562   30
260   40
617   50
3083   70
296   80
46976   80
41571   80
539   60
1635   60
4643   20
8808   50
1059   60
1172   80
6365   70
1298   60
562   50
5299   60
6377   60
60069   10
4308   80
2384   30
5970   60
2081   40
593   70
3996   80
27731   60
308   40
1527   70
5673   40
8973   80
48780   70
3489   40
357   70
1682   70
34   30
56782   50
2858   90
1333   40
33794   60
158   40
567   40
2706   40
2908   60
3418   60
2340   60
5878   70
1644   30
39   60
5481   60
58   40
17   60
778   60
68954   70
3148   60
56367   60
3882   50
3261   40
5952   60
1259   60
70   50
8970   70
1246   70
497   40
2953   40
1380   60
63082   70
837   60
5225   60
4741   60
253   40
1125   60
915   50
79132   60
2541   70
6711   80
68157   70
920   60
288   80
48   60
592   40
7773   80
5284   50
4034   40
1206   70
1028   80
555   70
5669   60
5218   70
5816   60
520   30
4973   80
1917   60
4014   70
5679   60
256   30
6333   60
6934   60
356   80
5010   40
2581   70
1296   50
29   40
306   60
2571   90
4720   70
2324   80
1704   60
1517   60
2683   70
8638   80
48997   60
1196   40
904   80
2729   60
1258   80
2567   40
594   60
4016   40
6593   70
261   80
30793   70
1407   40
45720   60
44022   40
8969   80
235   60
6874   90
8874   70
6291   70
2012   60
4732   40
50872   70
39183   70
910   80
8983   70
40819   60
2424   70
1097   70
33679   50
1042   60
902   60
914   60
7371   60
32587   80
6323   60
8873   40
2023   60
4226   80
2699   30
4700   60
3556   80
2396   60
141   70
45880   60
2076   60
4239   50
7147   70
8373   60
1079   70
4975   60
2797   40
6539   60
8961   60
6367   60
2628   40
2329   80
2431   80
3060   70
2124   70
410   60
8368   60
64839   50
3977   50
4844   80
5971   70
45499   60
6774   70
4993   90
26776   40
55269   40
6155   60
7320   60
866   70
3160   60
37729   70
4874   90
1732   50
2321   60
27721   60
4235   40
1088   80
500   50
1923   40
170   60
919   70
1249   60
3617   30
247   60
1035   70
27815   60
912   60
2174   80
390   40
3897   70
353   60
3793   70
3176   60
3717   40
7361   80
1391   40
858   60
551   70
36517   50
7438   90
1219   80
4878   70
5618   70
5508   60
1485   50
4886   60
3949   80
3785   30
2959   80
8360   60
5956   30
44694   50
4018   60
586   40
4641   80
6350   40
596   40
3481   80
2011   70
31696   40
8464   50
4361   70
1748   60
2671   70
3052   50
6942   90
5991   80
318   90
4848   90
1307   70
38061   50
4896   60
1784   50
838   40
3264   20
3751   60
7090   60
1   40
1345   60
175   60
1729   80
89   50
899   80
133|22
185   40
296   60
349   40
539   60
32   80
590   40
377   60
288   40
588   60
110   60
471   80
318   80
253   40
555   60
780   60
300   60
223   60
524   60
592   60
457   80
367   60
50   60
134|22
163   60
273   60
344   60
186   60
454   80
364   60
1   60
110   100
590   100
553   80
193   60
161   80
231   60
153   80
173   60
208   80
592   60
316   80
288   80
227   60
588   60
47   80
135|207
2105   60
3005   80
1597   80
427   60
2088   60
2009   60
2916   80
4396   60
2792   80
2746   80
829   60
2735   80
4621   20
2412   60
2700   100
1769   40
2605   60
2841   80
2505   60
485   100
742   80
4896   80
1892   80
1580   80
2395   60
1213   80
4467   80
1356   40
4812   20
3264   40
4571   80
1036   100
551   80
1653   100
648   80
3250   80
1876   40
288   60
527   100
267   40
1625   60
589   80
593   100
1   80
1200   100
1097   80
4027   60
4634   100
587   80
3098   80
3255   60
1721   40
1197   100
2193   40
1468   100
1387   100
3527   80
2985   80
1845   100
1073   100
457   80
1921   100
110   80
153   20
2571   100
3481   60
1676   60
4638   40
3360   60
1377   40
4066   80
919   100
1215   100
3793   80
832   80
4351   60
1515   40
1370   40
1732   80
2707   40
1584   60
3104   80
2076   80
480   100
2324   80
1954   80
47   100
3948   80
2320   60
2763   80
112   80
2321   40
3248   20
2804   100
1517   100
4306   80
2414   60
2253   40
1196   80
1378   80
2124   80
1391   60
3809   60
1379   80
1393   60
1385   60
4037   60
3869   60
1429   80
1240   100
2409   100
4326   80
21   60
141   80
1792   40
231   40
2997   80
380   60
1375   60
180   80
4993   100
520   60
1639   80
1220   80
1225   60
671   80
1206   100
3763   80
1722   20
2968   80
2407   60
2599   60
1230   80
2858   80
349   40
3708   80
4226   100
788   80
367   80
2959   100
4776   100
3175   80
1917   20
377   80
3476   80
1376   60
1259   100
1717   60
2455   60
1203   100
3441   80
514   60
2064   100
260   80
1923   100
2706   80
3213   80
912   80
1682   80
1009   80
2391   100
2   60
3911   80
1459   80
1374   80
3358   80
673   40
1544   20
420   60
4613   40
466   60
2118   60
1610   60
2273   80
3624   80
4085   80
3052   100
1320   80
1480   60
1483   80
2791   100
3327   80
2248   60
2470   60
2001   60
3101   80
300   80
3996   100
32   100
2028   80
2115   80
2000   100
2002   60
1422   80
329   40
3740   100
2723   80
318   100
1694   20
1136   100
2406   80
1199   100
223   100
2628   40
2683   80
293   80
1918   40
136|72
256   80
267   80
253   80
62   100
431   100
132   60
592   80
551   60
353   100
266   60
173   60
434   60
329   40
293   20
471   80
235   80
208   60
227   60
160   60
317   60
296   20
315   60
177   60
593   60
327   60
207   100
491   100
44   40
367   80
231   40
416   40
468   100
145   60
420   60
163   20
34   40
93   80
216   100
234   60
110   100
225   80
440   100
174   60
282   100
198   60
19   60
637   80
95   80
172   20
590   60
255   20
153   60
195   100
122   60
168   80
348   20
410   60
588   60
16   100
23   100
158   60
300   60
47   100
15   100
364   100
170   80
185   60
196   60
328   40
292   60
344   20
688   60
137|96
1   80
1136   100
3996   60
1301   80
4306   80
3072   40
1193   80
1267   70
3741   90
1949   100
1299   100
1231   80
913   90
1022   60
111   100
4995   80
910   80
3198   70
904   80
3504   90
4262   70
1580   70
1210   60
3462   80
26084   80
260   80
969   80
928   70
272   80
953   80
923   100
7171   80
724   60
608   90
1260   60
7396   70
356   70
780   60
541   100
527   70
2968   70
1258   70
6365   70
3671   80
5177   80
1721   80
1093   80
955   60
7001   70
1233   90
924   80
1262   60
4546   70
1225   100
1230   100
2648   70
1994   70
2940   80
1244   70
589   70
912   100
1293   90
6993   90
5952   90
2330   80
1214   100
588   80
2028   80
246   100
1204   100
4427   90
3471   60
593   80
8228   90
480   70
1196   80
30749   80
590   70
2762   90
1208   100
6987   60
968   70
1203   90
4963   50
1252   80
1304   90
5385   90
1228   90
1288   100
858   100
6377   80
1247   90
3742   80
2288   60
2571   80
3507   80
138|13
2924   100
671   50
1019   100
3972   100
616   90
2150   100
2826   50
59103   90
898   100
2582   30
222   100
2116   60
2002   60
139|139
46530   10
122892   40
59615   30
5463   30
59315   60
37386   40
33162   30
1198   80
34405   80
4020   40
82459   60
6157   40
8972   40
5957   30
5013   60
59369   50
66934   70
5418   50
4148   30
5956   50
4015   30
54995   10
8985   10
74789   30
88140   50
4993   80
81564   40
68358   60
122886   80
95510   50
102125   30
96610   40
3969   10
84954   50
3300   40
8865   30
5679   50
45722   50
4238   50
3409   40
7367   30
53000   30
8368   60
102445   40
48304   50
8861   40
6333   50
34048   30
6934   40
5400   30
98809   80
7254   20
54001   60
8640   20
6539   60
4036   30
69481   20
69844   60
79293   30
56757   20
60074   50
96079   70
99114   50
3996   40
5419   40
36401   30
5464   50
81229   40
4974   30
3793   60
5445   30
8528   20
8665   40
4027   60
53996   50
4886   60
53121   20
19   20
37729   70
53519   20
4306   50
79091   50
3825   20
7454   30
86880   40
63113   60
4270   40
3997   20
3753   80
88744   20
6534   20
49272   70
72998   30
53125   40
66097   50
5254   30
4734   30
70286   10
5481   20
5349   60
33615   50
59784   50
56788   40
69526   30
5816   60
3994   50
78499   40
68237   20
86332   40
110102   50
81591   50
91500   40
44199   40
6874   60
5110   40
5152   70
5313   20
27706   30
48780   50
91529   80
68954   50
60040   30
3744   30
51255   40
3578   50
94864   30
7162   30
8360   40
34150   50
4975   10
34319   30
5026   50
89745   50
5459   40
79132   40
61240   60
8874   20
4720   50
48394   30
140|470
5507   60
292   60
3005   60
1661   60
2403   80
434   60
44199   60
5103   80
5218   80
2529   60
3244   70
257   60
858   100
3969   60
1214   80
41571   70
4027   40
1729   80
32029   60
48516   60
1073   80
185   60
5418   80
1589   80
53972   60
3155   100
3107   60
4677   80
44709   80
42730   100
376   60
4848   80
837   60
2617   40
4025   80
3100   60
2890   80
4703   70
4161   80
1234   100
2268   80
457   80
5420   60
164   60
5747   60
2948   60
4322   80
3230   80
1721   80
3684   60
1047   60
5316   60
5060   80
914   80
2447   40
4368   40
8529   70
5187   80
4799   60
5358   60
3301   80
1101   90
2707   60
2724   80
6709   50
8199   20
47644   70
4011   60
6299   60
4447   70
6617   80
1653   40
163   60
4465   70
2076   60
3104   80
3471   80
1183   60
2803   60
3189   80
34334   50
1616   60
2682   80
6787   80
26172   60
338   40
1465   80
2077   80
1262   100
912   80
798   80
541   60
3359   80
6373   70
4975   40
1021   80
2640   60
1845   80
5282   80
62   90
3623   60
2797   80
104   60
3257   60
3198   80
780   80
648   80
339   60
2398   60
3831   70
260   80
3555   80
7162   90
1693   60
3117   60
6385   70
33493   80
553   80
86   80
317   80
44399   20
2020   60
49530   80
8982   60
2070   80
3168   80
953   60
422   80
3906   60
2058   70
4014   80
3836   80
150   100
733   60
37733   70
569   60
39292   70
6386   80
3998   80
41863   70
4056   80
4776   80
590   100
5015   80
2542   80
40583   80
2312   80
1094   60
4306   60
2571   80
49272   80
3147   70
5479   80
4623   80
4042   80
5377   70
5553   80
1962   60
866   80
50068   70
5349   70
3755   80
2006   60
3827   60
4889   60
5481   20
7149   80
4958   60
31685   60
7155   60
377   80
6950   70
41566   80
1083   60
4736   60
1266   80
6461   90
4085   60
4535   100
1370   60
736   60
37727   70
924   80
4857   90
5959   60
3175   50
3256   80
1250   100
4167   60
1028   80
6484   50
1674   100
5879   20
599   80
2775   20
350   60
208   80
1095   40
3983   60
2858   80
5400   60
1231   80
4448   60
7379   60
6753   70
2951   80
2861   80
3361   100
1955   80
4031   60
1792   60
3030   20
852   80
1291   60
49910   50
368   60
1304   100
151   80
161   80
266   60
6377   80
3296   80
7158   60
45668   60
440   90
4327   100
3317   40
1952   60
527   100
4963   60
6765   70
6947   100
210   60
969   80
800   80
5446   60
1210   70
2628   80
1246   60
5107   80
8970   70
7381   50
2683   10
6887   70
4033   80
3451   80
3011   40
593   80
2497   80
3055   60
4896   60
2822   80
4508   70
1401   80
1573   60
33679   60
4774   50
1580   60
1010   80
3753   80
5064   80
2431   80
2019   80
2401   90
3363   90
524   70
1221   60
3980   60
3173   80
1727   100
47044   60
5952   80
6893   100
3861   40
1783   60
47099   70
7027   80
5867   100
5266   60
2700   20
2944   80
5291   20
261   80
4994   60
3557   60
2   70
3681   80
1641   20
8121   20
3999   40
7324   60
1387   80
4326   70
11   80
1957   100
5066   60
31420   70
2501   80
4991   60
2334   60
1265   60
362   80
4822   60
4035   50
1500   100
3741   60
2278   80
6764   60
3101   80
4226   60
529   80
5791   60
33660   80
1408   80
707   60
4339   80
2344   60
1196   60
3448   80
848   80
1610   100
39307   50
4034   80
4187   80
1193   60
3513   60
3105   80
5989   80
2085   80
5292   40
4688   70
41997   70
454   80
6934   60
2819   60
2889   70
1127   60
5014   80
1687   60
7143   70
1704   80
5338   40
5945   60
2561   60
1201   80
5995   60
1092   60
3347   60
2912   70
8961   90
30812   70
1242   60
2605   80
3985   70
6448   80
4243   80
3178   100
4727   60
42009   40
5435   60
1747   60
3916   100
1307   70
349   80
5329   50
5611   40
2618   70
95   50
4855   80
832   80
26865   20
110   80
2764   80
105   80
2078   80
37739   80
1090   80
4921   80
4369   60
6279   80
2000   80
34534   90
1200   90
27821   80
480   80
5464   80
4995   100
6874   40
595   100
6185   60
3578   80
4886   80
1   60
30707   90
4225   100
5445   60
380   80
49524   70
1552   60
7263   80
2023   80
277   60
4880   80
7161   60
587   70
4047   80
43917   60
458   60
5267   80
1035   100
4022   80
6565   70
4534   60
919   80
1213   60
588   60
2267   60
6219   60
6378   100
34   80
1518   80
5620   60
3798   60
3873   80
691   60
31225   60
3062   80
1584   100
4874   80
1343   60
3685   100
1089   60
805   70
1276   80
7153   100
7137   60
4223   100
353   60
6669   20
22   60
303   60
8493   80
2470   80
47   80
5378   80
7294   60
1912   80
6059   60
5899   60
34536   60
4866   60
3074   80
6539   70
1950   80
4019   60
3098   80
2490   80
1459   60
288   40
5152   60
920   100
2996   70
30749   60
1608   60
4844   80
5574   70
4265   40
6246   80
246   60
2194   80
141|118
1196   60
231   60
2028   80
109487   100
1210   90
54001   60
115713   90
150   70
4979   70
3948   60
69757   60
3752   70
4816   70
58559   100
106696   60
6874   60
46976   100
3361   100
2571   70
1291   50
6863   60
3114   90
35836   70
5989   60
780   60
1580   70
1197   70
4002   90
7438   60
1   80
4993   80
109374   100
1682   60
2716   70
34162   70
33493   40
8874   80
46578   70
3552   100
4018   70
858   50
122904   100
3751   60
45517   70
4025   50
852   50
60069   100
2000   70
6934   70
55820   70
73017   50
3489   80
1270   50
40815   90
4027   90
8528   90
2683   60
4886   80
1653   80
1918   60
520   80
139385   80
47   60
2959   100
3052   70
5218   60
296   80
51255   100
2706   60
364   80
1968   80
344   40
4226   60
356   80
59315   60
1485   50
81834   70
8368   80
1198   60
107   70
5618   90
4022   70
69122   70
4306   80
500   60
5991   70
3988   40
1732   80
1704   70
5445   80
7153   80
72998   50
4896   60
5952   70
19   40
3785   60
1917   60
2700   60
99114   100
785   50
7147   90
260   80
2355   80
4718   50
6539   80
56174   70
5459   60
32587   50
44191   100
3147   70
134853   90
33794   70
318   80
48385   50
3753   60
2804   60
69844   80
80463   100
142|24
440   80
480   60
344   80
508   80
231   60
367   80
593   100
595   80
364   80
481   60
165   60
225   80
373   60
161   100
95   60
193   40
474   80
281   80
589   60
457   80
349   60
36   80
292   60
150   100
143|44
3526   60
1136   20
69757   100
597   60
84374   50
71535   20
2683   20
97921   60
101142   80
2706   90
6593   80
7316   60
79702   20
103606   80
47122   80
7444   100
1968   40
8827   100
79132   40
103141   80
56949   60
5418   40
54503   20
81847   100
69122   100
1307   40
6944   80
4018   40
73319   60
78499   80
59784   20
103335   80
36525   40
31433   80
31685   60
70183   80
8643   60
4306   100
5066   100
6765   50
3793   90
5620   70
40581   40
68954   100
144|86
2706   80
153   60
420   60
4979   70
736   60
32   80
6539   100
480   60
39   70
3037   50
1407   80
27416   80
6953   80
8360   100
648   70
2115   80
784   30
788   60
4973   80
223   80
208   70
1   70
357   80
1961   60
509   70
1917   50
3996   90
5952   90
1682   50
4326   70
2710   70
1527   50
2028   70
2000   70
2728   70
2858   80
6591   70
1291   80
1193   80
475   90
6218   70
539   60
5618   80
2683   40
1035   90
344   70
4993   90
288   80
266   60
3147   80
587   70
2329   100
1573   60
778   80
150   60
3578   80
364   90
10   60
1028   90
48   90
8873   100
2355   70
34   60
110   90
377   70
337   80
2396   70
231   60
1580   70
1079   80
163   80
1214   60
4306   100
1094   80
588   90
4014   90
832   70
2959   80
25   60
296   80
7034   80
1393   80
520   70
4027   70
2762   80
7153   90
145|14
296   80
150   60
592   60
165   60
434   60
153   60
300   60
161   80
316   40
111   80
292   60
329   60
590   80
595   80
146|20
880   40
2688   80
2085   80
3868   60
6383   30
830   80
58803   70
2805   50
344   40
1411   60
30803   100
2018   70
3991   50
3534   60
3499   80
35836   60
6953   60
7444   60
51662   60
2124   70
147|12
315   40
1396   80
543   50
1376   100
225   100
2302   50
151   30
1639   100
5   90
2699   90
596   60
186   30
148|30
4308   80
68954   80
79132   30
152081   80
40815   80
54001   80
122920   70
30816   100
122886   70
79702   80
40629   100
160718   90
98491   100
356   80
116797   90
122882   80
89745   80
110102   80
1197   60
69844   80
79091   70
6377   60
50872   60
60069   90
112175   50
98243   90
112852   70
4886   60
4896   80
31658   80
149|36
1253   100
2034   20
1240   80
1196   40
379   40
924   40
1356   80
1676   100
2094   60
2012   40
1127   60
1210   80
2038   20
1965   40
1037   60
1371   20
2091   20
316   80
737   40
1214   100
196   60
1584   60
2011   40
329   20
780   60
480   60
541   80
172   60
1270   40
32   80
405   20
741   80
1544   20
442   60
750   100
1274   20
150|16
32   100
653   60
786   60
58   60
780   80
62   60
494   60
628   60
6   80
52   80
7   60
36   80
25   80
648   80
805   80
79   60
151|37
62   80
710   60
1390   60
810   60
104   100
742   60
1432   80
135   60
92   20
885   60
1405   100
3   60
785   80
784   60
107   60
799   80
95   80
1409   80
102   80
631   80
1429   80
788   100
852   80
813   80
765   80
842   60
656   60
634   40
743   80
12   60
1367   60
661   60
802   100
719   80
1047   80
761   20
840   80
152|40
64716   80
73321   70
72226   90
1213   80
91630   60
86504   90
27773   90
86781   80
72378   40
7361   100
77455   80
593   90
44555   80
89864   70
88129   80
60074   50
541   80
96829   80
61323   80
1221   80
908   80
260   60
527   90
64620   80
2329   100
2571   80
1203   100
61132   60
47   100
64839   90
2858   80
1136   70
57669   80
48516   70
6016   90
1207   90
608   80
72011   80
1198   70
904   80
153|127
63082   30
4878   90
86882   70
4848   50
4308   60
1   40
8784   90
2005   40
296   60
111921   40
455   10
102125   10
5349   10
152270   70
4995   70
180095   80
105355   80
1271   80
30707   50
109374   80
356   70
106916   10
1258   60
56715   90
858   20
86880   10
72641   20
2396   50
2378   10
118696   50
94959   100
158966   90
2908   70
4979   60
6377   20
173145   10
62644   60
1259   40
68954   50
520   40
500   40
1206   50
1028   40
112556   70
142488   70
778   70
106920   80
51662   10
105844   80
79702   50
109487   10
2858   60
266   10
88810   80
2174   20
1193   60
4306   40
6793   10
100843   70
7361   100
1682   90
7147   80
1485   10
2291   60
33679   10
1356   10
46578   80
112183   20
2959   10
1961   60
85885   20
527   40
69757   70
184471   10
45720   10
122892   10
106696   50
174055   30
2324   60
7265   80
597   10
112454   70
175303   10
179819   10
1196   10
2710   10
117176   50
44191   80
81845   50
72378   10
40819   80
56367   80
91529   10
1907   60
60950   20
1704   80
7293   10
99114   20
2572   20
2355   10
166461   40
143969   60
112552   20
6373   30
1208   40
177615   60
4896   60
153   10
96821   70
41285   10
112290   80
138396   70
7317   10
3186   80
66665   60
55247   100
30810   20
2   40
3408   50
2571   10
6711   40
3949   80
47099   60
3948   20
8464   20
179709   60
111659   10
154|21
1704   100
157296   50
89745   100
98243   100
86644   10
1580   70
79132   100
122900   100
106002   80
69844   100
72998   100
130634   10
115617   100
96610   100
71264   100
110102   100
73321   50
122892   100
1097   100
108932   100
112852   100
155|28
1883   80
1   60
588   60
3615   100
1517   60
333   80
2880   60
1923   80
3618   60
2502   100
2028   80
3578   80
1377   60
3744   80
2724   80
1917   80
1562   60
3175   80
1580   80
2628   100
1516   60
3793   80
671   60
3354   80
575   60
1302   60
3114   60
3745   80
156|302
2511   100
417   100
5991   90
1414   60
1136   100
3911   70
908   100
936   100
1783   60
3114   70
1639   70
5712   80
3099   100
3504   80
4027   80
2300   80
1217   100
2371   20
1080   50
3019   80
2616   20
3030   100
904   100
2352   60
1262   60
2065   60
1909   60
2712   80
1289   80
1291   70
3134   100
1968   70
2455   50
930   100
2692   100
562   80
39   20
5902   90
2752   60
1729   80
2144   60
1199   100
1732   60
1425   60
1916   20
3152   100
2973   60
4914   100
2112   60
8128   80
1212   100
1282   70
3141   20
2087   80
1517   60
300   70
778   80
45   80
2395   70
1172   80
492   60
5847   70
7137   80
3418   80
7107   70
3741   80
1171   60
1580   60
356   60
4973   80
1295   60
1288   80
1278   60
2202   80
477   70
2734   80
5377   70
348   60
3175   90
50   80
2764   80
6297   80
586   40
2732   100
4262   70
2917   80
3473   100
3167   60
1393   40
869   80
6684   80
2349   80
1304   60
1704   80
2858   90
1948   60
852   60
1234   80
1220   60
5505   40
288   80
1299   100
1247   100
2657   60
4232   60
2406   80
587   60
2987   60
1387   70
6666   100
2599   80
1228   60
3072   80
955   60
1077   80
3310   60
3481   90
2997   100
1586   60
5788   90
1923   80
5637   80
608   100
2396   80
6711   90
3028   60
4029   90
1408   80
1307   70
1939   60
1225   90
2944   60
8228   100
1276   80
1684   80
945   100
750   100
1954   70
6509   80
947   100
3578   70
2239   100
2136   40
1292   80
6539   80
357   60
5673   60
2302   60
2289   100
2863   60
1060   80
5013   90
1689   60
3751   70
1596   100
1354   100
154   100
1921   50
3507   80
1   80
1265   100
260   20
4979   90
1237   80
1665   40
1222   90
3224   100
2174   60
3100   60
2797   60
25   80
913   100
318   90
52   70
6299   90
1211   60
1208   80
905   100
3503   100
5945   70
764   80
1224   80
1270   70
590   70
4226   90
3556   80
2946   60
62   40
537   80
851   70
1097   60
2115   70
2243   40
919   80
1272   60
3088   80
1035   90
4349   60
2247   60
3223   20
3108   60
1204   80
898   100
4014   30
1836   100
2970   60
1683   100
3130   60
3060   80
6953   90
2321   80
21   100
2081   60
1919   60
185   60
1162   60
1965   80
457   70
1513   60
1252   80
5577   80
68   40
3096   100
2186   80
2617   70
2054   40
1094   80
6957   80
1641   80
953   70
3200   80
2019   100
223   80
858   100
1682   70
915   60
1617   100
933   100
1614   20
440   60
2130   100
1213   80
2918   60
1963   60
2194   60
1131   70
922   80
3076   60
111   80
999   80
1256   100
1198   80
1248   100
3873   80
3492   80
1358   80
6377   80
1206   100
2290   20
1882   50
1281   60
969   80
17   80
597   80
529   80
3089   80
3897   80
150   80
1207   80
1057   60
1028   60
3506   80
7285   80
2795   60
3471   60
3283   40
2571   60
1079   80
4205   70
2369   80
4734   60
1589   60
924   90
1966   100
6791   80
1253   60
1264   60
1078   60
2064   60
1263   80
2683   60
2110   40
8614   70
4728   50
2750   60
921   60
370   70
3168   60
3087   60
3039   40
1784   60
1394   80
157|12
2392   60
3298   80
2987   80
2686   60
1270   80
3752   100
2959   100
1193   60
3174   60
2490   80
3175   40
3268   40
158|16
1409   50
53000   80
2826   90
6383   60
837   50
3363   60
3301   80
2109   70
193   60
6502   80
55282   60
58293   70
27674   80
7541   50
2572   70
327   80
159|61
67087   60
377   60
8533   80
7143   80
81845   70
4069   40
4886   80
508   40
356   80
64957   80
5377   40
84374   60
72641   100
357   50
1784   50
110   60
3114   90
31685   60
1721   70
157296   90
31   70
296   10
78499   100
88810   70
30812   40
4308   50
150   80
103141   60
3949   10
4014   40
1265   90
46976   20
96821   70
95167   70
587   80
7361   10
89774   80
1   90
106920   40
2724   30
3147   10
5299   80
1259   40
104374   100
112556   40
4246   100
1704   100
3252   20
4306   80
72998   80
1307   90
6373   80
56367   100
8360   80
8969   40
1569   60
47099   100
69757   100
81932   40
106782   40
2424   60
160|333
1307   80
2324   100
1200   20
3386   80
2329   60
3785   100
5903   60
527   100
3616   80
2023   100
3825   10
485   10
4306   80
3698   80
3948   90
3986   10
76   80
1713   100
748   80
2641   40
1969   20
1748   100
2053   20
60   40
2791   80
673   40
2717   80
3439   40
2953   20
185   20
1573   20
2456   40
2325   80
1974   20
6319   20
1810   60
2012   80
798   20
2959   90
1240   80
4370   80
3114   40
3005   20
2428   20
1627   100
4450   100
3893   60
1339   100
1127   40
1214   40
661   80
2   80
1393   20
329   20
3160   90
1242   80
1488   20
3264   20
2827   20
2806   20
2367   40
4979   90
4643   10
1882   20
95   20
2094   40
296   100
3328   100
2054   40
4735   90
587   60
4343   40
990   20
7153   100
2446   40
4033   100
903   80
2088   20
837   40
2710   100
2628   40
34   100
1090   100
1917   20
1411   100
519   20
541   100
1175   80
1909   20
1678   80
2657   60
457   40
353   100
366   20
260   100
3440   20
2688   10
1562   20
6538   60
1603   20
2253   20
1034   20
1962   20
1527   60
671   20
377   60
111   100
110   80
1293   60
150   100
3996   100
1019   100
1587   20
2985   80
1591   40
6537   40
379   60
1653   100
2617   20
3087   20
2706   40
5219   40
2762   100
47   100
1976   20
1690   40
1831   20
2174   40
2409   60
2000   80
3083   100
4381   100
2353   20
1035   40
1971   20
1270   100
2414   60
1120   60
2411   20
1288   80
2583   40
2769   100
1972   20
6322   20
2052   60
442   40
239   20
2081   100
3471   60
1734   100
367   100
158   60
5459   30
356   60
3868   80
2699   60
374   20
3269   20
153   60
1277   100
3703   80
466   80
3702   30
1382   20
2396   20
1199   100
3238   20
3256   20
426   60
1446   80
4246   80
3994   80
2020   40
181   20
653   80
2313   80
79   20
1032   60
2252   10
1107   70
5445   90
1979   60
10   20
2364   20
1208   100
924   100
1320   100
6591   100
3608   20
2273   20
1552   20
1970   20
3649   20
1586   20
1981   20
546   60
3081   100
3981   30
2531   20
3858   100
3701   20
904   80
435   20
1100   20
3793   20
1370   40
1222   80
1213   80
551   100
2818   20
1483   100
3355   80
3034   80
4034   100
4792   50
1011   20
1219   60
420   20
1722   20
1372   40
1973   40
589   100
2987   80
2161   40
1376   20
2058   20
2363   20
2808   20
880   60
2532   20
2470   40
1876   40
85   100
2314   100
3147   80
3082   20
3438   40
648   20
718   80
1374   20
3697   100
1717   20
2858   100
3751   100
2006   20
2467   60
44   60
1225   40
434   60
2166   60
2194   60
1377   60
3572   20
1589   60
1092   60
2427   100
1620   10
1210   100
2916   80
338   20
1920   20
2977   40
4367   20
6365   40
1028   80
2126   60
596   80
1616   20
2701   20
2640   80
293   20
1163   20
1196   80
1674   40
2745   60
2410   40
3418   20
4223   60
2115   60
1056   60
217   20
1597   20
3263   60
1584   20
3683   100
595   60
1347   60
593   40
173   60
786   20
608   100
2405   40
1610   60
849   80
5992   100
1645   60
32   100
2716   80
253   60
2078   80
2021   20
1   80
2002   80
1097   60
198   100
3257   40
2028   100
594   100
2918   40
6   40
3877   40
227   40
4148   40
22   20
1960   20
3527   80
364   100
2643   20
315   20
3301   60
1438   20
2340   20
2162   20
592   80
2450   60
1387   40
2210   60
3704   80
1037   40
2789   20
4638   10
628   20
242   40
161|24
899   90
4571   100
45732   10
1022   60
4995   60
3751   100
1234   80
1093   80
2424   60
745   100
2018   70
1019   60
1965   50
2140   60
2135   100
4270   80
318   100
252   80
2617   80
3396   70
3481   80
1   80
1289   90
1148   100
162|24
527   100
16   100
280   100
224   80
318   100
337   60
296   60
508   100
4   60
17   100
802   100
587   60
207   60
292   80
534   100
261   100
515   100
509   80
145   100
783   80
277   100
592   80
371   60
590   80
163|14
1821   60
1625   80
1588   80
1485   60
1617   60
1515   60
1717   60
1407   60
1805   40
1639   60
1676   60
1726   40
1722   40
1835   40
164|22
2640   80
1198   100
1047   80
3639   100
3996   80
3793   60
1097   100
3578   100
1291   100
780   100
4440   100
2115   80
480   100
592   60
2053   60
1587   60
1580   100
1240   100
1527   60
1200   100
1356   80
1196   80
165|41
5299   60
1291   100
4351   60
5959   60
2422   40
1210   60
441   60
3996   80
5991   80
5444   80
5989   80
4963   100
5902   80
5502   80
2194   80
377   80
5945   60
5415   60
5466   100
2571   80
858   60
2028   60
5954   60
1197   100
5066   60
1221   60
4085   80
5577   60
5993   40
5485   60
5872   60
5445   80
249   80
908   80
5528   60
1304   60
5952   100
480   80
592   80
2692   60
1196   80
166|136
1263   60
4865   80
4022   80
54001   90
6942   90
260   90
1562   50
48394   60
1225   90
8360   80
592   70
49272   100
34150   70
1580   80
4027   90
1   100
48780   50
2951   90
1961   80
7153   100
3623   70
2987   70
839   60
3438   70
2716   70
7090   90
593   80
1221   90
6874   90
4878   80
356   80
2918   70
527   90
1968   50
51662   80
6   70
6711   100
51935   90
5349   90
1377   70
1704   90
3147   80
1234   80
3793   70
3052   70
923   90
1784   70
8950   80
8784   100
1682   100
54286   100
33493   80
367   70
1466   80
4306   90
1196   90
3897   70
47999   90
5989   80
48516   100
35836   80
5952   90
377   60
1240   60
648   60
51080   90
5673   90
597   70
6502   90
8636   100
51086   60
26662   100
4963   90
318   90
5464   80
296   90
4886   80
3949   80
904   70
2115   80
2571   80
5690   100
1193   80
1517   70
2628   70
45499   90
46578   80
3213   90
47   80
1222   70
6157   50
33166   100
1500   100
1206   80
2947   80
3578   70
1097   80
48774   90
153   50
858   90
51255   70
30749   80
1210   100
1276   90
457   70
3000   100
8464   70
1291   90
55232   70
6534   60
8798   100
7373   80
2858   80
3114   90
6378   70
520   70
39292   80
41569   70
1245   90
32   80
2959   90
46530   100
34162   80
31696   80
2997   90
2710   50
3439   70
1089   80
50   100
7438   90
1214   80
5618   90
1249   90
588   100
5254   70
7132   90
167|122
1500   70
2762   60
5218   80
3751   100
2791   80
34405   100
2105   60
3175   70
4878   60
1198   80
8376   80
2858   60
586   20
8604   60
104   80
1200   30
5816   90
514   70
1967   90
1527   100
1917   20
5418   90
5952   90
4011   100
745   100
1748   90
1210   80
480   70
45722   70
733   70
1265   60
7153   90
2657   60
223   100
539   60
4333   60
3552   80
6754   70
353   100
69   50
1580   70
4022   60
750   40
1021   50
31685   70
38038   100
1080   70
593   50
356   60
4678   80
3087   80
1396   70
4016   80
4896   90
5650   90
42738   50
4489   70
4306   90
180   80
3421   60
1120   60
3793   100
3275   90
5991   70
1   70
2502   100
1197   90
4369   20
3408   70
296   60
3210   50
2710   20
8984   10
1215   100
541   70
1196   90
318   100
1385   40
327   60
7842   100
41566   80
4980   60
6283   100
2174   60
8360   80
839   30
2371   60
5464   70
1380   10
36529   20
1291   90
7247   50
4993   100
1073   90
3671   70
442   30
8636   80
1148   100
1278   80
8874   90
6377   70
432   40
44191   90
45517   70
3114   60
4006   70
110   70
5146   80
2471   50
260   80
3397   80
671   80
924   20
1136   80
1220   90
1257   60
3396   90
1732   80
588   60
6863   40
6539   90
551   60
168|60
44555   100
1276   90
596   90
3030   100
196   10
26131   90
858   100
3681   100
1247   100
913   90
26078   100
1209   90
1950   100
1203   100
3363   90
265   90
111   90
1617   90
1208   100
608   100
356   80
2997   90
8128   90
68157   100
4973   70
55820   90
85881   90
1304   90
1252   100
3152   100
745   90
1225   90
4406   100
1263   100
2858   100
1086   100
1172   100
543   40
750   100
3334   90
1207   100
1375   40
8949   100
953   90
1376   40
6662   80
1244   90
342   80
7256   100
7333   90
8228   100
1221   100
2657   90
33564   100
805   80
1927   90
7156   90
1193   90
3788   80
6016   90
169|199
4975   80
6155   90
185   80
2087   90
5941   80
4246   80
3247   90
919   100
719   80
1   90
318   100
1197   80
4958   70
7381   100
3301   90
1367   60
2394   90
5502   80
8783   90
6324   50
216   70
4306   100
2565   90
7060   90
6377   100
4823   80
1073   100
7045   70
5377   90
60   80
7147   80
5014   90
1097   80
1288   80
588   100
539   90
4022   90
8665   70
455   70
6005   70
356   90
3   100
344   70
317   100
6702   60
4639   90
2710   80
2321   90
2792   100
934   100
1083   80
1393   100
5881   50
2628   80
1028   100
3147   90
4890   80
1307   80
4054   90
7143   90
2581   90
6345   100
3624   70
2058   90
6765   80
4994   90
7375   80
6550   70
4142   70
586   100
5   100
5445   80
8008   100
631   60
4369   60
1569   90
39   70
597   80
1721   100
7080   100
527   100
377   90
6944   100
2054   60
5945   80
2804   100
7149   70
150   90
4880   80
2011   90
7   90
1407   80
6874   60
3882   70
2501   100
339   80
6539   90
333   90
4025   80
1302   90
4039   90
6936   100
6537   60
6156   70
8360   100
3911   90
3916   100
5620   80
3809   80
5296   70
3160   100
3159   80
3448   80
6266   80
6565   100
73   80
3552   90
6218   80
3174   60
2724   90
1967   70
2017   80
1682   100
2791   90
4867   70
1220   80
1380   90
4718   90
5785   90
1265   80
5957   80
4018   90
2084   90
277   90
5873   90
6586   90
585   60
5378   90
1777   80
34   80
788   90
7004   70
4992   80
5989   100
5459   60
1663   80
5481   90
4799   80
104   100
208   70
8529   80
4308   100
3594   100
5415   80
637   90
5574   70
6373   90
5222   80
1088   90
4963   90
4069   80
6339   80
2942   100
736   80
1923   80
5995   90
1961   90
899   100
6188   90
2012   90
7173   60
5816   90
2762   80
48   70
3988   100
4193   80
3421   80
4993   90
918   80
6709   60
7153   100
6331   100
6568   90
2571   90
3033   80
783   80
5349   80
4728   80
5103   80
5472   80
1947   100
594   90
3534   90
5108   70
5952   90
7614   100
4857   100
3791   80
5171   60
170|32
95   60
376   60
350   60
364   60
733   60
595   60
480   60
590   80
420   60
594   60
150   60
587   80
539   80
282   80
5   60
168   80
356   80
48   80
736   60
339   80
110   80
553   80
597   80
410   20
10   60
292   60
355   40
457   60
207   60
185   60
593   80
344   60
171|52
592   100
1304   80
593   100
555   100
428   100
1210   100
608   100
742   80
1276   100
1291   100
1214   100
861   100
500   80
903   100
141   100
235   80
5060   80
1089   100
1   100
1246   100
475   80
714   100
648   60
81   100
25   100
1270   100
1193   100
1148   100
1196   80
290   100
541   100
176   100
858   100
596   100
1080   100
471   60
1073   100
994   100
766   60
802   80
1367   100
784   80
1391   100
720   100
551   80
1104   100
1151   100
707   100
367   60
1454   100
260   80
32   100
172|16
2770   80
1953   60
1994   70
2005   80
1125   90
590   70
1210   90
2313   60
277   90
1272   60
2193   70
2890   70
527   90
661   70
1580   70
593   80
173|16
17   80
356   100
316   60
153   60
500   80
150   80
480   80
592   60
410   60
141   80
527   100
587   60
171   100
357   100
110   60
595   60
174|42
300   40
527   60
196   40
380   60
435   60
595   60
587   100
288   60
141   60
186   60
153   60
368   80
160   60
39   80
349   80
296   60
356   60
32   60
225   60
588   80
592   100
454   100
420   40
34   80
11   100
589   80
597   80
62   20
508   60
539   100
344   100
442   60
410   60
236   100
457   100
150   100
329   60
480   100
370   60
316   100
590   80
253   100
175|15
58107   80
3594   100
7259   70
2300   80
47382   100
32289   100
44613   100
45880   80
33145   70
39427   10
2526   10
33880   70
3969   90
5410   10
8643   90
176|22
110   100
520   60
161   80
553   100
150   80
588   60
383   80
589   100
231   80
592   60
370   60
153   60
296   60
733   100
344   40
593   100
590   80
485   60
349   80
329   100
454   80
292   60
177|707
44022   50
84152   70
7149   60
4246   70
64575   70
56251   70
54190   60
56941   100
1197   100
88163   80
3477   50
6619   60
7121   100
1244   80
3909   20
73017   90
3897   60
88810   80
2394   50
4027   60
246   60
2804   100
2797   100
3408   80
8373   50
5501   40
1688   60
8636   60
59258   80
1544   50
6873   50
47629   80
11   60
34162   60
356   100
70183   80
35957   80
4979   70
1407   80
25771   80
8907   60
2059   70
7728   60
1431   40
5418   70
117176   60
45499   80
1210   60
106100   100
44199   100
2424   60
32296   50
110553   80
33615   70
940   60
45720   70
1271   80
1022   100
7080   70
2300   80
86833   80
104841   60
1682   70
2687   40
1387   60
4085   70
262   80
81834   100
58295   40
4886   100
71970   80
56176   40
97304   100
1084   70
954   80
1270   100
4920   90
72733   80
1552   40
4388   50
88129   40
16   60
60074   80
953   90
2078   60
3098   80
2141   60
45880   70
84944   50
48   60
52281   50
80549   100
81932   80
8666   30
4719   30
924   30
2863   60
106072   70
46965   10
1693   70
3564   20
2291   40
830   50
6483   10
2009   60
98154   90
53129   80
2858   80
81845   100
6157   60
52604   70
4447   80
587   70
2006   60
73015   80
1265   80
3081   60
1953   50
53322   60
3624   60
69122   80
74789   60
1258   80
1260   40
2011   80
3189   60
5816   100
1968   70
59784   80
78637   50
6957   10
53464   60
1275   30
39   80
6385   60
551   80
546   20
586   60
71535   100
1732   60
1892   80
6753   70
49649   20
1936   80
158   60
6708   90
2701   40
2716   80
78772   60
40819   100
1907   60
3591   60
4018   60
2312   80
4008   60
91630   70
3615   50
116823   100
106696   100
2396   100
73023   80
46970   50
56367   90
5349   70
1962   90
69640   70
116797   80
6887   80
58998   40
88405   80
3793   90
80126   10
2018   60
56171   70
55765   80
101864   40
1911   60
5991   80
4823   70
25937   60
30707   100
95558   50
1030   40
45501   40
44972   30
106916   40
3489   100
4069   80
58047   70
96588   100
33166   80
54276   60
91104   40
69844   100
296   100
28   50
72998   50
69481   100
54001   100
5449   60
5459   50
71464   50
1136   90
52245   40
5419   50
3753   70
59369   70
72011   70
2719   60
2023   40
3686   30
7243   70
1721   100
31433   50
79091   80
99112   70
46972   80
62293   100
7222   50
93006   80
223   50
3977   60
2080   80
1028   80
5504   50
64839   70
89804   50
1961   100
6539   100
41566   60
6541   80
4232   50
56775   80
1298   40
6952   70
2722   40
53125   90
2153   40
78574   60
53121   50
25906   100
903   80
1213   80
72737   90
81564   90
49286   70
6377   80
8718   80
44193   100
45722   60
1064   80
780   70
7302   70
6958   50
1994   80
1274   40
37727   50
1367   50
3418   80
7163   40
95654   70
2433   60
46974   60
2683   20
1207   100
1035   50
6338   50
4308   80
1307   70
70293   90
2302   60
1291   60
6934   30
52694   60
56949   70
68157   70
455   60
653   50
25746   60
3461   40
30816   70
4306   80
2366   60
932   100
7054   70
90866   80
66297   60
260   50
2717   60
34336   50
235   60
3362   40
1104   100
585   50
8970   80
3101   70
1   100
48780   90
1393   60
1499   40
5952   40
25750   40
8360   80
1193   80
3034   80
34150   50
7004   60
2791   60
7381   40
7263   60
2053   40
63859   50
454   50
1089   80
86911   50
41571   70
96610   60
33679   60
82202   50
1031   60
1517   60
1214   50
153   60
38038   60
87869   60
8965   60
56587   80
661   60
4368   40
77846   100
45517   60
86487   90
2087   80
2144   50
3798   70
1939   100
8533   70
1408   50
51084   60
7154   60
91529   80
2420   60
904   100
3247   40
2353   60
1931   80
6863   70
3844   80
1704   100
68793   80
7293   80
36401   60
6155   90
91535   60
27773   80
64614   60
3022   100
107141   80
89492   80
4014   60
58154   80
6365   50
95510   80
27808   60
45431   50
588   80
5957   80
115617   100
104   50
914   80
3801   80
73268   50
3535   80
593   100
1148   80
594   80
1252   80
81847   100
1219   100
1801   100
112175   90
2805   60
5387   90
99114   70
1588   60
256   40
1251   60
7215   50
1345   60
8984   70
87430   50
5679   50
500   100
926   100
66934   80
1094   60
3882   60
2194   50
5378   50
94777   40
788   10
2316   90
3275   80
76251   60
111759   80
3565   70
37729   50
480   70
6947   10
355   40
1198   70
79132   100
8695   80
1242   80
77561   70
84954   60
367   60
216   40
87232   80
8947   50
342   60
2692   70
3969   100
3717   60
67788   60
79695   40
4270   60
344   80
2427   40
48593   40
2720   40
1220   60
2987   90
3484   60
6535   60
81537   30
41569   50
919   100
70159   50
5266   70
5445   100
161   70
3088   80
317   90
1955   100
2746   80
1288   70
1282   80
2694   50
946   80
7366   80
63062   80
3608   40
2541   60
3534   80
89904   100
247   60
1380   70
4359   60
60   60
58347   80
1302   60
102407   60
56757   70
56152   80
915   100
7022   50
2132   80
150   80
5956   70
154   80
6874   70
97921   90
6503   50
2005   50
3916   70
1513   90
34048   60
2761   40
7   20
608   80
2644   50
1027   60
6156   60
86882   80
909   100
4963   80
51662   40
8529   60
6593   60
362   80
6016   70
3087   20
72641   80
1644   50
8972   80
2010   60
2959   80
59501   60
79185   70
6624   40
971   100
1377   60
2054   50
2020   60
1283   80
69757   70
50   80
2013   40
33794   80
59725   50
6870   80
345   60
724   60
65230   80
79139   80
55276   50
70286   50
3755   80
45081   20
68135   60
1225   60
916   100
3499   80
6429   80
520   80
105504   100
4299   80
43936   60
54272   60
6987   60
40815   70
8860   60
109374   60
8464   90
45950   80
923   50
1097   60
94478   60
60126   60
99007   80
3997   10
74795   70
33499   60
71264   60
98961   70
7234   70
54286   80
81591   70
928   100
30793   50
2571   60
5943   80
911   80
51939   50
1997   70
25856   70
51086   40
7444   60
7173   80
100383   70
597   90
47518   80
709   50
4041   70
3159   50
616   80
1247   100
40629   80
2572   90
32017   60
1073   100
3964   70
58559   100
2384   50
1947   40
5989   90
2617   70
1086   60
2096   80
63853   40
364   80
7078   80
6856   80
50872   80
117881   70
380   60
552   60
2115   60
106487   80
6765   60
43560   80
905   80
65261   80
89939   60
1333   80
595   100
47   90
89753   30
4366   80
63876   80
111362   70
8969   70
39183   60
6595   70
46948   60
3264   40
80489   70
8368   70
95167   80
3809   40
48516   80
31685   50
7361   80
60161   60
39449   60
2338   40
2248   80
1033   70
44191   100
67267   80
2389   10
65585   70
1029   80
898   100
107   60
3175   40
106002   60
33669   60
3176   60
837   100
49530   80
35836   30
2227   80
63992   60
42015   70
5620   80
948   100
2729   60
1580   70
765   40
53993   60
70599   70
49389   80
50685   80
59315   70
111921   100
8808   70
902   100
920   70
97913   80
1235   60
71520   30
64957   70
4993   40
3186   60
6888   50
74458   100
1203   90
6942   100
41285   80
51925   70
3052   80
3827   60
955   100
4025   70
5264   40
6212   50
69406   70
6711   80
2581   50
4016   100
1394   40
2915   60
5971   80
3785   60
900   60
1096   90
648   80
63082   50
1929   80
7065   40
91500   90
45186   70
1923   20
5313   40
2671   70
3991   50
41573   40
4992   80
4022   60
239   60
918   80
3948   80
2918   80
90647   60
736   80
1348   40
4995   80
1221   80
31297   70
185   50
60397   70
61406   80
44195   80
3257   40
6297   70
178|48
4718   50
1   80
44195   100
47   90
736   60
4967   100
6380   80
2858   100
480   60
2840   70
39183   60
1265   90
33903   90
595   40
454   90
357   100
2028   100
1680   70
44191   90
1810   90
1270   90
8464   70
50   90
589   80
590   90
2085   30
6016   100
290   70
2571   90
5665   30
356   90
7153   90
457   100
380   80
3996   80
608   90
837   70
377   70
161   90
110   80
4734   80
8874   80
8961   80
5952   80
2231   90
4993   80
4973   100
2959   90
179|44
141   80
19   60
637   60
95   60
780   100
165   80
590   80
735   60
253   80
300   60
7   60
34   100
380   80
153   60
339   60
329   60
9   60
725   60
344   60
708   80
3   80
762   60
454   80
784   60
110   100
318   100
457   80
47   80
736   100
52   80
420   60
376   60
1   80
356   100
349   80
480   80
410   60
377   100
185   80
65   60
500   80
608   80
32   80
113   60
180|15
3755   60
315   60
3552   80
1197   80
4993   90
1136   80
1213   90
2717   80
2641   70
1196   80
2571   70
3210   60
785   40
2723   60
2959   90
181|78
519   40
981   60
383   20
474   80
163   40
257   80
296   40
11   100
370   60
368   60
10   40
316   60
520   20
274   60
293   60
34   100
490   80
640   40
338   40
349   80
170   60
360   60
161   80
151   60
355   40
382   60
248   40
100   60
553   40
416   20
477   60
371   80
377   60
303   20
21   40
455   60
454   100
191   20
356   100
79   80
218   60
122   60
236   80
277   80
135   60
357   20
225   80
453   60
485   60
1082   60
631   60
435   40
168   60
466   40
165   60
1084   60
367   60
172   20
196   40
217   40
16   60
432   60
22   60
86   80
587   100
1073   60
39   60
588   80
445   60
597   80
457   80
5   60
24   60
61   80
380   40
45   60
110   60
437   40
182|765
3888   80
2167   80
5266   50
5995   90
3108   90
1827   50
3081   80
3992   90
2278   50
3997   60
1251   100
5522   70
5014   80
1616   40
5015   90
5107   80
4239   80
3799   10
6264   10
1597   80
2248   80
5423   80
4720   90
153   70
4008   80
173   70
6893   60
6294   30
2490   70
5959   70
1407   70
1228   90
2694   50
1769   70
5646   80
3147   80
5617   50
912   100
4299   70
431   90
6564   10
3000   100
6385   60
3629   90
36   90
778   90
273   70
1101   70
1252   80
7934   80
3253   80
3044   90
1   80
3198   80
333   70
308   70
714   90
7438   90
6552   90
1247   70
4979   80
6688   70
5316   70
2474   80
3993   70
610   60
32587   90
3117   90
4963   80
3969   80
5388   60
4014   100
5812   70
6539   50
4911   70
4642   90
1920   70
3247   40
2858   100
2485   50
6873   60
4350   80
1243   100
2320   90
2827   30
903   90
3858   80
1263   90
1909   40
1186   80
8984   60
5011   70
6870   70
3254   60
5026   80
2713   10
1963   90
1206   100
481   50
1960   80
6754   50
1198   70
162   70
3006   60
339   60
1275   70
44204   60
2428   50
592   70
356   100
18   100
3683   90
3752   60
3753   40
3114   80
23   70
3882   40
1722   70
3793   50
2605   70
6978   70
1304   70
5684   60
2194   90
4308   80
2311   80
4954   80
2496   80
1779   70
2076   90
785   70
4816   70
30749   80
1148   90
34048   40
2671   70
3994   30
1246   90
2427   100
6537   10
1447   80
6541   40
497   90
5283   60
4407   90
718   70
2722   10
3182   60
2143   50
8784   90
5669   80
4823   60
4738   90
3978   70
4776   60
21   50
1377   80
6   90
4545   80
2010   100
4383   50
1635   90
2805   60
4016   60
1214   90
7352   80
3160   100
1916   80
5298   80
1265   90
5463   10
6796   60
5772   90
69   60
1253   80
4032   80
5498   90
194   90
4300   80
1968   100
1747   70
1625   90
3702   70
2720   10
6808   60
2857   80
1432   80
4734   30
1240   40
3809   70
6067   80
7153   20
3082   60
2730   100
3019   70
2329   90
3598   70
26   80
7090   90
2710   90
33493   40
4152   80
25   90
1730   80
215   80
1279   100
1320   80
2528   50
2140   50
7123   90
1090   100
380   60
1274   100
2843   100
1591   70
6534   40
3998   50
3052   50
5349   60
2387   80
6620   80
3740   80
2563   90
4133   70
5293   50
589   40
6281   50
260   70
14   80
3271   90
6002   60
7147   80
1408   50
999   70
6365   40
442   60
2105   80
4643   60
1682   60
6624   10
3354   10
5992   90
1061   80
1884   80
4017   100
590   90
4644   70
41   90
1281   90
2334   50
4878   90
720   90
3053   90
316   50
4178   80
5628   70
6571   80
798   40
2443   80
1835   60
1060   50
3730   70
413   70
1754   80
2539   50
2391   90
1215   90
5155   90
733   60
5013   70
436   70
5379   100
6330   70
8370   80
2706   40
6215   60
1449   80
3784   70
4889   70
2991   80
6335   90
899   100
2117   80
7361   90
7371   90
5046   70
1097   40
231   10
493   70
2505   70
3556   90
2971   90
1517   40
3967   90
2542   80
4826   90
5323   10
5903   80
3576   60
2952   80
5902   90
2340   70
4881   90
4047   90
6679   80
2294   80
529   50
2467   80
1785   80
3812   80
5668   80
6187   90
3328   100
2291   50
50   90
1753   40
2916   60
307   90
6003   60
5574   80
2995   30
1242   90
2106   90
1566   20
4993   60
7449   50
3618   70
5945   70
4022   50
2502   90
4167   40
858   90
1617   70
1037   80
3783   90
2696   80
4811   80
799   70
2541   90
3483   50
3751   90
2407   60
6979   70
104   60
1695   80
849   30
1220   70
4361   80
7299   80
1911   50
4873   90
7254   80
166   30
2808   10
3747   80
1357   80
5110   80
1644   70
1237   100
6193   70
3955   20
471   90
457   70
2607   90
5954   80
3968   80
3947   50
4628   90
5420   70
441   80
5218   70
5016   80
6879   60
3317   80
2006   50
2723   90
2064   40
1208   100
6857   30
318   90
3646   10
112   70
5065   50
4275   40
2762   80
319   90
4995   80
1923   60
3105   90
3176   70
1257   50
1270   60
32   80
3450   80
3158   80
2863   80
892   60
6383   10
1183   80
5265   60
1437   70
4941   80
5643   60
5445   60
3698   80
3462   90
2289   70
3639   80
5425   90
5267   60
5377   70
3355   80
3901   70
880   30
1480   80
3062   80
6323   70
1301   80
866   80
4378   70
4027   90
1394   80
3868   70
5507   70
3825   60
3196   90
1726   70
70   90
1120   70
5296   10
1584   10
5577   80
1610   80
2355   70
2135   30
3070   90
1358   80
185   60
4467   60
6890   90
1799   60
6572   80
2622   60
4370   60
1653   70
100   60
2860   40
6902   80
3633   60
2691   90
1672   50
3186   30
608   100
4577   90
94   80
6305   90
4234   60
3045   100
3623   50
2947   80
586   70
5818   90
904   80
141   80
1573   70
4019   60
3986   40
2606   60
7323   60
3168   60
3827   50
6380   40
4369   30
3946   50
5062   80
1411   100
1719   70
1393   70
3438   60
1483   70
4231   70
249   80
6947   70
4157   90
2840   40
81   70
3742   80
4037   80
5666   40
150   50
3003   90
4978   90
3020   40
4446   60
3869   50
2310   60
3897   80
29   80
5481   30
2558   20
3703   30
1089   100
288   90
4815   60
1095   80
475   90
5418   40
600   80
4874   90
1207   90
1831   70
2993   80
253   60
4571   70
4007   80
6874   80
377   50
1704   80
3363   60
2136   10
3527   30
1690   80
3323   80
2769   40
4770   50
5464   80
3729   80
1608   50
1302   80
3267   70
2025   70
597   70
4161   60
4973   90
3033   80
5501   30
2712   90
5608   60
5131   90
3624   60
2153   30
509   70
1687   80
44   30
4223   40
1665   50
4029   90
1289   60
2976   80
97   90
6863   80
1173   80
1172   100
2763   80
4773   60
45   60
1080   40
3717   50
1912   80
3761   80
4344   50
44199   60
4343   40
480   70
4225   80
1603   50
5993   60
3836   80
1431   40
223   90
8360   60
1213   100
33794   70
1197   70
6059   60
76   70
2683   80
482   80
296   100
6192   100
5219   40
4638   40
760   80
1529   70
2599   70
2181   70
4235   100
3863   50
3301   80
1967   60
235   90
5791   90
3535   90
5680   60
293   90
1073   80
1222   100
372   80
7048   80
2617   40
2598   60
3861   50
2067   80
3557   50
5083   80
1627   70
3476   80
6588   80
1298   70
1466   90
2918   90
1204   80
1611   80
4678   70
1262   90
2551   90
1273   80
6285   80
6932   70
4052   70
3996   90
2273   70
788   40
4389   100
741   100
6217   90
247   90
4975   60
3185   80
5690   90
4865   50
4439   80
2701   50
4226   90
1546   70
2232   90
3735   80
3316   40
7265   90
2628   30
1221   90
4015   30
163   70
5809   60
543   70
4919   70
2968   80
2146   70
1193   80
653   50
3925   100
4246   70
2359   60
4774   50
4886   90
1918   40
3503   80
89   60
745   90
31410   70
176   90
4056   60
8949   90
2022   100
3862   70
2321   90
7698   70
5873   80
3949   80
180   60
919   80
8973   90
3272   80
1258   90
1129   50
5673   80
901   70
4159   50
4054   80
780   30
1225   90
4723   50
5095   90
4959   70
3959   50
3275   90
4160   80
3418   80
1641   80
1343   80
1391   80
1542   90
2231   60
908   80
2447   70
1833   70
4305   40
2336   90
474   70
3879   20
1429   60
902   100
6188   60
6934   10
6645   90
7264   80
1136   80
5254   40
2058   90
5943   50
6881   80
2572   80
4025   50
47   80
3298   50
527   80
522   90
2318   90
337   80
3915   80
1732   90
4896   80
4681   80
172   70
6001   80
1805   80
971   80
4699   70
6062   70
1953   70
2600   90
4901   60
4728   30
4735   10
2672   80
3409   80
1673   90
934   50
6333   30
5421   80
5528   70
111   90
16   100
1396   50
1271   80
1598   60
7802   80
1500   40
3510   50
1580   50
2826   60
3481   90
6058   50
2034   70
593   90
1676   90
4247   50
5378   60
6971   80
2686   80
4396   40
3555   50
5530   70
5952   60
3265   40
183|36
1036   80
2028   100
3703   60
1201   80
589   100
2993   80
2457   60
2288   40
3793   40
1220   80
3527   80
592   60
1970   60
3573   40
3755   80
474   80
2947   80
1527   40
110   100
1370   100
377   100
1214   80
2058   80
3418   60
1210   80
1222   80
2924   60
1242   80
1582   60
1200   100
858   60
733   80
3256   60
3726   60
2529   80
2949   60
184|91
6283   80
119145   100
106873   50
103210   40
109487   100
177939   90
148978   80
4896   70
91529   80
122906   80
122922   90
117887   90
189333   80
103042   60
68959   40
193567   60
193581   80
110102   90
180297   90
27156   90
163645   90
122920   90
70533   70
106782   100
5995   90
3793   70
94677   80
122918   90
176371   90
109374   90
122892   70
116797   80
102125   80
33794   80
122916   90
136864   40
171763   90
60040   50
180985   60
142488   90
164917   90
4226   100
193579   70
174055   80
172705   100
177285   60
143355   50
170907   80
175585   70
171011   100
48780   100
178827   100
39292   60
176101   70
165635   20
117895   20
114180   50
59022   60
77561   60
193573   80
89745   90
135536   50
183911   30
168218   90
193587   70
184641   10
79132   90
104303   40
165639   80
136562   100
163134   70
157699   70
127212   90
5388   70
157369   80
162968   80
108932   100
58559   100
193583   70
162982   60
168090   80
2579   80
105653   80
122900   80
164179   100
175485   30
109578   80
84152   90
102123   70
35836   50
109848   30
185|29
361   40
3753   60
2799   40
2081   80
4308   80
605   60
3949   100
223   80
3598   60
3554   60
2565   80
2355   60
919   60
3114   60
4034   100
2389   40
4228   40
4016   80
2863   60
2078   80
588   80
1658   100
1907   60
2692   80
1   80
3897   80
5146   20
5804   60
364   80
186|164
3471   80
2617   100
899   80
3638   80
1210   100
3510   80
4299   60
3755   60
377   80
2528   80
185   80
329   80
1253   100
1073   100
915   80
2013   80
1009   80
2052   60
1136   100
952   80
2186   80
3753   80
4310   60
2064   80
3740   60
1198   100
2406   100
5499   60
2140   80
1372   100
2077   60
5039   80
916   100
1265   100
2819   80
1200   100
3409   80
2716   60
1356   80
500   80
5540   80
3927   80
4406   80
1259   80
2797   80
1947   80
2105   60
592   80
3360   80
969   100
1876   80
5008   100
3675   80
1544   80
3408   80
1320   80
1391   80
3068   80
2288   80
4857   80
2324   80
924   100
595   100
5214   80
2135   80
1127   80
1240   80
2311   80
5497   80
3203   80
2035   100
905   100
2078   80
2641   80
2193   80
4994   80
1028   100
1301   100
1193   80
4232   100
4545   80
2115   80
2872   60
2054   80
1653   80
2571   60
442   80
3751   80
1287   100
2640   100
1374   80
2985   80
196   80
1254   80
750   80
260   80
2454   80
5349   80
4813   100
2094   80
3826   80
3175   100
3070   60
10   80
1527   80
2034   40
1204   80
2710   60
4969   100
5472   60
2009   80
968   100
2082   80
2   80
3697   80
594   80
3988   80
3114   80
1573   80
2713   80
589   100
2208   100
1376   100
380   80
3711   80
1584   100
4366   60
2266   80
914   80
3269   60
5378   80
4027   80
780   80
316   80
2529   100
908   80
4896   80
898   80
541   80
379   80
2987   100
2174   60
1748   80
3578   80
1   80
1371   80
2699   60
2369   80
1346   80
4643   80
1931   100
2161   80
1921   80
2116   80
2366   80
4713   80
4121   80
2916   80
317   100
2021   80
1909   80
950   80
2138   80
3984   80
187|190
52328   60
1339   70
5445   70
290   80
5669   80
551   70
2288   80
34405   50
8228   80
27850   80
7438   80
6537   50
1464   100
922   100
431   90
27741   80
7361   80
8961   80
296   90
4785   80
235   90
4350   90
8012   80
2951   90
7976   90
1203   80
6711   90
37733   80
6368   100
44195   80
7044   80
1673   80
30810   80
6365   40
31364   100
31410   100
1917   30
41569   80
2959   60
44199   70
1690   80
586   30
1732   100
1198   60
778   70
5146   80
924   80
48043   70
377   40
7156   80
27660   90
6755   80
356   40
4450   80
1617   80
46572   80
4262   80
1876   20
27592   80
111   90
27879   90
51662   50
6975   90
4979   90
34437   70
8874   100
1136   80
145   20
4640   100
593   80
3578   40
3681   90
1216   40
26776   90
1258   90
741   80
253   70
3910   90
4720   90
8464   80
527   80
1241   90
49932   80
1809   100
6440   80
31878   70
31658   80
110   60
25   60
247   80
26082   100
750   90
39869   90
1210   80
6350   100
4105   90
4034   60
319   80
42632   70
608   90
223   90
16   80
318   60
27773   80
3481   70
3996   60
27865   40
1265   90
27397   100
2571   80
6857   100
51540   60
7360   90
6870   60
6708   60
37240   80
4993   90
4902   90
5608   90
2076   100
3000   80
39292   80
6934   40
3504   100
3627   100
3160   80
3328   100
736   30
5952   90
2890   60
1527   20
1827   80
500   30
745   80
260   80
26662   90
7099   100
1201   100
40732   60
1200   90
1080   80
4011   30
5971   70
27904   80
25788   80
1274   80
5570   80
5349   40
1199   100
97   60
1263   40
7387   80
5954   70
6062   80
4878   70
37741   80
912   80
7022   70
47   80
4967   90
47997   10
8582   90
4641   90
1784   60
6283   70
590   20
27846   80
6214   80
1089   90
390   90
2700   90
33896   80
2628   30
33493   50
1261   100
541   90
70   80
4226   80
5244   100
1466   80
44788   80
8950   90
555   80
2657   90
5909   80
3091   90
7445   40
45499   40
8370   100
2329   60
188|30
5060   100
918   80
2436   100
1951   100
3097   100
906   100
898   100
3061   80
2918   100
2312   100
356   100
1304   80
830   80
1244   60
1537   80
2243   80
1086   80
913   100
899   100
1035   100
2565   100
2359   100
1950   80
1947   100
2941   100
904   100
1747   80
7   80
1269   60
919   100
189|12
527   90
318   80
68954   90
2571   80
91529   70
7153   80
5952   80
1265   80
33794   70
356   80
54286   90
2762   80
190|41
8533   60
6333   60
30810   100
4878   70
4447   70
7361   100
5225   100
527   100
5445   70
4848   80
5810   70
4963   60
6155   60
81834   100
7323   90
6539   60
5816   100
2959   80
7451   80
6874   80
8970   60
6870   80
4973   100
5013   80
5378   60
4299   50
2324   100
5377   80
6936   70
5989   80
5481   60
5618   80
5991   70
1193   90
88125   100
8622   60
8950   80
116823   80
1704   80
6377   70
4896   100
191|54
281   80
468   60
308   100
39   20
261   80
151   80
283   80
111   100
272   100
50   100
153   20
148   100
32   100
288   60
348   100
178   20
269   60
229   100
236   60
1   80
300   80
307   100
608   100
94   80
52   100
312   20
673   100
34   80
230   80
194   100
208   20
380   60
282   60
150   40
215   80
36   100
25   100
319   80
246   100
306   100
110   60
193   40
237   20
720   100
318   80
581   100
95   60
159   20
265   100
299   100
427   20
223   100
224   80
303   20
192|13
380   100
593   60
225   80
315   80
150   100
480   100
266   80
110   60
10   100
590   80
292   80
185   100
454   80
193|22
1207   100
858   90
1   40
1196   90
908   100
2959   60
318   70
593   70
1197   60
2858   50
296   80
778   80
1198   40
7147   70
260   100
7153   80
356   60
97938   80
480   40
1211   70
86347   10
46578   80
194|12
168   70
1090   90
342   70
2406   70
1252   70
48   40
2699   70
7143   90
552   70
315   70
1653   70
784   60
195|133
2005   60
608   100
5254   60
3081   80
2006   80
3578   80
5010   60
3983   80
1912   80
919   20
4020   60
4280   80
161   80
4387   80
2771   60
1266   100
3683   60
1090   100
318   100
2700   60
2416   60
2423   100
4448   80
1222   80
1370   60
2858   80
538   60
2391   80
2710   20
434   60
1673   80
2762   100
2325   60
2797   80
300   80
4306   60
2501   80
1994   80
25   80
1249   80
1682   80
2580   100
233   60
1120   80
1968   60
1097   60
4027   60
4246   100
377   80
2952   60
1466   80
235   100
3347   80
778   80
1961   80
1732   80
2841   80
296   100
527   80
1805   80
1670   40
2278   60
1784   80
2918   100
1615   80
2387   80
2871   80
1502   60
3174   80
3053   60
1722   40
1407   60
1513   20
4641   60
2840   60
4344   60
1573   60
1704   80
2599   40
6   80
4720   100
3535   40
2763   80
3753   60
150   80
1291   80
1921   40
3952   60
3148   80
1259   80
3203   80
1060   100
1958   80
3515   80
1089   100
3999   20
1449   60
3826   60
3623   60
4067   80
2012   60
3408   60
2916   80
4019   80
3948   80
4452   80
2879   20
2987   20
4995   80
648   100
10   80
3996   100
4389   60
903   40
32   80
1635   40
553   80
4223   60
2598   80
3793   80
1208   60
3510   80
2268   80
2692   80
1036   100
3994   100
4033   80
1218   20
2321   60
4029   80
50   100
1358   80
16   80
196|20
51935   90
68954   80
457   70
5952   60
5418   80
134130   90
1036   90
2028   60
104   70
150   100
41569   40
1527   60
733   100
5995   60
2762   60
47099   80
2571   100
62   90
109487   70
1259   60
197|22
2628   100
1729   60
858   40
293   100
296   100
2028   60
2025   100
1213   60
592   100
1968   80
589   100
318   80
235   60
1193   100
1209   100
1909   80
1201   60
356   60
2793   60
1377   80
1755   100
3072   80
198|168
24   80
1020   60
3147   100
1627   20
1732   60
5607   100
541   60
5388   60
2028   80
4235   80
1735   80
2329   100
2640   60
5013   80
1250   100
4823   20
592   60
1639   40
3868   80
3863   40
318   100
2628   40
1214   40
1393   100
4903   60
1263   60
780   40
2575   60
4226   80
1246   100
2986   40
778   80
2985   40
2692   80
913   80
3436   100
2797   80
3578   60
104   60
2541   60
50   100
2324   100
356   100
3527   40
34   80
5014   100
1196   100
1274   80
4979   20
364   80
3263   60
2065   80
2067   80
3269   60
589   60
1653   100
1960   60
1876   40
2791   60
2080   100
3534   80
4239   60
2340   20
2706   80
4995   80
750   60
1394   20
4932   20
5378   60
47   100
608   60
2232   40
344   80
4014   60
1619   80
66   20
58   100
1446   100
198   80
4174   60
1711   60
5445   100
185   80
1206   100
1584   80
3448   100
1391   60
3471   60
1221   60
4718   20
2396   80
1198   80
2916   80
2455   80
266   80
3897   40
480   60
1092   80
3386   80
4146   20
3160   60
4776   80
5016   40
3452   40
2716   40
4963   80
105   80
2357   80
567   20
5459   40
296   100
1527   20
1597   100
1704   80
441   80
1240   60
1172   100
1127   80
1307   80
2391   40
2600   100
4023   100
1252   80
1961   100
1277   80
1917   60
597   60
260   100
1200   60
4011   60
2360   60
2997   60
4448   40
5349   60
2594   100
3246   100
1464   40
2858   100
648   60
442   80
1247   60
923   100
265   100
1306   60
3408   60
903   80
368   80
4381   40
172   80
1591   40
4161   60
1645   100
1690   40
1197   100
357   100
4370   80
2023   80
4808   40
25   80
3100   100
1259   80
4388   20
3932   60
1258   60
3686   60
2762   20
2184   40
3967   80
199|274
6215   60
5568   70
5349   60
7458   70
4344   60
37741   70
2692   100
1597   60
589   70
1089   80
2427   60
318   80
1233   100
904   60
6365   50
3117   80
5505   70
1304   100
1954   80
2278   80
5989   80
3618   60
1217   100
6378   70
1261   60
47   60
541   100
1466   60
1265   80
1950   80
1704   40
1179   90
2359   60
4378   80
2815   20
1797   60
903   60
8949   70
39292   70
2150   60
267   30
5015   70
1147   60
3868   70
1517   100
62   20
2329   60
296   80
150   80
1676   40
7158   80
3948   40
1923   100
1777   60
1196   70
2467   90
5500   90
698   20
1909   60
543   60
48783   90
2858   100
2770   60
1339   80
48385   30
8874   90
1641   80
1645   40
592   60
1080   90
3082   60
1518   80
2252   60
2699   80
58998   90
457   80
2819   80
492   40
8622   70
4027   80
910   80
4223   80
1055   20
3328   60
1584   40
56274   60
2312   60
25   100
1244   60
5747   90
1388   40
2671   80
2300   100
48516   80
7063   80
1277   80
5670   60
2912   80
2997   80
64614   70
1590   40
4848   60
2316   40
6218   70
3037   80
5378   30
4308   70
417   80
1721   60
2542   60
4776   60
608   100
1136   100
587   40
509   60
923   100
345   60
2599   80
1197   80
33493   50
1101   40
36   80
5995   100
1357   60
778   70
8528   60
356   40
4370   60
5450   40
1091   30
223   60
562   60
8833   70
3256   60
1060   100
307   40
1625   40
1374   90
6565   80
1479   40
1097   40
4973   50
161   70
2289   100
81   60
3252   60
6287   30
4608   50
4226   80
2067   80
55247   100
20   40
1285   80
913   90
1287   90
1500   60
8665   60
1912   60
2943   80
5418   80
85   20
30749   80
2670   80
1207   60
1267   100
4641   80
1178   100
1206   80
1213   80
8533   50
2391   70
21   80
3035   80
2527   60
2529   80
1610   100
3196   70
1230   60
2174   50
5902   70
1513   50
5010   80
1377   20
8983   70
8641   50
1635   60
2890   80
2707   40
1358   80
1356   70
2112   40
1210   40
1079   80
1208   100
1897   60
30707   80
1608   60
466   60
1719   60
7028   80
229   60
780   60
1617   100
1198   80
3977   40
5299   70
1391   20
4238   40
6807   70
1250   100
2571   80
5291   70
4979   40
3186   50
57669   60
1278   100
3066   80
969   80
56367   70
427   20
2674   30
1204   100
2539   80
555   40
3998   60
5574   30
1387   100
2336   80
1272   100
2683   90
3316   40
2108   60
53550   70
551   20
7   60
2003   20
69122   50
2353   40
3176   60
46578   50
514   40
1296   80
4339   70
497   60
8984   60
11   80
111   60
858   80
1214   80
2628   40
593   80
527   100
2318   70
1580   80
6617   70
1779   40
3064   40
4022   60
440   80
3129   80
3536   80
1784   20
912   100
8798   90
4499   90
3578   80
1393   60
1047   40
2875   40
8781   60
6552   60
1295   30
6   80
1889   80
200|251
44665   90
4447   90
46970   70
3481   100
3825   70
5952   90
27611   60
2144   100
45106   60
3148   70
61323   80
762   70
3916   80
4308   100
318   100
4034   60
4973   100
7163   50
4161   70
913   80
1073   80
3253   80
1527   70
54286   80
44761   100
357   80
4896   80
150   80
1923   80
2959   100
2291   70
59315   90
8958   80
1198   80
1704   90
4823   80
5225   80
1556   40
1267   60
47   80
56367   100
3897   90
110   90
2012   80
1722   90
1608   60
1028   60
2541   80
4025   100
2599   60
46578   100
34321   60
2991   80
1307   70
8910   70
6934   80
5816   80
1036   70
45720   90
54001   80
588   80
441   100
4623   70
56949   80
3489   60
2947   80
63433   80
5349   70
58803   70
1196   100
3882   80
4018   80
1042   100
5989   90
2501   90
8969   70
597   100
1259   80
30793   70
7149   60
5299   90
2805   80
2571   100
8874   80
6377   80
2948   80
2628   60
3004   80
46976   90
586   60
5377   70
2248   70
6378   80
33794   80
31878   100
8376   70
1393   80
39   100
37729   60
2671   80
3082   80
30825   80
45517   60
10   90
3638   80
4306   60
1197   100
4239   70
367   70
7541   70
2123   10
3301   100
6874   100
6942   90
60074   70
736   40
61024   80
8961   80
4019   90
1291   70
50872   90
58293   80
4270   70
7451   90
5872   80
5445   70
4246   70
6754   80
1214   70
2006   80
1213   80
7173   70
39183   70
2302   80
45186   60
6541   50
19   70
8366   60
1220   90
1777   100
49530   80
49272   100
1250   80
3948   90
1894   20
59725   60
1682   70
260   100
3977   80
7373   80
48385   60
6944   80
5418   80
30812   80
2067   80
1580   80
215   20
54503   90
2054   60
4816   100
1020   100
1270   80
52973   80
3578   80
4571   80
56757   90
2683   80
780   70
1968   80
1380   100
2145   90
7438   100
3247   60
3911   70
27685   40
4979   50
4022   70
261   70
377   80
4639   60
6708   60
2502   80
2617   80
1088   80
3255   100
1438   20
6539   80
480   70
1101   80
54190   100
2115   80
4226   80
2245   70
62   60
51255   100
8665   80
6373   80
5103   100
2340   90
53464   20
7444   70
60040   80
1210   100
50601   10
34405   90
41566   70
7153   80
62299   70
1021   60
1721   50
4722   60
4027   80
33679   100
648   70
8807   100
5481   70
2011   80
1610   80
48738   80
40819   70
104   90
6218   80
2395   70
51662   100
1500   100
524   70
6333   80
53125   80
6365   100
3717   80
4015   80
3984   80
435   80
5617   70
4367   50
2918   100
5139   60
1485   70
2949   80
2321   60
38061   100
3623   70
1676   60
58559   100
32587   100
50442   40
3176   80
5991   100
2858   70
3408   80
165   80
201|72
2424   80
16   80
1321   60
1307   100
32   80
2699   60
2918   100
2136   100
1240   100
708   60
1721   100
480   100
1028   80
2080   80
2302   100
931   60
2245   100
1562   40
1097   100
1517   80
380   80
2321   80
435   80
2249   60
593   100
1285   80
1035   80
2336   80
1127   80
153   80
1923   100
1377   40
2248   100
2716   100
1732   40
1917   80
1037   60
2011   100
1573   80
293   60
34   100
296   100
1639   100
1291   100
1580   80
587   100
2140   80
2115   100
2485   60
150   80
2094   80
551   80
1676   40
1   100
2916   80
780   80
2100   80
2628   60
2355   100
2683   100
2706   80
46   20
196   40
1378   80
543   100
2396   100
1909   100
185   60
1968   100
2724   20
597   100
2641   60
202|306
589   100
3654   80
2467   80
356   100
260   80
1188   80
2021   60
2890   80
1129   60
3105   80
1173   80
3836   100
3062   80
592   60
3985   80
371   80
1214   80
2983   80
3006   80
440   60
1643   80
2531   40
1372   60
1663   80
2745   80
919   80
2147   60
610   80
1358   80
1199   80
110   80
3591   60
1393   60
3060   100
1459   60
308   80
567   60
377   60
1204   100
1240   80
1527   60
1227   60
1259   100
1292   60
1385   60
1290   60
2118   80
2018   80
1247   80
1136   100
1090   100
3214   40
2553   80
246   100
3100   80
1300   80
2268   80
2922   60
3725   60
1125   80
2993   80
1097   80
2628   80
1307   100
2396   80
2243   80
497   80
1641   80
194   60
2949   80
2476   80
1334   40
3707   60
1645   60
353   80
3633   100
3269   80
461   60
741   80
1500   100
1682   80
303   60
2231   80
2407   80
1277   80
3138   60
318   80
1086   80
3372   80
3246   80
590   80
2020   80
372   60
3984   60
2716   80
3638   60
2411   40
541   100
2640   80
2712   80
2534   60
5060   80
1960   60
2463   80
1101   60
3421   60
1968   100
3551   80
420   20
1584   100
648   60
1275   80
2291   80
3255   80
1722   60
3039   80
1265   100
2944   80
3072   60
3000   80
3271   80
474   60
1283   80
3972   60
2527   60
1094   80
1278   80
1909   80
3505   100
3036   100
1184   80
1792   60
1376   80
3444   40
953   100
750   100
2985   60
3068   80
531   80
2011   60
2346   60
913   80
1226   80
858   80
1266   100
2802   80
593   100
2371   60
2248   60
2948   100
1429   100
2916   60
1208   80
1391   60
3793   100
10   80
2001   80
1092   60
678   80
920   80
2194   80
1221   80
1374   100
1047   60
2403   60
1095   100
2150   100
300   80
1220   80
2245   60
2952   60
3635   80
1203   80
1291   80
1183   80
3682   60
1127   100
2064   80
2947   60
1270   80
2414   80
1089   100
2401   60
537   60
1954   80
2288   80
1395   60
1295   80
2991   60
595   80
1147   100
1953   80
674   40
3470   80
3430   60
3740   80
1639   80
1179   80
50   80
2349   80
1485   80
1302   100
3704   60
1961   80
852   80
3684   60
1378   60
2406   80
1249   80
1201   100
2918   80
1036   80
457   60
832   60
1617   80
2311   80
2410   60
3445   60
1234   100
1246   80
1625   60
1537   80
1276   80
2528   60
2989   80
1304   80
2022   60
3526   80
293   100
1674   80
3221   60
2108   80
2571   80
908   100
1231   80
11   80
1271   80
588   80
1206   80
2024   60
999   80
2762   100
2529   80
1212   80
456   100
242   80
2533   60
508   80
3703   60
3681   80
265   60
2797   80
2115   60
780   40
480   80
2819   80
3260   80
2010   80
2457   80
3098   100
679   80
509   60
647   80
3418   100
523   60
1305   80
3519   60
1   80
3479   80
2871   80
2858   80
3527   80
3362   80
1031   60
3834   60
2752   40
580   80
3360   80
2402   40
3176   80
2997   100
529   80
2146   60
3363   80
1370   80
1262   100
2116   60
2990   80
2420   80
306   100
2942   60
714   80
1132   80
2355   80
2   80
2278   80
1396   60
1312   40
1131   80
574   60
1280   80
1172   80
3699   80
62   60
1210   60
3552   80
203|28
3255   70
4993   100
832   80
110   100
370   40
1584   100
4896   70
7153   100
2001   70
54736   100
349   80
7458   90
4886   80
2987   70
88744   80
2100   60
2947   60
2571   50
70286   80
2105   60
59315   60
3671   50
420   60
3101   60
54286   100
8368   70
96610   90
3578   100
204|52
68157   100
1206   80
3751   80
2710   100
5949   100
1208   90
70286   80
593   90
91104   20
62956   80
47   100
33615   80
88129   80
85354   40
7361   90
6874   90
4973   80
3266   100
76251   90
5995   80
8815   70
71264   80
7147   100
4306   80
6807   80
296   90
80463   90
1222   100
30749   80
90746   70
4993   80
51255   90
68954   80
39292   90
54272   70
79224   10
2858   80
32587   80
59604   80
4886   70
2329   100
2571   90
83601   10
44191   100
293   90
58332   70
858   80
48780   100
1653   100
8974   80
4226   90
64969   70
205|16
7153   80
81845   90
3033   80
81834   80
260   90
77561   80
68157   80
8368   80
356   80
88125   80
71462   100
179817   90
104913   60
69844   80
4896   90
40815   70
206|16
1356   80
25   100
648   60
783   80
786   80
661   100
7   80
736   60
719   60
800   100
14   80
838   100
1073   60
17   100
58   100
1   100
207|12
1556   20
3264   10
1283   70
637   20
2384   10
1347   80
2021   80
2949   90
2858   100
2329   70
2193   60
743   30
208|16
2617   60
2881   60
733   60
2058   80
589   80
2840   40
110   80
457   60
1277   80
2605   40
198   40
2571   100
2028   100
2581   80
2699   40
2023   80
209|22
96079   80
1704   90
356   90
1721   60
2571   100
51255   90
1198   100
2959   90
2028   80
79132   100
64614   90
4011   100
4993   100
57669   90
593   90
81562   90
5952   100
7153   100
318   100
92259   80
71535   40
140956   70
210|94
4370   80
1196   100
135143   90
189547   20
116797   100
166528   90
180031   80
130444   80
62834   80
48780   80
119167   70
68358   90
56915   80
177765   100
108190   90
7811   80
112852   100
60069   100
112175   100
40697   80
122916   90
87232   90
102125   90
4995   90
122886   100
56174   50
50872   80
159779   80
153   70
6541   80
6539   90
4306   80
147384   90
51562   80
103335   80
147378   90
65651   40
7454   90
2628   100
150596   90
5944   80
111759   90
179511   80
140359   90
77561   90
184053   40
296   10
147382   90
147374   90
117646   90
100611   90
122906   90
89745   90
435   30
122924   80
146662   100
7810   80
71057   70
71745   40
72998   100
81564   90
6934   90
135887   80
79139   90
59315   90
2716   90
79091   80
95167   60
106642   90
98124   80
77795   70
96610   70
147380   90
33615   90
101112   70
7153   80
88125   90
122904   70
5952   80
78499   80
1210   100
5816   90
69844   90
98243   90
4993   80
7812   80
2011   90
117192   90
8907   30
589   80
56171   70
62999   80
70286   80
111362   90
211|56
1801   80
82461   40
74458   40
8665   80
68358   80
1125   80
77561   70
48738   80
2028   80
2949   70
3638   90
32587   80
48774   70
78499   80
91542   80
1221   70
2959   100
1196   90
71535   80
48780   80
296   90
2571   100
3869   60
3264   60
91529   100
1835   70
91500   80
6934   20
4262   90
2858   80
1036   90
2947   70
1222   80
3481   80
3578   100
50   80
55765   80
36529   70
1223   70
1704   100
5266   40
4226   90
49272   90
79702   90
1025   80
70286   50
54286   80
49530   80
2948   70
33794   80
2542   90
95510   90
2087   70
1210   80
87232   80
89864   70
212|182
32587   80
76251   70
162578   80
2791   80
112183   60
3967   70
97938   80
183897   100
71535   80
135861   40
33004   80
1080   90
4979   80
54286   60
480   60
86644   60
85414   50
72226   90
166461   80
93510   80
166528   80
8961   60
1258   80
52973   60
1387   60
92439   80
180985   90
80693   80
67255   80
54272   80
68237   70
8807   60
168252   90
168254   60
83134   70
4306   80
104879   90
8965   60
7153   70
58299   80
778   60
8376   80
146656   70
5618   80
94959   90
73017   70
122904   70
6874   70
87192   80
83132   80
59315   60
90405   50
99114   90
318   90
54995   80
54503   70
30812   60
143355   80
128360   70
1347   30
541   60
1136   80
91529   70
296   70
80463   80
176101   60
150548   60
8957   50
88125   70
115149   80
89745   80
31658   80
364   60
159415   50
4896   70
69122   60
1200   70
122886   70
4016   90
3869   80
1210   70
79091   80
293   60
750   60
104211   70
112138   70
2716   60
106002   80
134130   80
87234   80
64614   80
102993   80
96588   70
122918   80
53519   90
113573   60
127202   60
8641   70
2028   50
188751   90
161922   70
4011   80
68954   60
51662   70
51255   90
152970   90
112852   80
45447   70
93838   80
5952   60
33794   80
1954   70
182823   80
115617   80
26662   80
109374   80
103341   70
57669   70
55247   70
98243   80
1265   50
46578   80
6350   80
1206   80
51935   80
174909   90
1207   70
152077   60
122916   90
48385   50
2959   90
6373   80
356   70
1198   80
103372   50
107314   70
175197   70
59369   60
1240   80
72641   80
51540   80
102123   50
5810   60
76093   50
157296   70
924   80
2048   70
168366   80
109487   80
72998   60
1704   50
6539   70
50872   60
79702   90
177593   100
2918   50
168250   50
116797   60
122922   80
3253   80
608   60
114180   40
5690   80
6863   70
27773   90
1220   80
106144   70
1291   80
44191   80
780   40
86190   70
4027   70
57504   60
3949   70
58559   70
53125   60
97304   80
2078   80
593   70
103384   50
30707   80
103253   50
213|53
1203   80
2115   70
1240   80
4306   90
1682   80
86142   90
5952   80
3114   70
6539   80
3424   80
8360   100
89582   90
589   100
393   50
48877   50
79293   70
5507   80
1367   70
2162   70
43679   70
908   80
1198   80
59615   70
70286   80
72641   80
3005   80
1036   80
1370   80
4368   60
2410   90
64969   90
3409   80
1214   90
912   70
1920   80
2232   70
3998   70
6537   70
57274   60
8861   80
2797   80
5418   90
53996   70
69757   90
1954   90
1291   80
1721   80
53972   80
51662   70
58103   70
48304   70
7153   90
5479   80
214|13
1   60
788   40
736   40
1356   60
1059   80
719   60
25   40
661   60
780   60
62   60
648   60
66   60
17   60
215|62
7153   80
3448   90
260   90
55814   100
5952   80
55094   60
5782   100
8784   90
1257   80
1233   80
1617   80
6378   60
4616   80
593   60
2145   80
1246   90
912   90
7624   50
180   60
2858   80
1704   90
1198   80
608   70
527   90
55451   70
30749   80
1500   60
2248   90
68358   80
1206   80
1259   90
6539   80
58047   80
778   60
2918   90
2686   100
1200   50
2762   90
55820   80
4623   60
1513   40
1268   100
63876   70
1091   30
2915   70
1225   100
6155   100
1347   10
50   100
4226   80
2324   100
1777   90
2005   90
1131   70
2692   90
2144   90
296   70
6942   80
4489   50
4878   80
223   70
1479   60
216|115
3104   60
2349   40
930   100
3963   80
125   100
2791   100
927   80
1238   100
3300   80
1179   80
1171   80
1244   80
2997   60
2321   40
2361   60
2150   60
3061   80
2186   80
588   80
3755   80
4023   60
2716   60
2987   60
1220   60
1617   100
3685   100
4005   40
1172   80
707   40
2081   80
1230   100
1948   80
3863   40
3298   80
1288   100
551   60
2863   100
3173   60
595   100
1265   80
1267   100
1641   100
910   80
921   80
4036   60
3435   100
3521   40
3624   80
3925   60
3160   60
2239   100
671   40
1278   80
3504   100
1080   60
945   60
3200   80
2788   60
1028   80
3868   40
4008   60
364   60
1292   60
471   60
2924   100
2109   40
3481   100
3981   40
1198   100
4025   40
1968   40
933   100
497   80
2248   60
648   40
3893   80
3507   100
1304   100
3793   80
2243   80
3210   80
913   80
4020   60
1273   60
1197   60
1077   60
1307   60
2289   80
1269   80
48   40
514   60
1   60
3067   60
1966   40
905   80
3977   80
928   100
2858   100
922   100
4007   40
2926   60
898   100
2144   60
1252   80
3543   100
3072   80
2750   60
2936   60
2915   100
1282   80
3972   100
3578   80
4002   60
441   60
2141   40
217|474
1021   20
1201   20
1911   60
60   40
858   40
3082   60
2816   60
2798   20
1396   100
292   60
2779   60
780   60
432   60
2641   80
2735   80
464   60
1882   40
2367   60
765   40
1129   60
1667   40
1544   60
2013   60
507   60
2860   40
2366   60
2195   60
410   60
2530   20
1641   100
801   60
2273   60
1196   100
2265   60
2987   60
393   20
3479   40
3120   60
387   20
3005   60
371   80
1101   80
3363   60
1018   40
485   60
2371   40
1920   60
3132   40
564   20
2322   40
248   60
616   60
3552   40
2985   80
575   40
2993   60
205   60
2137   80
2105   60
223   80
275   40
2080   60
1356   80
1665   40
1968   80
414   60
1480   60
3300   60
2475   40
2268   60
829   60
1061   60
1037   60
2926   40
1031   40
2294   40
2151   60
736   60
2350   60
1380   60
954   80
587   60
494   80
2375   60
1077   40
2424   60
1875   60
786   80
173   40
2354   60
3421   40
1374   60
1405   40
1029   60
1200   60
3417   60
2408   60
65   20
1858   40
1762   20
1370   80
2405   60
1409   40
5060   60
1269   80
986   80
733   60
1779   60
2477   60
1020   60
10   80
1367   60
2871   60
1690   20
2331   40
1953   60
468   40
1711   80
1081   100
870   20
1216   60
2000   80
1677   40
2613   40
3466   60
3257   60
748   60
1937   60
1073   60
761   60
3268   20
1377   60
2123   40
1591   40
2527   60
1014   60
3543   60
2414   80
260   100
2762   80
813   40
3431   40
3406   40
1429   40
2528   60
661   60
2161   40
2418   40
589   60
1747   60
2518   60
1645   60
1171   60
1610   100
296   40
122   40
2524   80
3029   60
2808   60
1022   60
1855   60
3362   80
459   40
1551   60
558   60
2662   40
3175   80
2427   60
38   40
1089   60
471   40
2139   60
2391   80
317   40
2640   80
1676   40
2628   80
2252   60
2947   60
2334   60
1391   60
2741   40
1587   20
1078   40
692   20
809   40
1731   40
419   40
2278   40
1689   40
1390   40
2   40
3396   60
379   60
89   80
329   80
2253   60
360   60
910   80
3389   40
1242   80
1606   40
3258   60
1222   60
1320   40
3404   100
2072   80
19   20
1291   100
969   80
1499   40
435   60
1479   40
158   40
2411   40
2065   40
1541   60
2174   80
315   40
3200   100
1848   60
1019   60
2804   60
1036   80
2571   60
1080   40
2407   80
3033   40
1589   60
479   60
504   60
2005   60
919   60
2410   20
87   60
2990   60
2126   60
1754   60
2617   60
1581   60
1663   60
3341   80
2537   40
3527   60
2949   60
837   40
2525   60
3101   20
784   60
1722   60
2344   60
3524   60
1135   60
434   60
2136   40
2378   60
45   40
3549   60
3361   40
2014   60
2529   40
1592   60
2951   40
2899   60
1438   60
2094   60
1032   60
2373   20
2458   40
3387   40
2082   40
1598   60
1792   60
2567   40
2863   40
1586   80
2752   60
3548   80
1518   60
1945   60
1894   60
367   60
1100   40
374   60
1833   60
1602   40
1179   60
3168   60
2716   80
673   60
1445   20
1967   40
457   80
2124   60
544   60
216   20
3497   40
2376   60
3392   60
2396   40
3070   60
901   20
316   60
3430   40
2028   80
849   40
174   40
1963   20
2412   20
1353   40
9   60
1488   60
1954   40
165   60
1806   20
1840   40
551   60
2948   60
2406   60
2108   60
1375   80
3061   40
3432   20
516   40
592   40
3255   60
1265   60
2040   60
3388   40
3104   60
1388   60
2916   60
2143   40
480   80
3307   40
2109   60
1387   80
1614   60
3557   80
3243   20
1597   60
1   80
110   40
1599   60
170   60
932   60
2478   40
2002   40
1686   60
892   60
2473   40
1004   60
2699   100
720   80
513   60
1608   80
648   100
2374   60
3248   60
267   20
2950   40
438   60
437   40
608   100
234   40
356   40
218   60
656   40
208   60
2011   60
2496   40
444   40
788   40
47   40
2403   60
3039   80
1552   60
520   40
1240   40
141   60
1687   60
429   20
34   80
3247   60
2956   60
50   60
2306   40
44   40
3461   40
2622   60
2917   60
3347   80
1965   40
2643   60
1198   100
2087   80
2874   60
1285   20
1626   40
2474   40
198   40
303   40
3401   40
1210   100
2193   60
3108   40
164   60
2100   40
1287   60
472   60
1136   40
1371   80
2733   40
3448   60
594   60
990   60
909   80
3489   40
1214   60
1230   40
2822   40
351   40
3263   40
2245   40
3433   20
3494   60
533   40
6425   40
921   40
2642   60
474   80
2763   60
433   60
517   80
2003   40
1883   60
785   40
590   80
518   60
1917   60
1017   80
2167   40
442   60
2717   60
2152   40
2054   60
1297   80
830   60
2231   80
2393   60
473   40
2019   40
1372   60
1373   80
688   40
1617   60
3422   40
172   60
2457   60
2431   40
2088   60
20   40
1646   40
1304   60
2989   60
2786   40
1556   60
3450   20
2851   60
2802   40
2722   60
3418   40
1359   20
1079   60
218|16
172   40
8636   80
1673   100
903   80
471   80
1252   90
5952   80
3608   20
1372   40
2302   50
1307   80
1090   60
1517   80
345   80
750   100
1625   40
219|406
1805   80
8984   60
5025   20
45666   20
4643   50
5159   30
53996   80
1073   50
2791   90
39292   70
4623   80
2082   80
2924   80
1752   60
57669   90
3979   30
5219   60
2502   80
8983   70
5574   60
5989   70
45722   60
6863   50
908   80
457   90
4901   80
27904   60
8665   90
8371   10
4701   50
27611   80
1393   60
51255   100
4448   80
38061   100
913   90
589   90
27660   80
292   60
1438   60
6281   50
37830   80
3868   70
53519   80
5816   50
46850   80
10   90
6754   50
293   80
3253   80
112   70
296   80
2723   80
4022   70
317   60
5064   70
48394   60
1221   80
6283   70
6383   30
546   10
34150   40
1882   40
6378   80
36708   70
2428   20
2700   100
2762   40
6711   90
4052   70
2054   60
185   40
933   60
53322   80
56788   90
3440   50
8880   50
3054   10
2   50
2490   50
3617   50
30810   60
31878   80
741   80
4896   50
1391   50
455   50
1831   10
1573   60
4270   50
1307   50
208   40
8972   70
37380   20
2278   70
5872   50
4226   100
1265   70
2296   20
34319   70
4238   60
2918   60
5418   90
6893   50
5679   50
4011   90
380   60
1274   50
44761   90
904   100
4887   10
4749   40
54001   50
61246   40
5010   60
6373   60
4247   20
62394   50
45186   80
8961   80
3745   60
8360   80
48385   60
1262   70
45499   60
37733   50
1792   60
223   80
4343   70
51662   80
46530   50
8957   60
65   20
58295   80
63082   100
52281   90
3033   90
7143   80
1136   70
1968   60
2717   80
588   90
7373   60
788   20
5459   50
1250   90
6482   10
55020   90
34162   60
8810   20
5952   70
60069   90
48774   70
5291   70
1608   70
40819   40
786   60
34338   90
31221   10
441   40
2403   60
54999   30
4878   70
3421   50
1517   80
4848   80
2058   70
66297   80
231   30
3671   70
6879   60
2268   80
616   60
648   90
31696   60
2353   60
3452   40
3328   70
3248   40
832   40
53972   80
5349   70
6287   50
44   30
2395   50
3793   60
56775   50
2701   40
1210   80
4446   80
44665   70
8784   70
104   70
1562   50
7153   70
1876   40
6979   40
5621   20
54768   10
2231   80
1291   90
54259   90
1702   30
41716   80
46335   40
6157   30
32   70
3175   40
3481   60
4369   50
2302   60
2722   50
3006   70
50794   40
6595   50
34405   80
2064   50
1721   10
5378   40
6874   90
6   70
370   70
8228   80
44195   100
5266   70
7090   90
2194   40
5047   60
1197   70
1917   60
56174   60
45728   80
2580   90
30793   60
37386   30
4388   10
3916   60
3785   40
2232   80
1676   60
377   70
6934   50
33646   60
3578   90
3256   60
4649   80
5445   70
480   80
2605   40
1246   70
1762   40
1769   40
1405   40
7802   90
3039   60
1722   70
8644   70
6294   30
253   60
1097   50
54995   90
47   70
3535   90
1556   20
355   20
4025   10
1566   50
58559   100
2947   70
3438   90
48780   90
49272   90
46965   80
8807   80
2329   70
608   60
1923   50
64620   80
46970   30
592   70
3114   50
54503   90
5400   40
34332   10
4890   20
1020   60
33679   70
5903   70
858   90
41569   70
2916   70
2176   70
56171   40
318   100
55290   80
344   80
1240   80
1954   90
2186   90
7458   60
7319   30
54997   100
47997   70
3755   50
1682   70
1   70
1639   60
4993   70
1377   70
2078   70
303   70
673   70
1485   30
1356   50
8641   90
8368   50
62336   80
3052   100
6957   70
52722   50
1918   60
46723   60
55276   90
1617   90
1920   40
928   60
2167   50
3275   90
367   60
3593   10
45447   50
2905   90
6156   60
5507   40
43936   50
6365   60
4734   50
60684   90
500   40
6541   30
4306   90
1220   90
54272   70
44191   90
2959   90
33004   70
514   80
150   80
3300   80
2808   20
2706   40
413   70
173   50
2683   80
3030   100
58998   80
2881   50
8865   40
3911   80
434   60
2413   80
494   50
3000   100
41566   50
153   50
2081   60
5463   30
40815   50
3996   80
4776   70
46322   60
8917   80
5481   60
541   70
1747   70
7438   80
59369   70
1079   50
19   50
32587   80
2301   90
3210   70
4638   40
33166   70
2949   60
2571   100
5388   50
3826   70
3752   50
2085   80
21   70
3552   70
3082   70
7163   50
316   50
2355   70
2572   40
2028   90
8528   80
595   50
4344   50
586   60
8874   90
930   80
4327   60
48516   90
220|149
47   60
4306   100
69526   60
3034   100
2028   100
2502   100
6333   100
63992   60
60069   100
2985   80
2359   70
4499   80
8644   80
364   90
1213   100
5418   80
1196   100
39183   50
56367   50
1089   70
48774   100
208   10
648   60
3671   90
541   40
4954   90
344   40
3421   90
2692   90
2716   100
5464   90
1387   100
2355   80
5952   90
1   100
296   100
7439   60
2012   90
62344   80
3948   90
2115   80
33493   80
3147   80
1704   90
1210   90
10   80
8368   90
316   40
59258   90
2427   10
30793   60
60937   50
1580   100
912   100
62434   70
7569   70
68791   70
318   100
590   100
5989   80
34   90
223   100
8464   80
62999   60
589   100
4886   80
349   80
858   100
5816   90
1584   100
5378   80
63540   40
588   100
3793   100
4027   100
58299   60
62374   80
1206   100
49272   80
3114   100
3159   80
55363   100
303   80
2762   100
5349   90
8360   100
1197   90
1429   70
1430   70
61160   60
50872   90
2078   60
2683   70
736   80
3753   90
58559   100
54272   80
6   70
60072   40
45517   100
50   100
4022   80
48385   80
1393   90
1240   90
4011   80
6537   70
64231   70
2997   100
2640   80
4896   100
4219   60
954   90
1049   30
68358   100
55820   90
66934   60
62437   50
2947   80
1589   70
62155   70
64983   70
2628   70
608   100
2450   10
150   100
58025   80
2795   80
1722   70
1291   100
231   70
60684   50
2174   70
4979   40
51662   90
1193   100
5872   20
60040   60
743   60
480   100
8665   80
59315   90
45499   80
7147   100
2571   100
6934   80
3510   80
1517   70
53996   70
221|248
7072   80
104   50
31702   80
898   70
27899   50
27846   100
410   40
1198   70
27776   90
1293   80
1997   80
6461   100
101   90
3897   90
1101   50
4718   50
4037   90
32584   60
953   100
3039   80
3529   90
928   90
1222   90
6539   70
141   90
30818   40
6724   80
1276   90
1206   90
1923   80
3481   80
5247   50
2918   80
7076   80
31410   80
6987   100
2683   10
3090   100
3814   90
5382   60
1089   90
553   60
2132   100
1254   90
4262   80
4321   60
1265   80
4641   80
8364   70
2762   70
8873   90
1193   100
8949   100
1136   80
3095   90
1197   90
8014   80
994   70
2571   40
162   90
926   100
2176   80
3998   60
2300   90
1663   70
8228   90
356   70
3328   90
1927   100
6306   100
2987   70
1260   90
4361   80
1288   90
1245   100
2908   90
431   90
1200   100
34048   50
1266   90
910   80
1207   100
215   90
1213   90
930   80
5945   90
1953   60
912   100
3983   100
8044   90
8914   80
7090   70
3507   80
509   70
4467   90
1086   90
608   100
3424   90
32   100
1945   90
1189   90
1079   100
4034   90
4605   90
5902   80
31437   90
1090   90
527   60
8464   90
1186   90
7216   90
858   90
2692   80
1259   100
32770   90
1394   100
593   80
1077   80
1220   90
3683   80
1203   90
4002   80
3911   100
750   90
32632   70
6796   100
2469   90
1041   100
6016   100
1092   70
1283   90
4878   70
4973   100
492   90
3681   90
27721   100
1466   80
520   50
1834   90
1267   80
7728   80
1711   100
1269   90
3476   100
1387   80
25841   90
1103   80
7698   80
1673   90
8638   90
7311   70
27815   70
1172   80
27773   90
8128   90
4027   80
3448   80
2023   80
1449   100
27882   90
296   100
1250   70
1299   100
908   100
2973   100
7215   90
6870   80
30810   80
3735   90
3253   70
446   90
4914   80
5669   100
2915   70
551   90
3996   90
3089   90
318   80
951   80
904   90
778   90
2009   80
5225   80
4447   60
1610   60
1674   80
2186   80
6659   70
5008   80
58   90
27768   90
1088   60
1258   100
1391   80
348   90
1201   80
905   90
3152   100
3068   90
1944   90
6852   80
1358   70
27912   90
26375   80
1356   70
3037   90
6552   80
1304   70
3702   70
1375   80
7162   70
2301   90
6711   100
1914   80
800   90
456   90
8784   80
27820   80
6807   70
541   100
7361   80
1307   70
6662   80
2289   100
2375   50
1125   80
2502   80
6663   80
27834   90
3362   100
2710   70
4642   90
2686   80
6639   80
913   90
3504   90
5248   40
923   90
5291   90
3730   80
2959   100
30846   70
2336   80
4681   80
25773   80
950   90
2804   70
154   80
222|184
1961   80
1556   30
858   90
364   50
6377   60
3623   30
98961   50
2762   50
4019   80
5710   50
49651   40
3617   70
1997   50
6863   80
68554   60
106487   70
65130   60
6888   60
1227   60
1682   80
2205   70
53322   70
3409   50
81845   70
4995   90
99145   70
420   60
110   80
55261   20
69122   90
90405   80
68157   90
7325   80
91628   30
1129   80
64614   80
527   60
44665   70
1036   60
6793   30
49396   60
91483   30
5956   80
5952   70
5523   50
1466   50
80463   80
86911   70
79695   40
1097   60
1206   80
95449   30
33660   70
296   80
7173   70
1222   80
1278   80
26732   80
19   70
44191   80
50   60
88405   50
4963   80
1393   70
2710   20
4084   60
1831   40
3752   80
2403   70
97168   50
508   70
8363   60
66744   80
4022   50
94777   60
82852   50
3173   80
165   60
193   40
8984   50
99114   80
102686   70
1610   70
367   60
5225   60
8528   80
1089   80
1273   70
106100   70
95307   40
1213   80
103984   40
5507   50
61132   50
370   60
3578   90
70565   90
95720   50
99112   60
762   30
1917   50
1391   50
6539   70
2   50
97860   40
74458   70
97921   50
431   70
64969   80
4993   80
1198   80
1485   40
82459   70
1092   30
1225   60
1247   70
95949   70
5989   90
122   50
97752   60
79132   70
4388   50
81932   90
4343   70
7438   80
106916   60
58559   70
4262   60
2028   60
4974   50
58156   70
3421   80
45447   60
2125   50
41285   70
6290   40
106782   100
2571   80
1408   70
2194   60
1732   70
34162   80
91542   70
98083   60
104303   30
103137   30
2329   70
8958   80
47   80
3948   80
5459   60
63082   60
4239   90
1954   60
4718   70
6711   60
616   40
6942   60
89774   50
78469   50
71464   50
4979   30
60950   50
2959   70
1208   70
62250   60
6947   50
98124   80
1201   70
485   50
293   60
55247   70
36517   50
1537   60
1680   60
1059   40
466   70
173   60
3301   60
91500   80
4844   50
2379   50
4816   90
6373   80
223|48
110   70
51662   60
3793   80
2144   80
6377   70
1342   20
367   30
5445   80
2316   90
780   70
6365   60
6331   80
1285   60
1240   60
1566   70
7438   60
2762   90
5349   80
2840   60
2076   20
590   60
4886   80
1198   70
2628   60
32587   80
4995   50
2747   40
595   70
5782   80
7361   60
1721   40
1597   70
33794   80
480   70
593   50
47   60
1704   70
1345   20
8961   90
55820   60
4973   100
318   90
8360   80
344   20
8368   70
2571   70
8636   60
1265   70
224|34
527   100
969   20
39   100
2028   100
1394   100
2108   100
953   80
1554   20
377   80
2150   100
2174   100
2804   100
1265   100
2144   100
3358   100
260   40
3436   80
3072   100
2167   20
3361   80
2791   100
2100   100
3301   100
2918   100
593   80
1393   100
3552   100
3948   100
1210   40
440   80
2080   80
1285   20
1968   100
3426   40
225|48
1923   80
1219   60
1339   80
2001   80
1747   40
2454   80
3264   60
1974   100
2361   20
1895   100
2648   40
2248   80
1997   60
2396   100
2000   80
1975   80
2628   60
3253   80
1079   80
2716   80
3039   60
1259   100
2858   60
2633   80
3146   60
2797   100
1387   100
2455   80
2496   60
424   20
2915   80
3042   60
2302   80
231   100
1333   60
2327   100
1641   80
3052   80
1196   80
380   60
104   100
2003   60
2406   60
1130   60
1982   40
1214   80
1970   80
69   100
226|389
5956   80
5679   70
2459   20
4367   50
40732   70
466   70
2916   80
2054   80
5377   80
4161   60
4340   40
333   80
7347   60
170   100
40583   60
2161   90
1262   90
10   80
500   70
5445   60
6378   80
1007   70
5378   70
56805   70
63   70
1380   50
3408   70
1194   70
2997   80
3471   60
4306   80
56171   70
3825   50
6695   20
1923   50
112   80
8368   80
4321   60
2858   80
8874   80
1197   90
37720   80
1088   20
2987   60
55269   60
5107   50
6763   40
8917   40
4734   90
45722   50
8636   80
1562   30
4262   90
1884   70
2716   80
4215   50
3034   80
53125   40
3440   50
1230   80
2279   40
888   10
1020   50
3477   70
46965   60
586   80
2335   40
1035   60
1021   60
32   80
55765   100
7448   50
1409   50
788   70
3254   80
4344   60
277   60
2378   70
4963   90
765   70
2432   40
3535   90
6796   80
1721   30
2605   60
1210   100
2985   70
1405   60
1407   80
316   50
51255   90
569   60
7458   50
208   50
150   90
410   70
3489   60
1517   80
1644   40
1485   60
5791   80
5952   80
2082   80
2953   60
3897   90
216   100
1302   60
1222   100
1887   50
2706   60
1246   80
8880   70
30825   70
1278   80
2915   80
2984   90
589   80
532   60
7103   70
1097   80
8528   80
48516   90
2278   60
1968   80
3033   100
4489   80
368   80
8376   90
37729   80
3793   70
4085   80
4571   100
3703   80
65   60
344   90
6625   80
2795   80
595   50
3916   80
3386   80
4153   50
3360   90
2423   90
104   100
51088   80
1270   80
44195   90
1954   70
802   50
1193   80
3751   60
6708   80
1276   90
4776   60
260   90
2193   80
1029   70
6934   50
8810   30
54272   80
54001   80
7325   80
34048   40
34162   70
46335   50
5456   40
5103   80
3843   50
1207   80
35836   80
45447   80
6942   80
8984   50
2003   70
6539   90
2012   50
6287   50
1258   80
2150   80
4782   40
8464   70
3421   90
441   90
1   70
158   40
829   60
8266   70
648   70
40815   80
3271   80
2355   60
30793   80
5541   70
4103   90
6711   90
5110   100
3688   70
8641   80
3039   80
1032   60
4018   30
7143   80
33166   80
2078   70
47044   40
2115   80
1982   60
54997   80
1391   50
2125   70
4975   80
2268   90
1025   80
56757   80
1028   60
22   40
3994   70
6659   70
1206   80
2   60
4027   80
1259   80
413   60
3438   80
7160   20
362   70
1291   90
3081   50
5218   80
33794   90
1639   60
1257   90
4220   80
6874   70
223   100
6298   60
1005   60
8360   80
3275   90
3911   80
5418   80
1655   80
3160   80
1573   50
671   100
3578   80
4477   50
8807   80
5481   80
6025   80
46970   50
53000   30
2571   80
1672   80
4247   60
364   70
56367   70
2134   80
30810   90
4326   80
4980   80
1947   80
5673   80
2918   90
37384   50
6541   60
88   60
2671   80
6880   10
1597   80
6482   40
1367   60
5903   90
2085   60
2406   80
5500   80
7153   90
7173   50
1732   100
5991   70
5816   50
19   70
231   100
1387   70
1544   30
3593   10
4993   80
419   50
2959   80
5585   60
2596   80
282   70
2712   40
3210   80
3826   40
529   80
8949   80
37830   80
7451   60
59615   50
37731   80
1961   80
56174   80
5502   50
1236   80
6863   70
60   50
1527   90
2053   40
2700   70
4022   50
588   80
55820   100
432   60
2683   80
4233   10
6365   60
6188   100
3671   100
4502   70
5501   30
1356   80
2515   40
141   60
186   50
508   80
5139   70
4015   20
1196   100
2116   50
3450   80
4369   50
39   60
105   50
55290   80
1394   80
8783   60
337   70
6523   60
1036   60
3100   60
585   60
5989   90
4896   70
3809   90
840   60
5582   50
160   60
2174   80
1805   60
47   100
543   80
2329   90
784   80
5464   80
2005   100
783   40
5323   10
255   40
5584   70
367   60
153   80
2059   60
3481   80
919   60
1204   40
733   80
41566   80
6006   60
2100   60
4229   20
33493   80
596   60
45728   80
5650   100
4874   60
7360   80
661   80
4878   70
180   100
4676   40
7154   60
267   50
3255   60
48   60
608   90
1911   50
3439   70
7147   90
227|60
38304   80
115713   80
84152   100
58303   80
457   80
64614   70
59315   90
49272   70
7323   90
79132   70
134853   90
17   70
47   100
40819   90
54286   90
58559   90
6874   80
89745   70
318   80
185   60
919   80
8638   80
2396   80
2571   90
122882   80
6377   90
36529   90
8914   90
47610   70
111759   80
56367   90
27846   80
7153   70
91529   80
97304   90
109374   100
1961   90
63082   90
105844   80
59369   90
46578   90
296   90
32   90
56782   90
80906   80
67255   80
356   100
110   70
104913   80
87232   90
54259   50
85342   100
260   70
102445   80
7147   100
106782   100
8873   90
30749   100
91658   80
99813   80
228|16
50   90
541   80
3005   80
2013   80
2986   70
1091   70
1196   80
1214   90
3555   80
836   70
858   80
1385   60
610   60
65   40
3510   60
60069   80
229|41
305   60
36   80
648   80
435   60
348   60
586   60
474   60
253   60
185   80
344   60
356   80
265   80
237   80
141   80
300   60
508   80
500   80
593   80
353   60
367   60
590   60
296   100
349   80
539   80
736   80
592   60
318   100
357   80
410   60
288   80
150   100
345   80
290   80
225   80
440   80
19   60
489   60
480   60
1   100
10   80
454   80
230|95
2174   60
661   40
1101   50
1961   60
3793   60
1573   70
45447   70
153   70
41566   90
8636   80
1580   70
2115   60
3527   70
231   40
39   60
150   40
2617   70
1527   100
277   20
45722   100
1682   50
318   60
1307   30
788   40
587   50
648   40
339   40
736   80
1214   70
4370   80
780   60
1704   60
5952   70
34   40
2081   40
2502   50
2054   40
4995   50
5349   80
2605   70
6365   80
34162   90
2080   40
2762   50
55241   90
2683   10
592   60
33794   90
2   50
2710   60
380   60
1438   80
6874   40
33679   90
589   10
1073   60
912   30
7153   60
3114   60
53996   100
377   60
35836   80
54272   90
33166   30
367   60
1721   60
3948   90
2959   60
616   20
586   70
253   80
8961   60
30793   40
2916   60
1883   10
2915   20
539   50
597   80
786   40
51662   70
2716   40
3578   60
1968   50
1407   60
3623   60
50872   70
364   60
1200   60
1022   40
5502   80
2987   50
34048   90
1393   20
1347   20
593   60
231|15
589   100
296   80
527   40
1200   100
1036   100
5952   60
54286   80
1704   40
1214   80
260   80
1270   80
63082   100
1291   80
58559   100
2858   80
232|673
50923   40
71252   40
58876   60
736   60
37741   70
6753   60
79702   80
40851   50
6186   60
6959   60
2959   90
4969   60
3745   50
5254   60
5956   90
7448   60
79428   60
5064   80
2005   50
5108   80
47610   70
61705   70
62374   80
5572   50
51933   50
1270   60
72998   80
318   100
67734   80
2699   60
67087   80
4370   70
5621   60
67788   50
4367   70
49530   80
594   50
54004   60
52245   60
1907   70
40815   50
6862   70
2762   100
1022   50
64614   90
69436   60
5882   50
5445   90
8916   50
8531   50
70565   70
3409   60
8836   70
41566   70
1073   80
6281   70
73515   70
49961   80
68157   90
7142   50
3189   90
8865   30
33495   60
1923   60
76251   90
71530   80
57669   70
37729   60
8946   50
51255   70
68135   80
37477   50
1210   100
31431   30
2291   60
33158   50
2167   70
42007   60
4700   50
10   60
65088   60
4232   50
6503   50
68952   70
69784   50
73017   70
58839   60
4993   70
8799   60
4069   60
62511   70
4958   70
296   100
67197   60
30894   40
34334   60
31427   60
44397   50
79224   70
27706   40
63436   60
2720   40
5152   100
8362   60
8985   60
50445   50
32017   50
1197   80
55577   60
56174   60
7155   10
30793   70
5507   60
6365   80
53322   70
7263   90
7324   70
6013   50
81156   60
79592   60
661   60
364   70
46335   40
58559   100
7371   70
1036   90
1499   40
8968   60
1961   80
58025   60
6879   80
8984   60
3624   60
42728   50
33493   80
32298   60
3994   70
27904   50
8528   80
6615   50
4226   100
45730   50
1688   40
49793   70
48593   50
70301   70
61323   80
53125   70
58293   40
480   60
527   90
5110   60
5379   80
4039   60
858   80
8912   40
36533   30
1302   70
6156   60
43679   60
595   60
1   70
5349   90
1196   90
48516   90
2   80
48877   70
66203   80
4270   50
59022   70
63479   80
3916   90
8666   40
783   40
55232   70
2096   50
4369   50
53519   70
58105   40
6711   70
2881   50
53121   50
71057   70
34336   60
3275   90
51698   50
37386   60
4002   70
8835   60
46578   80
59258   50
69844   70
165   70
2717   50
6534   50
4718   70
8982   60
1097   80
1721   90
34532   60
59985   80
6059   70
7090   80
5941   80
529   80
1265   80
44709   60
6294   60
34129   60
8860   60
63992   40
7262   40
2571   90
81591   100
40826   80
377   70
61250   50
60072   70
65216   80
52604   70
780   70
51084   70
63131   80
4446   50
39449   70
588   60
6482   50
30822   60
6565   70
59126   90
54259   80
6287   70
5378   80
27434   50
6764   60
5620   70
6537   80
42009   50
4368   50
65682   70
48385   70
67186   60
60074   60
33794   90
8361   70
3949   90
49276   60
1012   60
49284   60
49278   70
54997   80
589   80
64983   60
44193   60
2137   60
66509   70
32029   60
3882   60
3793   80
5573   50
44840   60
8529   70
8866   50
5267   80
33499   50
7346   70
260   90
47640   70
3988   50
6338   60
35836   70
36529   70
7147   80
50872   80
8783   40
33646   70
6874   60
8861   60
6624   40
71518   70
6333   70
5481   70
37853   60
45726   60
34271   70
8958   80
33162   80
40339   40
7163   70
8937   70
8798   90
57243   60
34150   60
53996   70
2081   50
55276   80
6863   80
6296   50
6484   60
56757   90
3646   50
51088   40
145   70
49822   60
54256   70
36525   60
69481   90
6763   60
49274   40
8939   60
8533   100
62081   70
55267   60
70183   60
64622   80
54001   50
35957   80
1608   70
5106   30
5459   60
72129   60
52328   60
1387   70
6548   70
52975   80
1198   90
2087   60
4822   50
4896   70
2021   70
6942   70
4720   80
6535   50
8640   60
8830   30
39   60
4247   60
51662   100
49651   50
5299   70
4701   60
8965   70
8972   80
2791   60
55280   70
2500   30
7139   70
8907   60
27839   40
5712   70
46322   40
61024   70
4643   60
150   90
6213   80
52973   80
1148   50
6188   80
46976   70
1713   60
3147   100
34534   60
31433   60
6619   30
4388   60
4990   60
6298   60
8961   80
39446   80
51937   60
6297   80
44788   70
5400   80
4890   60
5463   60
6539   90
27808   60
37384   70
1032   60
1777   70
6958   40
43871   60
5574   70
5989   80
8810   40
303   80
33679   80
48412   60
39427   70
51931   80
56171   50
31700   60
8864   40
4347   70
72011   80
5478   50
71464   80
586   60
50794   60
6595   70
3827   60
7458   100
8870   40
72489   80
7153   80
40946   30
104   70
81788   80
48774   80
2470   60
42013   60
3483   60
60040   70
3977   60
48783   70
8371   70
4148   90
1333   30
6057   40
45672   70
2394   60
54503   80
45501   60
4991   60
32598   70
55290   60
31445   50
5504   40
44195   80
53894   80
356   80
6541   60
3354   60
69640   80
58627   70
7293   80
4016   50
8622   80
37380   40
56152   90
4015   60
6888   60
46965   40
64969   70
3535   80
49396   70
50601   70
7294   50
30749   80
78209   70
34072   60
1911   60
45722   70
30825   60
2115   70
8874   70
37727   50
5449   50
5810   80
42738   70
2059   60
2082   60
40819   80
55768   70
3755   70
48161   60
2501   80
64957   80
39231   60
71838   80
82459   90
7440   50
40414   80
55765   80
33148   50
70334   70
745   70
6014   60
45447   70
1029   40
2706   70
8372   20
7454   60
5092   50
54286   80
4649   50
32596   60
48520   60
7325   60
953   80
6283   50
58299   70
6264   60
5630   80
1917   90
42011   60
72733   60
5995   90
2018   30
8360   60
43919   10
32009   40
5418   80
317   70
47099   80
33166   90
45950   60
8636   80
7373   70
5171   50
110   90
45208   50
27790   60
48394   60
3979   50
6377   80
33836   50
49220   40
8917   70
46970   70
60684   90
68793   70
5903   70
44022   60
34321   60
7444   60
69406   70
53993   60
8957   90
31420   50
38061   70
4366   50
8970   80
51540   80
32031   70
7254   80
7347   80
4823   70
4776   90
7150   60
7173   70
6586   60
30707   90
64839   70
46972   60
32589   40
673   50
43904   40
48780   90
59784   60
1954   80
32587   90
4770   60
5816   60
5942   60
54736   70
596   50
6887   80
4886   80
45221   30
56949   60
5991   80
44731   30
2080   50
48738   80
46530   60
3980   80
8641   70
6040   40
3897   80
7259   50
78893   40
7257   60
33672   50
5458   50
7169   50
47   90
5679   50
62792   70
55245   50
60069   70
6212   50
8918   60
53972   70
6219   60
6754   70
27816   50
72641   80
5219   40
69526   70
1380   70
2841   80
5010   70
4025   60
47644   70
30816   70
31221   40
4638   70
4816   80
45186   70
27821   60
32019   60
7361   80
7376   60
6374   50
5502   80
6157   80
45210   70
50798   30
56367   90
551   70
50685   70
43917   70
45517   60
69069   70
4995   80
4344   80
7156   70
57368   50
42732   60
50005   60
57326   10
653   60
7438   60
52722   60
5872   60
38038   50
52712   60
41569   90
44199   70
1291   70
6708   80
49910   80
7445   70
30812   80
38798   60
64497   50
63062   80
79132   100
53464   40
2054   50
8814   50
27837   60
4343   50
2355   70
4306   80
48043   70
4874   80
52283   50
2617   60
44191   100
5218   70
3826   60
2078   60
6006   60
3948   80
1136   70
81512   80
51925   70
36509   40
31685   70
31114   70
43556   50
7379   70
7366   60
72378   70
71535   80
3911   60
2329   100
44004   60
44399   30
3996   60
43932   40
233|104
99114   70
58025   60
87529   50
86882   70
1230   70
2692   70
122912   40
3285   60
47   70
778   70
104211   40
170705   80
92259   70
6365   60
27803   60
1298   80
70286   60
7458   60
4995   70
58559   90
112183   80
788   40
527   80
2997   80
858   80
1732   80
4027   70
54286   60
187593   50
134853   90
79132   70
78103   50
30707   70
1089   50
109374   60
122882   50
180031   70
5995   80
48780   60
6016   70
2762   70
178061   60
174055   50
109487   60
118198   50
5816   70
5956   70
33794   70
8961   70
1884   60
1193   60
122904   60
81845   70
4262   70
81591   70
183897   70
6934   50
50   80
3081   80
318   100
150   40
177593   100
296   80
364   70
1059   70
64614   70
2324   80
7361   100
78105   30
1580   60
2296   40
55872   60
106782   50
7438   70
91529   70
183011   30
136912   40
367   70
1136   60
91658   60
44555   70
6874   70
4993   80
5989   70
4866   20
1225   60
8368   70
74458   80
69134   60
159817   80
2054   40
59315   60
63082   70
586   60
924   70
6377   80
2706   70
5954   80
115210   40
60069   80
2571   90
2028   80
86298   60
6539   60
234|145
577   60
2253   40
1214   100
4241   60
4638   80
1275   80
3398   60
3287   40
4351   80
1021   60
1073   80
1196   100
4085   60
2162   60
2081   100
2528   60
480   100
2568   60
1101   60
1259   80
1405   20
2123   60
1097   100
586   40
594   100
2376   60
1198   80
1379   60
3564   40
442   60
1012   80
2566   60
3114   100
353   80
3176   80
517   80
3054   60
673   60
24   100
1210   100
4226   80
2354   80
1291   60
1   100
1036   80
1378   80
1495   40
2953   20
485   80
2761   100
4270   60
427   60
3397   60
2355   100
3439   40
2643   40
4321   40
610   80
231   40
1587   60
592   80
4571   80
2640   100
1356   60
3440   60
1011   100
1826   40
3418   80
158   100
2985   80
377   80
2193   60
3990   80
48   100
1920   40
1373   60
3799   60
1806   60
3489   80
2142   60
2050   100
590   80
546   40
1967   60
2000   80
3438   60
60   80
2409   60
4232   80
455   60
1566   100
181   40
502   20
4203   80
2115   60
2028   60
317   100
2657   100
344   40
3977   80
553   100
919   80
2090   80
2628   60
737   80
355   40
1215   40
2105   60
1370   60
1377   100
3672   80
1688   60
1690   80
2613   80
1030   80
3479   60
2052   100
2700   60
2161   100
169   40
2294   60
34   60
4306   100
4239   60
42   80
2137   80
258   40
2406   80
1200   80
917   80
2053   40
2571   100
4022   80
3751   20
2054   80
2089   80
1408   60
3699   80
2720   100
1582   60
2384   40
2421   40
688   80
4477   20
364   100
235|41
434   60
246   80
349   60
34   80
440   80
357   80
593   100
329   60
780   100
509   60
265   80
150   100
457   80
39   60
368   40
62   100
435   40
410   40
348   80
296   80
586   60
300   100
36   80
161   60
318   80
597   80
515   60
11   80
585   60
48   60
508   80
594   80
589   80
380   80
590   80
110   80
25   100
474   60
344   40
21   80
208   20
237|32
54286   70
6377   60
44195   80
2628   50
356   40
5679   70
106782   60
6373   60
44555   70
1375   70
1892   80
91658   60
3617   50
78469   40
1792   60
58559   70
8665   70
5445   70
44191   80
31410   60
46976   50
50   50
7371   70
1203   80
1372   50
36529   80
1625   90
67255   60
1586   60
2505   70
3869   30
2470   70
238|28
4498   80
1961   40
4958   80
1608   80
1287   60
4946   80
1953   80
4848   80
2023   100
858   60
455   20
4254   80
4803   80
4947   80
4855   80
2361   80
1092   80
4945   80
1221   80
1266   60
4916   60
421   40
2471   60
163   80
4852   60
1272   100
4310   80
3101   80
239|207
1396   70
5299   80
7438   80
6539   80
356   100
597   80
1252   70
3793   90
288   100
1240   80
32   100
5903   100
1917   80
45499   90
1645   80
20   70
5464   70
293   90
1610   80
4023   80
4993   100
539   80
1961   90
5989   80
349   90
1089   100
34405   90
4886   90
5816   80
1584   80
1625   90
1225   70
5782   90
4776   80
475   100
2424   90
57368   50
52973   70
2918   80
163   90
53894   80
4571   80
1704   100
6874   80
2881   80
292   80
32587   80
8961   90
40815   80
47610   100
6502   100
1676   80
41566   80
3996   50
6537   50
454   80
2542   100
1682   80
48780   80
4008   80
2100   60
44199   90
2353   70
457   80
50872   80
35836   100
2944   80
6807   80
524   70
1266   90
480   80
1672   90
45447   70
6   100
4262   90
2763   90
41997   70
54272   70
1573   60
45950   80
2231   90
54286   100
1291   90
2302   60
1265   50
648   80
2959   100
2028   100
2001   70
8798   80
786   60
778   90
1221   100
54503   80
1136   100
55765   90
1552   60
2987   70
50   90
2502   100
2706   80
8984   80
8636   80
8368   80
1193   80
16   90
44191   90
802   80
1080   80
21   80
2329   100
47099   50
296   100
23   70
260   100
48516   90
2701   60
6333   80
2716   80
1090   90
7153   100
1208   100
4370   20
1923   80
3408   90
7143   100
2478   60
34048   70
4963   80
7254   70
370   50
353   70
2890   80
8950   90
5378   70
2571   100
8361   80
3578   90
8376   30
5418   100
587   70
3052   80
54259   80
1527   90
2023   80
3448   80
593   70
2872   70
6942   70
1210   100
3275   100
1197   90
38061   80
8360   80
6365   100
4306   80
316   80
2011   80
2297   90
1198   80
318   100
54997   100
5445   80
52722   70
2840   70
595   60
48394   10
8529   90
474   70
1214   80
2628   70
1   80
2699   40
2167   80
44665   100
53125   80
367   70
1196   100
3527   60
59315   90
858   100
1580   80
231   70
8622   80
3147   90
2405   70
589   70
6377   90
1653   100
5669   90
541   80
104   70
54001   80
1206   100
3623   80
3977   70
48774   60
3253   50
46530   70
2858   100
1259   90
110   90
1101   70
5679   50
8132   100
5010   90
1246   80
240|86
355   60
432   100
168   100
688   60
256   80
529   80
19   100
780   100
282   20
339   60
673   100
44   80
253   100
196   80
457   60
377   100
292   100
590   80
533   60
366   80
539   60
316   80
502   60
1367   60
374   60
216   100
551   80
181   60
150   80
356   100
276   100
344   100
553   100
2   100
370   100
491   60
172   100
315   60
165   100
338   100
277   60
10   60
160   80
39   100
524   100
60   80
531   80
1073   100
519   60
485   80
186   60
255   100
252   60
329   60
761   60
364   80
227   80
135   80
3   80
248   100
520   60
592   60
1359   100
380   60
516   100
31   80
596   60
317   100
410   60
362   60
594   60
158   80
466   80
328   100
46   60
382   60
273   80
231   80
595   60
413   80
736   100
48   60
589   80
153   60
208   80
95   100
241|48
106920   100
858   90
2028   60
2324   90
134853   70
97938   90
5970   80
104841   90
6016   70
318   70
3252   70
55247   70
81819   80
1221   80
5791   80
116797   60
109374   60
2571   80
46578   90
112183   90
112552   90
47   80
4973   100
6953   60
5878   80
215   100
112556   70
44191   80
8973   90
296   90
7371   100
8638   100
39869   80
2858   70
118700   60
40819   80
92259   90
27773   70
60950   90
1265   60
112290   90
112852   80
2762   70
55442   80
50   80
44694   90
7361   80
27803   90
242|22
349   60
344   60
410   60
266   60
318   80
434   80
236   60
593   100
590   60
317   60
292   60
208   80
153   40
316   60
47   100
296   100
161   80
300   100
588   60
185   60
21   60
253   100
243|22
248   80
520   100
227   100
595   60
485   60
44   80
380   60
172   100
173   60
377   100
442   80
589   80
434   100
356   80
153   80
165   100
10   100
420   80
48   80
527   60
736   100
592   60
244|59
1527   80
377   80
292   20
593   80
507   40
1200   100
1994   60
2571   80
1228   80
316   60
3173   60
2023   40
1079   100
1785   100
1270   100
2919   100
3020   40
1225   100
2826   60
2797   80
3300   80
2028   100
2791   100
3082   100
2716   100
555   80
1377   80
3703   80
2916   60
445   80
145   60
479   40
3361   100
1183   60
1288   100
457   100
3214   100
3683   60
1094   20
1293   80
1215   80
736   40
547   80
1408   100
380   80
1197   100
163   60
1233   100
10   100
3566   20
3811   100
589   80
780   20
1480   80
2490   100
227   40
2427   20
368   100
786   80
245|12
162   60
3252   60
2064   40
2599   60
745   60
3106   20
1092   20
3257   60
1148   60
912   60
581   60
858   40
246|147
81591   90
4720   100
2716   60
83613   80
2020   90
50   90
2792   60
1093   60
29   100
52885   100
30793   80
82461   80
260   100
31658   100
2380   60
5279   100
87222   100
80969   80
68486   100
68954   100
5902   90
1210   100
4270   90
81845   100
7438   100
90647   90
1206   70
2916   80
6377   100
838   80
4963   90
4144   100
7147   100
26662   90
49272   100
57640   70
235   80
84954   80
45447   60
79132   100
40815   80
8984   80
72737   100
44665   90
2396   90
1387   60
85414   80
356   70
2046   80
4246   80
74508   90
96079   90
6942   100
31878   100
3108   80
62336   100
4896   80
1610   60
123   100
8254   80
26776   100
1243   100
2791   70
7153   100
91658   20
87306   80
74789   80
1645   80
57669   90
410   100
94777   80
68237   90
5971   100
2407   60
59387   100
6541   60
1196   100
780   50
28   90
2571   100
6874   90
714   100
59315   80
4848   100
61026   100
84944   100
2671   90
48394   80
370   60
55820   90
52722   60
2124   100
1246   80
3079   80
89745   80
49932   90
37729   60
357   100
8983   80
89753   100
1625   100
6618   80
6350   90
85736   100
7022   80
59784   100
45722   90
7099   90
4886   90
2805   80
5646   100
296   80
1240   90
70286   90
17   100
4226   100
86880   80
69951   90
36363   70
3910   40
7486   100
4993   100
1584   70
6773   80
8865   80
7361   100
81847   100
5481   70
86332   80
80615   80
2023   60
2959   80
589   100
41569   60
65261   100
63113   90
27266   90
757   80
60937   40
71535   90
5952   100
7373   90
27320   100
3556   60
541   100
69481   100
68157   100
247|104
8950   100
104841   80
5418   80
7361   80
3147   100
608   80
923   80
139385   100
51662   100
74458   80
1246   60
1258   80
1073   80
2329   60
5349   40
120799   50
6874   70
1210   70
89745   60
364   100
142488   100
32   60
318   90
78499   80
2324   60
117176   80
4306   70
2571   70
1022   40
3034   60
54997   60
134130   80
899   100
69844   100
115149   100
2396   40
5378   40
72998   40
3275   80
152081   80
69122   80
1213   70
588   100
858   80
8961   80
2687   60
122904   60
4226   90
3578   80
150   60
115617   90
1136   40
4886   80
6539   80
6365   60
82169   60
91500   80
260   80
6016   80
293   80
50   100
589   70
99114   70
296   80
1625   60
110   80
81834   100
58559   80
134853   80
76093   60
54001   100
63082   50
7153   80
112852   90
4995   80
2085   70
4878   100
88125   100
4896   70
48385   60
1221   80
109374   70
68954   80
46578   60
91529   80
5952   80
356   100
2081   40
40815   40
115713   100
109487   80
5989   70
32587   60
60069   60
2959   100
68157   80
122882   40
7438   70
2028   80
912   80
3114   90
33794   80
8368   70
106782   80
248|32
106002   70
91500   60
177765   40
147382   100
106487   60
3793   70
1291   80
45722   80
116823   70
1196   70
6365   70
60069   90
135133   70
59315   80
122896   80
260   70
187593   90
147384   90
10   70
151763   80
171011   70
122904   90
500   60
6377   70
84152   90
159093   90
1210   70
164179   60
2571   80
8961   100
122922   80
2115   80
249|820
3988   70
71520   70
111759   90
4701   80
318   90
1198   100
71264   80
7143   80
48774   90
114818   60
103141   80
8957   80
89745   100
66934   70
267   70
7254   80
58803   70
103624   80
58559   100
2012   70
57368   80
103137   50
2105   60
99007   80
8529   70
85780   80
5283   80
82461   70
4367   70
1644   50
53519   80
8464   80
46972   60
106918   90
110102   90
5810   90
648   70
52722   70
6482   60
47997   70
588   80
4270   70
102123   100
67734   50
296   80
134130   80
5459   70
5995   70
32029   70
103801   60
93831   80
135569   80
2858   90
48385   80
90866   80
84944   70
97913   90
1717   50
6338   50
49272   70
69951   80
485   70
48   60
5218   80
50798   20
1580   90
62849   80
54272   80
81932   80
81834   80
86295   60
5010   70
2918   70
2485   60
3681   90
60684   80
30812   80
129354   90
103980   90
45730   70
99750   70
82854   50
8371   70
112175   70
6281   80
51086   70
2424   60
2232   80
160080   70
4865   70
166534   90
6888   50
46965   60
8361   70
90057   90
112070   70
103249   80
59429   60
47254   70
89804   70
64614   90
4025   60
2100   70
1693   80
1833   70
53000   70
34405   100
6764   70
5254   70
72641   80
106782   100
57532   10
112138   80
368   70
2951   90
47044   50
3793   80
78088   70
420   70
4718   70
112852   90
1199   70
106920   100
86332   80
8368   80
60756   80
1704   80
31427   60
2724   60
138036   90
90647   80
1219   100
4489   70
4993   100
6880   50
4369   70
3968   70
1722   70
91974   70
527   90
45447   70
4306   70
73929   60
4226   100
1213   80
6539   80
96691   70
43936   60
2717   70
79008   90
85056   70
110   100
2694   70
49824   70
90249   70
733   80
4886   80
4262   90
94777   80
1954   90
96079   80
5679   70
1201   100
3623   70
107348   90
56782   100
4007   90
79185   70
106540   60
93512   80
1687   70
6155   60
72226   60
64497   60
182715   80
89492   80
102716   70
4239   80
87232   90
92420   90
102481   70
99117   50
53121   60
78039   70
122904   90
159093   80
122918   90
68659   60
1080   100
119145   90
90746   80
34048   70
151   80
99114   90
4069   60
110730   60
5803   60
45722   70
52458   80
108932   90
111113   80
85401   70
1086   80
68954   70
170875   60
53972   80
80166   60
95309   90
1721   40
6593   70
69278   70
58293   60
1923   70
5363   70
7373   80
60069   80
3578   80
60126   80
87529   70
30810   70
88235   80
8783   70
35836   80
47810   20
54503   90
2329   90
8807   80
62999   60
55269   80
102684   70
2542   80
134853   90
4531   60
1485   70
71106   80
3702   60
107406   90
44665   60
140715   80
8641   90
7007   80
356   90
97172   60
7173   60
103042   80
70   80
4954   90
6934   70
3082   70
1240   80
184015   70
3536   70
93326   70
83349   60
1210   90
5903   90
1792   70
88954   70
786   70
31696   80
72011   80
44191   80
3827   50
128360   90
5323   20
83134   80
6484   60
108729   80
158238   90
8914   80
2700   90
87222   80
69526   60
86293   60
62081   70
101025   60
80489   90
78209   70
45672   90
101864   70
122   60
1367   70
3977   70
2987   80
91630   80
4979   80
1552   80
1209   90
104   70
47200   70
87298   70
88699   60
208   70
33085   50
99112   60
116797   80
1265   90
541   80
4388   60
93272   60
55363   90
6333   70
3978   70
45081   60
7016   60
76251   90
111364   70
122916   90
1608   60
114074   80
608   90
68205   60
52281   80
2735   70
74698   40
47099   80
63859   70
1097   60
55278   80
19   70
115569   100
260   100
156609   60
176371   90
1982   60
122886   90
4254   50
4344   70
44199   80
33679   80
59615   60
1270   90
96610   100
45186   70
52973   80
44022   70
49278   80
45431   70
2273   80
90403   60
27478   70
91529   80
87520   60
109673   70
160954   60
3744   60
2353   90
168252   100
2628   70
377   80
115617   70
55995   60
33646   70
5349   80
112552   100
88744   90
44972   40
1196   100
86911   70
101525   80
55577   50
80219   70
43871   60
59369   90
92008   60
46974   60
66171   70
2000   80
8644   80
94677   80
168266   80
96737   80
778   90
63131   80
3114   70
104841   100
27801   80
91690   50
106072   80
86960   40
72998   80
2572   70
54004   80
115210   90
1527   80
105213   80
99728   80
175569   90
118696   80
2115   70
3535   100
102445   90
8861   60
39446   60
5502   60
4571   70
36708   80
7022   80
93840   100
38061   80
48783   70
166643   90
42738   80
85414   70
903   80
95510   90
51412   70
51255   70
3979   60
135133   80
119141   80
8917   80
2335   70
87192   90
106642   90
159755   80
47   100
105351   60
78637   70
93363   70
6958   40
4247   60
58295   60
2355   80
79293   70
45517   70
4878   80
4299   90
91094   80
48780   70
1089   80
143365   50
92507   70
457   90
158   60
2683   60
45662   40
79428   70
1894   60
54286   70
103341   80
115149   80
37731   90
109483   60
5956   90
2617   80
2762   80
55290   80
1911   60
65088   60
7346   80
4641   60
67197   60
111781   80
89753   70
3997   50
111622   80
7325   80
64716   80
6503   60
81591   80
107953   80
41569   70
2081   90
143367   60
56156   70
67923   80
79057   70
1203   100
67087   80
89470   70
94266   70
72605   70
59421   70
171763   90
80693   80
101076   60
522   80
1917   80
97752   80
1291   90
48516   100
7361   80
160718   90
32   100
2997   80
1569   60
3785   70
8798   80
5151   60
489   60
1258   70
95105   70
122920   90
77561   70
170813   60
95167   80
4370   70
31878   80
3753   80
85020   70
4343   80
73106   60
4085   80
143355   90
6365   70
3448   80
104879   100
68358   80
7438   90
6615   40
3081   70
1884   80
1752   60
20   70
51662   100
122900   80
73017   90
1732   90
55820   80
65802   50
3273   50
86833   70
912   90
68157   100
4084   70
5449   60
173941   60
97921   90
59784   80
5445   80
78499   80
5574   70
7454   60
96861   70
110297   70
7458   70
1356   60
6754   70
99910   70
82053   60
89   70
2722   50
5419   50
8984   80
103253   70
6952   60
4015   60
5266   80
8665   80
57528   80
140711   60
58315   50
2541   70
87430   60
33794   80
2340   60
58025   80
120799   70
4816   80
122906   90
70183   70
95875   70
58156   60
364   100
43919   20
103772   70
2117   70
428   70
146210   60
184253   80
736   60
69481   90
78349   90
1617   90
1220   80
924   90
97860   70
4896   80
93563   60
109487   100
167370   70
5989   70
111743   70
4011   80
6874   90
4989   70
111   90
104374   90
106696   70
90405   70
90717   60
61248   70
98809   90
86880   70
34150   70
8950   100
6250   60
122912   90
750   80
1101   70
74458   100
70336   60
74789   50
122890   80
162478   70
1029   80
5093   60
30793   70
3268   60
49651   70
7004   70
1772   60
187593   100
5630   80
97938   90
7317   90
69757   80
4776   80
2078   90
36529   70
93510   80
2949   80
89864   70
68319   70
167746   80
102686   70
54001   80
95583   60
3039   80
1517   80
76175   60
7439   60
434   70
80363   70
8528   80
7153   100
148888   60
1690   60
61132   80
68793   50
3825   60
8340   80
148626   90
7323   60
6586   60
80862   60
2502   80
43679   60
82459   90
1831   50
80463   80
1588   50
48877   60
49822   70
122924   80
4643   60
908   80
103539   80
97836   70
5418   80
5785   70
6537   70
1036   80
90439   70
84152   80
182823   70
1178   80
4558   70
2006   70
138204   80
6383   50
93270   60
78469   60
104211   70
4975   70
3307   80
109578   70
32587   100
111360   60
1619   70
142422   70
112556   100
70286   80
5872   70
152081   90
3175   60
6863   60
96417   80
142488   90
59315   90
49286   80
185029   90
56367   80
89840   60
109374   90
1513   50
8636   80
50872   90
110882   80
106916   80
135887   70
4963   80
3409   80
81562   90
53996   80
1320   60
60072   90
80549   80
103655   60
6242   80
100163   70
6548   80
39400   40
139385   100
122882   100
95441   70
48304   70
5464   80
117529   70
104241   90
293   100
164179   100
79695   80
90531   90
5171   60
65810   60
114180   80
6711   90
161131   80
59014   10
62434   90
95873   70
1079   80
54995   70
71530   60
88129   100
96411   80
38294   50
2720   50
122922   90
71535   90
2194   90
90522   60
5816   70
6502   80
3686   60
85131   60
55765   70
1625   90
79702   90
120466   70
37380   60
2389   50
88163   90
98961   80
6373   80
6618   90
74795   70
1193   90
84392   80
54999   70
63113   70
76093   70
2231   70
36401   60
2143   70
3147   80
110553   70
45499   70
442   70
2671   70
780   80
157296   80
84954   50
135567   60
96821   100
168254   80
108949   80
122926   90
72167   70
3552   60
51935   80
49530   70
55247   70
98585   80
367   80
106487   90
253   80
3271   80
788   70
81229   70
2467   90
8874   90
5378   70
115713   90
96728   90
858   90
1676   80
1544   70
87485   70
179819   90
3527   80
97225   70
91978   70
93838   100
4018   70
2505   60
101362   60
162606   70
6058   60
85510   70
1562   50
45666   60
8961   80
134368   80
3301   80
55282   60
6377   80
93766   60
250|16
4886   80
2085   80
345   100
1876   60
45   80
783   70
1674   90
1035   100
6983   100
1285   80
3499   90
1408   90
2739   100
1722   60
4921   100
3101   100
251|14
50872   50
1704   100
527   100
5971   100
2028   100
2959   100
1225   100
159817   100
78499   100
593   100
1208   100
2571   100
608   100
1197   100
252|24
106696   90
8961   90
107141   80
364   100
1293   80
98491   100
81845   90
500   90
90866   90
97913   70
137857   70
108932   80
162578   100
134853   100
1081   80
166528   70
2321   100
66097   90
115617   80
50872   90
122896   60
166461   60
1   90
168418   80
253|29
2686   80
955   90
6773   90
965   70
1449   90
2324   100
55620   70
2064   80
3328   80
926   90
6985   80
26524   90
714   90
6016   90
5991   100
29   90
55069   80
3083   100
66371   90
48394   100
1734   100
3536   70
2599   100
446   100
1271   100
1212   90
55442   90
58309   90
1225   100
254|85
8961   90
5952   80
6377   90
33166   80
2959   100
589   80
8784   80
296   100
480   80
6870   80
3363   60
2542   90
457   80
4878   90
2858   100
3510   50
5319   90
49530   80
2028   100
1214   80
3996   80
4993   90
8874   70
7361   90
7153   80
33794   90
45928   80
8950   80
1721   70
318   90
2329   90
1   90
1270   70
4226   90
48516   100
4886   80
8645   80
33493   70
3988   60
150   80
1258   100
4995   80
590   80
1805   60
8636   70
30707   90
8873   90
43396   80
836   70
50   90
2396   80
5445   70
33154   80
44665   60
858   80
3949   100
48780   80
1196   80
648   70
5349   20
6874   100
593   80
5570   90
2762   100
5954   70
380   50
2840   70
2046   80
1200   80
1617   90
338   80
3362   80
40819   80
47099   90
1882   20
2431   90
344   70
47629   40
260   80
44191   90
48883   70
527   100
4973   90
48385   40
38061   80
255|28
3504   20
2706   40
1194   100
2064   20
1304   20
344   100
3421   100
420   100
2907   80
3671   40
1234   20
4018   40
2716   100
3037   20
1230   20
4361   20
2355   60
2858   20
1907   60
3157   20
3552   100
4480   60
588   40
1863   60
3396   60
223   40
1220   100
3929   40
256|123
68157   90
106489   70
593   90
96610   80
3755   70
64957   90
119155   80
106487   90
5881   50
48780   80
132046   80
4167   80
135887   90
453   80
98809   70
134368   60
1210   80
7317   90
3593   90
41566   80
102445   80
33679   80
69524   90
5218   90
5171   90
96079   80
5618   10
163   80
99114   100
293   100
4344   80
3301   90
3753   80
4992   90
121171   80
8360   80
103253   70
2011   100
146024   80
72998   90
370   60
134130   90
4718   80
8361   80
267   70
117887   80
79695   80
6934   70
39183   40
8529   90
8984   80
33004   80
5445   80
4155   80
3979   70
115713   90
1198   100
6586   80
5444   80
60069   90
59784   70
44022   80
4306   90
4022   80
7361   100
92259   100
91500   80
3510   80
4246   80
4874   80
5459   70
7323   80
3257   80
5944   80
6502   80
1320   70
4643   70
3825   80
109487   80
70286   80
3717   80
4734   70
64969   90
126548   90
6550   60
7099   10
4388   60
84152   80
4018   80
4254   70
1385   90
131656   70
59615   60
4701   90
18   100
4995   100
56251   80
3980   100
3785   80
4963   90
45668   70
122882   80
117176   90
4974   70
105504   80
140725   80
4232   60
45672   70
97938   90
73321   80
111759   80
109374   60
56174   80
3949   80
8371   80
130520   70
1196   80
48385   10
103228   70
520   80
1270   100
4447   80
4025   70
257|12
1288   90
1380   80
784   70
2791   70
16   70
5952   60
1304   50
2599   30
420   80
5445   80
3996   90
7   20
258|16
48774   90
318   100
122916   60
48394   100
2959   100
87232   10
122918   70
66097   90
3147   100
60069   100
2571   100
2762   90
70286   90
68954   100
122886   10
527   80
259|18
3910   100
4014   60
7155   100
4993   10
410   60
7361   80
1517   60
153   80
368   20
4306   100
2   40
3996   10
7149   80
32   100
4018   80
3793   70
3114   60
6711   100
260|105
6283   70
6773   100
2413   90
904   80
1219   80
1230   70
6870   50
8949   60
154   90
6620   90
8364   50
1175   80
337   90
6370   90
1358   100
608   100
7815   100
3911   60
111   100
1084   90
1500   90
3424   90
2395   100
8873   60
5971   90
1784   60
1288   100
4226   80
3751   80
6502   90
2908   100
1449   70
2599   80
2076   40
5618   90
3181   100
296   90
3481   80
3000   70
1073   80
1223   90
6027   90
456   70
2122   70
47   90
5137   60
5820   70
6062   50
471   90
2174   70
7564   90
6711   80
372   50
7123   50
1274   80
1199   70
6375   70
1089   100
4034   80
910   50
1921   90
720   100
1251   60
8607   60
3006   80
3897   70
8464   60
8507   60
778   90
2987   80
750   80
1271   70
1537   80
1639   40
8015   70
1094   50
3052   90
4235   70
2186   60
7438   80
4529   90
1215   80
1258   70
235   80
6874   90
2580   100
1148   90
5072   70
128   60
4641   100
3182   90
2859   90
1914   80
4437   50
3362   40
708   60
3578   40
4711   80
5782   70
6288   90
6380   70
4027   80
1285   80
3893   70
6385   60
261|33
4878   100
3949   100
3146   50
2028   80
1210   90
6863   20
1920   30
5989   100
96079   80
1222   80
356   100
2858   100
2329   80
2002   60
47   80
48780   90
50   80
27611   90
79132   90
2571   80
4963   90
30810   20
1240   80
6874   70
5810   10
3979   70
69122   70
147   90
318   90
112138   80
2273   50
1431   70
8914   100
262|36
594   80
4   20
535   60
36   100
538   40
50   60
440   40
265   40
7   60
428   60
135   60
317   60
225   60
290   80
296   60
515   100
25   60
260   80
587   40
21   60
608   100
294   60
28   100
164   60
540   60
300   60
509   60
141   60
497   80
367   60
380   60
233   60
48   20
318   60
57   60
125   40
263|152
440   80
5380   60
1225   80
357   80
1610   80
3911   70
262   80
8368   80
1196   80
745   100
6333   60
2858   80
7151   70
1   80
2355   100
1136   80
8014   90
2501   80
1704   100
8366   80
2405   60
2690   80
4973   80
8535   80
1485   40
477   80
2094   80
2424   80
586   60
2805   40
509   80
3751   80
6565   80
5991   100
597   80
5669   70
1188   80
1721   80
6539   80
8360   80
5135   80
8914   80
1641   80
2324   100
1784   80
36   80
32587   60
5445   80
8961   70
1617   100
2078   80
1357   80
296   60
33679   80
8622   70
2266   60
2875   80
2840   40
2605   40
8827   70
5524   60
6773   70
1190   60
5349   80
1821   60
1094   60
2563   100
4959   60
3155   80
1537   80
2763   80
2692   70
2724   60
529   80
33493   70
3147   80
3996   90
7153   90
6708   60
2700   60
802   60
2406   60
4014   80
6299   70
3753   80
2268   80
11   80
8796   40
380   80
2396   80
2108   60
4993   90
4995   80
4886   90
377   60
8784   70
2539   60
24   60
1020   80
7361   90
1684   60
282   80
2918   60
1693   80
1393   80
5816   60
2571   80
34   80
2628   60
1339   60
7090   70
5617   90
1415   20
3168   60
720   100
4034   80
2770   40
6711   90
809   40
5463   40
7143   70
1923   80
224   80
3793   80
1722   60
7147   80
4994   60
300   60
1120   80
1873   80
2990   60
736   80
2080   60
1223   100
5952   80
1210   80
1639   80
39   80
593   100
2599   80
4896   80
527   100
3967   80
151   80
2020   80
988   60
1307   80
4992   80
6863   70
3897   90
6331   70
1912   80
264|35
2085   80
5952   90
1580   90
1   80
48   60
110   50
1035   100
41566   100
2054   50
527   80
1356   90
2571   90
329   90
2762   90
7303   90
4995   100
783   80
3510   90
1407   70
1196   70
1210   70
1374   80
316   70
1997   50
1023   30
1028   100
1372   80
4886   100
356   70
4896   90
5064   30
653   50
32   20
780   70
3623   40
265|114
2968   60
1363   60
2701   40
1259   80
2906   40
3362   40
1573   40
1527   80
1214   40
3148   60
480   80
3194   60
516   60
1653   80
2105   80
593   100
1678   60
3451   80
1246   60
1276   80
1676   80
1225   80
2094   60
1721   80
534   80
1584   60
3060   80
3259   60
111   60
2289   60
3826   40
2454   80
491   60
3308   60
32   80
1374   100
2011   60
2688   60
196   40
2916   60
1580   60
2642   40
1097   60
3591   60
3844   60
1196   100
3766   60
2672   80
2640   80
3260   80
1727   60
832   60
2377   40
509   60
329   80
2455   40
3255   80
1376   100
2628   80
592   60
379   80
436   40
110   60
2445   60
388   40
1620   60
590   60
3812   20
2431   60
79   40
260   100
1807   60
1203   80
3471   80
1921   80
1954   100
969   100
1084   60
1945   80
3699   80
3156   40
3730   80
3733   80
541   80
2985   80
608   80
1356   80
3701   80
2571   100
361   80
1193   60
318   80
3035   80
2393   80
3269   60
2268   60
36   80
1726   60
3793   100
1095   60
2433   80
1682   80
2527   80
2529   80
3593   20
3196   80
788   60
3175   80
1373   60
150   80
292   80
1271   60
2392   40
3527   60
266|128
1285   100
3108   100
2605   20
2890   100
1394   100
2396   20
541   100
3039   80
45   40
1883   20
480   80
260   80
235   80
514   100
32   80
1466   100
1376   20
1614   20
2302   20
1610   100
2791   20
1297   100
1617   80
1196   100
135   20
1288   100
145   60
1136   100
1298   100
1663   100
39   40
2797   80
2804   80
589   80
2353   60
474   60
1240   80
1199   100
1485   40
296   100
3142   20
2194   100
2249   40
1375   60
2706   20
1275   80
1080   100
95   60
1772   20
1090   100
1517   80
1215   60
3265   100
2471   20
21   80
2355   60
2253   20
16   100
785   80
1866   40
2968   100
1206   100
2712   100
1089   100
2387   80
2716   100
1597   40
3016   60
288   20
1732   100
1036   80
1200   100
69   100
2863   80
1265   80
2321   40
2428   20
441   60
1500   60
555   100
1210   60
2195   100
1097   40
356   80
2000   60
1259   80
316   60
1911   20
2174   80
1968   40
2115   80
3156   20
2105   80
1213   100
2560   80
1197   80
1884   100
2395   60
3113   20
1270   80
6   80
2683   100
353   100
1093   80
1641   60
110   100
3052   100
50   80
919   20
198   60
3020   60
2028   80
2710   20
1220   100
1784   60
377   40
1912   80
1476   80
733   100
1127   80
592   80
924   100
1573   80
1060   40
2599   100
1222   100
1171   60
2384   20
267|36
260   100
1200   100
2683   80
2762   40
2841   80
924   80
3994   60
2527   80
2600   80
2706   100
3471   100
1206   20
1196   100
1198   100
480   100
58   100
1197   100
2455   100
110   80
2699   80
2890   20
1653   80
3175   80
1909   100
541   100
1240   100
1270   100
2396   100
3527   80
2013   80
1356   100
3101   100
3986   80
2826   20
919   100
2907   100
268|87
1586   40
1197   100
2952   80
1221   80
1271   60
2890   80
1432   20
1680   60
2349   100
2956   40
2490   40
1923   60
46   20
869   60
1968   40
423   40
1208   100
719   60
1101   40
2640   60
1958   40
508   60
1673   100
1252   100
1264   80
1273   100
1616   20
2539   60
334   100
2245   40
1094   100
2605   40
2717   40
2915   60
1196   100
1047   80
2351   100
2599   80
786   80
1791   40
2511   100
2000   60
2268   20
2918   60
1261   80
2762   80
2702   80
2593   60
2863   80
2630   60
2001   40
2109   80
1892   40
858   100
2178   80
2641   60
2716   80
1230   80
1278   80
898   100
1210   20
2019   100
2403   40
2973   80
2712   60
2571   100
1377   60
2580   80
2115   40
1964   100
2583   80
2841   40
2628   40
2925   100
1625   60
1222   40
1291   40
1840   60
165   40
1093   20
2796   40
2324   40
1238   100
2145   40
1288   100
2130   60
1375   40
269|18
783   80
25   100
32   80
778   80
494   60
1073   80
1367   80
737   60
6   100
74   100
784   60
9   40
5   60
1047   60
3   80
81   60
828   60
79   80
270|25
7   60
762   60
3   60
653   40
36   100
104   20
648   60
5   60
32   80
784   20
140   60
737   20
17   80
95   40
376   80
780   80
1073   100
786   60
9   60
52   80
608   80
6   60
135   20
637   40
112   60
271|27
1282   60
2140   70
4370   60
1690   20
1200   80
4466   60
5508   80
1994   70
43936   50
1214   80
37386   50
1120   80
2021   70
1909   50
924   80
1127   50
1371   80
6502   50
2826   40
3006   80
5810   60
2329   60
1093   60
345   80
2641   50
2968   50
1674   60
272|19
68358   80
148626   90
5903   80
1721   50
318   80
3147   90
1682   80
84152   80
1527   80
119145   80
2571   80
44191   80
34405   70
2167   70
1580   80
108190   60
99114   70
50872   70
109487   70
273|35
532   80
236   80
410   80
180   80
514   100
442   60
12   20
497   100
262   80
435   80
592   60
509   100
595   100
539   60
471   100
252   60
552   60
34   80
588   100
329   100
480   80
364   100
224   100
1   100
586   20
587   60
589   100
597   80
253   60
457   80
296   80
783   80
32   100
282   80
337   80
274|1060
3681   80
2840   50
5363   50
60072   70
3471   70
2083   60
1584   50
8361   40
4776   70
3882   50
3726   70
81834   70
60941   60
904   60
3018   70
54648   40
3327   60
1608   70
71057   70
61323   70
1603   70
5804   50
42725   60
8376   30
840   70
6482   30
4254   30
493   70
5414   40
5833   80
43932   30
1894   50
4771   50
5679   70
2294   60
44972   40
40732   60
1497   60
26629   50
47   80
52435   70
64957   70
1639   70
5874   40
46970   70
2455   80
6586   50
2006   50
3481   80
76175   60
24   70
1265   90
10   80
6250   70
2159   70
78574   70
7228   60
7376   70
34   80
2361   60
7366   50
40826   40
5445   70
38992   70
51255   100
1023   70
2082   70
55995   40
3897   90
8950   70
3755   30
57910   40
2136   60
3300   70
3646   50
1672   70
1690   80
8666   40
3972   70
68952   70
27839   30
7367   50
4128   90
3917   70
442   70
3552   80
441   80
31420   80
1079   80
3175   40
4701   60
42013   70
609   80
49272   80
4553   90
3081   80
4720   70
1792   70
7802   80
50800   60
428   80
5872   60
2161   60
3527   90
6290   70
4718   40
70994   70
55577   50
420   70
54736   80
253   90
2392   30
2085   70
32213   70
3702   60
785   90
332   50
2985   70
6157   50
36401   20
69951   80
3697   50
5349   60
2539   60
59022   80
1704   80
2916   70
410   50
2329   90
80463   60
2011   70
6708   80
43549   70
6058   60
45728   90
1920   70
1604   60
810   20
1599   60
1408   60
6879   70
724   60
82459   80
3033   70
2089   60
51937   40
1499   70
1304   80
3623   40
1298   70
362   50
562   70
1377   50
8874   80
33672   70
5903   80
47200   90
2123   60
27822   20
5459   60
3740   70
33794   70
47099   70
2205   50
4018   60
595   60
1591   40
7235   80
733   60
2122   70
1464   70
26778   80
4148   60
7317   50
7845   70
2338   60
53121   40
77561   60
2722   70
2153   40
3489   60
3363   80
68319   50
52973   70
7024   60
3754   70
3157   60
44761   90
32011   40
34162   50
2296   70
2002   70
7090   70
7445   80
3189   50
2148   80
5047   80
46335   30
1405   60
1588   40
1282   70
43904   20
79057   70
5025   50
19   80
7346   30
5954   70
1911   50
34534   70
6707   80
3785   80
4153   70
53322   60
42738   40
72011   70
3991   40
3511   80
1272   70
588   80
5449   50
52722   70
50   80
5418   70
558   80
69784   80
379   70
74851   60
2857   90
431   80
7449   50
23   70
6934   30
4621   50
198   80
49530   80
4040   60
51037   40
45081   70
5528   70
1240   80
1917   70
8906   70
4544   70
8604   40
2490   80
1201   60
3997   30
4369   60
58025   50
5102   60
145   40
4015   40
77364   60
6539   80
8636   80
1393   70
648   70
2953   60
328   90
4700   50
61026   70
32298   30
33132   30
3843   80
1527   80
1320   70
71211   70
51412   70
2596   60
4855   70
4027   80
6405   60
6537   50
1862   60
6715   70
7004   70
174   70
4899   30
4214   70
736   50
2762   80
6872   40
56782   70
1209   80
64231   60
37382   70
2018   70
95   50
3994   70
45726   50
3624   70
63113   70
1198   80
79592   70
104   70
30793   50
455   40
1208   80
6503   10
8528   70
48774   70
780   70
34405   70
2702   70
784   50
4255   50
1321   70
60069   70
3977   40
1676   90
6595   70
39715   40
4366   60
76251   80
7451   50
2076   80
48385   80
2013   70
8861   40
1969   50
4993   60
1703   40
709   60
5463   50
51091   80
2617   70
27604   70
2795   70
1461   80
5481   50
8373   60
4344   70
55820   80
1992   60
4896   40
2501   50
586   70
61132   70
8910   70
44199   70
51709   70
6188   60
4887   70
1721   70
61240   70
2871   70
2325   30
3826   40
5064   70
6711   60
673   70
62081   50
2078   60
2706   70
589   90
5076   60
2126   40
2761   70
6281   80
65   60
54272   70
6005   70
44191   70
502   60
7236   80
2496   70
4034   80
1760   10
36529   70
4158   40
36517   60
32587   90
922   70
2152   40
457   70
3243   60
1562   50
31696   60
7387   90
485   40
2052   70
356   90
2273   50
48304   80
619   70
2428   80
2587   80
4247   60
46972   60
3361   60
7160   80
86911   80
61250   40
4011   50
8870   40
70   90
72998   60
3186   70
8947   40
1027   40
2053   30
1993   60
7254   70
2096   60
7373   60
68205   70
50440   40
3254   60
37733   80
56757   80
5171   40
2124   40
4821   70
6880   40
8807   70
54732   40
923   60
7347   60
8371   70
57528   70
12   70
4533   70
5401   40
27837   60
8912   30
1552   80
3752   80
1222   80
48322   70
4161   60
43921   80
7293   80
7117   70
65188   70
34520   40
31193   70
45672   50
6502   70
3821   40
2114   70
48043   70
31685   70
333   70
36708   70
2987   80
3213   70
374   70
292   60
8641   60
3005   70
3113   70
7454   40
60522   60
260   60
175   60
6702   40
40278   80
500   60
3861   70
8836   80
30745   90
2288   90
6016   80
881   40
5080   80
1407   60
2004   80
1022   50
54881   70
2327   80
56012   70
1882   30
1517   80
60037   70
8360   80
88   70
2498   40
4679   60
5784   40
7701   60
4238   80
1007   40
912   70
3160   50
2826   70
46965   60
783   60
56339   80
8368   60
2791   80
7369   30
3484   60
43917   40
44665   70
173   70
8957   70
3969   70
5630   60
8241   80
69844   70
2236   70
5507   50
1   80
2863   70
69481   80
2699   60
53123   80
50794   60
2420   60
36519   60
31909   80
1214   80
32596   50
8977   50
59369   80
5952   70
54503   70
1378   60
2081   50
7143   80
8831   70
37386   60
4874   20
34048   50
47518   70
1175   80
3593   40
153   70
4448   60
3578   70
5419   60
34323   90
71254   70
4085   80
1228   70
4954   80
1961   70
40819   60
74685   70
4224   50
60161   80
4052   60
3693   70
5313   50
3704   60
48520   50
6   80
8531   50
1093   70
7846   50
1460   70
4248   20
2692   50
765   60
3210   70
2174   70
2502   90
2133   60
40815   60
7222   80
80846   70
2890   80
1261   90
1753   70
3617   70
2959   100
968   60
74075   20
2772   70
6323   80
56715   70
1777   70
4223   80
2529   80
7285   70
2115   80
2986   70
44   80
37384   80
1702   70
778   80
55721   90
61024   90
592   60
2059   60
181   70
2542   70
8142   70
4886   70
85414   90
3616   70
45210   80
48394   70
6378   80
63436   40
59306   20
73268   70
46723   80
3052   90
801   70
2713   70
66427   60
47640   70
54001   60
1370   70
3408   60
4643   40
546   40
7247   70
208   80
6264   60
2710   40
1732   70
3114   80
4022   60
81229   70
5816   60
653   60
54997   80
216   70
608   60
1500   70
5588   70
33158   40
786   70
6014   40
62511   70
2232   80
3916   70
51662   80
72378   40
80489   80
3439   60
3717   70
70286   70
53972   80
56251   80
58803   40
33679   50
594   60
3054   70
1580   60
3857   80
56152   60
2799   60
2606   80
78266   70
79274   70
4735   50
616   70
4748   60
3799   60
1975   50
59315   70
368   70
79695   60
4167   70
62956   80
71535   80
3235   70
2001   50
7324   70
1831   50
65126   70
4232   70
4974   70
541   50
3265   70
60   70
73929   70
20   70
59387   70
631   50
3753   80
223   80
68791   50
71156   70
1923   70
77455   70
41566   50
2701   50
1476   70
3275   90
4370   60
2572   60
8972   70
2717   60
61705   50
47610   80
43928   50
3286   50
69526   60
3510   70
3019   80
52885   70
80363   40
5151   50
2160   70
158   70
39446   70
78041   60
1438   70
3949   90
7439   80
1387   70
6559   70
58559   90
56145   90
364   80
3698   70
1556   40
2605   70
2628   50
3639   80
73017   70
2907   60
33493   80
8578   70
2723   70
661   60
71500   50
2782   70
53435   50
3979   60
30894   40
2719   40
5956   60
1394   70
4367   60
1291   70
6664   70
4890   40
2167   80
53996   50
6156   50
52328   60
3535   100
2060   80
33085   50
6196   70
7361   100
39400   20
2028   80
1029   70
44022   70
2571   80
64839   70
79293   70
30810   70
1884   80
36525   40
26776   70
46578   80
5909   60
69   80
2003   90
3000   80
4310   30
1682   90
5266   70
60684   80
842   70
542   70
551   60
2808   50
7458   80
6213   70
6947   60
1015   70
1089   90
3146   70
7258   70
1848   70
5803   30
3409   70
59784   60
2716   70
59727   40
239   60
35836   60
250   60
31878   60
367   80
4728   60
27772   50
27618   70
4963   80
3386   60
3676   80
6040   60
6383   40
330   80
53953   80
4270   70
837   70
2231   70
344   90
2694   70
1080   70
60291   80
5618   80
2012   60
3424   70
520   70
593   80
27311   70
63082   80
2918   90
742   70
2798   50
8665   50
1203   70
711   50
6541   60
380   80
3177   70
7368   70
44974   70
41569   60
45517   70
2770   40
4149   70
3908   20
1544   30
55247   70
6659   80
74789   60
31658   80
1193   90
1270   70
30707   80
575   60
5219   80
26242   70
80139   60
8917   50
5165   80
6888   50
4239   60
55282   60
1997   80
4519   60
170   50
27904   80
44929   80
4989   70
1717   70
5891   60
750   80
2395   50
6863   50
832   70
2846   90
5254   60
1681   50
908   70
1646   70
185   60
3147   70
72129   60
3253   70
2019   80
6796   70
5218   70
3156   60
377   70
5502   70
3362   90
1347   70
33615   80
163   70
64614   80
1255   70
5452   70
1005   70
4958   50
7064   60
78469   70
56775   60
1350   70
2279   50
67186   40
4848   80
5478   50
4446   40
86   70
1515   60
8810   40
671   70
2315   70
5574   70
44397   80
2517   70
2448   70
6754   50
55232   30
45499   70
6687   40
6593   40
68486   70
5265   80
60538   70
8984   40
799   80
2726   80
8908   70
1367   70
3355   40
4545   60
4226   90
29   80
68954   70
1218   80
87   60
2974   50
7360   80
69275   80
6618   60
1025   70
4732   30
5621   40
2687   60
2700   80
1970   80
2951   60
4744   60
2470   30
2860   70
33834   70
26492   80
53468   60
1380   50
1278   80
44828   80
6774   70
34150   40
2087   60
74458   90
2641   60
2033   60
52281   80
79132   100
3016   70
6333   80
3499   70
3696   80
6957   90
886   60
3786   70
101   70
42285   60
51540   60
5944   20
66297   70
72641   70
858   70
4386   70
45722   60
27801   80
4683   80
1726   70
34319   70
480   70
293   90
3990   40
7321   70
1258   90
2335   60
8949   50
172   50
527   80
1967   80
5556   20
543   50
81932   80
48877   60
919   70
74795   70
2712   70
1968   80
5569   70
1136   70
2301   70
37475   60
8961   70
1644   70
165   80
27773   70
1036   80
36509   70
805   70
6764   70
6615   50
62434   70
2   70
1748   70
1707   50
2054   40
1274   80
6820   70
93   70
2657   70
53519   30
37380   40
2514   50
818   40
2402   70
54286   60
2797   60
3703   80
37727   50
6755   70
4233   70
48   40
32   80
2424   30
3793   60
6807   80
3421   80
3911   60
5110   80
2581   60
1345   70
57640   70
1288   60
69251   70
2194   60
317   60
3534   50
4388   60
46976   30
6936   60
4373   40
51498   70
3438   60
8464   70
3863   70
3968   70
1253   80
16   90
2005   80
61248   70
8783   40
3986   80
54259   60
1982   60
1431   70
2354   50
6242   60
56174   80
555   60
7163   40
2858   100
2170   60
6564   50
4340   40
26974   50
180   70
2268   50
590   80
275|306
2144   80
2890   100
440   80
3424   100
101   100
4345   100
5034   40
2858   80
1187   100
1148   100
2700   80
3897   80
4378   100
300   60
3267   80
2247   80
593   100
5938   100
4973   100
4901   60
908   100
3983   100
3163   100
17   100
2964   20
1633   80
5991   80
1653   60
6122   100
1304   100
461   20
994   80
4285   40
3882   60
2396   80
3925   80
1208   100
2323   100
4873   40
2580   80
3751   60
5505   60
4529   80
4848   80
6001   100
903   100
5418   80
176   80
1079   100
4235   100
4728   100
3108   100
535   100
3730   100
1958   100
2020   100
4571   100
3504   100
4809   100
1414   40
921   100
1953   80
2752   80
4816   100
3261   80
913   60
2542   80
1259   80
951   100
4903   80
480   80
1968   80
5816   40
356   60
1944   80
260   80
1945   100
1186   100
2384   100
1639   60
1358   100
905   60
2937   100
4361   100
5810   60
4448   80
541   100
1270   80
5060   80
32   100
1674   80
2819   100
3039   100
2470   40
4116   100
1641   60
778   100
3793   40
1533   100
345   80
5745   100
1213   100
2357   80
1220   80
1904   40
3083   100
348   100
2395   100
4023   80
1747   80
3362   100
2624   100
858   100
3967   80
1635   100
1333   80
4011   80
1663   100
2791   100
1041   100
3468   100
2463   80
3911   100
556   80
587   60
2186   100
4489   80
194   40
3421   100
3526   60
2352   80
1625   100
2716   80
5225   100
5485   40
4291   100
3910   100
5049   80
916   60
5187   80
1952   60
1230   100
4628   60
1265   100
6156   80
3046   100
1084   100
5669   100
4034   100
4205   60
2174   100
2935   100
5723   100
3360   80
2134   60
3578   80
5650   60
4384   60
4017   60
5299   20
1206   60
5620   40
1219   80
1394   100
2917   100
3418   100
2997   100
1296   80
5803   40
39   80
1210   80
372   100
4993   80
4211   80
4239   80
246   100
5329   60
1042   60
5339   100
1198   80
2599   40
2064   100
4061   100
2959   100
1266   100
3783   80
1222   100
1500   100
4226   100
3302   100
3435   100
3134   40
5349   80
562   60
1580   60
4102   40
5135   100
2212   80
5258   40
4334   100
1923   40
283   100
4002   60
4214   60
4978   100
1097   80
3591   100
2731   80
1095   100
912   100
3408   100
2915   80
1694   60
1299   100
3255   80
3361   60
1307   80
3246   100
3852   20
5637   100
2150   100
2054   40
5572   40
34   100
4308   40
5377   80
1094   60
4621   40
2000   60
5603   100
2073   100
6218   100
1594   100
5325   60
1883   100
1962   80
3175   100
3741   100
4223   80
1280   100
2824   100
1610   80
800   100
5218   40
1197   100
4037   100
5147   60
2330   100
3210   100
1179   100
3996   80
3160   20
1267   100
1199   80
2069   100
3481   80
852   80
1120   80
3994   40
5013   100
1617   80
1193   100
527   100
1406   100
1278   100
5952   80
1221   80
1   100
3480   40
4306   60
2761   100
337   80
3260   100
2110   100
954   100
6254   100
2575   100
5902   100
4016   60
1704   80
298   40
2571   100
1089   100
446   20
4967   100
4499   80
1683   100
2671   100
1188   60
1300   100
3328   100
1123   100
1466   60
3359   100
3429   100
190   60
3471   100
21   100
4066   60
1225   100
3038   100
1228   100
2797   100
5878   80
3192   60
608   80
276|25
1   80
637   80
784   100
19   80
135   80
260   100
364   100
837   80
1196   100
653   60
1391   100
765   80
370   100
736   80
745   80
1270   100
333   100
231   80
5   60
780   100
62   100
88   100
1042   100
609   60
728   80
277|17
1167   60
719   80
1359   60
653   80
1043   60
1356   100
1391   100
737   60
62   40
32   100
849   80
788   60
104   80
786   80
836   80
880   80
1073   60
278|12
50   100
2109   30
527   100
2144   70
4321   60
880   70
3105   90
2427   90
203   80
3396   60
2352   90
54272   100
279|124
541   100
61024   70
109374   90
112183   90
924   80
112171   80
83134   70
48780   90
2959   70
89745   60
80463   70
3578   70
70286   80
111759   90
112138   60
38061   80
82459   60
588   40
1544   80
63131   40
7153   80
104879   100
1676   60
2028   80
7438   40
140174   70
164179   80
8874   70
47610   60
107069   50
55363   100
1240   80
115149   90
608   40
2918   50
1   60
55820   70
96737   70
2502   80
96079   100
4886   60
175303   100
3753   60
593   80
1247   70
2571   90
2716   70
1213   70
115569   90
5903   60
80489   80
49272   70
91529   100
8950   70
72641   40
71838   70
2288   100
110   80
93838   80
4816   80
57368   60
1222   80
1036   100
64614   80
97304   70
99112   60
68319   60
112552   70
4027   100
51255   80
98809   60
54503   50
2858   70
3527   100
377   70
168248   80
2797   40
91542   60
112556   80
48774   90
97306   60
1732   80
1291   90
6874   60
94864   60
1210   90
318   90
296   100
85414   70
71535   80
1370   60
57669   80
5418   70
97938   60
152077   60
101864   60
69640   60
2329   70
72998   40
104   70
33794   80
68237   90
33493   60
780   80
73017   60
858   80
2791   70
480   80
161582   80
1214   100
6664   60
5378   20
4223   50
160438   40
44191   80
122904   80
1270   70
260   100
122882   90
158238   60
648   80
104841   70
74458   80
119145   80
280|140
4963   90
80549   100
2718   80
96821   100
8228   60
91077   90
441   90
1393   90
27   90
1020   90
2859   100
3755   90
2581   60
52973   100
50   90
58559   90
8937   90
1270   70
64957   70
3897   100
916   80
4880   100
277   60
597   80
1721   80
52245   50
1035   100
65230   70
1247   80
367   50
67788   70
2683   50
2005   80
56949   60
1207   80
6944   80
19   60
31685   60
2352   80
4018   60
7   90
93510   80
91104   80
1569   80
8641   80
585   50
351   70
231   60
104   60
4308   50
64614   80
91500   100
8376   70
215   90
78772   80
58803   90
86882   100
4039   80
2541   80
3253   50
2694   80
364   90
68135   90
1923   70
4306   90
7451   100
71619   80
1580   70
63082   90
50442   80
41566   70
40815   80
1197   70
2762   90
45447   80
63992   80
73266   60
1951   80
2572   80
910   60
4310   80
1   90
500   70
3489   80
2105   40
2396   60
1042   80
586   80
60069   80
7445   90
3114   80
71823   70
3210   80
7669   90
356   80
5025   50
4816   80
79132   80
1485   50
3565   70
62155   90
33672   90
2052   80
6218   60
5299   60
5989   90
41573   90
86833   100
69757   80
902   80
1917   70
4973   80
788   50
595   90
56367   80
1213   100
94677   30
49286   70
2485   70
4896   80
50912   80
70984   40
88405   70
55247   90
51705   80
3176   90
7346   100
45720   70
65585   70
4649   80
1028   80
81845   80
5103   100
2706   60
61024   90
67087   80
3948   90
5816   80
6539   70
216   70
281|12
252   60
51662   90
428   70
1515   30
4214   60
2858   70
2329   80
2023   20
2694   60
362   40
1381   60
3911   70
282|173
2468   60
4306   90
47610   90
2908   80
72998   80
4226   90
500   80
3481   80
2997   90
2502   90
3252   80
2797   90
2398   60
3114   90
32   80
30812   90
4246   80
1954   80
106782   90
49822   80
6807   90
1704   90
1732   80
1645   80
912   70
5299   80
413   70
2115   80
4262   90
2948   80
8665   80
111   80
3821   40
30749   80
139385   90
6539   80
79132   90
2012   90
69122   80
26614   80
2378   80
480   80
2539   80
2795   80
318   90
51662   70
2471   90
5989   100
45720   60
6   80
4447   60
1307   80
48738   90
1584   90
6104   90
8874   70
41716   80
8360   80
7438   70
1258   80
2470   80
44195   80
5218   90
5010   80
593   80
750   80
858   100
1080   90
597   70
6936   60
1466   90
2355   80
1203   90
1028   90
103335   70
3254   80
4886   90
40819   80
2268   80
2064   70
1136   100
3785   40
2375   100
4874   80
4007   90
5900   70
68157   70
648   60
134130   80
91529   80
63082   80
3147   80
1073   80
2717   90
1517   90
8961   100
1784   80
4499   100
2716   90
1265   90
3039   100
1213   90
50068   90
4816   50
2019   70
2379   80
344   40
5956   90
73017   50
4873   90
2542   80
377   70
2788   90
49530   90
31   90
3301   70
4034   70
2329   90
2762   90
589   90
5418   90
5810   80
46976   90
1884   100
356   90
1270   100
1201   90
48780   90
1   90
2011   100
1240   90
4018   60
1961   90
2571   100
296   80
3578   80
59315   70
44555   90
1968   80
4022   80
49272   80
10   70
1610   80
6188   60
2918   90
6377   100
1079   80
1682   90
1298   100
50872   100
4239   100
4963   80
3174   80
1220   80
4017   90
5349   80
39183   90
3535   80
919   100
7004   60
4979   90
592   70
923   20
2231   90
80906   90
6059   90
2858   90
8622   90
4025   60
1721   60
6874   60
1947   60
16   80
283|22
110   100
608   80
1641   40
587   40
1120   60
1393   60
1148   40
1500   40
593   80
318   100
1210   80
500   60
1517   80
70   60
1569   40
788   80
69   80
1918   80
63   60
1541   60
2124   60
785   60
284|56
442   80
256   60
585   80
327   80
223   100
303   80
351   60
410   60
39   60
592   100
236   80
704   60
589   100
376   80
255   60
252   80
20   20
349   60
736   80
267   80
32   100
595   80
420   60
588   100
370   40
21   60
145   60
185   20
224   60
186   80
10   80
357   80
208   80
216   80
19   80
338   80
153   60
333   80
237   100
434   80
355   60
413   80
552   60
590   80
172   60
433   60
435   80
520   60
440   80
168   20
356   100
231   80
415   60
480   100
380   80
110   100
285|22
1333   80
1276   90
1104   100
5995   80
3897   40
903   100
1304   80
474   70
912   100
1252   100
1093   50
109374   80
1704   80
1968   100
6787   80
1103   60
3481   40
3296   80
1285   50
1219   90
858   100
111   100
286|68
1407   60
1580   60
2706   30
3897   70
1193   80
3578   70
158   60
1917   80
2572   60
1527   50
1732   60
4148   90
47   100
185   80
1721   20
6377   100
4022   80
1036   90
593   80
597   70
455   80
6539   80
4571   50
2000   60
4718   10
3147   100
5218   100
6218   60
5445   40
1370   60
509   70
2762   100
6373   60
5349   70
2571   90
337   60
4226   90
2329   100
39   70
5952   90
4011   100
1682   80
2692   70
7   70
1625   80
364   100
6863   60
1923   60
653   60
6874   100
2995   70
2001   60
1396   60
4034   80
1961   70
7153   100
1183   60
6365   30
3499   90
1088   70
150   80
4306   70
6   90
527   80
3994   90
368   60
508   90
2710   70
287|105
1968   90
1644   10
2797   60
1373   10
16   40
2908   80
6936   60
1411   70
2791   20
1921   90
2505   20
1639   40
6188   70
4259   60
4973   100
4903   20
2762   40
471   90
1270   60
2291   80
1101   10
187   90
6565   50
5992   100
6552   50
5791   90
1208   70
1407   50
648   20
5527   50
8373   20
1753   60
6711   100
2918   60
4979   100
832   30
3793   10
3556   80
4848   80
1917   10
2692   50
4993   80
1500   40
27822   20
5505   80
6620   100
2471   10
5066   10
1206   50
1682   70
5378   20
2392   10
48   20
7649   10
5673   100
1777   60
1359   10
2959   80
29   90
3034   20
2193   70
2966   90
1405   30
3033   80
4963   40
1972   10
5989   50
799   50
8937   80
4954   30
5630   20
1090   60
5804   10
370   30
6296   100
1197   70
7117   10
2997   80
2747   60
8368   80
608   90
1732   70
3916   30
551   80
4027   80
6873   20
50   70
4642   100
8958   30
5952   80
6944   20
3911   80
1380   10
1784   50
337   80
5876   70
247   100
4878   90
2174   80
3398   70
3949   100
6331   80
671   80
1527   80
4299   10
288|828
2716   60
30825   70
3397   60
4643   60
3702   40
2400   60
4023   60
3198   100
2100   80
5464   80
8949   90
904   80
3476   80
2423   40
6539   80
1231   60
2289   60
2089   60
6645   70
4815   80
590   100
412   60
3424   60
3572   60
3494   80
1304   80
2989   60
3156   60
2871   80
1097   100
56339   70
2112   70
239   40
2078   60
1015   40
3157   60
1307   90
3048   60
2615   40
1377   60
457   60
4047   60
2458   60
3508   60
1515   40
1371   60
59501   60
46967   50
1375   70
205   70
1969   20
1653   80
1704   70
2053   60
1090   90
370   70
1266   80
1909   70
3524   60
2410   40
4480   40
3175   80
3108   100
21   80
3313   40
6753   80
5   40
5784   50
3174   60
1302   60
6534   70
2016   60
3649   40
4898   50
235   100
2717   40
5505   60
879   40
3985   60
1201   80
354   80
3331   40
1425   70
296   100
595   80
7149   80
53125   50
3974   60
3638   80
2373   40
2890   80
6003   80
1286   40
1283   60
34048   60
1256   80
2013   60
1101   60
318   100
2121   40
1994   60
1036   60
110   100
5459   50
4344   60
1299   80
6377   70
3210   60
6378   70
1721   60
2122   20
963   60
1240   60
2371   20
5040   60
8372   60
3957   40
2245   60
45499   80
2613   20
5171   40
31923   80
2248   60
924   100
2657   40
42732   80
3785   40
432   40
2021   60
4963   70
8879   80
2259   40
3927   40
1246   60
3863   60
466   60
524   60
2997   80
2163   40
2043   60
2642   40
6711   70
7147   90
4062   60
1984   50
3948   70
3189   70
2734   70
4880   40
2291   60
58559   90
8781   70
7162   60
4343   40
2116   60
1234   70
1873   60
2805   40
1261   90
1079   100
923   70
2142   60
2046   60
3101   60
42011   50
2473   40
3342   60
4443   60
3363   100
8784   50
4042   60
1252   70
40819   80
2759   70
125   70
6786   80
2498   20
2530   40
2110   60
36527   60
1204   100
3635   60
1957   80
1693   70
4036   60
33794   90
3087   60
60760   50
2728   60
5060   100
45440   80
2040   60
2000   60
383   40
3244   60
3070   60
5267   70
661   70
1663   60
2194   60
2150   60
1321   40
5377   80
1253   60
5388   80
1953   80
474   60
2369   60
4916   60
480   40
1711   40
3253   60
2393   70
2380   20
30822   80
2352   60
349   60
2376   40
5902   80
1485   80
553   60
2005   60
2312   60
48385   80
4994   70
1298   60
2902   40
1012   70
2011   90
1592   20
2966   70
2948   60
2501   80
3806   60
3161   40
2402   20
3984   60
3105   60
6874   80
1206   80
3169   60
3937   60
2668   70
2316   40
1208   90
2241   40
2424   60
3269   40
10   60
4022   70
2118   90
6593   80
3591   40
3033   80
7153   80
8880   80
3471   80
1327   20
1960   80
27618   40
440   70
31427   50
1127   60
527   100
1552   80
2018   60
2411   20
2739   80
39400   20
3167   60
2617   40
7090   80
1391   80
2429   60
1179   60
2236   60
260   100
39292   80
1954   100
1499   60
920   60
2794   40
249   80
8636   90
3771   60
2124   60
8965   70
3018   60
3552   60
1393   60
2944   60
1389   20
4027   100
4011   60
34528   60
2779   60
4975   80
44195   80
2450   20
60514   50
43460   60
5528   80
4506   60
1291   100
3668   60
37729   70
3753   40
2146   40
2628   80
7438   80
2946   60
380   60
4941   40
8874   70
2866   60
48304   80
2916   60
4953   50
1682   80
2396   80
3980   80
1357   70
6617   70
2529   100
1588   60
733   60
2033   60
2144   70
1372   70
2539   70
2863   60
4041   60
3506   60
42418   80
2174   70
2301   60
57669   100
7619   70
48   40
3354   40
1213   80
43   60
1617   90
1005   20
42004   70
3770   40
838   60
4009   60
616   60
337   70
2   40
73   60
2455   60
3699   60
1019   60
3034   60
1258   60
2152   40
3345   60
1674   80
2014   40
2719   40
161   60
1263   80
3418   80
2919   60
3766   20
1061   60
4010   40
5618   80
3368   60
2470   70
1603   40
3869   80
7361   90
3519   60
2313   60
1242   80
4535   40
1193   100
780   20
1   90
111   70
1806   40
5952   70
1958   60
2527   60
45447   60
2286   40
8910   80
34437   60
4709   60
3204   60
5816   60
2454   60
1660   60
53953   70
48416   50
40583   80
3994   90
6565   80
2020   80
2857   60
2526   40
7254   70
54997   60
6333   70
45501   40
4008   70
2405   60
2616   60
2009   60
2087   60
2050   40
1513   60
1920   60
1196   90
256   60
968   60
4979   60
7380   60
1199   80
3016   60
1125   80
3755   40
2537   20
5428   20
2134   60
2518   40
34162   80
2015   60
2502   70
2114   60
2395   70
3213   60
813   60
1641   80
1197   80
1722   40
5638   40
8984   60
1135   60
3676   60
3489   40
1616   60
3827   70
47950   70
35957   60
3784   60
2096   60
2460   60
2028   70
2641   60
3703   60
3074   60
3060   80
2427   60
1580   80
4896   70
1287   80
1013   60
4992   60
1547   70
2990   60
3654   60
1022   60
4043   80
1591   60
802   60
33679   50
2720   40
588   80
541   80
4226   90
3020   40
410   60
2710   80
2915   60
5378   70
3918   20
59315   80
3672   60
2851   40
1584   80
3361   70
1265   90
34   80
1983   40
3104   70
8368   70
785   100
783   60
1732   100
7143   80
3317   90
597   60
7150   80
2418   80
2947   80
1278   80
6620   90
1527   80
1665   60
3441   40
2471   60
3868   70
919   70
2918   70
1020   60
8376   80
1288   80
1148   80
33493   90
54001   70
2083   60
2115   70
3971   60
4459   80
551   80
1031   60
1025   40
8961   80
3359   90
1982   80
36401   60
4987   20
1562   40
3623   20
3671   80
2294   70
68358   70
1042   60
4719   60
5957   60
5944   60
1961   60
4890   80
908   60
2797   80
2117   40
2640   70
1214   60
1080   100
8959   40
153   40
6947   80
4816   60
7362   70
3551   60
1952   80
5989   70
2701   40
3769   60
3793   70
1259   70
899   80
3095   80
6936   80
52319   90
1275   40
8528   80
1027   40
1129   40
2384   70
986   60
1269   90
2379   20
2359   80
1017   80
55768   60
594   90
273   40
2959   70
2852   80
1010   70
2524   40
5103   60
2949   70
2551   80
2420   60
17   70
377   60
586   60
2139   60
1094   80
2770   80
45517   60
2098   60
69122   80
3740   70
266   60
2991   80
32009   40
3751   60
1035   60
1198   100
4993   100
8807   70
3798   40
2403   40
3308   60
48696   80
2531   40
3767   20
2120   40
3846   70
1220   70
5015   60
37736   70
711   40
585   60
608   80
4865   70
6959   50
1544   60
2496   80
4370   60
3176   60
880   40
1011   60
34323   70
2795   60
2072   60
6303   70
1962   80
2872   60
4238   40
1784   70
8464   60
8970   70
5025   80
1200   60
2054   70
4110   60
3833   40
2374   40
2001   40
647   60
1345   60
1587   80
4874   80
39414   70
1408   60
8665   70
3614   80
7367   50
58998   90
3708   40
1566   60
4019   60
3500   60
33166   80
2533   40
1215   80
2133   60
7158   70
47261   50
3271   80
2105   60
1373   50
2090   60
1388   40
42007   60
3250   40
3040   60
1194   20
3100   100
500   60
7151   70
1387   100
1023   100
2987   60
2788   80
3263   80
1610   60
1550   60
1292   60
33164   50
1250   70
56174   50
5881   70
6297   80
2035   60
2094   60
3926   60
1009   60
7028   80
2687   60
1848   60
48082   70
3928   70
1919   60
1343   60
5065   60
1367   60
39183   90
788   40
356   100
3959   60
6373   60
60126   70
2355   60
87   60
2662   60
1290   40
2761   80
32   100
3360   60
6873   70
1947   60
912   80
1021   60
5462   60
5048   60
3159   60
2051   40
8640   60
3893   60
991   40
3688   20
35836   90
2416   60
54995   90
2372   20
3690   20
3998   60
648   20
4467   60
2123   40
36509   50
2065   60
7255   60
3044   60
4522   20
1500   60
1007   70
2109   60
4016   80
2336   60
7293   60
40629   70
784   40
27788   60
3689   20
45668   60
3527   40
33004   70
6337   70
3421   100
1083   60
2081   60
2012   70
2329   90
2367   60
5445   80
253   80
4000   60
2792   70
3015   60
1297   80
4886   90
589   80
1924   40
2414   60
5630   80
420   40
3526   60
596   70
3098   60
5497   60
2985   80
2421   40
1024   40
31700   70
4148   40
2080   60
1032   80
45028   80
2085   60
54503   60
1646   60
3578   40
3168   80
8641   80
2532   40
48780   70
40815   70
750   70
3763   60
3081   70
1064   40
3704   80
2921   60
688   60
3039   60
2699   80
8360   70
47610   70
3247   60
4720   60
2034   60
2378   20
1748   80
5349   80
1093   80
6942   60
2567   40
4005   60
5522   60
40959   90
2147   40
1084   80
3809   60
158   40
1016   70
3260   60
362   60
2136   60
47   70
6755   70
6305   70
12   40
2243   60
1282   70
151   80
1923   90
1225   80
534   80
290|197
1957   80
448   80
2067   100
1079   80
1147   80
111   100
3341   80
3738   80
1089   80
523   80
866   80
3201   100
1961   100
1834   80
1270   80
2699   60
3608   80
1912   80
1729   80
647   80
1945   100
924   100
2321   80
2329   80
2394   80
25   80
750   100
1231   80
1674   80
2333   80
1254   100
2352   60
1263   100
2987   80
2788   80
3260   80
3421   60
3671   80
1282   100
903   100
1387   100
3250   60
1219   100
326   80
1084   100
188   60
246   100
509   80
1947   100
1952   100
2762   80
1094   80
2858   80
260   100
497   80
150   80
34   80
2336   80
1967   60
2366   100
1250   100
2529   80
3152   80
1258   80
1307   80
3435   100
3476   60
3741   80
1358   80
535   80
3246   80
595   80
2890   80
3702   80
2932   80
11   80
1196   100
930   80
3334   80
300   80
1927   100
1225   100
227   60
971   100
2013   80
900   80
2020   80
318   100
3011   80
1050   80
3007   80
1344   80
2660   80
1221   100
2384   60
24   60
1252   100
2935   80
593   80
2770   80
2917   80
1186   80
912   100
3444   40
1097   100
3735   80
1939   100
2066   80
2565   80
2391   80
1208   100
3095   100
2618   60
1333   80
1962   80
2268   80
1964   80
3362   80
2289   80
1960   100
1136   80
1641   80
1997   80
1096   80
2599   80
2240   80
3219   60
1617   80
1224   80
431   60
1214   80
1304   100
2549   40
1699   60
3713   80
1204   100
1704   80
951   100
2396   80
36   80
541   60
2028   80
1283   100
3006   80
1266   80
918   100
3217   80
129   40
969   100
457   80
800   100
3634   80
2937   80
1240   80
1120   80
3089   100
2915   80
1269   80
858   100
1213   100
2761   80
230   60
1944   100
915   80
2988   80
2919   80
1670   60
3703   80
407   60
50   80
2313   80
3105   80
2936   80
919   100
1345   60
968   80
2682   80
2369   60
938   100
1287   80
1242   100
2827   40
599   80
2791   80
904   100
527   100
2439   60
1086   80
1179   80
955   100
373   80
1233   80
3559   80
1234   80
3307   100
1446   80
3730   100
291|19
88140   80
54001   100
118696   80
102125   80
72998   100
8368   100
4896   100
50872   100
58559   100
69844   100
5816   100
122904   100
59315   80
81834   100
4993   60
5218   80
102007   60
60069   100
77561   80
292|340
2571   80
2278   80
2501   90
3578   60
86880   80
26322   60
60074   70
71535   80
79091   70
2115   80
2401   60
5445   80
8132   80
56775   80
2085   90
8984   70
34162   60
2568   40
71530   60
2000   90
60040   60
3421   80
6377   70
592   70
53972   80
79293   70
91542   90
1499   20
3745   60
45517   80
96121   20
68597   80
3893   40
3793   60
2529   60
1228   60
62   60
3316   40
114180   60
597   70
81847   60
3916   80
45722   80
1097   90
594   60
62081   80
2302   80
110   50
1610   80
2027   20
106696   80
87522   80
64957   70
4102   40
4776   40
90249   70
65088   70
68954   80
2716   80
72641   80
88744   70
72998   80
129937   30
2122   30
6539   80
3256   80
63540   20
103772   70
4963   60
2918   60
113345   30
780   90
65230   60
6808   90
101864   80
80463   80
5400   80
69278   50
1214   60
135133   80
65802   60
4701   60
1073   90
53996   90
356   90
94959   40
4830   80
78469   60
8644   70
3360   70
2989   80
108190   80
102407   40
2657   20
4886   80
1193   50
2701   60
2720   60
3386   40
91535   50
41566   70
587   70
7720   70
2763   60
1663   60
104841   70
84954   80
2948   80
80363   80
8383   20
2712   40
1907   70
106072   70
87430   70
1370   80
2533   80
440   70
3633   80
952   80
3751   60
26614   90
1848   60
64614   40
4899   60
63082   80
3836   90
3555   60
2761   100
45447   80
1   80
3552   70
2080   60
2762   80
83613   60
60069   70
103253   80
367   50
3418   60
103042   50
7569   80
1022   60
3593   40
87232   90
5504   80
968   20
7570   80
5299   80
3717   60
2990   80
3527   70
3755   40
49530   50
4022   80
97923   40
41569   80
101362   60
63113   80
3114   80
115617   80
2915   80
653   80
3157   60
5218   80
34   70
93363   70
494   80
62999   60
4901   80
318   100
593   60
2001   80
2028   80
6297   90
2628   80
33677   70
85414   80
3624   60
2167   60
166528   80
434   60
1393   80
1270   80
3861   60
3098   60
500   80
79242   20
586   80
122882   50
5349   80
63859   80
73321   70
67197   50
161   80
6753   80
78499   80
3175   80
19   30
1240   80
69122   70
2555   40
2987   80
70286   40
2406   60
6979   70
127323   20
73017   80
90890   30
344   40
32   40
364   90
49272   70
3871   80
100498   70
45672   40
3623   80
102445   80
1302   60
4085   70
79132   60
8961   70
3959   80
2011   80
2694   40
96079   80
2012   70
2797   70
8360   60
130576   40
1917   60
3946   20
4047   60
2403   80
101142   60
3483   80
3450   60
1035   80
53460   60
86817   50
53125   60
380   80
31685   60
2710   10
1552   80
86332   80
5816   70
1307   60
4993   70
102903   80
92192   40
103335   70
4321   60
94777   70
3948   40
2376   80
2268   80
4816   40
3173   20
85131   70
87869   90
2683   60
923   30
1021   70
3988   60
4005   90
3147   90
3615   60
165549   30
7573   80
91485   70
2949   80
3682   90
5444   80
55276   70
106487   90
377   70
1676   60
5108   40
3744   40
5378   60
88810   80
1544   80
608   40
102125   80
91500   90
733   80
457   80
88140   70
858   80
4025   60
260   80
103341   70
2355   60
4386   60
59369   70
87306   80
70361   60
1396   70
2828   20
3033   40
3639   80
3269   80
102123   30
97470   20
2916   80
72011   60
69526   70
68554   70
2005   60
1207   90
914   40
7153   70
59784   70
30793   70
116823   90
80839   50
81229   60
1291   90
165   70
103249   70
588   80
3654   80
50872   80
5480   60
111360   40
53464   60
58299   60
68793   80
77561   90
85020   50
119145   80
3086   100
115231   50
95441   30
113378   60
89492   60
1276   50
5952   70
91658   30
44199   80
3635   70
293|12
2003   40
593   80
3744   40
742   40
4558   40
608   60
2421   60
151   60
743   40
3646   40
5313   40
1917   60
294|333
2060   40
1234   60
2720   40
2302   60
440   60
3396   80
3544   60
1221   80
2736   80
1127   40
296   80
2387   80
70   80
2073   60
1367   60
3253   80
3412   40
1262   80
2792   80
370   60
1078   60
1445   60
2395   60
1431   20
1855   80
2042   40
998   40
2041   40
60   20
3685   60
2006   40
2468   40
1665   60
2700   60
2088   20
1441   80
1270   60
1049   60
170   40
653   20
2643   20
1641   40
3130   40
810   20
1615   40
345   80
378   20
1275   100
455   20
1552   40
2094   60
438   60
1020   80
2477   40
3235   100
1711   40
952   80
1372   80
3043   20
303   60
2321   40
3763   60
3836   60
2450   20
2641   40
1030   40
637   60
3397   80
10   60
2799   20
3261   40
3168   80
3388   20
2109   60
1379   20
317   40
485   20
1707   20
2167   60
368   80
2423   80
2253   60
387   40
2352   80
2798   20
2379   20
275   40
587   40
1373   60
2003   80
135   60
2470   40
329   80
3040   100
852   60
2046   40
2421   40
107   60
555   60
2027   20
349   40
1884   100
2335   80
1230   40
466   20
3042   40
3072   20
590   60
2375   20
1381   20
173   60
2023   60
50   60
3774   20
3385   80
1923   20
470   20
1254   60
2709   80
2889   60
2405   20
234   60
1091   60
2278   60
3041   80
420   40
514   40
3210   80
3248   20
3524   40
2148   100
1476   40
3301   40
356   100
2054   60
673   80
2174   60
1198   80
2194   80
1591   20
357   40
671   20
1440   20
2373   60
3667   20
489   60
543   40
2111   40
1731   20
597   20
3398   60
1953   80
3564   20
866   80
47   40
663   20
3489   60
69   80
1376   100
372   20
2986   20
2915   100
542   60
493   60
367   80
2001   80
3608   20
2478   80
3363   80
1356   80
809   40
1374   80
1019   40
2100   60
892   60
1732   100
21   60
432   20
1396   80
2383   20
293   60
2381   20
2797   80
711   40
1395   40
1968   60
592   60
39   40
304   40
153   60
2496   60
1215   80
2072   20
316   60
2124   60
1196   80
198   40
2170   20
3689   20
2987   60
3525   100
1210   80
2408   20
2243   40
1021   20
2380   60
688   40
433   40
1845   60
1197   80
1291   60
3361   40
516   60
2038   60
1588   60
157   60
2502   80
431   80
700   60
2110   40
333   20
2916   40
2735   40
3052   100
419   20
2871   60
3424   40
2396   80
710   40
3764   40
2098   40
1276   60
239   60
1461   20
325   40
3247   60
2053   20
2000   80
2195   60
1179   40
1663   80
919   40
2431   80
3705   60
3699   20
3263   20
3178   80
910   80
1587   80
3698   40
2968   80
1918   80
3208   20
1858   40
2013   40
3773   60
2628   80
2296   20
2142   20
2447   80
434   20
3507   60
551   80
2723   40
1135   80
1911   20
1582   20
2382   20
1042   40
2406   40
1965   40
3254   40
577   20
1377   40
1371   80
1285   60
1126   40
2858   60
44   60
2134   60
3877   40
2301   100
546   20
3401   20
2081   20
1689   40
2879   40
415   40
999   40
2617   60
3104   60
1375   80
3362   60
552   40
2473   60
417   100
3506   40
1259   60
1919   20
2779   40
3268   20
2918   80
1089   60
2616   20
499   40
2161   60
2005   60
608   80
1562   40
2002   60
518   40
2149   80
3255   60
3   20
1517   20
1967   40
441   100
2985   40
837   20
2011   60
2010   60
258   20
2064   80
1837   20
3701   40
2371   40
2249   60
2268   60
2917   60
588   60
2105   80
1500   80
2598   80
295|25
79132   100
32587   70
3755   10
1488   100
4226   90
50   100
2959   90
1089   100
1466   80
3082   50
296   100
4973   90
44555   100
1729   70
555   100
2986   10
2719   10
68157   100
29   100
70   100
6016   80
1020   50
1193   100
6874   90
2058   30
296|16
48394   90
2628   20
79132   100
7156   90
318   100
171765   70
166528   40
1201   100
296   90
5618   90
2571   90
110   100
33493   20
180031   70
356   100
65261   100
297|45
95   20
587   20
692   20
1407   20
589   60
1617   80
482   80
1037   40
164   40
1518   40
185   20
1483   20
707   60
1597   40
1358   80
748   20
608   80
293   80
1459   20
836   20
349   80
736   20
161   40
70   40
377   40
733   60
225   60
1732   100
338   40
786   20
494   40
1620   40
1608   60
50   100
165   60
172   20
849   20
1343   80
481   60
540   20
22   40
2952   80
47   80
319   100
100   20
298|735
6440   60
32031   10
83613   40
103980   60
1089   80
2021   70
114935   60
26471   80
101025   10
54001   60
665   80
115713   50
4167   10
1748   80
31685   40
4639   10
1746   40
4343   40
52458   50
71429   30
135567   50
5564   10
1266   70
5220   10
93443   40
2371   70
2692   60
2723   40
5902   50
126548   40
8368   60
54745   60
173   40
6338   10
1584   50
4027   70
6702   10
58315   10
74275   10
260   80
136449   70
71518   20
117529   60
85367   10
94864   70
81784   30
65261   60
64614   60
3688   30
3646   30
111   60
42725   10
5313   10
4247   60
1240   80
141688   60
55280   10
4153   10
4757   50
1079   70
2716   60
1230   60
86345   80
45722   50
50872   50
8937   60
93270   30
45666   30
88125   60
56775   40
78209   70
5254   50
102993   60
3210   60
68954   60
69526   40
68793   10
90249   20
67087   80
94677   40
6287   50
119145   70
88812   30
4718   60
34523   40
4149   40
87520   20
112290   60
2826   60
101112   30
94777   50
104211   50
3462   80
2700   80
442   40
98809   60
1220   70
3623   60
139385   60
103539   50
1923   50
80693   10
27904   60
2012   60
60040   50
1129   60
562   60
6503   20
2572   50
106489   70
61250   10
4248   10
112556   60
3527   70
441   70
85401   50
1921   80
55269   50
541   90
115149   60
53318   50
6709   60
56012   40
3968   40
139644   40
4886   60
82852   10
84615   40
8376   70
3949   50
112175   60
6264   10
55247   50
58156   30
93721   60
6554   10
59315   70
6754   50
73266   10
6373   50
6059   40
2   10
109374   70
1197   60
110102   60
42011   20
886   10
8361   30
76060   50
46578   70
72226   30
86377   80
3751   50
2109   80
62434   30
112183   70
4255   60
100163   10
47   80
69844   60
8810   40
80489   70
112370   50
1265   70
5445   60
106918   50
91323   40
66297   80
4388   40
36537   50
2985   60
6957   50
54995   50
107406   60
2931   80
1   40
135861   30
71899   60
71205   30
81018   40
4018   40
4963   50
109673   10
6016   50
140711   10
111743   10
48877   40
780   50
2485   10
4558   50
5816   60
103984   70
61160   50
97836   10
111113   40
7254   20
2571   80
58998   60
1208   80
3409   20
127098   60
38061   70
5784   10
81156   60
68157   60
81932   60
1210   90
6708   60
5505   30
3593   10
1954   50
5952   80
67799   10
63113   30
114662   50
140174   40
44840   50
1625   30
91094   20
2918   60
55830   40
158238   40
56367   70
8636   50
30825   40
66371   50
7293   50
16   80
5219   40
88810   50
1107   10
70641   10
1213   80
4900   50
8961   40
61323   60
4344   40
5945   50
57951   10
5481   50
64231   50
6620   60
6350   60
5942   40
131013   30
2003   70
58655   40
66509   70
5128   40
36535   40
51084   10
785   60
2959   100
589   80
1136   50
104   70
102033   50
39444   50
4015   40
106916   70
111759   60
7454   30
1517   50
2335   70
30793   20
8873   60
128512   10
5991   50
48304   70
37380   10
2060   60
52281   40
72998   60
65514   40
3852   60
58162   30
77561   70
76251   40
79702   60
3301   50
2115   70
67734   50
1278   80
65982   60
52319   60
3316   20
8914   80
62155   20
34336   10
96616   40
27808   50
4226   60
1732   100
3861   10
8533   20
109895   10
91128   50
80219   40
36525   50
72011   30
1779   40
163   50
2169   30
7153   80
5620   10
1753   40
1690   40
59258   10
293   70
54259   50
104069   60
3421   60
1476   70
6218   30
89190   10
1882   10
45732   10
97304   60
6773   60
4994   30
90888   10
90376   70
5900   50
72641   30
5047   50
5530   10
2502   60
8958   60
34150   10
1963   80
80463   30
5378   60
52328   60
63992   10
67255   40
180   70
555   60
1653   40
1127   80
6378   50
4878   70
136020   50
56941   10
4641   70
63479   40
333   60
4975   50
7346   50
26903   50
52245   10
5459   40
3477   60
106072   60
40732   50
27156   80
37384   60
59725   10
91630   80
55118   40
45672   50
134170   80
2683   50
6879   50
54004   10
46972   10
8622   50
32587   70
105213   50
5377   40
87232   70
2706   60
129354   10
6863   60
62113   30
1387   60
4823   30
62956   60
55292   10
3616   40
153   40
112552   70
128975   40
3955   20
99813   60
60074   20
5881   20
59421   10
127198   60
5989   60
216   60
118696   60
55290   60
142536   30
8529   10
96821   60
3996   60
85881   50
71520   20
68237   80
1320   60
2599   50
6281   30
69122   60
73017   60
3481   80
5524   10
45447   10
79008   80
6377   50
103228   70
89745   70
7048   40
1200   80
57368   60
53972   50
56801   40
38038   60
45499   50
6367   10
34405   80
7438   80
1221   70
104374   50
6548   30
79592   20
108932   60
3863   50
3987   10
94953   30
86347   60
59615   90
71745   10
87298   30
54281   60
57504   80
47122   10
79091   50
104863   10
112623   60
7373   80
858   100
5608   50
3300   40
104283   70
4270   30
1270   70
1261   70
1587   60
61729   10
7451   60
95088   60
7257   10
8814   10
70663   50
88746   40
140110   20
40815   60
3578   70
3307   60
3686   50
69524   80
134528   10
4020   20
5218   40
3967   40
47610   40
2321   10
8949   70
6283   90
78039   10
7147   40
71282   60
608   60
1291   80
78574   50
116138   40
4733   60
4299   20
8784   50
4890   50
74458   50
8528   60
4022   50
3253   60
2795   60
4700   10
296   90
86332   70
5401   30
61255   30
102481   10
102125   60
57669   50
122924   30
91658   40
1466   40
127202   60
48738   60
8907   10
60684   70
4980   60
1206   70
1916   60
741   70
4223   50
36401   10
31225   50
32   80
106491   20
67695   10
112138   40
49276   10
4011   60
88405   10
56251   60
1202   60
60756   60
1527   80
539   40
3471   50
3536   50
3535   70
7162   50
34437   60
53996   40
6297   40
6959   10
60950   80
5419   20
8957   60
112911   10
37729   70
54503   80
2424   10
4989   20
1285   50
5673   60
4036   60
3791   50
4958   20
106100   50
7155   20
1060   70
69644   10
47640   60
3037   70
4979   60
65642   80
59022   50
6539   50
4069   10
89087   10
8972   40
74532   10
8531   50
3702   40
8983   50
47518   40
39183   40
5349   50
2672   10
51255   40
5502   30
104241   60
4340   30
3977   10
44191   70
69069   30
33493   60
86320   10
3897   70
85780   50
5971   60
97306   60
71248   20
7323   30
74452   10
4447   20
133771   60
4734   80
7367   10
3624   30
2858   80
1198   90
52973   60
5299   10
1196   80
7460   70
44199   50
26887   60
6365   60
3752   60
91622   10
68319   50
48774   40
92535   80
8641   80
4720   10
111362   60
47997   60
76093   60
2000   70
61024   60
122882   60
5528   10
48780   40
5618   80
122904   60
1036   60
53993   10
4571   50
1214   80
4973   60
3793   50
127108   40
6385   10
7458   10
7150   20
68554   10
138036   40
7173   40
109487   60
1215   60
3511   30
79132   70
103048   60
356   60
7099   70
53519   40
6535   10
67267   40
49396   60
778   70
924   80
80549   40
5110   70
1193   80
2416   60
50610   80
64285   60
2019   60
2134   60
223   80
149352   10
81845   50
7325   50
58806   50
80166   10
1591   30
68073   10
4014   50
95441   40
5151   40
86880   40
1244   60
1274   80
6870   40
49651   60
1222   80
1228   70
110   60
4489   60
58047   50
34048   50
54272   70
5785   60
5283   40
3821   40
3552   60
4993   80
105037   40
33145   20
54256   50
112852   80
86911   60
5943   10
5025   50
106920   40
6564   30
1526   40
80860   10
108945   50
3948   50
5992   50
86833   60
1676   70
52885   80
7371   30
93840   60
2924   60
2144   60
8132   60
91529   60
111659   20
139642   40
6942   40
111364   40
750   60
46976   40
1275   50
52722   50
71264   60
3510   10
134808   40
1288   80
41569   60
3617   50
103249   40
79695   50
81537   50
2916   80
45728   50
1968   70
102123   30
8950   40
85022   50
7926   80
231   50
2495   50
6867   50
5941   40
84374   10
7285   50
76175   20
91976   60
84944   30
7317   60
2395   40
784   30
81834   60
353   50
69606   30
35836   60
105844   50
6213   10
299|14
1258   80
3555   80
3300   80
3316   60
3717   80
3578   100
1994   80
3452   60
1997   80
3499   100
3624   80
1961   80
2716   80
2628   40
301|75
8261   80
44191   50
17   80
2706   30
296   90
780   50
6874   90
46578   80
1193   90
165   40
55052   70
736   20
30793   10
1721   30
1097   80
349   80
185   80
454   80
539   70
1644   10
3686   30
8636   60
1307   80
36   90
4246   70
308   80
5816   90
2950   60
50   90
3977   30
2291   80
1225   90
2858   80
4011   90
2396   30
377   50
4896   80
56782   90
1573   90
6377   90
4034   80
10   80
1994   10
597   80
733   10
1270   50
8961   80
1784   90
41566   50
5418   80
45722   70
3408   70
8368   70
8360   80
6539   80
587   70
1961   90
2378   40
2617   10
147   80
480   60
55820   100
231   80
1240   10
4995   90
648   50
48516   90
457   80
30707   90
1061   80
56788   80
54286   80
54001   80
1680   70
356   80
302|20
608   100
17   100
36   80
296   100
47   100
736   60
589   80
786   80
95   60
1221   100
1198   100
858   100
293   60
457   80
383   60
762   40
32   60
58   100
628   60
21   80
303|33
1653   60
5445   70
1210   100
1517   60
168   60
1258   40
3175   80
2640   100
1214   100
1129   70
16   50
1246   40
1356   100
5349   70
589   100
32   70
260   70
1270   70
1527   70
435   60
1584   70
480   70
3793   100
3527   100
1247   40
3033   100
6333   100
1374   100
2571   100
6264   70
1080   20
1200   100
2791   100
304|156
357   100
1682   80
1584   100
110   100
32   80
2502   60
380   80
1057   40
1616   80
2316   80
593   80
222   60
648   80
3175   100
2141   80
1653   80
2279   60
1210   100
442   60
529   100
2858   40
2393   100
1240   100
1569   60
1882   60
541   80
3052   60
1726   100
13   80
1704   80
500   20
784   40
589   100
1909   80
1297   80
2496   60
708   80
440   100
2501   100
832   60
2322   80
1275   80
1247   80
172   40
1320   80
1721   100
1385   100
2006   80
17   60
1876   80
1183   60
293   80
1587   40
1387   80
258   80
58   80
349   80
944   80
135   80
1025   80
338   80
1686   100
1196   100
457   100
2628   100
73   80
1594   40
2294   60
1097   100
1079   100
62   100
647   80
1370   80
1291   100
653   80
1   100
2321   40
1580   100
1408   60
86   100
524   100
1485   80
1573   80
590   100
303   60
1028   80
1393   60
1064   60
2762   40
261   80
150   100
1036   80
364   40
1073   80
2   80
1610   100
105   60
836   60
3155   100
1717   60
288   20
46   100
112   20
1307   80
2567   80
2019   80
2549   80
266   80
36   20
368   80
1676   80
1500   80
11   100
1007   60
588   80
5060   80
1907   80
802   80
1265   100
1527   80
902   80
168   80
1242   100
2906   40
1690   40
1101   80
1855   60
1060   80
7   80
1391   40
1136   80
1197   100
1259   100
954   100
809   40
2997   60
2424   80
597   80
2490   80
173   60
2396   80
924   80
1396   80
491   80
318   80
153   60
552   80
296   100
1207   100
1371   80
2431   80
1680   60
1688   80
1019   80
1407   100
329   80
305|525
168266   70
116797   100
74458   70
59315   90
74868   50
2671   100
112788   70
380   60
2   70
4700   60
2011   100
168252   90
87520   50
96079   70
68157   100
48516   90
3578   100
175303   60
90249   80
53000   90
166528   60
353   90
1246   80
63082   100
51662   60
96811   70
965   80
67788   100
92420   80
67923   80
1234   100
49347   60
1653   60
68554   60
4262   80
1247   100
6947   80
79251   80
589   100
106441   60
7387   90
36529   100
63992   60
56775   60
65982   80
457   80
114662   100
1193   100
555   100
120466   70
51412   80
65514   100
91485   100
69122   100
3421   100
916   90
44191   50
54997   70
47997   100
117895   50
2542   70
82461   80
79702   60
6377   100
109850   70
90405   60
56757   60
45186   80
142488   60
480   40
4007   80
96737   100
2058   80
2409   100
122916   90
55820   80
68205   80
93270   90
60397   80
32587   100
7438   100
115569   70
33660   80
61132   100
2761   90
1961   80
5299   80
3869   100
1704   80
4246   90
8371   60
293   70
4878   100
1954   100
88405   70
2324   100
111364   10
173925   90
60516   50
1892   50
70   100
4034   90
2959   90
88125   50
3916   80
1333   100
64501   100
37727   80
1089   100
1617   80
71156   80
2762   80
1240   70
51935   80
899   90
134368   70
174055   80
8368   60
158027   100
2791   100
139644   70
58301   90
4105   80
235   90
2648   90
8373   50
56801   70
357   100
68358   80
296   100
500   60
2986   100
85414   70
48780   60
1222   100
68319   80
103253   80
64499   100
62374   70
72378   80
5952   100
58998   80
26249   100
56145   60
103883   80
6942   80
112852   90
1210   100
148626   60
78469   60
3996   80
1584   90
118706   80
60069   100
111360   50
4232   60
31685   50
1645   50
1206   100
74324   90
76093   80
76251   90
8361   80
1073   100
70286   90
2012   80
71254   80
80463   100
30707   90
1225   100
1729   70
7445   70
115713   100
80489   80
2700   90
64957   60
1183   50
3275   100
112897   80
140110   80
8874   80
7454   60
88129   80
6953   20
64983   80
733   80
106489   60
136020   60
34405   50
3868   100
106920   100
44972   80
112138   90
115210   80
91529   100
134853   40
2858   100
508   50
68135   70
4223   100
111622   80
38038   90
131796   80
160400   60
71745   50
2411   100
8340   80
2006   100
59900   80
4022   90
56174   70
119141   70
968   100
5445   70
2528   70
7143   90
1203   100
73323   100
92259   100
163   100
7153   100
2804   100
3503   100
109487   70
1968   100
164179   80
55118   70
62434   60
85788   40
31658   90
118696   60
106785   60
1215   80
3267   100
1250   100
3681   100
2268   100
128360   70
61024   60
4973   100
8376   50
71379   50
89840   80
1263   70
27773   90
110501   80
86644   80
67255   100
54272   100
7439   100
1676   70
103042   80
1262   100
122918   70
56156   90
5254   80
648   80
55765   100
1200   70
858   100
115149   70
53519   90
122886   60
47   80
103339   80
527   100
356   90
26776   70
1198   60
431   100
5989   100
3949   100
3527   80
6711   60
4239   70
519   50
5816   60
8810   90
2571   100
4993   100
139385   60
8014   80
7323   100
1270   100
94478   30
185585   50
2706   80
64969   90
1261   90
122892   60
62081   50
65130   60
1129   80
65216   90
2353   60
2985   100
142448   60
5010   90
89118   10
63859   60
924   80
3033   70
4002   60
64620   70
73017   80
5971   70
51255   80
4896   60
102407   70
91630   80
122904   100
59421   70
7001   90
4553   70
72294   70
1608   60
120799   50
54286   80
60684   80
3751   80
58299   80
5418   70
44195   100
81834   60
91542   60
1682   80
71535   100
70159   80
68954   100
140956   90
47200   100
3300   60
1278   100
44665   70
103249   40
1090   100
2987   90
1036   80
5459   60
84152   90
2403   80
1253   100
1237   70
106002   80
1196   100
6502   100
89804   60
112818   100
131013   70
114246   60
90866   60
2302   100
97304   90
4369   80
98809   60
158783   10
70728   80
1732   90
69275   100
89745   80
3499   80
7163   80
1136   50
57669   100
1387   70
69844   60
37380   80
108932   60
46322   80
260   100
904   90
65261   100
96588   80
132796   50
8985   80
72733   100
81591   60
316   60
45447   60
3147   100
370   80
93805   80
4148   60
4361   40
1259   90
1178   100
52281   100
85342   80
2605   80
180031   60
474   80
53464   60
96610   50
2028   80
6818   100
3671   80
136864   40
56782   90
48394   100
1721   70
8641   60
55247   70
1258   100
1625   50
1884   100
1199   80
44199   100
90439   60
6586   80
51084   70
4963   80
1552   30
5956   90
81845   80
60037   70
3623   50
1591   60
112556   70
62376   50
105355   50
74795   80
107406   50
1201   100
33166   100
80219   100
300   70
2115   20
47099   100
4226   70
53953   80
106918   100
92507   80
5378   60
55721   100
6708   90
74510   100
112552   100
1214   80
47610   50
2329   100
122900   70
57532   70
4370   80
8644   100
103228   100
177763   50
88163   80
8529   60
54259   80
84954   60
143385   80
4995   100
3198   70
593   100
2003   60
1610   100
94018   80
135861   80
104841   60
145418   80
5618   100
2000   80
55908   100
54995   100
105585   100
3566   60
551   70
105653   80
109374   100
6934   60
145   80
160565   90
377   80
89492   80
102125   50
25   60
33794   100
105844   60
85510   70
106782   80
106766   40
143969   90
4270   90
158238   70
83134   100
66371   100
62250   100
71135   80
34   60
590   90
91500   40
71530   50
148671   100
6016   100
89904   90
541   80
122926   80
8961   60
3994   60
40583   60
187593   100
107314   50
4011   100
3535   100
56367   100
40815   80
608   70
4639   80
1232   100
89470   60
122882   40
953   80
106696   80
1213   100
8528   80
6808   90
72720   80
54001   60
185   80
95510   10
48385   100
50442   80
61323   60
6879   70
117529   60
306|73
156726   60
27772   60
2762   60
158528   50
8360   60
134853   80
103688   80
52973   40
152081   80
88785   60
87869   80
75805   60
149334   60
183295   70
103335   70
4306   60
5618   70
106696   80
158813   60
56152   70
86833   80
148956   50
164200   70
6502   40
5218   70
84944   60
175303   80
117590   80
111113   50
157296   80
98243   60
45668   100
168250   60
59258   60
63859   60
45720   80
4700   60
65230   40
80166   60
160080   80
103372   100
135436   70
157312   70
130520   60
136016   90
4886   60
104908   60
53322   60
119141   60
110771   80
97225   70
8961   70
80463   40
76093   60
140110   60
140016   40
71535   50
96588   80
35836   50
111659   70
104211   80
161580   70
152077   50
31433   60
7293   70
166461   80
175199   80
121231   60
97913   80
1345   40
109487   60
122918   60
58047   60
307|764
524   50
1729   80
1198   80
6763   40
585   10
44761   70
2145   60
4697   30
7781   30
62   60
8967   10
2361   40
1258   70
2081   60
4771   30
253   70
3252   60
1285   50
1405   40
9005   40
5991   60
2787   40
260   70
5796   70
1247   90
40723   30
3478   50
46976   70
53956   50
60037   40
2291   80
53996   80
1476   50
2169   30
2478   50
4662   70
53550   80
4002   50
7026   40
33679   40
4141   30
6755   80
56367   90
235   60
4571   60
3943   20
8910   70
916   80
1097   60
2716   60
1330   20
45081   30
27   50
64622   80
65601   40
4641   70
4979   90
4229   30
2011   70
5418   70
5283   50
6212   50
6888   10
5735   40
55272   80
2746   50
8874   100
3948   60
3033   60
4306   50
3785   30
433   30
7265   60
710   60
6951   50
1784   60
5464   50
1073   80
32213   30
1323   20
2124   50
52245   60
33681   20
21   50
5099   60
1911   30
32   70
55820   90
2174   80
180   80
45501   50
48518   40
4011   70
4371   10
4878   100
1032   80
586   40
4255   30
2888   20
318   90
6316   40
37382   60
6297   50
1342   40
54259   80
3671   80
54281   90
4403   60
52287   70
6615   30
3705   50
2504   40
1101   10
3280   30
1453   10
880   40
7117   40
5064   90
2005   80
1089   80
2871   60
2   50
4885   40
663   100
33836   50
6482   40
6016   70
256   10
67408   80
1020   40
3177   40
1035   80
4732   40
32011   30
1544   40
1325   10
3247   20
56757   90
37857   90
1407   10
165   50
26133   80
1333   60
47   80
3173   60
7438   70
833   20
953   60
7173   70
50   90
58105   70
2987   60
541   70
65088   80
2501   50
7701   10
54785   70
3005   70
212   30
101   90
343   30
2908   20
1259   70
2559   60
54256   90
1430   50
51540   60
52241   80
4750   10
6870   60
588   80
4105   70
44195   60
6707   20
5573   30
175   70
2329   100
33166   70
51091   60
2699   60
2804   70
1240   50
2320   50
8969   80
1994   50
2058   50
8815   40
2723   30
6999   40
4993   60
8907   50
780   40
2288   80
1126   90
4673   40
31422   10
5451   30
2968   70
3594   10
1088   60
51931   100
6265   20
40819   90
1263   80
1021   20
3617   40
34523   40
3649   50
6218   20
7346   50
2515   30
35836   60
785   50
44397   30
592   80
46948   60
6787   80
3616   40
1498   70
18   60
1270   80
1973   40
6287   70
3911   60
4848   60
2000   80
54999   60
1366   80
3145   50
2144   60
34437   60
2109   60
4340   50
778   60
4619   60
47099   80
1093   60
6153   30
372   40
3564   20
1617   70
2248   50
1061   70
1639   90
145   60
57536   60
2596   70
6868   80
1682   80
1717   10
4262   80
353   90
88   70
6952   50
1513   30
2093   50
6249   40
65882   70
7361   100
45728   80
36401   10
6014   30
1967   80
58315   40
3   70
590   60
39183   70
1230   50
1257   60
3160   70
788   40
8961   60
4749   10
1271   60
2453   30
5481   70
1027   40
6558   40
3004   40
34326   40
1777   70
4448   80
7317   30
68952   90
33085   10
2706   50
830   50
1721   40
3107   40
5309   30
6425   20
5294   80
1673   80
42725   60
252   30
6058   40
2163   50
5927   60
7324   60
6850   40
217   40
4852   20
1895   40
551   60
5945   30
457   60
48516   90
7319   20
44004   40
628   80
4584   40
6322   40
333   60
2296   30
2193   40
153   40
4995   60
94   70
45662   40
52375   70
49272   70
4090   50
4104   30
473   30
3949   80
55269   80
2422   20
8970   90
357   60
45722   70
1517   70
55261   70
593   90
539   40
1923   60
1324   10
5349   80
6252   30
4477   80
55247   80
3270   40
2100   30
52281   80
8835   20
22   40
7708   40
505   40
3468   70
26792   30
60069   100
4091   70
6323   60
5679   40
4535   50
65738   80
54272   90
38038   80
56805   60
1343   80
47518   10
8807   80
8947   40
1136   70
6187   80
207   30
5572   40
2710   50
1380   50
8814   40
7235   40
700   30
64969   90
6695   30
1485   60
2018   60
33672   60
69122   100
43679   20
7321   40
4040   70
7153   60
594   50
6559   40
4643   60
1503   10
3774   10
2700   80
3409   40
1593   40
7347   50
48142   40
1307   70
4317   20
7316   30
58287   20
1214   40
2918   60
33171   10
428   80
6374   30
30822   50
376   40
2657   60
784   80
5582   50
1028   80
4642   40
7448   60
4247   50
8860   20
1042   50
53129   90
3511   30
30848   50
7259   10
2087   50
1086   80
2236   70
8340   60
52975   40
48385   90
46970   50
1993   50
54503   80
910   60
3052   60
2496   30
53974   60
2962   60
2205   50
6744   30
4226   80
6709   60
500   40
367   30
5664   30
61132   80
3147   80
46723   60
1982   60
5955   60
3448   50
1500   50
33495   40
5883   30
2516   20
2154   30
2120   40
55267   80
45447   40
2321   50
518   50
7247   80
288   80
1562   50
1474   30
5427   80
5255   50
55830   90
2580   60
1441   80
44191   80
53435   10
377   20
7802   60
829   40
6625   50
4109   50
858   90
8373   60
4654   40
5553   40
58998   80
8636   70
2858   80
5170   60
434   20
1193   70
24   40
1326   10
266   70
6619   40
2371   40
4720   50
339   30
44840   40
6874   70
2054   30
5128   40
708   50
2395   80
31   30
3363   70
587   40
216   80
5110   60
3489   50
2959   80
4896   60
59421   60
111   70
3755   50
4061   60
5874   40
39   40
1431   10
2115   60
2798   40
7254   70
34520   40
1   80
5696   40
70   70
736   20
1037   20
2003   50
3916   50
6936   70
48394   60
595   60
52973   80
3740   80
6378   50
1961   60
6539   60
65   50
2581   30
1347   60
520   40
32587   90
54004   80
6298   40
41571   90
4010   70
648   40
2628   80
1799   50
5443   20
39446   30
2385   40
2407   30
2572   10
33499   40
231   50
6705   50
55765   90
419   40
1584   40
110   70
1889   60
344   80
2421   60
147   40
4951   50
345   70
6350   80
47610   80
1487   40
441   60
26629   30
186   10
4744   30
52722   70
3623   40
5816   60
3743   20
6687   20
2161   50
5810   20
5025   50
6794   30
6863   50
2121   40
2502   60
1265   60
4718   50
3858   30
3081   80
7030   60
37384   40
7261   20
7636   10
1206   70
5266   40
2724   30
59615   70
2140   50
42002   40
7147   70
6012   40
4359   60
2302   40
208   50
5736   30
8366   80
466   20
3793   70
3063   20
1499   10
1391   40
435   20
5401   50
6796   50
34530   40
6373   60
45726   40
3863   30
4886   60
1261   80
5952   60
553   90
8506   50
8949   60
2369   40
37729   60
924   70
64116   70
26680   70
58162   80
57368   60
5539   40
7444   40
49530   90
364   60
3268   20
2423   50
1322   10
2424   20
1393   30
2420   70
2694   60
2806   10
7624   50
157   40
33004   70
3826   10
3264   50
34534   70
8665   60
10   50
2500   30
1580   40
5454   30
48678   50
5452   20
185   50
733   60
1358   40
1490   20
6548   60
32031   50
1821   40
589   50
4534   40
3830   10
1031   100
51255   70
5989   70
55290   80
2373   20
4776   80
43919   20
2122   70
5151   10
904   80
8169   60
5650   60
502   20
5500   80
3977   40
2772   30
2997   60
596   50
1288   60
7367   20
2114   60
59315   100
55282   60
4867   50
409   40
6535   20
867   10
52435   80
32017   50
4748   30
5139   80
34162   70
6702   50
2162   50
2639   50
1704   60
1345   80
5556   40
48520   60
1120   60
4361   50
40581   50
3186   70
4602   60
1215   100
40278   60
1221   90
2335   70
2315   10
8695   50
39234   50
1252   60
5218   50
5361   30
1095   60
908   80
4989   40
27434   10
6872   20
5590   50
34323   60
1036   60
2926   80
2712   60
4239   100
608   60
527   90
55729   60
3051   30
6957   70
3752   50
203   50
2023   70
33794   80
1995   20
3174   50
3275   70
1387   60
7371   70
2907   40
5524   50
47810   10
1479   60
6811   70
5265   50
909   80
58559   90
1997   60
4039   90
1204   70
4228   10
3250   60
2797   60
30894   40
6025   20
274   30
4132   50
72   40
1805   20
4975   80
65740   80
5784   10
410   60
2606   10
1222   60
4862   30
2915   50
5970   40
141   50
308|76
551   60
45722   60
1028   80
56174   20
5952   80
355   60
2571   60
3   10
63082   20
339   20
5444   70
4447   70
54286   10
1200   20
6936   40
1035   60
91500   60
527   20
106642   100
3578   20
364   60
68954   70
6377   80
161   20
6539   70
19   20
357   10
1197   90
4963   20
40815   100
8368   100
50872   80
508   20
68358   80
1291   10
44555   30
2953   60
223   20
745   20
48   80
356   50
39   60
1136   80
71033   20
2762   10
45499   40
60069   80
95377   60
1196   50
54001   100
92259   20
7451   70
260   50
6934   60
27706   40
292   20
2028   10
47610   40
1246   100
288   20
6016   20
6863   70
362   80
117192   100
110   20
1203   10
58559   80
2324   20
4226   20
434   20
1148   20
185   20
454   20
293   20
21   20
7153   70
309|66
1949   100
1201   90
1302   50
7943   80
1204   80
3418   70
3872   70
7216   90
1276   80
3171   80
1952   30
5398   80
6777   80
919   90
930   80
1272   80
953   80
1263   60
30825   70
3095   70
912   100
1213   50
6934   40
2571   80
2019   100
2764   80
908   70
30812   80
4406   70
4886   80
6706   70
5008   90
1203   100
1946   80
3435   80
2028   90
2353   90
4327   80
4339   70
1942   80
2067   70
3471   60
4993   90
954   50
7303   80
7143   80
1198   80
1250   100
1084   60
3081   10
906   70
911   80
318   80
933   80
1172   100
2186   80
1301   80
913   90
1537   90
2944   80
2182   40
527   80
6639   80
3101   50
1387   80
48780   70
310|40
1194   80
4995   80
4483   20
750   80
3751   80
6051   90
1198   80
2944   100
745   100
2013   10
6708   80
2372   40
1517   80
6410   90
1945   100
216   40
1204   100
3555   90
2683   60
2371   80
4963   80
6979   60
432   50
252   50
2355   70
1148   100
104   40
236   10
16   20
3996   80
6548   10
7261   70
2657   40
904   100
852   60
58   90
3330   90
6711   100
1247   90
4306   70
311|17
3977   20
715   60
1304   30
2324   10
2174   10
1258   80
466   20
2797   10
1247   20
40   70
2599   60
16   50
2355   60
6365   70
3996   60
1208   50
2291   80
312|162
2011   80
2550   80
2641   60
1204   100
1224   80
1991   60
1298   80
1584   80
3994   80
2393   40
5812   80
5872   40
2580   60
16   80
1210   100
1090   80
2985   80
780   40
253   80
1127   80
903   100
4553   60
5463   80
1387   100
2288   80
608   80
904   80
3024   60
912   100
680   80
799   80
4643   60
110   80
1255   60
1212   80
2203   80
1233   80
1208   100
2716   80
5388   60
671   80
5991   80
2617   60
1573   60
2976   80
866   60
1909   80
5065   60
1036   60
2793   20
4128   80
1876   60
2657   40
1130   80
3264   40
2571   60
5502   60
3070   80
1348   100
4720   80
1278   80
1544   60
260   100
1089   80
1196   100
3732   60
3471   100
316   60
542   20
3742   100
2046   60
1921   80
5925   40
3527   60
3863   60
6   80
3698   60
5378   80
1717   40
3702   80
1644   20
4117   80
3147   80
3703   100
2004   80
1690   40
346   60
356   80
1982   80
4235   60
1253   80
1094   80
1175   100
5881   80
5679   60
2186   80
1215   100
5225   100
1407   60
1973   60
198   60
5989   80
1748   80
1997   100
2140   80
2968   80
1391   80
1396   60
5945   80
5956   100
457   80
480   60
541   100
724   60
32   80
329   60
382   60
1617   80
2163   60
4437   100
4148   60
2640   80
5451   80
4744   60
1219   100
1342   80
5952   100
5433   60
442   40
2105   60
1289   100
1994   80
247   80
1183   100
177   60
527   100
151   60
3727   60
1240   80
2167   60
3081   80
3676   80
2916   80
2407   80
1674   80
1200   80
2644   60
5421   60
1333   80
3033   60
1408   80
5349   60
1199   80
1077   80
1206   100
1252   100
2717   60
1372   80
968   100
5254   60
2952   80
4370   80
313|256
1220   20
1208   80
4121   20
2528   80
3438   20
3771   100
1394   100
2531   60
2761   60
1997   100
5254   100
589   100
2117   100
1356   40
1603   80
2020   100
2291   60
1994   60
4915   100
4518   80
519   60
968   100
592   100
2858   80
1580   80
733   40
3994   100
1639   80
316   80
2553   80
4993   100
2275   80
32   80
4128   80
1391   80
3727   100
1500   80
3927   40
2641   60
1885   100
2871   80
3114   60
2012   20
1347   60
457   40
1371   80
2138   100
1732   80
4351   60
1249   80
1261   80
2657   60
163   60
4799   60
405   60
1219   60
5039   80
1909   40
4855   60
2161   40
1405   40
3262   100
1215   100
1278   60
1376   40
2174   40
2080   20
1374   80
2023   60
2406   40
4006   100
3671   60
3081   80
1676   80
1690   20
76   20
1125   20
2011   20
3697   100
5010   100
608   80
223   100
737   80
2376   80
1059   100
5539   20
2798   60
253   80
3386   60
2459   80
2105   60
2728   60
2617   80
1198   100
1127   60
1274   100
1653   80
4130   40
593   100
4210   80
2700   60
1287   60
2377   80
165   60
1196   80
318   60
2140   100
3639   80
1480   80
2664   60
2872   80
188   80
4643   60
924   60
2097   40
2002   40
442   80
4085   60
919   60
296   100
377   40
866   100
1754   60
4901   40
1285   100
1235   100
5378   80
2053   20
1320   60
4848   80
991   60
4148   40
2968   80
858   100
3535   80
3702   80
1214   80
3930   60
920   40
1608   80
3267   60
3977   100
3256   80
1590   80
10   80
3421   20
3701   100
2311   60
1967   80
4275   60
2046   60
1339   80
1345   80
2947   80
4553   80
750   100
3578   100
1210   60
2949   80
260   60
2467   100
1275   100
2006   60
379   20
2004   80
2100   20
1213   100
101   100
1350   80
1717   80
3210   60
382   40
4941   100
610   100
2797   20
2571   100
1387   60
3153   100
4951   80
3396   20
4133   60
3793   60
3481   60
1920   60
2716   40
2001   60
2054   20
2028   100
172   20
1199   100
2527   60
1222   100
39   80
3689   40
1449   100
3704   100
2363   60
1513   80
380   100
353   80
5463   80
1591   100
3638   80
1270   40
780   60
3032   100
1974   60
3863   100
3693   20
1291   80
2746   40
1073   60
2109   60
2513   40
2918   60
2427   40
5026   100
3555   60
1882   20
5540   100
1037   80
3440   20
2076   80
2409   20
70   80
2628   40
2640   60
480   60
3550   100
1200   100
1197   60
5349   80
880   100
3708   80
332   80
2034   80
1610   60
1372   40
3033   40
1466   60
2959   100
2986   60
4105   80
2287   100
367   40
912   60
2021   80
2747   40
293   80
1060   80
1954   40
5538   20
2762   80
2043   40
2985   80
3889   40
314|86
733   80
125   20
316   40
520   60
100   60
590   40
173   60
595   60
485   60
648   60
610   60
32   60
587   80
786   60
780   60
593   60
350   60
227   20
357   80
647   100
808   60
151   60
588   60
1374   60
60   60
21   60
185   40
218   60
367   60
852   60
410   60
6   60
39   60
813   60
196   60
640   60
539   80
141   60
1372   60
95   40
349   60
252   80
1367   60
52   60
474   60
15   40
41   60
260   100
440   60
1265   80
276   60
296   20
11   100
1266   60
22   60
273   80
653   60
673   60
552   40
327   20
553   60
272   60
31   60
527   100
62   80
376   80
748   60
497   100
377   60
380   40
1391   80
236   60
707   60
589   100
110   80
161   40
434   20
708   80
314   80
524   80
23   60
1371   40
203   60
703   40
50   80
592   60
315|20
1949   60
599   80
1333   60
914   60
2132   60
2863   40
2870   60
2085   60
1084   80
1207   100
2015   60
1247   100
2951   40
2896   60
1028   60
1947   80
924   60
1276   80
154   80
1035   80
316|33
2723   60
4027   60
4641   60
344   90
5679   80
342   80
4720   50
2881   60
520   70
168   30
3186   70
3535   70
4816   60
1892   60
3409   60
3977   60
5952   60
2006   30
3623   30
1967   60
353   60
2858   80
8622   60
2699   30
3258   70
2657   70
2054   40
3798   60
1485   60
45   90
4025   60
2502   70
7361   80
317|135
80489   80
3252   60
1485   40
63082   80
2959   100
84392   60
105504   80
2186   60
4306   80
5630   100
1258   100
70286   40
2542   100
64839   100
111   100
89864   60
89492   60
2329   100
69757   60
94864   80
30707   100
5418   60
2762   40
58559   80
91630   80
90600   80
50   100
1207   60
1228   60
1262   60
110387   80
55290   80
4973   100
27773   100
431   80
778   100
150   60
88163   60
16   100
57669   80
64614   60
296   100
32587   60
74458   80
2502   80
6708   60
2997   40
4848   60
55820   100
58998   80
79132   80
3730   60
1466   100
3949   80
6870   80
3147   80
93840   60
1639   60
86833   80
112171   40
44665   40
98961   80
457   60
73023   100
68157   100
1961   40
76251   60
115569   60
51540   80
293   100
112556   60
82459   80
2028   100
318   80
6281   80
91535   60
1247   100
96811   60
59315   60
7156   100
81788   60
5388   60
44199   60
88129   80
81932   40
6   100
79293   60
121253   60
80463   80
97304   40
7147   80
74789   40
104841   100
4034   100
80906   100
593   100
1732   60
104879   100
53322   60
288   40
76077   40
1617   80
69122   40
589   80
110   100
81591   80
91658   100
1387   60
40819   80
904   80
1222   60
4901   60
4776   80
1219   100
48516   100
1704   100
81158   60
47   100
115149   80
2858   100
97   60
5956   60
55276   80
5064   60
114662   40
109487   60
4239   80
8798   100
8665   80
4022   80
80219   40
44555   80
104272   40
858   100
68237   80
318|687
173317   90
1245   100
1203   80
27328   90
53574   80
7123   50
84954   90
69757   80
114678   80
1260   80
41997   80
72998   70
1367   60
4713   50
90769   80
127204   90
134019   70
2997   80
1089   80
127114   80
176   70
142456   70
79132   80
3114   60
773   70
79695   60
2076   80
924   70
2797   70
3653   90
65037   70
95873   80
128902   80
136024   60
104243   60
1289   70
61323   100
40819   70
7396   80
441   90
114847   60
32657   90
133802   90
4641   80
356   90
318   80
1279   90
1580   80
204   70
7238   80
674   80
44761   70
5502   70
154   60
133771   70
63082   70
1020   60
60408   80
81229   90
120478   90
40278   80
2355   70
8368   60
1189   70
62208   90
1610   50
152065   70
72   90
96610   70
5110   80
7064   70
91860   80
26158   80
6365   70
535   80
76093   80
71867   60
1079   70
44191   70
32906   70
1220   70
3943   80
1845   90
68073   80
42191   60
47200   60
70984   70
2495   90
46976   90
134881   80
5219   60
117533   90
1247   60
69953   70
48082   70
1080   80
5838   80
1732   80
31696   60
88129   70
81910   80
357   80
71211   90
27003   60
6541   60
55269   80
3300   70
223   90
159   80
3246   100
8529   70
4226   80
26003   90
91658   70
63876   80
40583   70
60069   90
96728   60
4306   70
38061   70
671   90
53894   80
2009   50
71899   80
33493   60
143355   70
8361   70
48001   80
108729   80
118880   80
72171   100
41569   70
116797   70
147002   80
6440   70
92422   80
3819   100
3703   70
118696   60
3736   60
51662   70
105197   70
1265   80
124853   80
135143   90
1653   80
134796   100
72921   70
260   60
59387   80
138036   60
3408   50
81564   80
100553   90
74458   90
100044   80
7458   70
5902   80
91542   70
593   80
85213   80
42176   80
1907   70
56145   60
102445   70
8966   80
5238   70
97904   80
2321   70
94953   80
55247   90
1625   70
7071   100
86548   70
8157   70
8984   70
74789   60
51412   70
64957   70
134214   80
54185   80
137337   80
44555   80
61248   70
922   80
56757   60
8190   80
44788   60
76054   80
1193   80
6368   80
44199   80
84944   90
3751   70
67197   60
117545   80
78836   100
76173   60
4886   70
83803   90
1917   70
3306   70
27176   90
71745   90
596   70
27186   80
77800   80
26059   90
1385   80
76738   70
1175   70
93510   80
337   80
69436   70
6378   70
1208   80
49530   70
26317   70
6870   80
68157   80
1097   70
90866   80
5816   60
158972   80
176371   90
64614   80
5882   50
2985   60
3948   50
4878   60
138966   100
7932   80
58559   80
60684   100
1380   70
106489   70
2000   70
3967   80
116505   60
6   80
780   80
128991   90
79428   100
90357   70
39292   80
103384   70
72720   80
90600   60
4643   70
1147   80
91535   60
59900   60
90528   70
148626   90
51935   60
235   70
750   80
80553   70
74089   70
81018   80
6934   70
293   70
33615   60
4848   80
823   70
122906   80
71156   90
162578   80
69278   70
71468   70
105213   70
3054   70
86279   70
5379   80
5617   90
7373   60
1230   80
89745   70
1673   80
89470   80
7147   90
91784   90
63113   60
56367   80
6329   60
6373   60
47999   70
3168   80
8914   70
80906   80
1370   70
72356   90
89030   60
49917   80
7265   60
910   70
4896   60
109383   70
171495   100
81537   70
6867   80
102123   60
158238   90
500   70
1273   80
5202   50
55276   70
26340   80
81834   80
27904   90
80693   70
2291   80
3992   80
79073   80
5673   80
1281   90
480   80
71464   80
188675   70
74545   80
65642   70
73266   90
162   70
32511   90
189381   50
4256   100
140816   90
61024   80
2761   70
1466   80
595   70
106918   80
77866   60
2081   60
31410   90
128360   60
160563   70
97752   80
97860   90
45950   70
26928   100
59784   70
140162   90
3683   90
68954   80
1527   80
127172   70
6711   80
168612   70
34319   70
2395   70
45447   70
69529   80
4612   90
913   70
67997   90
71453   80
71057   80
69640   70
3262   60
5791   80
55442   80
47446   70
4300   80
94735   80
2671   80
110102   70
33004   80
65126   80
94677   80
69784   80
8873   80
165969   90
45499   70
109374   80
5669   70
43869   80
48   70
52885   60
182715   70
6787   80
1173   70
101362   50
73323   80
61236   50
2617   60
64030   70
73017   70
79057   50
143896   90
49347   100
92637   70
2167   70
99114   100
19   70
2571   70
3424   70
8464   70
33679   60
122886   60
100277   80
3038   80
5952   70
63072   80
1120   70
30812   70
32898   60
84187   70
3159   80
106920   60
65631   80
55820   80
83976   80
7151   70
76175   50
3521   90
26073   100
778   80
173291   40
84772   70
4519   80
31952   70
4825   60
2087   70
5218   70
127298   90
57368   80
111360   60
64034   80
91128   90
3504   90
65225   90
6218   50
4995   70
72714   80
52973   70
95558   60
108928   60
2028   70
904   80
77233   70
58998   60
78209   70
93721   70
79134   80
7361   90
96084   90
6241   80
48394   70
56587   70
67734   80
34048   70
76077   70
54354   80
83827   70
103810   70
18   60
84716   80
741   70
134170   60
117849   90
32917   80
27660   70
56775   60
4027   90
288   100
5956   80
7889   70
4973   80
2628   60
74791   80
34162   70
95510   60
3224   80
1210   80
1212   70
2745   70
49396   70
113348   70
6953   80
94864   80
4308   70
2700   80
1222   80
37386   70
111364   60
165   70
4310   60
5508   80
2580   80
1748   80
8807   70
7153   70
5459   80
95720   60
64497   60
2925   70
5989   80
4011   80
6502   70
47   80
71494   70
87222   80
61394   80
47518   60
64969   70
300   90
68358   70
4776   80
32554   80
122882   60
115569   80
377   70
116823   50
106873   60
6774   70
1111   100
3826   70
84273   100
48997   70
87444   70
3950   80
72378   70
1060   90
66744   80
77191   80
98585   70
110730   50
7460   70
6016   80
362   80
69644   80
8724   90
4349   80
3052   80
616   70
4873   80
66511   70
102125   60
3006   80
49278   70
8748   90
71106   60
2502   80
6548   60
68159   80
1968   70
94959   70
208   70
3476   80
7459   90
1799   70
2952   60
77455   90
1253   50
648   60
4034   70
2018   80
3283   90
88810   80
102742   80
70533   80
58162   70
117531   100
714   90
40148   80
79357   80
94150   80
71131   80
79139   60
37741   90
179135   100
3845   80
109968   70
2105   80
107141   70
53883   90
2467   70
1961   70
74226   100
1194   80
4855   70
48774   80
86922   80
46578   90
2579   70
45666   70
89945   60
87660   90
159976   90
1246   70
51255   80
171011   90
6197   60
5971   90
90630   70
54001   60
1552   80
44195   90
128900   90
41863   80
55765   80
144478   90
44931   90
41566   60
7143   70
31545   80
4958   70
2858   70
2353   70
68444   70
3174   90
5137   70
51174   70
53993   60
7206   80
5618   90
1584   90
7323   70
30810   90
1270   50
103341   90
6874   60
1544   70
7979   70
79091   70
90746   80
158842   70
76251   80
45728   80
1483   80
608   80
3728   80
1035   50
177593   90
3438   70
62113   70
7981   90
69951   70
1024   80
173197   80
58425   80
30793   80
3994   80
85736   80
1196   60
92475   90
74795   80
8484   90
2692   70
60040   60
2699   50
8958   70
4369   50
3412   80
116897   90
85414   90
2396   60
117364   80
86290   80
54503   70
160684   70
7454   60
35836   70
64167   70
1639   80
4967   80
1202   70
80478   80
1032   80
143859   80
88140   70
170355   60
153   60
97938   80
94777   70
64716   70
594   70
27815   70
120761   70
91976   80
7034   70
68554   60
102823   70
53460   80
2360   90
96020   80
319|22
588   100
7293   80
152081   90
60069   100
106920   80
106696   90
2687   100
137857   70
364   100
109487   100
122886   70
293   100
318   90
111759   70
69844   90
112552   100
858   100
595   80
2959   80
139385   90
1907   80
527   100
320|12
59900   60
3534   80
26555   70
3745   70
3578   70
62999   70
42718   70
5785   80
2058   80
3703   60
4387   80
3404   10
321|35
367   80
158   60
161   60
344   60
208   60
24   80
19   60
288   60
454   80
231   60
237   60
316   80
364   80
141   80
256   80
589   60
225   80
153   100
588   60
539   60
150   80
371   60
350   80
276   60
2   100
440   60
317   100
349   60
380   100
480   80
292   80
253   60
377   60
736   80
593   80
322|69
1203   80
272   70
296   100
1056   50
2324   80
46578   90
2997   10
1032   60
7361   80
913   70
5669   80
1221   20
597   60
6787   80
4306   40
60040   10
3451   60
4427   70
2959   80
750   80
3481   10
858   30
586   70
30749   90
2   60
3408   70
1610   60
805   70
47   80
6874   80
1625   100
2502   70
44555   100
1080   100
4011   20
1784   60
500   60
34405   70
56367   100
1608   70
2268   100
1517   80
1237   60
350   70
4226   70
2692   80
3578   80
46723   80
2302   70
10   80
912   100
1682   70
780   60
1206   60
50   80
2052   40
1721   20
44191   60
318   80
608   90
1247   60
480   70
4022   70
2353   80
4973   90
1258   50
4679   70
2706   70
150   80
323|62
158   60
109374   40
230   60
2268   70
1408   50
62   50
208   50
500   70
111364   40
588   80
7153   50
2289   60
1396   80
110102   30
364   80
60   60
1320   60
151   70
3252   50
282   40
272   70
1377   40
48   70
111443   50
116797   90
19   50
109487   70
117176   80
2803   60
1   70
172   30
497   80
474   60
440   50
108190   50
32   50
110730   30
508   70
153   40
367   60
2   80
337   70
273   30
105   60
410   50
327   60
112290   70
475   80
1092   60
457   70
110   40
50   90
173   60
357   70
112623   30
316   50
203   60
454   60
17   70
348   70
34   50
115617   70
324|12
3899   20
3912   20
3979   20
1197   60
3910   80
3948   80
3943   80
3978   60
3893   80
432   40
3952   40
3884   40
325|200
1199   100
233   80
541   100
351   60
1234   80
1303   80
3927   60
2145   40
1918   20
2583   80
347   80
230   80
5075   80
5646   80
2294   60
741   60
1947   60
194   100
4263   80
2108   80
2355   60
3555   40
3328   80
2204   60
3424   100
32   80
4471   20
3363   80
5650   60
6   80
1387   100
4956   100
736   20
1270   80
22   60
3158   80
2278   80
1527   60
1517   80
919   80
3550   80
3863   60
372   60
2867   60
514   80
1120   60
4848   80
1805   80
3262   60
1211   80
1845   80
2912   100
5980   80
3160   80
2991   60
3918   80
1257   60
1036   80
800   80
5065   40
1179   100
4467   60
4464   80
4889   60
3015   80
4117   80
356   40
3688   40
1321   80
3163   80
1260   80
104   40
2124   60
1875   80
2987   60
2952   80
2321   80
3435   100
1968   60
4017   60
2140   60
593   100
555   80
2159   100
30   80
3129   80
2024   60
1197   60
1371   60
5445   80
3088   100
1342   80
5400   40
3267   60
2490   80
5544   80
1732   100
1610   80
1031   60
924   100
3421   60
1625   80
4523   80
183   80
3733   80
522   80
1608   40
2746   60
5881   80
2010   80
3461   80
599   80
3147   60
1127   80
2366   80
2470   60
4498   40
4086   60
1207   80
1721   80
4591   60
190   100
5540   60
3809   40
1090   100
1370   40
4643   40
4294   60
1264   80
293   60
407   40
5418   80
318   100
296   100
2243   60
4034   80
2572   60
3698   40
1358   100
4291   60
3742   80
2117   80
5072   80
2968   80
3175   80
5004   80
1304   60
3623   60
4717   80
2352   60
597   40
80   80
4085   60
1863   40
5033   60
4625   40
1653   80
4226   80
2231   80
2167   60
2971   80
3200   100
312   40
3544   60
3221   80
921   80
3981   40
969   100
3608   60
3052   40
5349   80
3176   80
1298   80
4993   100
2194   80
3108   80
5291   100
5266   80
2183   60
5060   80
5553   60
2425   80
1248   100
2289   80
4971   60
4954   40
58   80
5139   60
1191   40
380   40
3412   80
858   100
1228   100
2762   80
4361   60
474   60
1280   80
1587   60
3230   60
1219   100
326|105
71033   90
2338   40
134130   80
4967   80
67255   100
6016   100
5010   60
86504   100
68157   80
1193   90
356   100
96829   80
110   100
58303   90
6867   80
2329   90
7153   80
63082   90
89492   20
3949   90
109374   60
3147   90
81845   70
86781   80
91658   50
4148   90
97   70
36517   80
55276   30
116897   80
49530   100
33660   90
4247   20
146656   70
89804   70
5608   90
7361   90
3198   70
1242   60
30749   100
71462   80
79132   90
62644   80
60885   70
142488   90
64839   60
105197   70
1955   70
63876   80
102194   100
32460   90
80906   100
527   90
27803   90
85342   90
55721   90
293   90
3450   80
88125   40
6953   80
3285   80
2020   80
74458   90
1619   100
81932   60
2959   80
4235   80
318   90
6874   100
50   40
36529   80
50068   90
743   10
165   80
142448   80
84240   80
40819   100
41997   90
5577   90
48738   90
70451   100
59369   30
44555   90
33166   80
296   80
55247   100
58554   100
593   90
88129   80
64620   80
48516   100
30707   70
117466   90
116797   90
47   80
2028   70
43396   80
99114   90
2571   70
8873   100
46723   90
105504   90
5995   100
89864   70
7160   90
327|30
1221   80
231   100
4015   100
3481   100
2857   40
3616   100
2411   70
4388   100
1125   80
104   100
2470   70
8641   100
3897   80
2616   70
1213   90
318   90
2329   90
1288   80
2723   40
2338   70
50   90
2089   60
1202   70
3515   80
1148   80
1193   80
4718   100
44972   100
745   70
356   100
328|188
105844   60
1544   20
1089   100
3421   20
914   80
73017   60
111759   80
102903   10
2018   50
13   60
1732   70
63082   60
1073   100
63859   40
608   100
1136   100
2012   60
4963   60
39   40
8961   100
2090   60
7451   70
3175   30
4306   90
2640   100
2762   40
1968   50
1033   80
81845   60
594   80
1080   100
49272   80
4016   50
1391   90
2355   70
166643   80
68157   90
34   100
4973   90
1907   60
5299   80
2788   100
5444   60
2761   100
1064   80
2005   70
54503   60
4223   50
1258   80
6807   100
33794   20
2291   60
91658   20
47   90
5418   80
2000   30
54286   80
356   60
98809   60
94864   40
1022   50
44191   40
82459   20
592   40
2174   100
111781   70
152081   40
1291   80
4896   80
128360   60
53322   50
135569   70
2087   60
91535   40
919   60
3499   100
1201   50
3949   60
34162   40
37729   40
8368   80
49530   40
110   20
99114   60
5218   40
1025   70
1   100
60069   70
72998   70
1203   100
1961   40
2003   60
589   20
97921   10
1097   100
2959   100
8528   60
3275   60
2947   70
588   70
1270   80
112175   60
293   70
3034   50
3114   90
527   100
50   80
78499   100
69122   20
1947   60
1375   70
1252   40
4878   20
1036   20
1262   80
96079   70
7293   50
1374   80
6936   100
2406   60
1394   70
480   40
1345   60
2081   60
2420   90
260   100
858   100
2997   20
79132   30
1225   80
1200   80
2294   70
122886   50
8360   60
8464   60
1193   100
1302   10
2641   90
3471   70
81834   80
551   40
2791   100
2571   40
1210   80
60756   50
5952   80
5816   80
2011   60
58559   40
59369   60
1259   60
45517   50
1682   70
3671   90
2078   70
6378   60
4995   10
1197   80
45722   70
48516   70
69844   80
1282   100
1247   60
150   60
2115   80
46578   40
1213   90
2717   60
1610   50
1028   100
3793   10
1288   60
5989   70
4027   100
7438   100
33493   30
2329   60
1206   90
81847   40
1387   100
68358   80
1221   100
1278   100
54272   40
1220   100
72641   30
1333   80
317   40
329|14
1258   100
1080   10
1206   10
1292   100
1958   80
1193   80
4789   100
4262   10
1252   40
778   90
1732   10
593   40
1136   10
1201   40
330|181
288   100
1136   90
1288   90
2028   70
595   50
1246   90
3052   100
7387   100
3996   90
1291   70
3275   50
2797   80
2329   80
750   90
1917   60
784   40
457   50
466   60
370   80
1073   100
2699   70
1222   100
6377   90
736   40
849   40
4226   100
5418   40
2174   90
4022   100
231   80
904   70
1517   80
802   50
2012   60
2788   90
260   80
1580   80
4896   90
377   10
64614   80
150   60
509   60
8961   90
593   100
2858   90
4306   90
2710   80
1199   70
1387   80
79702   100
6460   90
2011   60
6365   70
5989   80
2395   20
2871   80
153   60
350   80
1449   60
367   20
48738   100
2916   80
553   100
2716   80
235   30
6104   80
1097   80
71535   100
4878   90
318   90
3578   80
4902   80
29   60
1965   70
780   50
2987   80
1500   50
1784   100
1225   90
58   100
50   100
1278   80
26528   80
34   60
7153   80
1207   80
33794   60
60069   100
1358   100
858   80
4011   90
356   100
1391   100
1259   100
1258   80
2706   40
173   20
3147   80
743   70
292   60
1028   80
1196   100
3793   80
364   60
48516   90
70286   80
2712   100
2628   60
454   70
497   80
327   50
3   60
410   50
1673   80
3176   70
4886   100
5445   70
1777   60
3210   70
3698   50
5013   90
1208   50
344   10
5995   70
2140   70
1732   100
2700   80
541   40
1394   80
1265   90
588   60
589   70
47   60
1089   50
551   100
778   80
208   80
253   90
68157   100
1968   100
3977   40
79132   100
1573   10
7438   100
562   90
61240   100
7361   70
2324   100
587   70
2657   100
1210   100
1584   50
6333   80
3948   80
539   40
1961   80
1299   80
1213   70
3408   70
435   10
111   70
594   60
520   60
1320   70
1485   30
25   90
4034   80
3471   80
1527   80
1266   90
2571   70
5952   80
1380   70
1198   70
481   70
2054   60
5294   80
2739   80
1954   60
924   30
2291   80
331|118
4963   80
318   100
54272   60
1676   80
63113   60
6754   60
8533   80
3793   50
50   100
4638   40
7143   80
116797   80
46578   100
55820   100
84152   60
55765   80
88140   60
91529   80
96079   80
31696   60
7153   90
6016   100
2712   80
94959   80
54001   60
5444   60
5952   90
88129   100
4034   60
8961   80
5669   50
35836   60
34319   40
78499   80
119145   70
164179   50
4973   80
49530   70
59369   60
68358   80
6863   70
106782   70
3752   60
45517   50
58559   100
61323   100
8361   50
8529   70
54997   100
56782   100
858   100
30825   40
1391   70
51255   80
8783   40
33004   80
69757   80
4223   80
6281   60
115713   100
56174   80
53972   60
7458   70
6534   10
8360   30
97921   100
40819   80
6377   80
134130   80
112552   100
74789   60
293   80
54503   100
5418   80
193609   80
5349   40
4886   60
122882   100
183897   80
1136   90
91658   100
34048   80
33794   80
102125   60
33615   50
6711   100
34162   60
187593   80
296   100
96610   70
39183   50
3578   90
54286   80
1213   100
54259   60
48774   100
112556   100
8636   70
177765   80
106696   70
33679   60
5956   90
8957   80
122904   100
37729   70
30793   30
6373   40
34   40
7445   40
73017   70
4016   60
6541   40
56757   60
4816   60
6537   50
7373   40
6936   80
3717   40
332|197
208   40
3301   70
3755   60
2917   80
4011   80
3996   90
2657   80
2395   70
33004   40
2329   70
59315   70
62250   80
5952   80
46322   60
2340   70
288   70
6947   90
1748   70
2858   90
2739   80
91658   20
2571   100
93610   60
3030   90
3994   60
1303   90
32587   70
1213   80
79132   80
593   90
3703   80
2959   90
2919   90
2826   50
30793   70
2366   70
7143   70
2542   80
5481   60
53125   80
33679   50
2890   80
4979   70
1282   80
37386   50
8874   80
8984   60
79091   80
590   90
6365   60
7063   80
1   80
26131   90
4993   80
6711   80
4270   70
1208   80
48394   80
68157   70
1931   80
2420   80
68319   40
1206   80
5226   50
2762   90
85056   60
2944   70
96610   70
5903   70
3247   60
1301   80
81782   70
2019   90
87192   50
7766   80
93766   40
85510   70
3793   70
56174   60
608   80
79553   70
1089   80
8949   80
54286   70
2997   70
111   80
922   90
7419   70
56782   80
6874   80
4887   50
293   60
2011   60
1234   80
1573   80
1214   90
33166   90
79702   40
1210   70
36529   60
7458   60
2717   50
59784   80
8961   70
44191   60
1224   70
5010   60
6787   70
1097   70
1961   80
33794   80
4995   80
46578   80
3470   80
7482   70
5026   70
1680   70
6287   70
85414   80
3091   90
4262   70
1527   50
2174   60
39183   70
904   90
85131   40
4034   70
16   70
50   80
2396   80
610   50
26258   40
48780   70
296   80
3033   60
4226   100
3471   80
55820   80
7925   90
1237   80
1196   90
27801   70
3811   70
1265   100
2020   80
1590   50
3420   80
150   70
5378   40
1645   70
3108   70
1391   50
2617   80
2130   80
7153   80
7361   70
750   90
65514   70
5445   70
912   90
7147   80
1617   80
87232   70
1200   80
77561   80
72998   80
2021   30
5218   80
110   70
849   40
3408   70
7090   90
1380   70
69122   80
527   80
910   90
31878   80
86332   70
1093   80
2872   70
91974   70
1676   40
4963   70
1270   80
1393   80
6305   70
6333   70
91500   70
1225   90
92938   40
780   40
1204   90
1296   70
1378   40
34048   50
4973   80
58559   80
333|16
3755   60
3753   60
3617   20
3580   60
3797   20
3624   80
3099   40
1193   100
3618   60
3826   20
924   40
3578   80
3784   20
3564   20
3567   100
3623   40
334|107
5459   60
2968   60
40819   70
31658   70
52952   70
30850   70
2115   50
72998   70
3535   50
2746   70
8874   60
2843   80
5971   70
1101   70
4886   70
595   70
55765   70
60069   70
52973   60
4225   70
74458   50
10   70
1270   70
4306   90
1961   70
1240   70
750   70
4223   50
1258   70
539   70
104   70
63082   70
1210   70
5418   70
59784   70
61024   60
48394   80
1610   80
231   70
586   60
2762   80
2628   60
8957   10
5618   70
26776   80
46578   60
908   70
4741   70
2706   70
1198   70
2959   70
56174   70
27773   60
356   80
318   70
45517   70
59118   70
344   40
4973   80
733   70
1394   70
1250   70
8961   70
59615   60
7153   70
597   70
72226   80
7361   80
1214   70
76093   80
3006   40
47   40
50872   80
60397   50
7147   80
54259   70
54881   70
377   60
1265   80
6377   80
42728   60
37729   80
55267   70
260   80
30749   40
1136   80
6350   70
60126   60
4226   70
58559   60
1755   80
3000   70
364   80
4896   70
7293   80
61729   70
55247   70
49272   50
34405   80
6242   40
6016   80
59315   70
7451   70
33493   60
1566   60
58105   70
5902   70
335|17
466   60
110   80
1673   70
318   100
802   60
762   20
1196   100
2571   100
593   70
50   100
380   90
163   80
3911   80
333   90
3671   90
1639   80
435   10
336|35
356   90
163   100
2699   70
2762   90
1246   90
34162   80
593   100
527   80
589   100
2360   100
3623   90
318   100
1704   80
2858   100
32587   80
858   80
2329   90
2028   80
6   80
47   90
3147   90
186   80
296   100
37729   50
3948   100
3114   80
2502   100
1722   90
5445   100
168   80
7153   90
509   100
2353   70
3174   100
70   80
337|48
74   100
358   60
553   60
494   100
27   100
6   100
555   100
737   100
280   80
628   100
12   60
62   60
17   80
743   60
141   60
24   100
648   100
780   100
852   80
95   100
32   80
79   80
1073   100
50   60
653   80
5   80
107   60
3   80
707   60
14   60
76   100
788   80
66   80
260   100
135   80
778   80
719   60
112   60
31   100
9   100
7   60
36   80
193   80
41   60
100   60
104   100
711   80
637   80
338|24
190221   20
5445   40
183897   30
5952   60
122916   20
190213   20
190209   80
176371   20
1221   100
527   100
27773   80
170705   50
858   90
2959   90
189043   50
8784   80
5349   60
30793   50
175569   30
177765   50
1203   100
122912   30
174053   100
6874   90
339|280
105504   90
8874   60
5464   100
7458   60
174055   100
115210   80
111781   80
81845   80
1617   100
319   100
1291   80
1625   80
4369   60
5816   50
307   70
108928   60
4878   90
82459   90
31410   100
174053   80
5502   90
97921   70
1203   80
81834   50
157699   70
7361   90
7347   80
72998   60
44397   90
52722   70
3006   90
74685   100
1198   100
3996   60
68954   60
134853   100
55247   70
3176   100
5989   100
8340   90
81158   70
8529   80
105844   80
39183   90
81932   70
56367   70
457   80
7143   90
127108   80
61323   70
116797   80
90345   90
1265   100
1097   70
480   80
80139   90
75985   90
8376   90
112290   90
35836   80
4718   70
136562   60
4874   80
1219   80
34162   70
150   80
750   100
64034   90
53953   100
858   90
924   100
69784   90
47099   100
1270   80
134130   90
91978   80
5991   50
6502   80
4007   90
6   80
2288   80
2712   100
53125   70
88163   80
55280   80
47   90
106100   100
6947   100
85342   80
93840   70
527   100
71464   90
90647   70
51255   50
4370   100
164179   70
1748   90
122904   40
8361   90
57368   50
356   80
4223   90
68157   70
63113   80
166946   90
4896   50
166643   80
1101   50
55721   80
115569   80
6377   80
72733   60
1252   90
904   90
49530   80
109487   100
34048   80
3160   90
2973   70
1233   90
4056   90
69481   90
454   90
69406   80
170705   100
84954   90
44191   80
8644   90
105954   90
5810   60
40815   50
60069   90
1259   100
104879   90
48385   90
2019   80
1653   100
114180   70
364   80
1258   100
648   80
30749   70
45210   90
30812   100
114662   80
68237   100
142448   80
4262   90
8957   60
176751   100
58842   90
1784   80
56174   90
4306   80
4022   100
112556   70
77177   80
4995   100
92243   90
5618   100
3409   80
68358   80
1077   90
139385   80
97923   70
3949   70
5679   70
2706   100
45672   100
1272   90
1466   80
79091   90
541   100
4103   80
2160   100
141749   80
6016   100
109687   100
103253   70
91658   100
79132   100
45722   60
81788   90
7156   100
1214   80
41997   100
36529   100
70286   60
89492   90
1247   60
143385   80
148626   90
104841   70
48516   90
4848   100
8368   50
8950   80
56587   70
8961   80
80463   60
8464   90
107406   50
48394   50
106782   100
103042   50
64614   80
2858   100
308   80
1230   80
5218   80
296   50
141890   60
109374   80
4226   90
1193   100
3578   100
3741   100
87306   60
89864   80
2502   90
99114   60
16   90
3471   80
55820   100
1682   90
48774   60
58376   60
4310   60
2762   90
2716   50
1221   90
54503   90
2318   100
37741   90
72011   90
5995   100
82378   100
4299   90
97752   80
3462   80
41566   60
54997   100
44555   90
4973   100
59126   70
3535   100
6869   80
63082   100
81562   80
1732   100
90439   60
1594   90
90531   70
6550   90
5010   90
88129   70
45720   70
1994   40
1584   100
176371   90
6281   80
7256   70
76093   40
64969   70
106487   60
58559   60
1953   90
56782   100
3751   90
593   100
1   80
74458   100
4975   100
97938   80
908   90
33162   90
1721   80
64716   90
1227   100
59315   70
341|32
380   90
6537   90
7293   80
135887   80
5816   80
3751   70
2720   60
435   60
59900   100
69122   50
87867   60
115149   70
1036   80
356   70
6863   60
90890   70
109374   80
119145   80
136020   90
3988   60
6218   60
4816   80
65088   80
114662   90
79134   90
111617   90
4447   80
74458   100
94405   80
5218   70
115713   80
134853   80
342|41
2701   40
2975   60
3298   80
2840   60
1799   60
2987   60
3617   60
223   100
3754   40
5014   100
288   60
24   60
3597   60
785   60
733   80
2699   60
3016   40
2433   60
1911   60
1270   80
2188   60
2861   60
609   40
2581   60
3174   80
1013   40
2770   40
2706   80
1513   40
2355   80
2805   60
3203   60
5099   20
3219   80
2908   60
2961   60
3752   80
3824   40
2722   60
2959   80
2901   20
343|37
1089   90
56367   90
2959   100
5971   80
541   90
7153   90
593   90
1198   90
2329   80
318   90
527   100
46970   60
8969   80
50872   70
1203   90
55765   50
5952   100
7981   100
4993   100
2858   80
1214   80
6016   100
52952   80
260   60
7173   50
3298   80
1221   60
1213   100
1200   70
8961   90
5618   60
54503   100
4378   80
2598   80
8253   30
51255   80
54881   100
344|44
5010   40
4306   100
3948   50
111759   80
2617   40
3160   60
2701   90
7099   90
108190   60
3147   100
2916   100
81847   80
68954   100
2353   100
3897   60
4878   40
2762   60
86332   80
4011   80
5299   20
5502   20
1214   20
4720   20
2858   100
356   100
91542   80
110   90
89745   90
5989   80
1265   100
60069   70
8360   100
3949   10
111659   60
112852   100
60684   100
5618   90
114180   60
2028   80
318   100
5459   90
3996   60
1270   100
111443   60
345|39
932   100
1327   60
4195   60
1690   80
27751   100
4419   90
2944   80
1244   80
2359   100
1203   100
969   90
35836   70
2352   80
33085   60
5404   90
3801   80
38164   80
3707   60
4465   70
11   50
4792   60
8261   80
3363   60
468   70
2722   70
32   70
3361   60
1186   60
3247   90
5377   70
3534   90
3396   60
7293   90
779   100
5900   60
1093   60
838   100
6787   80
1214   100
346|115
3186   60
7387   80
2395   80
2131   90
1345   90
521   70
3448   60
1945   70
7013   80
111   80
8928   80
6530   90
2396   60
7438   80
912   90
6023   60
31923   80
296   70
903   80
4025   20
27803   70
7482   60
1625   50
1333   70
4404   80
7371   90
2683   40
1230   90
1339   50
2762   70
7179   50
1132   70
6643   80
5147   90
1225   80
1080   80
1221   70
7008   100
8405   90
1258   70
1172   60
50   80
8981   80
4262   70
3363   70
2858   90
8973   80
1252   90
4914   80
2467   80
4865   60
4422   80
1219   100
4297   70
7940   90
492   80
7748   80
337   70
6858   80
750   90
3255   50
923   80
7034   80
5951   60
46578   80
253   60
1208   90
6874   80
247   80
3735   60
6552   80
32179   80
7820   70
3160   90
4878   80
902   60
6993   90
3075   90
6987   80
8228   60
5618   80
353   60
26729   80
2336   70
2997   50
8507   70
4020   60
3418   70
904   90
8622   80
1206   80
319   50
7234   70
480   50
4741   80
858   80
2160   90
2321   70
1248   90
527   70
48394   90
2360   90
3910   70
454   40
7069   70
5679   80
1997   80
44555   80
7327   90
2076   70
7178   60
1354   80
4973   60
5995   80
3741   90
347|28
11   80
377   80
165   60
10   80
364   80
357   60
648   80
231   80
47   60
500   60
34   80
589   60
160   60
153   60
435   60
480   80
356   80
592   60
185   60
253   80
597   80
208   60
1   100
266   60
539   80
2   60
19   80
292   60
348|35
1196   100
2505   80
1250   90
79132   100
4865   100
527   100
92259   100
296   100
4993   100
6953   90
1772   90
915   90
2065   100
1208   100
541   100
1693   80
58559   90
1801   70
260   90
2858   100
903   100
4958   80
8798   90
5291   90
50   100
5952   100
3083   90
912   100
608   100
750   90
2366   80
593   100
1955   80
590   80
1267   90
349|23
353   60
590   80
253   60
595   60
277   60
105   100
230   60
357   80
344   80
555   60
434   60
367   80
587   60
356   100
296   80
527   80
266   60
165   80
480   60
597   100
593   100
500   60
145   80
350|25
708   60
32   80
832   60
65   60
671   80
805   60
736   60
260   80
1356   100
799   60
608   60
1073   60
786   80
494   80
112   60
748   80
653   60
802   60
673   60
663   60
141   60
1210   80
836   60
849   60
719   60
351|96
4718   40
88272   70
4876   50
4069   50
2959   80
55555   70
59784   70
87306   50
3252   80
3981   70
72998   50
5608   80
5989   80
71579   80
89028   50
1959   60
8970   70
86781   100
6379   50
501   70
54787   70
4720   70
88405   70
6223   80
48780   80
3986   80
88129   80
92048   80
2995   50
1704   90
78039   70
84392   90
5956   80
56941   60
4262   70
5952   80
60857   60
593   90
69122   70
74545   60
381   60
60950   80
55820   80
1721   80
80831   70
90888   50
88179   70
6377   60
1073   80
85342   70
89492   80
57843   90
91128   70
59369   90
5106   90
60069   80
7153   80
55577   70
83134   70
81591   90
91658   80
4023   80
50445   50
6263   70
80590   70
1735   80
55052   90
89761   70
48516   100
39400   70
89087   60
356   90
296   90
90471   70
4865   80
60894   60
57669   70
68157   70
92422   70
81788   80
4239   80
4963   80
30707   70
90353   80
2571   80
51662   80
4993   80
89774   80
7361   70
27773   60
47   90
2124   20
86320   70
4226   80
7254   90
4246   60
352|219
1597   60
6870   90
94959   80
1641   70
2329   90
46723   70
64497   60
1997   90
3751   60
6539   80
48780   70
3355   80
3977   50
2288   100
106782   100
45730   60
30793   60
119145   80
1923   60
1580   50
329   80
109487   100
1882   40
1590   80
260   80
104841   100
71535   100
1206   70
3967   80
54286   60
61323   60
60074   60
72011   80
2542   100
3083   80
52328   100
318   100
3285   70
3408   80
67923   30
103688   80
3113   80
1479   60
593   80
135143   80
103341   40
96079   80
85414   70
1200   80
91485   50
84954   50
1552   80
62374   90
83134   80
1258   100
3578   80
103253   60
115210   90
79091   80
115713   90
106002   90
50   100
88125   80
96610   70
1676   60
101864   90
54259   70
135569   80
4226   100
3785   60
91658   80
53953   80
4014   90
122882   70
118696   100
27821   60
63992   40
134130   100
4025   60
53000   80
1089   100
2762   80
2297   80
97304   80
3273   60
2712   100
53125   80
42723   20
115149   80
3981   60
38061   70
69844   80
86880   80
48394   60
3052   80
3863   80
3755   80
76175   40
152077   80
33493   80
1222   80
64969   60
102123   50
1894   60
56171   50
2683   30
2278   80
2966   80
128360   80
79132   100
2324   100
3555   80
2701   40
3717   60
166528   90
1994   100
58559   70
2605   70
37729   80
1729   80
4034   90
2628   70
106696   40
3793   60
2997   60
45447   70
68954   80
73321   70
71156   60
2006   60
2959   100
2571   90
102194   80
91500   80
49530   100
81562   90
82202   60
1704   70
56145   100
139385   100
2908   80
41569   70
32587   60
97306   70
4973   60
1779   80
74789   80
114180   90
2231   80
91535   60
36401   60
2232   80
74458   100
37380   40
3147   100
356   100
51086   80
2340   90
6502   100
34437   70
49278   60
1702   40
2490   60
81834   80
54001   80
90866   90
112138   40
40732   80
55282   90
93363   40
93840   90
105504   80
71530   80
108190   50
135133   80
99007   80
112556   80
102445   90
1682   60
122904   50
1693   60
2858   100
99114   90
81591   40
90405   70
90746   90
4306   60
116823   80
2706   90
1608   80
2028   90
103249   80
4018   60
107406   90
60069   100
2391   60
44972   60
1466   80
93510   40
81229   60
51662   80
541   90
1625   90
103228   80
34162   70
1213   70
3510   60
111759   100
47   100
2393   90
164179   60
3471   100
1544   60
5995   100
1835   60
130634   20
59369   60
66097   60
51412   60
353|57
380   60
413   40
256   60
122   60
318   100
32   100
434   60
585   40
595   80
172   40
2   80
237   80
39   20
344   100
364   80
110   60
330   40
555   80
420   20
47   100
588   60
225   60
222   20
34   100
553   80
435   40
442   40
246   100
454   80
196   60
1   100
69   60
185   80
432   60
236   60
229   60
590   80
355   40
457   100
165   100
280   100
160   40
70   80
6   80
223   100
353   60
340   60
22   100
328   80
10   60
349   80
593   100
275   40
315   60
168   60
319   100
5   60
354|164
2949   70
1201   80
4776   80
6373   60
1393   70
6059   70
1036   80
2985   90
4246   70
2502   80
10   70
3578   70
5459   60
5669   80
1625   70
353   70
2329   90
39414   60
1968   80
2011   60
454   70
5989   80
5679   80
1645   70
3798   70
6979   80
5418   80
6934   50
2541   90
344   50
1722   70
5218   70
56174   60
4262   90
858   80
8957   80
2858   80
1997   80
2376   70
1208   70
34   70
6537   70
2947   80
2763   80
7361   80
8961   80
1210   80
1573   80
53519   80
8644   70
357   80
2161   90
185   70
50   90
33166   90
49272   90
1037   70
597   70
8622   60
8917   50
53996   90
1569   80
7254   70
51662   70
2028   70
8529   80
2003   80
2278   90
318   90
3994   60
2321   80
3623   40
531   80
4239   90
2115   70
592   80
1219   80
2997   70
8360   70
1954   80
45720   90
44   70
4447   70
1608   70
527   80
750   60
52973   80
2000   70
1552   70
1721   80
1584   80
33493   80
780   70
3176   80
1876   70
3617   70
2605   60
1732   80
5445   70
33679   70
8361   60
4344   80
1233   80
5378   60
3717   70
3386   70
1265   80
48385   60
4995   80
1378   70
45186   80
3489   70
6874   90
2700   50
2455   70
1396   50
1089   80
5349   80
49274   10
2105   70
1204   80
2571   80
3793   80
1961   80
593   80
4018   70
1676   90
34162   70
70   90
2710   60
2706   80
34319   90
4963   70
225   70
1682   90
6188   50
356   90
32   80
6218   70
260   80
3471   40
3996   80
2006   70
30812   80
1580   70
1092   70
2268   70
1639   80
1240   80
7458   60
588   70
380   80
6365   20
2572   80
5903   80
1035   80
8464   80
2324   90
586   60
3033   70
2987   80
2916   70
165   80
2699   70
355|16
367   60
2915   60
3269   80
901   100
1721   80
480   60
1198   100
900   100
933   100
2951   80
60   60
2094   80
910   80
2628   100
673   60
915   80
356|215
3753   80
2571   80
51255   90
60293   100
2671   60
5502   70
2804   80
6539   60
38886   80
6333   60
40955   80
543   100
67734   70
916   90
1732   100
61323   100
1704   90
6708   80
60069   70
4973   100
2542   80
1220   100
5445   70
64957   60
1676   60
46976   90
3852   100
30822   70
8636   50
3623   60
8796   100
48342   100
3552   100
8665   80
2657   100
60756   60
7419   80
53956   70
8784   80
1208   100
6365   80
1036   60
47518   50
48744   90
1222   90
5902   80
902   90
2359   80
3897   100
1923   70
1441   80
1031   100
4995   70
57669   80
4370   70
21   70
1235   90
3435   100
3578   80
1747   80
58492   60
45175   80
55269   80
2321   70
48385   50
54745   70
3060   70
203   70
1080   100
1257   100
3178   70
5792   100
3052   80
5225   90
733   90
8910   90
36535   80
7137   80
1265   80
34437   60
1148   100
745   100
61132   70
2918   100
56788   80
2572   80
33166   70
58162   70
5666   100
56921   100
4349   80
6934   80
6863   70
1639   80
37384   100
30810   80
63082   80
158   60
2580   80
1500   100
31878   80
49272   80
104   60
485   50
2692   100
3362   80
1089   100
6807   70
4642   100
5618   80
4878   100
356   80
58998   70
38061   100
44195   100
5650   80
64969   80
3210   90
2997   80
4027   80
778   80
44191   70
349   70
2144   70
5989   70
2716   100
5377   70
2005   80
1584   60
7352   80
8917   70
2146   90
48774   100
41569   50
6942   60
4361   100
344   30
5110   70
3429   90
45499   60
8949   80
2959   100
2353   60
40819   90
216   60
1370   80
3147   80
32587   70
1968   70
2858   80
33794   100
1307   90
1573   80
2012   90
5617   90
3809   100
3481   80
2596   80
1197   80
6188   70
1136   80
48516   80
1291   90
51662   60
6370   90
454   60
1527   100
62434   100
62   90
8874   100
2712   70
54503   100
1734   80
4034   80
316   80
8644   80
5577   90
141   80
1784   80
1653   90
720   100
2115   70
2762   80
37729   50
168   60
441   90
1884   80
3793   70
7143   70
1198   80
55280   100
61024   80
48082   70
541   90
3186   80
529   80
63131   90
50   70
1259   70
457   90
33880   60
1234   80
500   80
1682   60
553   90
6620   40
4226   100
2968   100
208   80
337   90
6378   80
5074   70
912   100
6636   70
3174   70
357|290
2683   60
74458   80
1221   100
3549   90
1784   70
915   60
5617   70
2746   70
1291   70
2005   90
955   60
1084   90
56339   90
5989   90
54001   90
858   100
926   100
318   80
1350   90
51540   80
2324   80
1282   60
1247   90
2797   80
4370   80
1271   90
153   50
26133   90
69757   70
1213   100
474   80
1059   90
4857   90
5464   80
1962   50
1949   80
44195   60
3255   70
1136   90
39   90
4700   80
337   70
788   60
2137   80
45517   70
59810   70
5991   90
52973   80
277   80
2959   90
56367   90
1252   70
597   80
48516   80
1028   90
1380   80
1267   80
7361   100
19   40
1958   90
596   80
480   80
4622   60
6870   70
4306   80
1517   60
47999   100
223   70
40629   100
5445   80
6612   80
1760   40
1416   90
1956   80
778   70
2012   80
4361   80
1259   80
780   80
6331   90
7026   60
4878   100
1   100
8464   80
5299   80
2011   80
2355   60
1947   100
54997   80
500   70
46578   80
4447   80
3095   80
303   60
1206   80
1207   100
1961   90
594   80
2581   80
5620   70
55363   100
1449   100
1996   50
1235   80
88125   100
81834   100
65188   100
8950   80
2174   90
3481   60
1381   50
1225   100
608   80
3360   70
2115   80
593   90
2396   60
2291   80
6323   70
8580   100
8784   90
50   100
918   100
2863   80
2421   70
91500   90
48780   90
2352   60
5903   80
26084   100
3039   70
2064   80
724   70
1923   80
7254   80
8368   90
1089   60
196   50
356   70
1387   80
91529   90
364   70
2144   90
11   70
62   60
590   70
678   70
440   70
110   80
72011   80
4040   70
1027   70
8961   80
1189   70
1080   100
4886   80
253   80
1197   90
40815   90
3252   70
1994   70
6377   90
1097   70
7078   100
2   60
2918   80
49530   80
2329   80
2706   70
6380   100
3578   90
73854   80
2657   60
8360   70
2080   70
3916   70
4027   100
31433   70
88163   90
1022   90
16   70
898   80
920   100
74282   100
2134   60
1968   80
4018   40
1060   80
2700   90
524   90
1208   70
1257   90
33154   100
1777   60
2398   90
7444   90
1682   70
539   60
7153   70
52435   70
2502   80
2716   80
4896   70
2160   100
1073   70
31658   100
1276   100
2020   80
586   80
1997   90
2248   100
2628   60
7147   70
1378   60
3270   80
96563   80
1270   80
6942   90
8011   80
56805   90
1333   70
5816   80
4995   80
2710   80
357   80
72998   80
3247   60
4520   50
1285   100
26528   100
4069   40
4022   80
300   60
93040   80
26471   100
1104   100
60766   70
1265   90
53024   90
38304   100
1231   70
1220   60
410   70
1258   100
1219   90
1029   80
56174   80
508   90
1307   90
2485   60
4963   90
111   70
69844   90
1269   90
3448   60
2081   100
49272   70
1196   90
1593   80
4034   70
1361   80
1035   90
1917   60
339   70
1246   100
2599   80
588   90
4720   90
1584   60
5266   60
3100   100
69122   70
3114   100
36   70
919   90
2686   100
1287   80
3363   60
17   100
6502   90
37741   80
1721   80
2076   70
2858   70
1704   100
78499   80
553   100
80463   90
2565   70
80489   90
358|25
7254   70
2144   60
81591   40
58998   20
87028   40
88163   80
4308   80
3882   60
89386   10
70687   20
3081   80
71579   80
60069   80
65350   10
85334   10
69757   90
49130   80
70599   90
2338   20
48412   70
2572   80
1721   100
8533   90
7255   80
902   80
359|47
1246   100
8533   90
1721   90
2   70
736   60
54259   20
1544   60
1240   50
2384   70
224   70
370   40
2324   100
2455   50
527   90
1198   60
55247   50
6377   90
3471   60
589   60
44555   80
1960   90
3623   50
4306   100
2571   50
2470   70
587   80
541   30
2990   60
1073   80
1580   40
46723   70
4034   80
590   80
480   80
2858   80
1   80
1277   80
1172   90
3499   70
2739   90
1270   60
54286   50
34   50
150   70
26472   70
1961   80
2012   50
360|16
1626   40
1407   80
1617   100
1597   40
1747   100
1639   40
1479   20
1584   80
1646   20
1515   40
1687   100
1625   100
1647   40
1438   40
1754   100
1616   100
361|61
2700   80
420   70
31420   70
231   70
2002   70
4085   70
4993   50
3513   80
2889   70
260   40
10   70
4148   60
1772   60
32019   80
1214   60
150   60
370   70
3977   70
5296   70
31685   80
4718   80
1047   70
5444   20
1374   40
5459   80
5106   30
780   70
1035   40
46723   60
500   60
34162   70
858   50
4979   30
356   70
3753   80
8644   60
593   50
32587   40
51662   70
1485   70
52973   80
6539   70
6373   60
3948   70
466   70
7022   40
1923   70
56775   80
6365   60
2167   40
527   50
2858   50
8972   80
1721   40
1210   40
1587   20
45447   80
4963   90
2502   40
49278   80
70   40
362|71
1625   80
47   90
2628   80
48780   80
82667   90
111   100
260   90
104879   80
2194   80
2291   80
161127   80
64614   80
115569   80
318   90
858   100
367   80
924   100
6987   100
2329   80
1193   100
81417   60
4306   80
37729   90
1258   100
68157   80
2288   100
56156   60
1617   80
3578   80
175303   70
1222   90
56145   90
296   100
165101   70
56782   100
1213   80
1206   100
110   80
1212   90
6377   80
4148   80
1732   100
79132   80
4262   90
1591   80
5349   80
1287   90
1089   90
103688   80
2571   90
8360   80
5952   100
16   80
40819   90
5784   80
98809   80
431   80
2023   80
33794   90
1221   100
6365   80
1263   90
1645   100
589   80
50   70
6934   80
2273   70
60072   70
1682   80
60684   80
81782   70
363|19
4993   60
50   80
708   70
1246   80
122918   100
2571   50
1198   80
832   50
141   80
2396   60
1784   70
2706   60
260   40
95   60
1961   60
176579   20
7153   60
1641   80
168252   80
364|12
32   60
832   100
1073   100
628   100
141   80
494   100
1210   60
260   80
786   80
1356   80
780   100
648   60
365|205
4306   30
134368   60
4643   50
79702   50
5952   60
96110   70
145935   30
79592   90
1968   80
2291   60
83349   80
6539   70
157699   60
69122   70
5989   100
80693   30
142422   100
7451   90
4447   70
103249   60
260   60
103810   40
109487   60
4896   50
67923   60
104211   60
96588   30
97225   40
94677   60
114935   40
1704   100
78209   60
1259   80
4995   80
54503   70
7438   70
149354   40
48385   20
104241   80
50872   50
3996   20
85510   40
62434   80
318   90
114494   30
86911   70
33794   40
2144   80
89864   80
96964   30
48774   30
103772   60
63131   40
5418   50
61024   100
120466   50
3753   60
3882   20
79132   30
40815   60
135887   30
99114   60
135861   100
104   70
68954   60
73017   60
138210   30
56152   70
3785   70
108156   60
30793   70
3081   30
54259   20
3147   80
109673   60
5299   20
59022   50
122922   60
96737   30
5816   50
8636   60
508   40
91323   70
6155   80
4973   20
7346   70
42011   20
106062   50
2716   60
117590   70
159858   10
86644   20
8376   60
58998   40
1380   40
152091   60
1265   50
99112   40
162606   40
107406   20
87869   50
216   70
84601   40
111113   80
86293   80
131013   60
5378   50
132888   60
148626   50
56367   60
8533   40
333   60
101415   30
91529   50
4022   100
3421   60
1197   30
89745   50
5679   10
89804   40
8807   50
5995   20
180   10
44004   80
67734   50
69844   50
102903   70
99007   50
105213   70
95441   100
135137   60
146656   60
106916   40
1393   70
132800   30
2858   20
5445   20
81591   10
135436   50
1196   80
4027   60
8464   40
46335   50
165947   50
8368   60
3578   30
106782   70
113604   40
58559   70
116797   60
6333   60
61132   70
100507   80
2804   70
4054   10
1961   30
148172   70
8961   40
79057   70
45672   70
6377   50
4239   50
45722   50
4963   50
51662   70
140711   70
159093   80
5218   20
74685   30
76093   50
149352   50
156609   90
1610   10
4886   80
107348   70
102686   90
71838   40
3793   70
3948   60
136598   70
52973   70
93443   50
79139   70
115149   80
159441   50
56174   70
66509   70
8641   70
96821   30
5110   50
142222   30
5481   60
92420   10
109569   30
356   90
47099   40
102033   40
111743   80
5349   60
46578   50
71535   70
68659   50
593   10
160563   50
113453   70
366|19
48516   90
44191   70
1036   80
6942   70
58559   80
6874   80
8368   90
6539   80
4993   90
3949   80
109487   100
110   80
1089   100
5481   40
2959   90
32587   60
3578   90
8961   80
68157   90
367|132
4270   80
3745   60
3565   80
3615   80
500   100
3435   80
551   40
4505   60
4149   60
1265   80
4031   40
1302   100
2355   100
3471   100
1307   60
915   80
858   100
2194   80
260   100
3784   100
356   100
513   80
1580   80
3994   80
4639   40
304   100
2398   100
3743   60
4155   80
3360   100
1968   100
3646   80
1207   100
3484   100
3594   80
3534   60
4022   60
4053   60
3798   100
3977   60
3510   100
2109   60
3363   60
4142   100
1777   80
4517   60
953   100
1565   80
3912   80
3453   80
1704   100
1582   60
2700   20
928   80
4069   80
4700   100
2018   100
2108   40
1569   80
2407   80
3296   80
1198   100
1387   80
3286   20
3916   100
3398   100
3114   100
1   100
4078   80
923   100
3341   80
3507   80
3987   80
2915   80
3623   80
1517   20
3591   80
2918   100
912   100
4308   80
4638   80
3358   60
1219   80
3755   80
1996   60
1097   100
1028   100
527   60
3882   80
1954   100
4535   80
587   80
440   80
4247   40
3616   80
4628   40
4447   100
593   100
3325   20
4025   100
3797   80
2695   40
2396   80
902   60
4623   60
3483   40
4168   40
2321   40
3548   80
4571   80
3624   80
2144   80
2716   100
357   40
4019   100
3088   100
3825   80
4265   80
1136   60
34   60
1246   100
2762   100
2080   100
4306   100
2797   100
3324   20
3512   80
1257   100
3299   60
318   100
4153   60
3948   60
368|359
2409   60
1061   60
2307   60
3247   40
3272   60
293   80
227   40
2273   40
3841   60
1587   40
4002   80
2817   20
21   60
3959   60
2617   40
454   80
3809   60
2404   40
1233   80
3643   60
1370   60
2006   40
3441   60
2640   60
1515   40
2616   40
2535   60
3922   20
544   60
3710   20
2763   60
748   40
1358   80
79   40
587   60
540   40
2990   60
3298   80
2530   40
3208   60
457   60
1089   80
647   60
1597   60
1804   40
1201   80
111   60
3706   60
653   60
1676   40
6   80
459   60
1037   60
3555   60
482   80
353   40
3176   60
1320   60
3846   80
3763   60
517   60
164   60
2115   40
2985   60
2002   20
3836   80
3519   40
1466   60
3584   40
1686   60
1785   60
1573   60
809   40
3005   60
4008   40
2302   60
3768   20
707   40
438   40
230   60
1213   80
1389   20
3102   60
3545   40
1690   40
849   40
2657   60
2916   60
3638   40
592   60
1610   100
1969   40
1459   60
303   20
908   60
2993   60
1953   60
2792   40
3505   60
356   80
3918   40
2948   60
1954   80
1377   40
3301   60
3203   60
266   80
2110   60
2699   60
5060   80
1438   60
316   40
110   80
292   80
2944   80
3104   60
1049   60
1035   60
1263   80
1375   60
1275   60
2410   40
208   60
786   60
2391   60
2405   40
2001   60
2670   60
10   60
2524   60
996   40
2528   40
1396   60
1101   80
349   80
165   40
1518   60
866   60
480   80
1343   60
2291   60
608   80
3766   40
1387   100
1210   80
3705   40
736   60
3623   40
1779   40
2118   60
2347   60
1193   100
1374   60
3639   60
2263   60
2288   40
2013   80
1385   40
903   60
1729   60
2890   60
2455   60
3628   40
3557   40
1298   60
1100   40
1833   40
3450   60
3698   40
3370   60
3418   60
2561   40
2688   60
3578   60
1645   60
257   60
2121   40
260   80
3286   40
3633   40
1996   20
172   40
377   60
1291   40
1965   80
1047   60
502   40
2402   60
3731   60
1197   100
1598   40
1090   100
2613   60
1527   60
593   80
2028   100
552   40
4007   60
3430   60
2094   60
3127   60
2532   40
3810   60
798   40
2456   20
1799   60
1479   60
317   60
1995   40
2735   20
1722   60
3930   40
1262   80
548   40
3529   60
1960   80
2762   80
3   60
3316   60
1327   40
1407   60
2476   60
2105   40
1252   100
3686   60
527   100
3957   60
2403   60
1208   100
2000   60
1732   60
3354   60
3219   60
1422   60
1196   60
1617   80
858   100
1216   60
2941   60
2023   40
47   80
3635   60
2399   40
1499   20
2505   60
2808   40
2542   60
481   80
3984   60
1179   60
185   40
3811   60
2406   60
762   40
924   60
3702   60
1711   40
1222   80
3703   60
904   60
288   60
1242   80
1653   60
1272   60
589   60
2027   40
2167   60
3755   80
4009   60
16   80
3438   40
1198   80
170   40
370   60
1968   60
173   40
2353   60
2009   60
1580   60
1556   20
3873   40
1431   40
3927   40
3029   40
81   60
431   60
555   60
95   40
3764   40
485   40
296   100
920   80
3724   40
2457   60
436   40
1304   60
1608   60
474   60
3432   40
1371   60
1379   40
1687   60
3113   40
3160   80
2334   40
3062   80
1544   40
1220   60
1092   60
1378   60
2344   60
2662   40
2527   60
2194   60
4000   60
367   60
2949   60
1792   20
2571   80
1127   80
3527   60
2322   60
70   60
3204   60
1589   40
3716   20
678   80
3476   60
1445   40
3197   60
1219   60
3767   40
160   40
2791   80
3267   60
2802   60
2153   40
3148   80
3257   40
1200   100
376   60
132   40
151   60
2135   60
350   60
780   40
3452   60
1615   80
1240   80
1831   20
1221   80
2580   60
2058   60
3066   80
1674   60
426   60
42   40
521   60
315   40
369|87
1732   100
1625   90
2918   70
4979   70
1682   80
1356   70
1101   50
368   60
1584   60
1923   70
5902   80
7361   80
3752   70
2959   90
4262   60
45950   60
1077   70
2174   70
4011   80
2427   80
30810   60
1298   80
36708   70
30793   80
1663   60
3949   60
1225   50
353   60
1442   70
8665   80
4351   70
216   70
45728   70
1288   70
1466   70
19   80
40583   60
2046   60
4545   50
8641   80
2916   60
260   70
1089   50
4878   80
541   50
4888   80
778   80
934   70
466   60
1079   60
7132   70
1721   30
3809   60
2539   60
3033   80
2021   60
1262   60
1610   50
1220   70
938   30
250   50
4034   70
7247   40
529   50
1136   70
2863   50
2859   60
48082   70
2231   60
6874   70
2126   60
1208   60
165   70
500   60
3638   60
48385   80
1196   80
2692   80
431   50
185   70
8910   70
2628   50
1884   100
5047   60
2571   90
6663   70
1373   60
370|59
1732   20
293   70
296   100
260   40
3081   70
353   30
1285   80
1196   50
1291   80
2003   70
7153   90
5989   70
2918   70
32587   80
2692   70
5952   90
112   70
4993   90
5378   20
2572   70
2762   90
1198   80
2618   80
2571   80
44191   80
1136   50
47   70
4262   50
8983   80
367   70
2396   70
44195   80
36529   70
7090   90
6539   80
3481   80
1210   40
1080   80
1777   80
2115   80
2997   80
6874   80
592   80
5618   80
50   90
778   90
39   70
1500   70
608   40
1639   90
7361   80
1721   70
33794   60
6934   60
5782   60
1259   70
318   70
541   70
4014   60
371|25
7361   100
2395   100
1884   90
31696   90
924   100
2987   90
1377   70
26662   90
741   100
2140   60
3809   80
81834   80
3793   80
48   90
661   80
6365   100
2297   100
7153   90
6934   100
6711   100
110127   100
1274   100
55167   100
1206   100
4247   80
372|172
1356   80
1047   60
1407   60
36   60
538   60
1249   80
1213   100
70   60
497   80
50   100
1042   40
1214   100
1483   20
1601   40
508   60
1080   40
159   40
1197   80
920   60
300   100
357   80
800   40
328   40
1275   60
1515   40
904   80
1200   100
1242   100
1171   60
555   80
1464   40
1374   60
1378   80
21   60
1429   40
150   60
1387   100
1390   80
1370   100
733   80
440   80
799   80
1188   40
1438   60
5060   40
1089   100
1358   60
1131   80
1136   60
1261   100
1474   40
608   100
157   60
1408   100
16   80
1204   100
1233   60
592   60
1210   100
1090   80
353   40
1610   80
1183   100
141   80
1132   80
110   80
281   80
457   100
272   60
380   100
47   100
541   80
8   40
692   40
293   80
25   80
1602   40
361   60
1245   60
164   60
4006   20
48   40
1097   80
144   40
1055   40
417   60
1219   60
259   60
709   40
34   80
32   80
1208   100
1291   100
1036   100
1015   40
1079   80
1227   60
11   80
1203   80
1041   80
412   40
953   80
1095   60
112   40
1265   80
188   40
452   40
838   80
529   80
593   80
1589   80
1031   60
163   60
647   40
428   60
595   80
861   40
736   80
1246   60
198   100
52   80
1084   60
1302   60
1257   60
249   80
471   60
710   40
1347   40
111   60
1608   60
1222   60
588   80
1129   40
892   80
1240   60
1586   60
719   40
1285   60
1259   80
1393   60
1198   100
903   60
1590   40
1344   80
1057   60
1411   100
235   40
1584   80
1352   40
931   80
1274   20
340   60
316   100
1357   100
413   40
553   80
527   100
778   60
1   60
515   80
474   80
1019   60
358   40
280   60
590   60
39   60
1414   60
556   60
1278   40
161   80
6   100
277   60
373|64
235   80
32   80
208   40
253   100
273   100
225   40
364   100
266   80
280   80
500   40
196   40
457   60
471   100
236   60
256   40
509   80
520   20
435   20
231   20
527   100
22   60
367   20
648   80
230   80
431   100
338   60
356   80
50   100
480   80
455   40
466   20
592   60
377   40
11   40
337   100
207   60
34   80
249   100
508   100
21   20
590   80
1   60
587   60
168   40
353   60
593   100
95   40
540   60
173   20
181   20
288   60
434   60
292   60
440   60
539   60
318   100
224   60
344   60
475   100
282   80
586   60
410   60
150   40
594   100
374|20
231   80
780   80
329   60
434   60
590   60
1345   80
161   80
316   60
185   60
1356   100
380   100
110   100
1333   80
1350   100
150   60
588   60
318   80
356   80
457   60
344   80
375|20
356   90
1411   100
3578   100
3996   90
1022   60
1779   70
595   60
1438   40
2805   80
318   100
2002   80
1801   80
1196   100
2431   90
1476   60
1805   80
2762   100
2687   70
2616   60
1586   70
376|90
3527   80
252   70
165   70
1291   80
2700   70
5378   90
4995   90
1584   90
5989   90
913   80
586   40
2724   50
7153   80
1197   80
2987   80
2011   100
380   70
67295   80
2427   80
2628   90
8961   70
780   80
1356   80
84392   80
541   100
95   70
1200   70
1517   40
2710   30
1479   90
745   100
7361   50
750   80
912   80
98961   100
1721   70
454   80
590   70
1270   90
2470   70
1258   80
260   80
236   80
849   70
6365   70
7254   80
60069   90
527   90
1221   90
539   80
38038   100
339   80
1527   40
4306   80
1234   90
2762   80
32   100
96079   90
3089   100
589   100
1307   80
1215   70
480   80
54286   100
410   90
4896   90
2571   70
2012   100
587   80
1396   80
161   100
150   100
110   70
292   90
2115   90
3977   80
8798   70
1210   90
1249   80
3256   90
2278   90
34405   80
733   80
1148   100
10   90
1252   80
2683   40
1610   80
1223   100
1262   80
377|88
1230   70
25771   100
33681   50
4042   70
2311   90
680   100
2826   80
34   80
5288   100
4079   80
1019   90
7756   100
909   80
5049   80
6654   70
1127   70
5481   70
51662   70
3153   90
1927   70
410   80
1214   100
2683   80
1215   100
1251   90
1208   100
2971   60
3928   60
5979   60
2792   90
32   90
1244   80
56837   60
3701   80
3726   80
56176   10
7834   80
71302   90
8610   30
6899   70
42556   100
1274   100
1200   90
1517   90
94262   60
84799   90
6787   100
71999   90
1942   90
924   100
80748   80
4792   90
3070   90
1371   90
87287   80
4039   10
5919   80
6303   100
30812   80
2699   70
2384   90
7063   100
2105   80
62383   70
4713   90
3648   80
4294   100
7304   80
926   90
2455   80
4434   80
6270   90
7104   50
4370   70
1225   80
8138   80
6836   70
26564   70
5706   40
2117   100
1947   50
86290   60
4571   70
19   40
3841   30
35836   90
150   100
849   90
378|30
2329   90
78499   80
8961   80
58559   90
8798   70
593   90
68358   80
8950   80
91500   50
79132   100
5952   90
7143   70
48394   70
64716   90
1213   80
6539   80
74458   90
3949   70
36   80
1682   80
63082   70
2959   70
318   90
116797   80
527   90
1   90
1193   90
106782   80
97304   70
48780   100
379|22
150   100
316   60
457   100
161   80
590   100
208   60
47   60
349   80
527   60
592   60
364   60
185   80
434   60
110   100
296   40
539   80
21   40
500   60
153   60
253   60
165   40
454   80
380|958
88515   60
173145   100
3275   80
6013   20
216   60
2096   60
106487   60
7153   100
7573   60
849   60
6157   60
4701   60
161634   70
3471   60
8665   60
6952   60
68954   100
2617   100
40732   100
2394   100
122912   100
37720   60
1089   80
661   60
223   80
434   60
182823   60
122920   100
1983   60
2042   60
69122   80
1882   60
1222   100
6695   60
6323   100
5574   80
173291   40
70361   60
150596   80
786   60
1064   80
1275   100
6709   60
2053   60
71530   60
3355   40
68791   60
56156   80
19   100
6014   40
2594   80
38061   100
596   80
47044   40
3018   80
48043   60
3254   60
43871   60
77561   80
5093   80
71129   70
68237   100
858   80
161354   60
1385   60
40617   60
3213   100
5134   50
31431   50
6218   80
2366   100
8360   80
1653   80
4438   60
1387   80
2455   100
36525   60
27683   40
204   60
49932   20
47124   60
589   100
6196   80
5478   80
40851   80
1198   100
34072   80
5048   40
2709   80
5506   80
86332   100
60040   80
122922   100
4016   80
3624   60
96432   80
113278   60
113573   60
2683   60
2076   100
2012   80
80219   60
162598   70
54995   100
72998   60
90746   80
98124   100
2701   80
86295   40
46335   20
7293   60
6942   80
6537   80
161131   70
89745   100
1015   80
56152   80
27801   80
68358   80
5128   60
5784   60
4232   60
53464   60
34532   60
500   80
6156   60
4963   60
37830   80
1036   100
2124   100
616   60
1073   80
32029   60
67923   60
3703   100
45431   80
780   80
1515   60
1220   100
81591   80
59369   100
158238   100
3977   60
27311   100
147382   80
74948   80
750   100
1339   60
122926   100
5388   80
3246   80
519   40
5009   80
103341   60
122924   60
1321   100
51709   80
73017   60
32596   60
7981   100
36519   60
1270   100
95475   80
3499   100
3273   20
338   60
53121   40
2392   50
175485   60
79553   60
57640   80
32011   60
2085   60
64030   40
5618   100
748   60
54259   100
66783   60
4887   80
69844   80
46965   60
2860   40
7444   60
91542   40
34334   40
836   40
46322   80
185   60
37380   80
3253   60
44   80
6659   100
168252   100
48877   60
122906   70
164179   80
6870   80
33834   100
1732   100
40614   60
2092   50
8967   40
7802   100
1580   100
4980   80
104457   60
8781   60
8501   70
1278   100
86644   80
2628   80
3999   60
33437   80
783   60
87430   40
45722   100
2949   100
2100   60
4643   60
43679   60
3527   100
172497   80
2401   80
733   60
1909   80
26999   60
8641   70
4368   20
6593   40
57528   80
32587   80
148671   80
799   100
115617   100
1359   80
5833   100
5463   80
4018   60
122886   80
65682   80
51662   80
152   20
168254   80
179401   80
3751   80
592   60
30894   80
3054   60
4446   60
33794   100
5400   40
3986   60
65133   80
53519   60
95510   80
53972   40
2094   100
1228   60
8526   60
745   100
1997   60
7845   80
34405   100
117529   60
51077   60
1907   100
40278   80
27822   80
6874   80
44972   40
107953   80
1219   80
8361   60
51939   60
41716   80
6889   60
57368   80
7161   60
60126   80
3452   80
6541   80
181   80
673   80
586   80
88140   100
2542   60
1731   60
2334   40
1200   100
1028   80
48596   60
3633   80
5264   60
48142   80
2000   80
93838   100
587   60
3869   80
3262   80
6365   80
719   60
31427   40
405   60
33679   40
1129   80
93563   100
172   80
5323   60
6534   60
2687   100
130490   60
593   100
2273   80
6250   60
4344   60
2916   100
31878   100
5418   80
4306   100
98809   100
2018   60
3984   60
2656   60
8950   80
1282   60
7373   100
77866   40
158   60
2355   100
2006   80
3264   60
3671   100
631   80
54997   100
122892   100
1587   80
163056   80
5899   100
2174   80
2772   80
720   100
49651   100
4890   40
6263   80
4896   60
31696   80
1276   80
5952   100
122898   60
1590   60
4990   60
88235   80
1193   80
1544   80
122916   100
31804   40
113348   60
45186   100
2083   100
1876   60
7376   80
1970   80
2423   80
4878   80
2023   60
2403   100
147376   100
2641   70
78088   80
95875   60
1729   40
57669   100
4855   100
5816   60
2052   60
51086   60
4492   60
6794   60
108190   60
96079   40
1035   60
364   100
2993   60
4011   100
356   100
96815   40
48982   100
5065   50
1690   60
1777   60
7569   80
7439   80
27793   20
40148   40
6564   40
2722   80
457   80
3265   80
49396   80
2287   80
485   100
4367   80
7846   70
79274   100
106072   80
112852   100
1291   100
38038   100
48394   100
49278   80
344   100
2375   60
8810   60
107   100
7044   100
1380   60
43928   20
111360   60
49013   40
6615   80
58025   70
44191   80
2989   80
4975   60
3300   80
231   80
6503   60
367   100
36533   60
1831   60
42738   40
3839   40
48   60
3676   60
84942   80
965   80
74754   100
6294   50
366   60
6220   80
128968   60
1760   50
5171   60
36529   100
3717   60
95149   100
5872   60
91485   60
70   100
2746   80
79008   80
318   60
169984   40
101739   60
52950   40
2409   80
8640   60
163   100
5882   60
4105   100
3578   80
60514   60
169982   60
5449   40
3740   100
79293   40
41566   60
4744   80
3988   70
4369   60
5266   60
7143   80
5804   60
99114   80
151763   80
8636   100
21   40
6711   100
608   80
74750   60
1356   100
837   80
79057   80
1721   40
6721   60
1201   100
97306   100
46530   60
2921   80
480   100
3639   60
134524   60
8370   60
968   100
64249   60
1196   100
33164   60
44020   60
112623   100
555   100
60979   80
3615   60
16   60
761   60
102084   100
3697   80
81834   80
27773   100
160438   60
86835   60
4386   60
1240   100
37727   60
1210   100
31698   20
2986   60
79592   80
3994   80
6502   60
3702   100
6550   80
33615   60
104141   60
5444   100
104243   70
1917   60
179119   80
60069   100
2328   60
86880   100
91500   60
4226   100
96861   60
5094   60
7225   80
3421   100
182639   80
70286   100
27802   60
86911   40
2353   60
88744   100
6707   80
3646   20
1370   80
3267   80
27584   60
47   100
4387   80
1256   80
1889   80
4370   60
5989   80
27788   80
110102   100
1197   70
2901   80
78469   80
5055   60
107723   60
1676   100
58404   60
3082   100
7438   60
59615   80
4638   80
60937   60
7099   100
353   100
60684   60
1020   60
704   60
1281   80
1583   60
34319   60
2454   80
370   80
4366   100
79132   100
55820   80
1   100
141544   80
30825   60
1047   80
187595   80
68157   60
3755   60
94160   60
317   80
30707   100
8815   40
40815   100
4022   80
94864   80
94985   80
2997   80
1199   100
110553   40
919   60
97785   60
4002   80
1769   60
103042   60
4941   40
4036   80
103449   20
7362   60
53000   80
40723   80
6350   100
1223   100
1350   60
1208   80
8644   100
137863   80
6   100
5502   60
3429   100
91630   60
3563   40
7369   60
3682   40
98491   100
4158   50
595   80
135536   60
2761   80
93840   100
42009   40
4571   100
648   80
6377   80
72601   60
2167   100
48518   60
2081   80
2288   100
2713   60
737   40
1552   80
2087   60
2529   100
2315   60
111781   80
1566   80
839   40
64231   80
4254   60
7147   80
3534   60
72167   80
95858   80
90345   70
165639   80
2648   100
119145   100
6888   40
63222   80
56003   60
8860   80
103253   60
313   60
3408   60
184471   60
61160   50
48304   80
2528   60
111362   100
135143   80
8783   60
2002   60
115877   60
82744   100
56775   80
8961   80
95473   80
4262   60
1333   80
33162   80
88125   80
33004   80
148626   60
83613   80
56801   40
1499   40
2411   100
6383   60
6934   60
112911   40
60074   40
27706   80
45517   40
1610   80
79695   40
152173   80
55282   40
54001   100
32743   60
1079   100
541   100
5377   80
135569   80
3438   80
4270   80
3175   100
2005   70
102058   60
12   80
1377   60
55553   60
49649   60
1702   60
1517   60
165   100
50794   40
98961   80
96737   100
2953   60
41569   60
4814   60
2470   100
47200   80
166946   80
2278   60
130634   60
6333   100
1097   80
2788   80
122918   100
83134   100
1562   60
4993   100
7458   60
3510   80
2105   60
1391   80
316   100
379   60
1920   80
103772   40
1214   100
32   100
64285   100
102125   100
2720   60
36401   60
1029   80
3272   80
5152   80
34150   80
2193   100
2968   80
3034   60
7347   60
1495   40
2028   100
109374   80
4444   80
1485   80
96007   40
61248   60
53996   60
63113   80
104241   80
1136   100
1974   40
1215   100
1994   80
6539   100
2010   80
71535   60
2003   100
1033   60
5047   80
380   100
108795   100
32019   60
26776   80
84944   100
5072   100
7387   100
43936   80
27772   60
111364   60
1213   100
2001   80
94777   100
96610   60
1221   100
105653   80
2694   40
332   60
76   60
120799   60
103228   80
108945   60
102445   80
91974   80
1911   60
120635   40
100163   60
32031   60
4735   60
6946   80
3037   90
2762   100
58559   100
2527   80
74545   70
3489   80
1848   60
2717   60
1573   100
46948   80
4085   80
4014   60
46972   60
95441   80
3889   40
32456   80
3327   80
5299   80
74868   60
8984   40
100498   40
1407   40
6755   80
59315   100
6754   80
2011   80
1954   100
3301   60
52722   60
48780   100
3793   100
7482   80
30793   40
5541   80
5944   60
2376   60
8865   80
65514   100
88699   80
83803   100
1022   60
2959   80
260   100
136864   40
5609   60
187593   60
34143   60
1556   20
33644   50
54286   70
953   80
1080   100
466   80
5957   60
145   60
2048   80
35957   60
51255   100
34   80
1617   100
4148   60
8985   60
57274   100
52694   80
88129   100
2139   80
147380   60
5528   80
3784   60
5959   80
1320   80
377   100
1037   60
1527   80
81229   90
160   60
152081   100
2402   80
1967   100
176371   80
2140   90
6373   80
3948   60
26865   100
176101   60
1348   80
3997   60
91094   100
1367   80
6958   40
122900   100
111759   100
84601   80
8528   60
3511   60
2918   80
1682   80
34162   60
85796   60
52281   80
37731   60
118696   60
8969   60
3638   80
3704   80
1101   60
84414   100
6058   60
2004   80
2571   90
110   80
166558   60
34048   60
3868   100
8947   60
99112   80
7254   80
3508   100
95   60
2871   80
924   80
68319   80
8965   60
2533   60
5378   60
2700   100
410   60
899   60
2947   100
104913   100
167746   100
50   80
1681   60
1388   80
90603   100
2080   60
2404   60
5419   60
5010   80
4299   60
6880   60
293   100
8371   80
5219   80
4886   100
2660   70
6287   60
45447   60
52952   80
996   60
585   40
54272   80
5254   100
31221   40
381|363
50   90
783   80
5630   40
1073   80
719   70
1270   80
48774   100
8622   80
37857   70
5669   70
2470   70
4022   80
2762   100
8360   70
1704   90
53121   70
2502   90
2788   80
3949   100
71745   60
43376   90
8961   90
3270   80
27904   80
71057   100
34072   70
2840   30
6365   80
1527   40
5418   100
5308   70
72737   80
3916   80
3623   70
1967   100
53993   50
2012   70
2717   50
55259   20
2701   40
56775   40
1907   80
1035   80
46976   80
1537   70
2115   70
7163   50
1046   100
54001   90
47810   30
4890   70
4226   90
736   70
33166   80
4878   100
3175   50
3552   40
48982   70
4370   60
1552   50
6541   40
3968   80
586   20
68954   90
1653   80
2013   70
5218   80
480   80
4299   80
236   100
45722   70
292   60
1282   80
46723   70
3157   50
45928   70
8865   50
36708   80
2797   80
7454   60
47610   80
45499   60
50872   70
8636   60
2571   100
69951   70
2005   90
5377   100
32   70
379   70
6659   20
5502   80
4232   70
3254   60
4886   80
589   50
7153   80
48   60
2918   90
3988   40
33004   40
1196   70
68554   80
53996   70
45720   80
367   20
33615   70
1682   70
597   80
253   80
72226   100
7004   70
2683   60
1947   60
4367   80
262   80
6934   70
1544   60
539   80
8784   80
7090   60
48394   70
5444   90
68358   70
455   70
1029   50
34   70
1876   50
1721   70
1036   40
4720   90
66097   100
1198   80
2291   100
1197   80
53125   80
7373   50
3948   60
45950   80
31804   90
45431   80
30793   70
2006   70
3755   70
2193   40
31435   90
5995   100
53326   40
2300   40
73017   80
5449   50
2431   80
1207   60
4025   80
72395   80
8665   80
2133   70
52287   60
31685   50
594   40
3247   80
2694   80
1291   70
344   60
380   70
2804   50
70293   80
318   70
48516   100
36401   70
30810   40
44022   70
1722   70
56171   50
256   60
2761   90
78105   60
4069   40
3745   80
4270   70
27706   70
4023   60
208   30
595   60
1777   90
2355   80
8641   60
2125   90
6773   80
1485   70
33679   70
5971   80
64575   60
2471   80
41997   60
49649   50
1380   80
3396   20
1015   70
2054   70
2406   70
2087   60
4571   70
2671   80
2078   60
68791   70
7158   90
41571   70
4993   80
52722   20
40815   80
49272   70
27815   90
30749   100
56367   100
5957   80
3624   80
5266   70
1580   80
6947   70
44974   80
46530   70
78637   70
53953   80
2353   90
3000   80
7347   80
5064   90
497   80
8972   70
3526   60
6593   80
55995   60
1961   90
596   70
41569   70
3977   70
2053   70
7361   80
1246   80
69844   100
6378   90
4306   80
52975   80
50601   70
5872   80
47099   100
608   70
3052   80
8366   90
4643   40
41566   80
5459   50
4027   80
44195   80
45028   70
5952   80
4823   60
780   80
4816   40
68319   80
837   80
2081   70
6539   70
1584   70
6711   60
4002   80
1259   70
53894   100
72998   90
2294   60
78893   50
1911   50
3994   70
49286   80
54286   80
2953   40
44199   80
2080   60
2162   60
3256   80
5816   80
6936   80
63082   90
8910   50
48780   80
919   80
4995   80
3608   20
551   100
2   80
2011   60
4787   100
587   80
1080   80
51662   70
2968   40
78772   80
4019   80
34319   80
78266   60
8644   80
6157   50
1265   70
49274   80
6218   90
72641   100
45361   20
53464   40
69784   40
34048   70
45880   80
54780   60
316   70
45447   60
3793   80
2959   100
661   100
46578   100
7064   40
54190   100
2394   80
53460   80
1258   80
648   60
7147   70
4016   80
1136   80
8368   80
48304   60
8361   70
31658   100
78499   80
47518   70
5171   40
2628   70
5507   70
56152   70
1734   90
34162   60
6373   60
1097   80
6333   60
46948   80
50912   40
1517   60
2161   90
47   40
7099   90
2082   50
54259   70
33794   70
45672   30
45074   50
231   50
339   70
55267   80
500   80
51698   70
48385   80
56757   90
5299   100
1307   70
382|216
116887   70
65685   70
63113   70
48598   70
2028   90
7155   70
2959   100
1214   100
4133   20
72696   10
67923   60
7149   70
7324   70
37386   70
49647   70
91671   20
40815   90
1907   90
42011   60
86644   70
8387   10
5218   90
33836   40
106489   90
4993   100
7153   100
93139   30
110127   70
160080   60
8641   70
6218   70
5323   20
47124   70
87520   70
79185   80
73017   90
2273   70
90647   70
160563   70
762   60
1210   90
40339   70
858   100
318   100
94985   70
52279   30
34319   70
34048   90
339   70
8968   70
1722   70
7458   80
122902   40
6879   70
4018   70
50   100
1544   70
165101   70
166528   90
61132   100
102125   80
1196   100
2498   50
68157   100
2881   70
98809   90
53466   50
60069   100
114795   70
110102   80
5816   80
31685   70
1702   70
33493   90
122920   80
8361   70
2294   90
4085   80
7569   70
2279   70
100507   60
5378   80
6593   70
102716   70
5620   70
6332   60
4632   70
7573   60
73042   20
1230   100
34150   60
382   70
3257   70
71530   70
1388   70
64957   100
104074   60
5957   70
61348   20
56176   40
527   100
152079   70
160980   80
54001   100
260   100
4447   70
8907   70
296   100
39292   90
111659   80
2054   80
1517   70
2948   100
593   100
110553   70
79132   100
7570   70
55768   60
114713   70
131714   70
1569   70
137857   80
70946   10
36519   70
109846   70
68954   90
1219   100
56775   60
135137   40
60756   30
61248   70
6934   70
5501   10
7444   70
5574   70
58105   80
95796   10
4161   70
45447   60
105504   100
215   80
1003   70
32296   20
117545   70
33158   50
85510   60
45208   40
2687   90
68554   70
41566   90
53974   20
34162   70
126482   60
59315   90
95167   80
34520   20
76293   70
45720   90
186   60
1606   20
5040   50
1721   100
588   100
77561   80
117529   80
47610   90
2990   80
89745   90
4700   70
81834   80
2376   60
91542   90
104076   40
4580   10
5952   100
135143   80
4701   70
8643   50
1049   70
4310   70
55247   100
118696   90
4444   70
4308   100
47952   60
4896   90
374   70
111360   70
743   40
88356   40
6687   20
53464   70
135436   70
2720   20
106696   70
130686   60
26765   40
750   100
83177   20
1307   90
3991   40
26764   10
2993   70
3826   70
5094   20
131934   20
69844   90
60937   50
44555   100
158254   30
112460   40
3638   70
2671   70
910   80
122882   100
4226   100
383|21
1293   100
1953   60
2906   60
3115   80
2546   80
2686   100
2690   80
2447   60
2977   80
539   80
2961   60
2762   100
2996   80
2445   60
3006   100
1994   60
150   80
2881   80
1234   60
1196   60
2506   60
384|44
1959   80
2347   20
1090   80
1222   80
3752   60
2122   20
587   60
2355   80
4011   100
2268   80
2856   60
1042   40
4291   40
4361   60
2411   20
1258   80
2763   60
435   20
4326   80
4034   80
2669   60
3996   100
4322   60
2369   60
3543   100
4323   80
344   80
2699   40
2908   40
60   80
2712   20
2410   20
2959   80
2605   60
3219   80
2706   80
3994   80
2701   20
2987   80
2259   60
223   80
4321   40
4276   20
924   60
385|144
750   100
1012   60
198   80
224   80
383   40
422   60
376   60
596   60
533   60
272   60
153   60
1282   80
1009   40
1179   80
1394   80
1208   80
296   80
1233   60
1222   80
1281   80
500   60
95   60
112   60
466   60
1028   60
1297   80
6   60
1032   60
1183   80
1031   60
215   60
541   100
1190   40
903   80
367   60
1517   60
1306   80
780   60
1301   60
68   60
535   40
1234   80
1132   80
531   60
1380   60
1019   60
1092   60
427   40
1408   80
587   40
552   60
1387   60
337   100
1206   100
434   20
574   60
1   80
1197   80
14   60
610   60
368   80
1278   60
444   40
1307   60
1527   80
1304   80
1265   100
25   60
50   60
356   80
580   60
150   100
410   80
305   60
62   60
1293   80
1081   40
1013   60
1213   100
196   60
1544   60
671   60
265   60
373   60
1204   100
372   40
1240   80
10   60
1011   40
608   100
534   60
539   60
781   60
786   60
1210   80
1017   40
1270   80
370   60
1221   80
501   60
1258   80
728   100
588   80
1198   100
1035   60
1029   60
537   60
288   20
85   60
457   80
16   60
32   80
380   60
1295   60
553   80
412   40
1101   60
471   80
1356   80
5060   60
1272   100
1385   40
349   60
1291   100
1238   60
1127   60
266   40
1196   100
592   60
1097   60
1225   60
246   100
314   60
593   60
519   20
233   80
21   100
235   40
206   40
741   80
1254   80
595   60
551   60
318   100
386|43
380   60
208   40
303   80
160   60
319   60
173   40
22   60
589   60
204   20
196   40
16   80
21   80
480   40
300   60
733   60
163   80
292   20
25   40
377   60
383   80
6   60
592   20
329   60
786   60
477   60
172   40
367   20
532   80
474   60
434   40
494   40
590   40
153   40
39   60
34   80
296   100
586   60
293   60
593   80
288   20
316   60
457   60
50   60
387|805
7004   50
1244   90
2600   70
1250   80
413   20
5690   80
3742   70
8270   70
1464   90
6270   70
7118   80
97   90
1103   80
3639   70
1929   80
1275   50
36519   60
8641   70
5673   50
2076   90
37545   70
3134   80
48877   60
1916   60
7027   40
3840   40
969   60
6645   70
1347   70
300   60
8188   70
5909   80
31658   70
1552   50
4408   70
4426   60
4697   40
6063   70
1271   70
1204   80
1907   50
6666   90
1597   20
5013   80
7323   70
951   70
4467   70
2699   60
7700   80
1617   90
29   70
1266   60
2288   80
4109   50
39446   60
52604   50
1707   20
48304   80
3683   80
1210   80
697   30
44759   20
3081   70
380   40
3994   60
4614   50
3444   50
6985   80
575   40
111   90
1348   70
6184   70
122   50
2795   70
6405   70
6281   70
2376   70
4553   60
4278   70
6993   70
3091   70
4571   50
1021   10
6620   50
3018   50
1148   80
51255   70
999   60
7328   70
2161   80
6868   70
51709   80
3253   40
39292   70
466   30
71   30
2616   50
2141   50
6350   80
51662   70
8928   60
5072   90
1089   90
509   70
968   70
4039   40
48394   80
5959   70
3897   70
1028   50
1249   90
2019   90
1653   70
3947   80
6378   60
3254   40
5984   80
4989   30
2683   60
674   20
6301   80
6872   10
1974   40
2918   70
1196   90
920   60
3671   80
7987   50
933   80
6003   70
4641   80
223   80
3168   80
4403   60
4881   70
6502   80
54190   60
4850   50
924   100
6724   70
3248   10
953   50
2012   30
1610   60
2290   90
327   50
6440   70
26002   70
778   90
1735   50
592   80
4429   80
46572   90
1079   80
7993   50
2109   60
45447   60
2300   90
4321   40
6625   20
931   80
7333   80
3838   40
1258   90
6001   70
46967   60
48142   60
7936   80
44   20
1952   80
44974   30
5515   70
1267   70
4359   70
608   80
2378   40
500   50
1274   90
3839   40
1344   80
1299   80
3837   30
1235   90
3408   60
4005   60
52462   60
3826   30
2488   70
1748   90
3328   70
3267   50
2071   70
55290   80
31737   70
1088   30
3587   30
1223   80
6461   60
7091   70
4210   70
6942   60
1339   80
1307   70
7387   70
7460   60
2664   80
2990   60
1092   60
2003   60
5004   60
407   60
7982   90
1345   80
3489   50
4007   70
6777   60
8360   70
4974   70
1276   80
26171   80
4370   60
3635   70
1201   80
4878   90
3397   60
3788   90
367   60
2470   50
2124   50
6852   60
6707   60
1447   60
1161   70
6016   70
1027   40
3386   70
551   70
1704   80
4409   70
1262   70
589   70
781   50
51540   60
2403   60
5541   40
8239   80
780   40
3101   60
440   50
5388   60
390   60
5026   70
836   40
26776   70
47261   60
2118   70
47610   70
4621   20
1449   60
260   90
44191   90
5283   30
2921   80
1212   100
1175   70
6763   40
1208   100
4973   80
4988   40
5046   50
3108   60
32587   80
6538   70
1245   80
4848   100
296   100
2467   50
7102   60
7115   50
33794   80
6663   70
7698   80
1080   90
1136   90
317   10
4239   70
520   70
2065   70
1127   90
3503   90
1658   40
6530   80
2916   70
8542   70
4390   60
2951   70
1197   80
5502   40
7327   90
5980   60
10   70
8376   60
1963   60
8874   60
6433   60
2324   80
1252   100
1172   70
2006   70
6539   70
288   80
2067   80
7570   70
7206   80
2973   80
7265   60
3676   80
8838   70
2115   70
915   70
6659   80
4447   50
3633   70
1690   60
1799   50
2245   50
3868   50
923   90
8574   50
2253   30
26578   80
3499   70
1483   70
1256   80
7234   90
6577   60
4437   90
5397   30
63   40
7394   50
2247   60
175   80
7386   60
1884   80
6537   70
1380   30
58293   40
7008   70
25963   80
7569   70
2303   80
2084   40
1199   90
3680   60
1967   80
2291   80
2315   20
4552   70
1490   40
42738   50
6774   90
4563   30
4441   70
1215   70
5147   90
1101   60
1288   90
7044   60
30793   70
2081   40
7895   70
3730   100
54785   60
3030   90
153   60
6811   30
2356   60
6981   70
32   70
5296   30
1097   70
41716   40
2046   70
4963   70
48780   90
55118   70
6731   70
7616   50
648   60
2657   50
27773   100
1231   60
44665   60
4587   40
26258   70
952   50
2329   80
2278   60
1226   60
3481   70
1729   70
2022   70
7934   80
47   90
2502   80
2550   80
1035   40
3271   60
7116   70
1772   40
1682   60
743   30
39444   80
2901   50
4211   80
26662   60
3244   60
7983   80
55280   70
52644   80
41617   60
48516   80
4105   70
162   80
1273   80
7581   60
2717   60
2140   70
7088   80
928   80
2644   70
56782   80
3681   80
293   90
25898   80
2396   80
5255   30
1393   70
33896   70
6290   20
8623   60
332   50
6303   60
4027   80
6533   90
1243   60
1287   70
3424   90
6920   90
4956   70
5974   60
2302   50
7991   40
1222   80
6214   70
1517   70
2413   60
2804   80
37736   70
2746   70
44555   80
5853   60
5618   90
4799   50
1019   70
3919   50
6744   30
948   60
4298   90
8196   70
3098   50
2311   70
6100   80
3765   60
7981   80
4643   60
5570   60
5333   60
2136   50
663   70
54116   70
2993   70
4029   60
7587   80
27317   70
8968   50
104   40
3089   90
1227   80
33164   40
7362   60
1342   60
35836   70
163   80
2517   60
1722   50
742   50
4064   70
125   50
930   90
38038   70
4392   70
193   40
904   70
39414   60
1405   50
2361   80
1968   70
2579   70
45081   60
50   90
4235   90
6713   80
785   50
1285   60
2360   90
4289   70
8656   60
5113   60
2160   90
70   70
1090   70
3578   60
177   60
45   50
1663   70
3264   30
8290   20
3476   80
46772   50
8207   90
6035   80
1206   100
1036   60
2799   20
4911   70
6465   60
32770   80
5891   60
2143   60
318   70
1241   60
1327   60
899   60
46970   50
8507   60
7925   80
8366   70
7205   60
5103   50
1947   50
40819   70
2174   40
8957   70
5796   60
37857   60
1954   60
7022   60
2542   60
1073   90
2871   80
3238   30
31590   60
3698   50
3298   60
2459   70
32314   70
3552   70
5363   20
1377   40
3275   80
8783   60
5902   70
5617   80
8405   90
141   40
1260   80
8807   70
6710   60
4876   40
906   70
1289   80
8266   70
546   60
3911   60
1977   40
110   70
1302   40
2193   60
8665   70
6669   70
6333   50
1529   50
1251   90
4546   80
27266   80
2529   80
593   80
908   80
52722   70
2232   80
44761   80
533   40
46578   70
1078   60
3421   80
1254   80
3243   30
1242   60
27592   60
2948   70
2729   80
59615   60
441   70
2321   70
3949   80
3917   70
51412   50
32392   50
53322   70
5481   40
910   70
2617   20
59727   60
1753   70
3535   90
3082   60
26131   90
5809   80
8950   80
4896   60
2968   70
7360   50
6783   80
1303   70
1209   60
4228   40
3033   70
44828   50
471   60
595   40
4262   90
6552   70
1125   80
1270   40
2599   80
4915   40
5497   70
2803   40
3350   70
588   50
3617   40
53953   60
55276   80
1025   60
2632   80
1230   100
3071   50
2404   40
940   50
1498   50
319   60
3507   80
902   50
51077   30
1923   70
1391   60
26231   80
2789   70
39381   80
3813   70
3668   70
4699   40
2989   70
4687   70
1284   70
53129   70
8387   10
2726   60
1370   50
4979   70
6123   80
6283   70
1921   70
48774   90
2762   50
2997   80
2259   50
8154   80
6662   80
2011   40
316   70
7063   90
737   40
2395   80
1678   70
147   50
919   60
1193   80
597   50
1343   60
8195   80
6974   60
5047   10
8228   80
5021   60
1388   50
5121   80
3038   70
1032   90
44864   60
4679   30
3262   70
7123   80
1732   70
3504   90
33834   60
1077   70
4816   60
2455   70
1673   70
6773   70
44657   60
3608   60
3865   60
2010   80
231   50
7820   80
1104   80
8253   70
348   50
2810   80
1982   60
364   60
3996   90
1329   70
2700   60
2082   20
3176   80
5065   60
2548   40
41566   60
611   30
1278   60
2858   90
44694   80
543   80
7650   40
37733   80
2890   60
6748   60
3471   70
3814   80
1263   100
1945   90
5574   60
1265   70
2991   70
5291   70
6918   70
4477   50
1350   80
8870   50
2640   20
1965   80
5265   60
2905   90
353   80
1198   80
4066   50
4226   90
1261   80
7951   40
1304   70
3979   50
866   70
3258   30
40732   70
1572   70
7438   80
50800   40
6874   80
5971   70
3632   60
4233   10
2642   30
7745   80
8972   70
26303   80
4149   50
3204   70
5693   40
8042   80
1527   70
1219   90
1248   90
6755   50
586   40
3638   60
6025   40
4191   80
3396   80
26052   80
8501   60
3536   50
388|18
575   40
2346   40
631   20
4306   100
78637   100
6951   50
44022   90
4039   60
53121   100
1197   80
6662   70
5218   90
7247   60
1703   80
745   50
103335   100
43836   80
1203   20
389|21
784   60
648   60
733   100
260   100
65   80
62   100
112   60
653   80
736   100
780   100
376   80
719   80
104   80
6   100
1   100
786   60
805   100
141   100
25   80
832   100
494   80
390|51
5072   90
8254   100
2959   100
3910   70
66097   80
6953   60
307   90
58559   50
1217   100
3408   80
308   100
60040   70
5064   80
4191   50
5989   40
110   80
3053   80
59995   80
4973   100
46723   70
6218   40
61323   60
3174   80
27695   60
27815   90
39183   50
235   80
1186   30
2908   80
2858   50
1091   10
64575   50
1381   60
62644   80
7208   80
34437   90
590   70
1199   90
7361   100
5903   80
1097   30
1884   90
7371   90
2288   80
62374   50
27660   70
8970   80
8622   90
5618   90
527   90
44943   100
391|292
527   100
5055   60
4967   60
1912   40
1060   100
2542   60
1035   100
587   60
296   100
1132   100
3996   100
2686   100
4273   100
318   100
233   80
1233   100
1333   80
3702   80
2605   40
4995   80
3175   40
5075   40
1221   80
1259   80
541   100
1178   100
1131   100
2108   80
58   80
593   60
4278   100
5299   60
2762   40
1199   100
1136   100
2912   60
1617   80
4226   100
3260   80
3717   40
1719   100
1029   60
2918   80
454   60
293   100
695   80
2324   60
2683   100
350   40
910   100
2369   40
3033   60
5283   60
2278   60
492   80
457   80
5254   20
2336   60
2702   20
2248   80
896   40
3285   20
3082   60
154   80
866   100
589   80
4886   60
4562   80
1200   60
2076   80
2333   100
4308   60
306   100
2696   100
1960   80
308   100
1704   60
1228   100
3535   40
3638   40
1148   100
991   80
1175   100
1080   80
1090   80
1266   40
2949   60
1732   60
1219   100
3347   80
1466   60
2574   40
904   100
1193   100
3176   60
2908   100
29   100
2078   100
70   20
1968   80
2288   40
1676   20
1197   100
2706   60
1429   60
2598   20
1391   40
1393   40
2628   20
2360   80
5470   80
3578   20
924   100
2708   80
3055   80
497   80
6   80
2746   80
4128   60
3623   20
1246   80
5222   100
4881   60
3386   80
923   100
1711   60
3267   100
1216   60
1201   80
368   80
1028   100
3704   80
2395   80
2731   80
111   100
1580   40
1222   80
3107   40
1279   80
4298   100
442   20
4237   80
2947   80
157   60
5477   100
2600   40
1265   80
223   80
3271   80
4901   60
3783   80
1258   100
2357   80
4361   80
1307   80
3683   100
4235   40
5541   60
1805   40
1282   100
5013   100
2028   40
260   100
4144   100
4334   100
2571   100
1834   60
47   60
2797   100
4965   60
32   80
1923   80
1900   80
1230   80
2858   80
1183   60
2145   100
2580   80
2671   40
1270   80
1220   100
1860   60
380   40
3909   40
750   100
3418   80
3355   40
1088   20
912   100
4993   100
34   60
353   80
1277   100
329   40
4178   80
2959   80
2003   80
2997   100
1396   60
1722   60
2021   80
3408   40
4914   100
543   80
1150   100
2568   40
1041   80
2599   80
3503   100
5349   60
2291   60
3897   80
5325   80
1961   80
4011   80
3949   100
1748   100
300   80
1173   80
2987   100
930   100
1208   100
377   40
2275   100
2391   80
1206   100
5319   40
2640   80
1185   100
10   60
2396   80
903   100
4034   40
3481   80
4975   40
1653   100
1256   100
1892   60
1296   80
5152   20
1092   60
2012   60
1921   100
800   100
2115   40
5475   80
2232   80
165   40
1225   100
1619   40
3470   100
1358   100
2194   100
1129   60
1645   40
1682   80
1247   80
2011   60
1249   100
5292   80
110   100
1089   100
3698   60
1916   100
1097   100
3081   60
1594   100
1357   80
1057   60
1610   80
417   80
1281   100
592   80
3089   100
2692   100
2094   40
3967   20
595   60
5418   80
1729   40
4903   40
3863   60
480   40
3910   60
1179   80
4499   80
2560   20
3083   100
1845   80
4848   100
2318   100
627   100
392|16
2707   60
2706   100
3824   40
2628   40
1197   60
2827   60
1127   60
2291   80
2423   40
2997   100
534   60
2770   60
4085   40
3534   40
2694   80
2683   100
393|82
8798   80
5349   100
4027   80
2959   100
6365   100
750   100
3578   80
4148   70
60684   80
130842   80
76251   10
31696   100
778   10
59615   40
3623   60
72998   10
4446   70
1198   100
52722   50
87232   100
130518   100
70286   100
7438   100
91529   100
3354   60
6874   100
102445   90
33679   100
541   10
5952   100
6333   100
96079   100
5630   40
7153   100
589   10
4878   100
79132   100
44191   80
88129   10
4963   100
3793   100
34405   100
57669   100
457   100
68358   100
5902   10
37857   80
8529   60
54286   100
5418   100
1682   80
45499   40
5679   70
68237   100
73017   100
1214   60
1199   100
8665   100
4344   40
110   80
4226   100
4022   100
27611   10
1089   100
6281   60
77561   80
8984   100
98809   100
49272   100
5445   10
53125   100
74458   10
3996   70
85414   60
4720   60
45722   100
32587   10
59369   10
4993   100
1240   10
1653   80
66934   100
394|14
410   40
367   60
150   60
380   60
356   80
480   60
153   60
208   20
185   60
339   60
553   80
34   60
592   60
595   40
395|38
380   60
172   80
364   60
95   60
519   80
500   60
648   100
1032   20
165   60
590   60
484   20
374   60
1024   60
616   60
596   60
592   60
410   60
1027   60
356   60
181   20
552   80
527   40
2   60
377   60
339   80
455   20
168   60
34   60
466   60
420   60
502   60
1022   60
440   60
317   60
597   80
316   60
231   60
60   60
396|17
318   90
745   80
5445   40
1747   60
1674   40
50   80
1148   80
1092   30
4886   80
1320   10
3114   80
2329   90
1   100
45   60
3977   30
277   20
903   90
397|14
1104   90
4037   70
750   80
492   100
1230   100
8042   70
123   100
44555   80
2359   60
1244   100
1953   90
3388   40
5650   50
2371   50
398|28
2161   100
1028   100
31658   80
26147   100
8738   100
5618   100
5291   50
3186   80
1207   100
2248   80
3421   80
2144   70
261   70
2763   80
60333   90
58293   30
32   100
902   100
3911   70
8641   30
1042   90
26631   90
59387   100
914   100
38304   100
7099   90
910   100
81845   100
399|22
2959   60
33166   90
2571   100
589   50
296   100
1580   10
260   100
527   80
6333   100
33794   50
780   70
8961   70
3996   70
1262   70
1291   90
4993   90
2858   10
4306   100
6377   100
2762   90
356   100
3114   80
400|27
260   100
1036   90
48516   80
318   100
168252   80
52722   50
4993   80
1193   90
1270   80
134130   80
58559   90
76093   90
1198   90
541   90
47099   80
293   100
4878   90
79132   100
778   100
44199   100
164179   90
122886   90
3949   100
47   100
6   100
1197   90
593   100
401|45
115664   70
76093   70
1   70
7153   60
98809   60
42734   30
56757   90
112852   70
6377   70
84944   70
45722   70
37729   80
30793   60
66097   80
239   90
5444   80
4993   60
68954   80
4886   70
6539   70
157296   60
78499   70
81564   90
81847   80
5218   70
1580   40
595   60
112552   60
72998   60
72737   70
60069   80
167036   60
59784   70
5882   100
162578   70
31658   70
122918   90
783   80
4016   90
52287   80
8961   80
4306   70
364   70
551   70
3751   80
402|30
349   60
589   100
762   60
112   80
380   100
95   80
9   60
293   60
204   80
588   80
165   100
786   100
145   60
587   100
743   60
593   100
457   80
25   60
640   60
667   60
47   60
788   60
5   60
61   100
500   100
474   60
364   80
234   60
780   100
736   60
403|21
3107   80
2724   40
3006   90
1213   90
2420   70
3386   80
1089   80
61132   40
3361   70
61323   90
1805   60
2329   90
3703   60
1027   70
1261   70
2641   50
58998   80
1266   80
7361   90
47   100
2761   60
404|38
172   60
597   60
553   60
515   60
265   60
440   80
273   60
457   80
224   60
380   60
261   60
292   60
587   60
17   80
47   60
318   80
434   60
266   60
316   60
62   80
141   80
539   80
236   60
193   60
151   60
208   80
350   60
11   80
110   80
367   60
588   80
296   60
368   60
527   80
21   60
339   60
161   80
165   60
405|80
1673   80
55442   70
110   80
1391   70
4226   90
3033   60
1206   90
4239   80
6807   80
1084   80
3355   80
224   70
208   80
55820   90
26258   100
25771   80
33004   70
2021   70
1884   90
55253   80
1080   90
296   90
4022   70
48780   80
1101   80
193   70
4878   80
57669   70
70   80
1209   70
541   90
1805   80
5810   80
49932   100
79132   90
26810   100
1252   70
8950   80
53519   70
59814   100
7044   80
8254   80
3168   90
390   80
1089   80
2826   80
69134   80
7013   90
77266   70
8370   70
55247   90
4848   90
1625   80
76251   80
2571   90
4011   80
54995   70
7123   70
1222   90
1255   60
1464   80
54503   80
2105   80
3676   100
1295   80
16   80
25   80
7371   90
5989   70
442   70
32587   100
750   90
1214   80
3409   80
111   90
680   90
68157   70
1729   60
47491   80
2076   90
406|12
2100   10
1644   40
44840   70
2722   70
5620   100
2694   70
1022   70
2125   100
531   20
261   80
1282   30
33669   100
407|13
76093   80
5445   100
5952   100
293   60
68954   60
60069   50
1291   80
2571   100
112556   100
1196   80
4993   100
109374   70
58559   100
408|96
1265   100
71106   80
85412   80
520   90
4993   100
1517   80
5418   90
7143   80
136540   90
1272   100
48780   100
48394   80
99112   100
107348   80
101864   100
2723   70
260   80
49530   80
59014   70
54259   90
3033   90
68237   80
1722   80
136020   80
56775   80
316   70
44191   100
111781   100
79132   70
54286   80
103341   20
98809   80
33794   100
1909   70
4701   80
106916   80
1704   80
61132   80
3552   100
74789   60
3671   80
318   90
10   90
7153   100
93363   80
1073   70
114795   80
166528   80
84601   80
5952   100
6776   80
89492   100
6595   70
1196   80
5047   80
3996   70
59369   90
65514   80
8972   80
49272   100
122900   100
82461   80
4344   80
3868   90
54648   90
73017   100
106489   80
2791   100
132046   50
6863   80
110669   70
741   100
152077   80
40851   80
100882   100
62374   80
2273   80
116797   80
60756   80
8528   90
76251   70
103042   90
36529   100
344   90
58559   100
3052   70
3578   90
160563   70
91542   100
5064   100
47610   100
79592   80
69278   80
138036   100
119145   40
103372   70
409|84
2581   40
2724   40
3760   100
3362   100
2713   40
785   60
3590   40
1247   100
2598   40
1276   100
2318   100
3836   100
1093   60
1952   100
3219   60
968   100
1259   80
235   100
3835   80
3298   60
2361   60
3813   80
1244   60
2858   100
2599   100
2492   80
2395   40
2795   100
2064   100
3037   100
3048   20
1242   80
3468   80
2688   40
1197   100
1234   100
593   80
3506   40
5060   80
471   60
2694   20
3526   100
260   80
2706   80
2770   60
1307   80
3752   60
2710   40
3384   100
2779   60
2762   40
2772   20
1136   100
1193   100
2788   60
2702   60
223   80
3543   80
3363   100
2369   60
858   100
2109   100
2805   40
3273   60
1694   80
1304   100
562   100
1228   100
2716   60
1077   100
678   80
3814   100
1221   100
1394   80
934   40
2657   80
3175   80
3200   80
608   100
1265   80
3099   80
3504   80
39   80
2973   80
410|117
4276   80
4280   80
549   100
4027   100
3134   100
1500   40
2186   100
942   100
1211   80
2133   80
3928   100
4268   60
1260   100
1235   100
4077   100
4214   80
1237   100
296   40
3317   60
2245   40
1517   40
527   80
4062   80
3362   80
1073   100
1173   80
1125   80
1252   80
593   60
1172   80
3088   80
4334   100
4256   60
1085   80
1251   80
3253   80
1635   80
3334   80
3468   100
2915   100
3983   100
1734   100
915   80
6460   100
4014   60
3448   60
912   80
52   80
2171   60
1079   80
2300   100
4321   100
750   100
3855   100
3730   100
3363   60
2150   100
1276   100
2184   100
1248   80
1247   80
3608   80
3823   80
1228   100
4160   100
1207   80
4333   80
824   80
1292   100
2318   80
2352   60
2671   60
3978   40
1188   100
908   80
3083   60
1171   80
913   80
4225   80
3893   60
351   80
468   80
2174   60
903   100
923   100
904   100
1958   100
1084   80
3552   80
3910   100
4037   80
2843   40
2176   100
2065   100
235   60
3618   100
1206   80
3108   60
357   80
2770   60
2351   100
3161   80
2858   60
2395   80
2797   60
3987   60
2731   80
3911   80
1963   80
3067   80
3925   100
2064   100
707   60
1132   80
1131   100
1663   100
4246   60
411|85
327   20
539   60
151   80
589   60
62   100
111   80
235   60
376   80
292   60
661   40
448   80
218   60
185   80
477   60
230   80
224   20
434   60
252   60
46   40
368   80
281   60
288   60
590   100
208   80
372   60
383   40
500   80
348   40
419   40
204   60
551   80
440   60
442   60
160   60
708   60
4   40
489   60
191   60
47   80
648   100
52   40
350   80
7   60
216   60
534   40
597   60
585   60
454   80
339   60
329   60
265   60
364   80
282   80
593   100
474   60
276   60
275   20
170   60
509   40
237   60
105   60
371   80
380   80
529   60
161   80
527   100
280   80
158   60
377   60
357   60
457   80
256   60
592   60
231   40
471   80
236   60
225   80
1   100
246   100
271   60
21   80
2   80
367   40
355   60
249   40
412|65
2485   40
2712   100
2064   80
1610   100
908   100
1304   100
1234   100
1252   100
2150   80
2406   60
1244   80
300   80
1230   80
2759   100
1923   60
904   100
1848   40
1693   60
2109   60
1036   60
1199   80
909   60
951   100
924   100
2390   60
1089   40
2935   100
2501   60
1289   100
1172   80
2861   80
2278   60
2918   80
2076   60
162   80
2883   60
1953   80
1073   20
2396   100
2724   80
910   80
1288   80
2289   80
2770   100
2243   60
2829   80
34   100
2762   60
1269   100
2763   80
2709   20
1197   100
1284   100
2394   60
457   80
933   100
2528   40
2890   80
1797   100
1537   80
2886   20
47   60
898   100
858   100
1221   100
413|35
8665   100
296   100
99114   90
4299   100
2353   100
51662   100
6373   100
1213   90
1221   90
1792   100
3624   100
35836   100
68157   100
7293   100
3147   100
2028   100
1207   100
71535   100
3916   100
3408   80
736   100
318   100
4890   100
4022   90
69122   100
4816   10
8644   50
457   100
54286   90
1704   100
6378   100
4262   100
53993   10
2502   100
2694   100
414|2142
76093   90
1748   80
32031   80
81845   80
1589   100
36517   80
6870   80
45722   70
71579   70
3480   80
1262   100
42011   50
52967   60
84954   80
3672   40
5944   60
2502   80
2021   100
1457   40
2335   80
6442   100
6264   40
4018   60
2077   80
2835   20
22   60
1656   80
6709   80
89804   80
3512   80
6039   40
6215   60
95088   80
3479   80
43556   60
1029   80
60397   40
5345   60
2020   100
273   40
3052   60
3098   80
4516   40
2889   80
55080   80
1204   100
2146   80
1805   80
89492   90
218   40
45221   50
25   60
4900   80
50442   70
1375   60
27879   80
1299   100
2240   60
69640   60
80463   80
2979   60
464   40
3809   60
6299   80
55118   80
3424   80
55272   70
900   80
2124   40
2410   60
93840   90
2090   80
46970   50
47644   50
6699   60
54190   70
4873   100
3810   60
802   60
55247   70
6268   80
5903   80
30848   70
6710   80
804   60
122900   70
1957   60
3160   100
355   20
48982   50
4874   60
4962   40
34405   70
4963   80
3745   80
5391   80
3378   80
95   40
2143   80
3852   80
4322   80
7265   80
1923   100
55110   60
79695   40
3044   60
59615   50
1080   100
3066   80
34332   60
137857   80
2085   80
112556   80
1378   80
1372   60
474   80
1991   40
7285   80
143355   90
2539   60
8   60
53447   80
2411   60
7373   70
77364   70
87192   80
99114   90
175   80
880   40
3825   40
1120   80
377   80
6306   80
2986   40
4366   60
4121   60
171763   100
315   40
34162   60
49278   40
2529   60
1097   80
67734   80
1032   80
5679   80
72226   80
3972   60
8954   80
4228   60
3505   100
72733   80
140928   90
112940   90
953   100
2482   60
177615   90
6365   80
96488   90
89470   80
5562   50
6   60
5363   70
86882   80
40826   50
3037   80
27899   60
8810   40
6266   60
1690   60
3436   40
5466   60
2795   60
32019   40
4017   80
8364   80
5791   60
1894   60
1121   80
164179   80
81834   70
7439   40
6809   60
2236   80
3625   40
2916   80
300   80
3262   60
6297   70
3111   80
475   100
1920   60
3581   60
6153   30
4887   40
1297   100
4290   40
736   60
80126   80
6185   70
5438   60
592   80
3909   40
249   80
63082   80
4308   100
7315   40
361   40
2268   80
94959   90
1033   60
4812   60
3148   80
3219   40
3671   80
1042   60
48774   80
133771   90
55765   80
1016   60
142509   60
1687   40
4475   80
1729   60
3252   100
1231   100
116797   80
663   60
2421   40
1240   100
915   80
3271   100
288   60
6718   50
89   60
4161   60
7347   70
327   60
1103   100
4270   40
6890   80
5068   80
115149   80
745   100
329   60
58162   70
535   60
1043   40
1298   80
6812   40
48738   80
1210   100
2060   80
4565   60
107   60
5237   80
72605   80
3794   60
1225   100
7   60
179819   90
161131   70
5994   80
52458   60
6618   60
7104   70
440   60
4541   60
33495   50
2792   40
8919   80
3617   80
4681   80
1726   40
662   40
6339   70
6022   80
6012   40
303   60
842   40
82461   80
2412   40
4545   60
5810   80
697   60
215   80
72998   80
27837   60
62081   50
112183   80
48780   90
3385   100
6368   70
2884   40
1769   60
2044   40
5108   70
42728   70
5485   100
45950   90
3786   40
6974   80
1747   80
4462   20
2951   80
228   20
247   80
973   80
45662   50
2407   80
3712   60
3639   60
4452   40
2372   40
2804   80
2095   60
2641   60
6333   80
2064   60
5422   80
2940   80
3978   60
293   100
2378   60
2490   60
479   40
91690   80
340   60
37720   60
1711   100
2193   100
7458   80
6218   100
165   60
3198   80
1266   100
4867   60
33004   70
2770   60
3882   80
56757   80
325   40
6560   40
49530   80
27555   60
2717   60
115617   70
3686   80
2469   60
3138   60
54999   60
55995   70
720   100
1010   40
1003   40
6295   40
5026   100
1499   40
8865   60
8362   50
7161   40
3484   40
5816   60
2552   40
56788   70
52   60
2528   60
319   80
538   80
671   80
30707   90
5240   80
4345   60
3704   60
2271   60
4649   40
49822   80
6159   100
4527   60
68159   80
61323   70
8464   80
5025   60
4519   40
7254   80
4210   60
4587   60
43871   50
4498   60
4678   60
44191   80
539   40
2248   100
2002   60
588   80
3051   60
3823   80
4866   60
765   40
2485   60
79702   100
2033   80
143385   80
3747   60
2676   40
5060   80
6595   50
32587   80
2735   60
562   80
3444   60
50158   50
2094   40
67997   80
7376   70
3615   60
56587   50
1812   80
1573   60
4926   40
1663   100
849   40
4034   80
2458   60
6377   90
3948   60
5220   60
4954   80
94   100
8870   50
4958   60
4242   40
91630   40
8961   80
31445   40
34326   80
4138   20
2872   100
53123   80
2103   40
6598   70
2340   40
2252   60
6036   60
4679   80
52784   80
33166   80
2888   30
3175   80
5646   60
4617   100
2793   40
4776   80
7165   60
8587   70
4573   40
148626   100
7258   60
1215   80
1249   100
6385   80
1584   60
7293   70
3752   60
25834   80
4720   60
7149   40
49793   80
70862   90
1079   100
3896   60
34334   50
3841   40
2607   70
40819   80
107406   80
7445   40
3513   30
5945   80
5949   70
1833   40
42602   70
82202   60
3508   100
44840   50
5446   70
2420   80
5218   60
1235   80
2275   80
2922   80
7163   70
1966   80
4247   40
60040   80
2231   60
71518   80
2657   80
41285   60
4011   100
8640   40
4583   80
5785   80
40629   80
5618   100
6638   40
67087   70
3693   60
1073   80
6954   80
2600   80
80549   80
47970   80
2076   80
3527   80
1223   100
2259   40
5072   80
750   100
141   80
85774   80
358   60
27660   80
42015   60
4889   80
5872   60
71464   90
1148   100
180   80
1198   100
5267   80
2707   60
4602   60
1090   100
2318   80
1228   80
84152   80
51935   70
71745   80
2148   40
41569   80
3483   30
2167   40
3275   100
1922   60
4757   60
2950   40
4305   30
372   80
1544   40
32   100
2617   40
3255   80
3710   40
5209   40
37741   70
5298   70
39   80
5971   100
3418   80
161582   100
5283   40
4974   60
45517   60
2718   80
31696   60
48560   50
1644   40
2096   80
5540   60
2987   80
6334   80
2262   60
36   60
4714   40
5993   80
180031   80
4878   100
3008   80
52668   80
5324   40
49910   70
44788   60
3489   80
59315   80
167570   80
53972   70
33672   80
48783   80
1051   60
112552   80
71838   50
6216   80
2430   40
282   50
5388   60
38061   80
27801   80
5449   30
2769   80
1013   60
708   80
4306   80
661   80
4012   60
3606   100
5464   80
45635   60
1954   80
5390   60
58839   50
364   80
76763   70
899   100
1028   80
1190   60
5817   90
450   60
1479   60
3360   100
104374   80
2797   80
2471   40
69481   90
438   40
49280   70
3538   60
593   80
594   80
1282   100
2048   60
2342   60
5902   100
4388   40
3788   70
45499   70
127108   100
33725   40
168   40
32029   50
1321   60
3765   60
50068   80
7169   60
84944   80
8950   90
3308   80
5507   60
51662   80
92   40
3033   80
8972   40
57669   90
6503   70
2802   60
1025   80
1135   60
55276   80
52299   70
2472   80
7255   60
2942   40
5039   80
1845   80
1246   80
3127   40
5294   60
653   60
2819   80
8665   70
838   60
6337   80
2398   80
1816   60
4929   40
2893   60
6873   80
6713   80
91542   70
104   80
6195   80
86   60
1863   40
71535   100
5644   50
951   80
5337   60
88140   70
353   100
5134   70
6322   80
30812   70
30822   80
251   70
2091   60
2109   60
1267   80
6863   70
2387   40
106916   80
832   60
1517   100
558   60
2019   100
5135   80
175661   60
5666   100
1092   80
5572   60
31162   60
4015   60
431   100
5809   80
2147   60
49824   50
5139   70
6162   70
1914   80
103048   80
45928   60
5266   100
4068   40
81   40
1021   20
33660   80
4327   80
8622   80
4351   80
4728   60
62374   80
45440   80
162350   50
5075   100
222   80
459   40
500   60
39449   40
6620   90
5152   60
56171   60
1442   80
1541   40
3826   40
61248   60
5508   60
4640   60
6315   50
86332   60
6810   50
4223   80
4482   40
7379   60
6820   80
178061   80
4030   40
3543   80
2072   60
3386   60
5219   80
66509   70
57368   60
53894   70
5051   60
3555   60
27821   70
338   40
277   40
2572   80
4844   40
2706   100
3179   60
1580   80
51575   50
48394   80
109374   80
290   100
6283   80
386   60
3105   60
2616   60
527   80
5378   80
7236   70
3998   80
1288   60
544   40
4369   60
4994   80
8529   80
6367   80
5387   50
2328   40
5995   90
4654   80
44022   50
858   100
3362   80
6552   70
3717   60
166024   90
4128   100
909   80
2082   40
4149   60
1882   60
185   40
7257   50
1454   60
106766   90
47099   70
3197   60
179817   80
8784   100
91658   80
42730   50
31   60
5023   80
7310   50
2450   40
4995   80
4881   100
6288   70
428   80
7143   90
30810   80
6249   40
6349   60
2114   100
1390   40
2598   40
2395   100
4941   60
35957   70
1552   60
6314   40
191   40
4219   60
5688   70
3983   100
60074   60
2194   80
6953   80
5420   40
648   80
2541   40
6222   60
95510   70
2816   20
53125   40
4359   80
1394   100
3036   60
344   40
2787   60
908   80
6332   40
3510   80
58103   70
34319   70
79091   70
59369   70
15   40
109487   90
2808   60
5954   80
187595   70
1961   80
1409   20
3578   100
3019   80
68659   70
2836   100
39231   70
5563   70
87232   70
5009   80
1513   60
8983   60
48043   80
7319   40
4091   60
5159   60
3910   80
8880   80
2282   60
3448   80
2826   60
43936   70
2369   40
162578   90
6370   100
2959   100
4663   20
4233   40
7153   80
68237   90
1343   80
179   40
45062   70
333   60
30820   70
1060   100
296   100
5792   70
4226   100
8914   80
436   40
4577   60
4993   100
6510   60
209   80
1047   40
1944   80
260   100
2080   80
866   100
58156   40
3911   60
173209   80
1257   100
8985   50
3790   80
4214   60
1950   80
7482   80
40815   70
2883   80
3263   40
1784   100
4321   80
4334   80
75   20
1689   80
2289   80
5502   60
97921   80
60126   60
2348   80
150548   80
2374   60
4082   40
4019   80
122926   90
3006   80
2301   60
33838   70
2329   100
31225   60
6867   90
165549   90
52281   70
3478   40
368   80
4973   100
1785   80
5992   70
180497   80
27   40
348   80
90603   70
1020   40
610   80
511   40
337   80
612   40
1909   60
2138   80
7366   60
27773   90
6238   30
1895   80
3844   40
3296   100
34153   80
6116   70
1591   60
590   80
33615   50
6538   80
36708   80
7323   80
950   50
3916   80
88129   100
6303   60
60128   70
242   80
3269   60
3526   80
233   80
2046   60
7354   60
46347   70
2241   60
4132   40
2643   40
5291   80
2088   60
87304   80
37739   70
47610   70
4721   60
5531   50
176   80
2119   40
904   100
45175   60
5080   40
6281   50
5423   40
6380   70
79592   80
5437   60
1885   80
7981   70
41573   60
4380   100
55768   50
36401   60
4903   80
4105   60
4329   80
4610   40
2642   60
2249   60
48   60
3697   40
673   40
608   100
7438   80
5650   100
6942   90
1234   100
2762   60
2182   70
3238   40
5589   80
174   20
2615   40
54272   80
31221   50
6787   80
163645   80
2549   60
4822   40
5106   40
2427   80
373   80
4067   80
106782   80
4463   40
7367   90
6537   60
2140   100
48142   70
4915   60
63876   80
434   60
173205   80
1188   80
5015   80
497   100
6296   70
1614   60
47423   80
45501   40
5316   70
3041   20
60684   70
4168   80
1194   60
41527   80
356   100
564   40
1639   80
2908   80
55267   60
1719   80
3365   80
5415   40
67255   90
53468   50
58154   80
1275   80
1627   40
4553   80
3425   60
5322   80
852   80
3707   60
4474   40
55820   90
38038   70
5421   80
40583   80
2313   80
4846   80
1   80
4232   80
710   40
4007   80
2025   80
408   40
6868   60
1049   60
3684   60
2456   40
3535   80
1380   60
54503   80
69122   80
173   60
5379   80
1597   60
6720   60
839   20
3481   100
6016   80
7375   40
4623   80
39381   70
2947   60
541   100
2890   100
142488   100
8370   80
2035   60
3897   100
799   80
6170   60
145   40
1831   20
2496   60
176751   80
1213   100
40339   60
98961   80
4020   60
89904   100
8910   80
912   100
6670   50
5049   70
95135   80
64983   60
4488   80
1953   70
457   100
5803   40
2322   60
8869   50
53953   60
2881   40
5451   60
635   60
6517   60
253   60
1084   60
742   20
3827   40
188   80
7361   90
3754   60
205   60
42738   60
4039   60
4235   80
128360   80
2822   40
48161   60
24   60
42   40
5347   40
104241   60
78467   30
54997   80
6934   80
64957   70
6851   70
45666   50
7137   70
2542   100
3249   60
555   100
3146   60
4595   70
6898   50
4520   50
1500   100
50   100
3735   80
1263   80
59141   90
45   60
54771   40
2571   100
314   60
5991   100
4008   80
114662   70
4546   80
5812   70
4899   40
48326   70
3063   40
150   80
4054   60
230   60
4591   60
3654   80
4936   60
1293   60
3259   80
551   80
53121   60
700   80
50794   50
5073   80
1201   100
5004   60
2264   60
3740   100
2726   80
1678   60
3004   20
1387   80
4022   100
650   60
44709   70
54281   70
231   60
152081   80
49274   50
4246   80
466   40
5010   100
34048   70
2702   40
56908   80
5633   70
2092   40
3862   80
59784   80
2761   80
4148   40
94864   60
3949   80
6568   40
2736   80
1804   40
173197   90
1094   60
4734   40
5541   60
46965   70
88405   70
3836   100
6269   80
2570   60
76077   70
3993   80
1441   60
6816   80
704   40
6197   70
76251   80
1303   80
2093   60
85510   80
4033   80
2409   80
3476   60
1717   80
2320   50
1605   60
109848   80
7364   80
58295   70
4265   60
2683   80
68358   80
69306   60
1821   60
1459   60
4349   60
2245   60
3504   80
1408   100
7151   80
1527   100
6220   60
3210   80
2759   60
1200   100
2172   60
5418   80
4367   40
5621   20
5459   60
1277   100
2948   60
8636   90
3301   80
780   80
2015   60
1704   100
3300   80
3070   80
2244   20
733   60
2097   60
2672   60
2253   20
32116   50
4280   80
31101   80
1542   80
3087   80
3898   30
180985   70
1884   80
151   100
5428   40
55052   70
11   100
4961   50
2294   80
5568   80
4888   80
5282   50
3999   40
2867   60
7176   70
3243   40
2716   100
4231   60
210   60
481   60
3868   60
6062   60
51084   60
140715   80
1610   100
3206   40
5016   80
2997   100
160   20
82459   90
5447   60
3272   60
2457   100
1425   60
4010   60
5617   100
4585   60
3608   60
3397   80
521   60
4029   100
4677   60
3317   80
58998   70
3861   80
7450   50
5669   80
4267   60
6534   80
41566   80
1187   40
4344   80
5820   60
383   60
5265   40
4965   80
159   40
3173   60
52973   80
2376   60
5957   30
494   80
4782   60
3316   40
72641   60
595   60
4847   50
47894   80
95309   80
163   80
5382   40
2367   40
5380   80
1304   100
58047   70
4572   60
339   60
1233   100
2161   80
6753   80
8798   80
3328   80
276   60
788   60
4372   80
2393   60
5952   100
55872   70
969   80
96821   80
34536   80
3996   100
99112   70
8644   70
52712   70
3396   80
4343   40
71   40
1464   40
6796   70
2474   80
444   40
3565   60
1061   60
44195   90
5478   80
4378   80
6547   40
2671   80
8119   90
58876   70
2599   80
2455   80
903   100
414   40
46559   70
6881   70
3363   100
37240   80
5505   80
996   60
919   80
3421   100
27873   70
1222   100
1320   60
1252   100
1095   80
415   40
1945   80
27788   50
4085   80
5941   50
7175   40
68157   80
8645   80
81932   90
2106   60
134853   90
4167   90
193   40
1445   40
3950   80
147   80
61024   80
477   70
537   80
280   80
1376   60
352   40
1199   100
2137   80
3408   60
786   60
180045   80
1035   100
106918   100
596   80
60072   50
2006   40
3729   60
8949   80
4967   80
82169   70
5524   60
2005   100
27822   60
4262   80
3169   80
4089   40
208   40
1498   80
96610   90
597   60
2722   40
2266   40
122882   100
3566   80
5417   60
4980   40
7150   60
154358   80
55444   70
1265   80
4396   60
4036   60
4326   60
117529   70
144   80
2476   100
2803   40
2558   40
379   40
316   60
4353   60
50923   50
4815   60
6541   30
1220   100
166643   80
3082   60
5046   60
5685   80
4736   30
2188   40
4978   60
5325   80
4141   60
2622   60
97304   80
44665   80
37853   40
4600   80
85881   80
1967   80
64839   80
345   80
54001   70
170705   100
125   80
51931   70
2260   40
2806   40
4780   40
3705   40
599   100
3157   80
55363   60
257   40
1104   80
5328   100
809   40
6536   70
7010   60
7371   80
55250   50
4902   80
5477   60
3101   80
1307   80
166528   80
5843   40
4062   40
6696   50
778   100
267   80
40614   80
3438   40
4115   40
3536   80
1022   80
1377   80
4777   50
6078   40
16   60
4220   80
2   60
112   60
1278   80
39292   80
3264   60
5094   40
7263   60
27831   80
68954   80
442   60
1396   80
5841   40
87306   90
51540   70
60756   40
134130   100
516   60
1059   80
2302   100
1722   60
155   40
1358   80
482   80
80586   70
7162   80
2003   80
6554   40
47200   60
37382   60
106920   80
1968   100
5107   40
44694   70
1611   60
81229   50
5416   100
6188   80
5299   70
3104   100
8638   80
49130   60
115713   90
7090   80
3755   60
6542   70
60141   50
719   20
3225   20
6549   40
18   60
491   80
3114   100
48412   50
3539   50
1997   80
1127   60
994   80
5170   40
3766   40
2144   100
2279   40
4215   40
5151   80
33421   60
8948   60
5673   100
1093   60
2379   20
46530   80
1270   100
224   80
1012   80
1391   80
88163   80
72   80
3635   60
4979   100
37386   40
3831   60
2423   40
1569   80
1601   60
4450   80
46974   60
44761   70
7381   40
4299   60
73017   80
104841   100
4901   60
262   80
5349   100
252   60
2468   40
56367   80
111   100
3915   80
89864   80
5630   60
7340   40
5083   60
54259   70
6807   80
1089   100
85414   80
70286   90
44   40
485   60
3785   60
172   60
2067   80
2110   80
54256   30
1206   100
4487   60
3186   60
68073   70
1037   60
33794   90
471   100
2375   60
1647   60
5988   60
6616   30
1836   90
2712   80
115210   80
4638   60
96417   60
4672   40
2794   60
170   60
3946   60
51834   60
69951   90
2402   60
6027   80
44864   70
6093   90
4818   40
2949   60
3270   50
65   40
1674   80
524   100
2968   80
1332   60
4123   40
3594   60
196   60
3145   80
5292   100
3100   80
161922   60
5171   60
6155   40
605   60
490   80
1876   60
587   60
37727   80
4125   20
3968   60
90405   70
266   100
3524   40
2406   80
54286   80
2628   80
7248   70
312   40
1371   60
4291   60
4144   80
6003   70
4675   20
1676   80
1488   60
36529   70
1286   60
553   80
342   80
30894   40
4896   40
6689   80
37731   70
3079   60
1921   80
235   80
1009   40
6574   20
6252   50
91529   90
55269   80
105504   80
2891   60
427   60
3793   80
4159   40
259   60
924   100
3147   80
1274   80
5880   30
3254   60
52245   50
2300   80
59037   50
38886   80
1224   80
52241   70
43917   70
3060   80
8783   70
52975   70
127130   80
4448   80
1207   100
135   40
2746   80
1682   80
3969   80
140174   90
6567   80
34150   50
43928   50
5222   80
7348   70
6624   40
166   60
4643   80
225   40
62434   70
8937   80
49132   70
3770   40
81591   80
184791   50
2918   100
441   80
86190   80
2605   20
56782   70
322   100
508   70
6582   70
2416   80
162   80
3751   100
27706   80
3203   60
5680   70
6874   80
1290   100
6617   70
1193   80
1379   60
3977   80
8860   60
8874   80
3359   80
2014   60
61250   40
3525   60
4765   80
1171   40
3285   60
8366   60
62   80
1382   40
2371   80
54736   70
5377   100
7139   80
122906   80
6341   60
54004   50
4139   60
4370   80
5500   80
6141   60
34520   50
2692   100
77455   90
41716   40
432   40
416   40
2996   40
5611   70
3591   40
7318   70
2779   60
159717   80
8781   40
3020   80
1023   80
5463   80
2921   80
5481   60
4063   40
36527   90
4990   50
7033   70
5178   80
448   60
66934   80
5968   80
1970   40
1994   80
4951   80
5146   80
346   60
2858   100
7034   100
3552   80
5254   80
33437   70
5066   80
5128   60
2028   100
5027   40
6947   80
1840   80
3393   20
45880   60
4624   60
3618   40
1732   100
66665   80
2018   80
2052   40
119145   80
59022   40
1268   80
2606   60
2791   80
64620   80
3256   60
493   80
49396   70
3178   80
487   40
51694   70
2428   40
4102   60
3994   80
39444   70
5665   60
4387   80
44199   80
6280   40
33679   80
1918   40
2425   80
43396   60
1430   60
3515   60
1594   80
3688   60
8908   60
550   60
2373   40
53993   50
540   40
4773   40
88744   80
4992   60
3034   100
2453   40
63992   50
4880   80
153   40
1197   100
3039   80
4040   20
2141   80
34   100
1173   60
886   60
374   20
49957   60
2766   60
533   40
160980   70
1438   40
26704   80
2134   100
6383   50
1276   100
4248   80
56379   70
4688   80
735   80
2120   40
3507   100
50792   40
3701   50
6764   80
1261   80
2500   60
3081   100
3877   40
1242   80
77561   70
3142   80
3623   80
46972   40
4808   60
574   80
61240   70
58806   60
3893   60
3471   80
1393   80
8917   70
6711   90
51077   50
46   40
1609   40
318   100
2115   80
4642   80
49651   80
3791   80
36519   50
56174   70
2278   80
4023   60
2877   80
67923   60
2700   80
1050   80
2861   60
65130   80
198   60
7317   60
3699   60
1965   80
4451   70
207   60
17   80
1799   80
2405   60
5483   70
8361   60
1810   60
585   50
68932   70
4823   40
52722   60
5346   20
2730   80
47   80
27904   80
367   80
6157   60
2447   80
33493   80
1024   80
5553   80
47629   80
3040   80
3708   60
552   60
6936   60
1250   100
33826   50
2944   100
2126   60
5278   20
7251   80
350   40
3258   40
4361   80
3992   60
7228   40
829   40
2100   60
6301   80
88   40
7324   60
4985   20
3725   80
72378   40
4221   60
34072   80
5678   50
51255   70
5364   70
81564   80
3253   60
3174   60
52724   60
8807   80
6287   40
3388   40
79132   100
1484   80
63131   80
176423   80
175569   80
7842   60
47518   50
5427   40
115828   90
990   40
357   80
8533   70
5521   80
3614   40
916   100
8952   70
3394   40
5636   40
4086   60
2443   80
4256   60
5308   60
3250   60
5955   70
1196   100
46850   80
7156   80
5460   80
3078   80
4027   100
5610   40
4599   40
8360   80
2083   80
5943   50
1344   70
7451   80
160080   60
2355   80
2871   60
6636   80
4117   100
53322   60
830   20
2433   40
4203   60
2012   60
1208   100
2001   60
97923   80
3638   60
2396   100
8966   60
2105   60
23   40
64614   80
968   80
35836   80
108932   100
122886   70
45210   80
2857   60
4636   40
2130   60
349   60
5424   60
5445   100
6593   70
6187   60
3477   60
2011   60
3247   40
158   40
415|60
930   80
5782   90
2686   70
1393   70
3717   70
344   60
6016   90
750   100
5266   70
3468   90
971   90
223   80
3362   80
48516   90
922   90
4958   70
32587   80
58559   80
480   80
2762   80
457   70
858   100
4027   80
44195   80
7156   90
5693   70
5308   70
377   70
2291   80
3730   80
4226   90
2329   80
588   80
86345   90
2539   80
909   90
3148   80
2764   90
260   80
1203   90
608   90
928   90
92535   90
908   100
1258   80
2094   60
593   100
1580   70
79132   80
2186   80
3147   90
1252   90
4447   60
7361   100
318   100
31685   50
2571   90
150   80
1198   80
1201   100
416|32
2762   50
2716   40
6874   70
356   50
1219   80
318   60
2959   80
5303   80
3624   40
4967   80
4886   10
6365   10
4306   10
509   90
170   50
5445   20
527   70
327   90
2571   20
46976   100
1580   40
26810   100
5617   90
8959   70
260   60
5902   80
4973   80
296   80
4361   20
247   80
2997   100
4979   100
417|42
1682   100
593   80
1221   100
3535   60
115713   100
2762   90
4306   100
78349   70
296   100
47099   100
112552   80
1258   100
106920   90
2571   100
68157   100
109487   70
49530   80
288   80
4226   100
58559   80
4993   100
55247   100
1206   100
47   100
3949   90
1704   100
6874   100
318   100
2712   100
106489   90
1193   90
84152   100
2959   100
1213   70
5952   100
1732   90
2329   100
8914   50
1089   70
3578   100
858   100
122904   80
418|59
50   90
88129   90
5952   100
46578   90
140174   90
106766   90
593   80
4571   80
98809   80
527   90
318   100
500   70
1721   70
136020   10
156387   80
106489   60
2918   90
6807   100
4848   60
1246   100
2054   10
85414   70
7254   90
4246   10
30793   50
2012   70
102903   80
5445   40
1704   100
102407   100
778   100
81845   90
4878   100
59369   10
64957   70
6863   70
116797   90
7153   100
1247   90
1270   90
91500   80
8368   100
2959   100
1206   90
2144   70
2617   10
3408   60
3438   10
79132   80
4226   70
80463   90
69844   60
1080   100
2005   80
1370   80
3147   90
106487   80
127108   90
1207   100
419|108
8361   90
1206   90
97304   30
1876   80
527   100
2986   70
296   100
1704   60
8622   80
2807   60
57368   80
1407   80
288   30
356   90
480   70
71379   90
98961   100
7256   90
4226   60
175   80
3354   40
5632   60
337   10
2722   90
1090   80
7022   100
8641   80
231   60
277   10
7458   90
6213   70
74750   90
86668   100
71131   100
4022   90
2028   100
6880   70
3752   70
1097   10
4995   70
3535   90
6058   70
5956   50
43679   60
50   80
5152   40
50851   80
3755   80
4878   90
6502   70
2502   80
41997   90
58156   70
673   50
56174   70
34048   70
71462   80
2959   100
778   100
67997   100
64614   80
4958   80
97866   100
5669   90
593   60
1917   100
31410   90
4262   90
1036   90
104   80
858   100
48780   100
2762   80
46970   70
4816   80
68157   70
2710   80
110   80
1222   90
2329   90
85394   60
69860   100
377   80
3147   90
2542   80
81417   100
2700   100
5010   80
6373   70
1262   80
3753   90
3863   70
1573   70
5418   60
4310   90
96110   80
8464   100
58559   70
79677   70
64197   100
71282   90
8644   90
3999   50
1221   80
6365   80
661   20
72378   80
2694   70
420|96
7147   80
54286   60
2683   90
43376   90
4886   60
3081   90
36401   60
4306   80
541   70
32587   80
1721   80
1136   100
5349   70
6333   70
1208   70
318   90
1   80
1961   60
46578   80
1080   90
7361   80
1270   70
44555   90
1132   80
7438   70
7153   90
33903   90
924   80
54272   70
3354   60
899   100
2174   70
2186   80
56251   80
53468   70
8337   80
8464   90
33004   80
54881   80
7156   80
3559   80
1527   70
6870   80
750   80
8874   70
5952   90
6936   80
8622   80
6287   70
3476   80
52245   70
3917   80
910   100
46970   70
5151   50
3534   60
356   80
2959   80
3745   60
4878   80
1281   80
6539   80
73   80
56367   90
296   80
57640   70
44191   80
4308   90
3307   80
364   90
41569   60
2716   70
7373   60
8577   80
62956   80
5902   80
3159   80
2320   80
588   80
31410   80
1416   80
1203   80
56757   80
48394   90
2700   70
32   70
2819   80
6104   80
8641   70
7458   60
3793   80
2657   100
3462   70
4816   80
1175   80
480   70
421|23
39183   90
3461   70
61132   10
1287   90
527   100
1201   90
318   100
3515   70
2114   70
2324   100
1020   60
3439   40
1193   80
6777   90
3949   90
912   80
64969   80
2398   70
81845   90
1206   90
1099   80
4223   80
3615   60
422|59
2806   40
2728   100
1252   80
4220   80
2959   80
3175   60
1272   100
3798   40
1358   60
4803   80
5004   80
2288   80
3037   80
4203   80
2841   60
1968   40
2490   60
1193   100
318   100
3447   80
922   100
3398   60
4207   40
3916   80
3973   20
2070   80
3826   40
5063   60
2568   20
260   100
968   40
2392   40
912   80
904   60
4812   40
3095   80
1694   60
3986   40
4022   80
3968   40
3671   80
3825   40
3978   60
1250   80
2628   80
4939   60
1387   100
3016   40
4190   80
2669   80
750   100
3980   80
4833   80
4855   80
4802   80
3897   80
4133   40
3468   80
1617   80
423|14
296   90
457   90
435   90
3623   60
3753   20
480   100
1278   100
104   60
318   100
150   100
1304   80
4995   70
2268   80
5445   70
424|94
1968   70
147   70
37729   80
2291   80
1213   70
34323   90
99114   90
102903   30
1682   70
32587   60
115713   90
2571   40
6188   90
3261   90
6290   90
2959   90
364   90
2710   90
4238   80
543   70
107348   60
1407   70
3949   70
8641   90
3911   70
1921   70
4816   60
6874   60
3535   70
1371   20
1207   70
7438   60
318   70
2762   40
2329   80
500   50
367   60
45447   60
4262   70
2918   70
296   90
628   100
288   80
1625   90
1805   80
30825   70
2505   70
7347   90
4247   50
51540   60
81591   70
68157   90
91658   70
1729   70
111   80
1288   80
2858   50
2797   70
1923   70
1221   50
1258   90
48516   90
53127   70
858   60
1219   80
89118   40
79132   50
1089   70
3948   90
8950   90
6323   90
1343   90
105844   70
1120   70
103235   90
2502   90
27773   50
4720   70
3821   20
2459   100
47   100
136469   100
589   40
1252   70
32   70
5388   100
4450   90
2700   100
74458   100
1704   80
4845   60
1784   70
3499   70
2076   70
425|228
6378   60
8373   50
5989   70
43921   80
6300   80
196   70
762   50
2716   50
141   80
480   70
32   80
6796   70
1183   70
6157   70
1552   80
30749   90
2628   60
588   60
4995   80
2115   80
76251   70
1500   50
1357   80
1216   90
6595   60
434   50
608   50
37727   80
1784   70
1196   60
7361   60
1221   70
4967   80
4011   80
2640   50
45442   60
7090   60
1721   70
3897   90
1917   70
3020   80
316   70
6863   60
648   70
293   100
180   60
339   60
8528   70
3977   60
5952   90
2657   60
527   80
34   70
8961   80
788   60
1136   70
1079   80
1580   70
1610   70
552   60
1676   70
1566   60
1608   60
8798   60
368   70
500   60
2447   90
6764   50
5015   60
6377   80
3916   70
1198   80
468   70
1393   60
1544   50
42728   80
5418   80
2023   70
1027   80
2762   70
3176   80
8644   70
4993   90
36   60
861   70
1690   70
33162   80
7147   70
7143   70
5630   80
3578   90
3253   70
1387   60
2335   80
2028   80
345   70
8807   80
509   70
4027   80
442   60
4022   70
1729   70
3510   60
4720   70
741   50
1704   80
5254   80
3081   80
2985   60
74545   60
1061   90
1291   80
8361   60
8371   80
2   60
782   80
231   70
2006   50
7153   80
5816   70
10   60
1466   80
724   70
2701   60
4148   80
45431   70
1653   80
253   80
6333   60
1275   80
3996   60
1907   60
4034   80
1792   80
6539   70
1097   70
161   70
3698   60
441   70
260   60
6942   70
337   80
1527   90
2001   60
1961   80
2355   60
110   80
2291   70
1617   70
1573   60
1246   80
2858   60
47   90
2959   90
1200   70
3948   70
6593   60
5445   80
6874   70
1954   60
58   70
431   70
5299   70
1148   70
2890   70
1020   80
2916   70
45186   60
3052   70
356   100
70   80
1682   60
428   80
105   60
590   80
273   70
50   90
2470   60
1876   70
6953   70
3993   80
3418   80
3147   80
2288   70
3114   60
7163   50
364   60
33615   60
3623   60
589   70
8360   80
2722   80
786   60
165   70
785   70
296   80
1215   70
4886   80
4963   80
5444   70
586   50
33679   80
150   60
1214   80
2003   60
73323   80
6754   80
1259   80
1391   80
344   70
784   50
2167   70
8970   80
457   70
4226   70
1249   80
4019   80
1641   70
1407   60
8783   60
208   80
6016   90
780   70
2502   80
6979   80
292   70
2617   70
2918   60
426|56
1614   10
60069   70
6593   80
8368   100
3969   50
47   10
2375   60
5989   80
8361   60
94959   40
69844   100
296   70
3751   80
8961   100
8360   70
3255   80
339   100
2797   80
3793   80
54272   60
595   80
318   70
4896   100
4226   40
88125   90
4995   90
480   80
4344   10
4306   90
31   100
7153   40
364   100
8529   60
5014   70
1441   100
4025   70
539   90
6373   70
4993   30
30793   70
5266   20
45517   80
66934   80
3996   80
500   100
2   90
56367   90
7361   70
40815   100
81834   100
587   40
55820   50
2424   80
63082   50
7149   60
68954   50
427|53
5010   80
151   60
1584   60
5065   70
5107   60
920   80
16   80
4896   40
5464   90
5449   60
5445   70
376   50
5620   40
5009   50
5420   30
2076   80
5952   90
6238   50
555   90
4226   100
6349   20
5323   20
5364   80
5040   60
5388   60
5081   80
5421   80
2329   80
5254   50
1304   80
5459   40
5299   60
5418   80
5151   50
5219   40
5294   90
4975   80
296   90
5665   50
6078   70
5064   70
1784   60
5014   70
6055   20
5506   60
4963   80
1394   100
5810   60
5785   70
5378   70
4958   60
435   60
6347   20
428|224
543   10
719   40
3754   10
1148   60
380   40
1500   60
3979   60
8985   60
1645   70
1690   60
3994   70
4369   50
4223   60
2294   40
3671   60
7361   80
3785   40
8636   60
5528   80
8370   80
6188   80
2947   60
1196   70
180   80
2054   10
337   70
5081   60
5064   60
3745   40
5254   50
6764   60
3175   40
4850   70
145   50
1101   40
589   50
590   40
1222   60
494   40
3247   20
5219   60
7438   80
296   90
5690   70
3751   40
535   30
2617   40
4886   40
1587   50
1748   80
3000   50
8810   80
168   40
784   40
27846   80
4228   40
256   40
8861   60
541   70
1320   50
3555   40
5010   80
1639   100
5572   60
3697   60
5377   70
4890   40
216   60
110   50
2335   40
2002   40
3174   50
551   80
2232   80
150   40
1291   60
1333   70
1954   50
5504   10
1214   70
4638   40
3996   80
6333   40
6888   40
1136   70
1721   20
2539   40
7153   70
1073   70
745   50
2571   80
1544   40
3821   30
661   60
4643   10
1665   60
7439   80
2706   60
5669   90
2470   40
7143   60
786   60
2010   50
4306   20
2700   60
5378   70
353   80
2082   40
377   50
4571   60
5481   40
741   80
637   30
2381   10
4973   80
6502   70
4446   70
2716   40
780   60
4025   40
648   50
8528   60
6534   30
2657   70
4270   20
2808   40
5816   40
2890   70
1127   50
1206   90
2671   20
6754   80
2004   40
1779   40
748   60
5349   60
5989   60
1580   30
2949   60
2428   40
1020   40
19   20
1641   60
231   40
4701   60
2858   70
1911   30
1097   20
3977   40
1597   50
2770   70
5810   40
919   70
2334   40
1274   90
1210   70
253   90
2687   30
6597   60
4878   90
762   30
480   40
586   40
4734   70
500   20
22   50
4030   50
8917   80
5459   30
2137   60
2459   20
6880   20
95   40
4941   40
1682   70
1240   50
6482   10
3328   40
1608   60
2683   40
4993   70
4776   80
4745   80
3176   70
3998   40
1917   40
8807   80
3052   90
5502   60
7451   60
2028   70
1591   60
9   40
5152   70
223   80
6934   60
3578   60
3300   60
173   60
4310   60
1377   20
165   20
1653   70
2174   80
455   20
3717   40
169   10
5025   60
3744   60
6874   90
1831   20
4896   60
6957   80
2167   40
2355   20
3793   40
44   40
1552   30
4018   40
5055   70
208   50
2460   20
2717   40
104   60
429|36
256   80
553   60
218   80
151   80
168   100
349   60
234   40
22   80
588   100
161   100
257   80
236   80
207   100
222   80
270   100
60   80
227   60
292   100
590   100
343   60
380   100
300   80
169   60
351   80
434   80
592   100
276   60
294   60
315   80
282   80
185   100
195   80
316   60
381   80
164   60
595   100
430|36
529   100
2762   100
3534   80
6373   60
3408   60
1372   80
3793   80
2599   80
2393   60
1371   40
4054   60
4022   40
6377   70
1373   40
4027   100
1210   80
3754   60
3751   80
318   100
4239   80
2355   40
858   80
4034   100
34   60
3259   40
6333   80
2100   40
4370   60
4232   60
3054   20
1680   100
4306   80
356   60
1374   80
2501   100
2699   60
431|12
435   10
1278   80
1233   90
555   100
2006   30
2406   60
163   60
485   50
158   20
543   70
1639   30
466   40
432|192
185   90
595   80
3156   60
1590   70
628   80
1873   100
60684   80
3178   70
4223   90
36   70
1416   90
2232   80
64497   50
356   90
3082   60
73017   70
46723   90
6942   50
79132   90
30707   80
8644   80
3150   50
4306   90
71902   70
4865   80
58154   80
1702   60
648   80
4992   70
44191   80
3949   100
1092   70
5608   80
4720   90
51662   80
480   90
1653   80
2396   70
260   70
6016   80
1997   100
5378   80
89208   70
3186   50
5617   60
293   70
5108   50
26322   80
59784   70
92348   80
8360   90
6534   70
50912   50
33893   90
3623   60
33493   80
64614   80
193   60
7458   80
91630   80
2959   70
34162   70
5445   80
7160   80
8588   80
475   70
68954   80
4993   70
2018   70
3753   70
527   90
66203   60
1036   40
5349   50
72998   80
1961   90
5507   30
81417   80
6874   50
80219   60
6365   80
2505   60
68319   50
3717   70
72011   70
63082   80
8919   90
7254   80
780   30
3707   80
2712   70
2908   80
1258   60
2080   60
1210   70
1196   70
1917   60
81591   100
6953   60
48774   30
48394   80
47   80
5952   80
1835   100
3114   40
8939   70
1214   80
912   100
168   90
6378   90
5532   80
45447   80
44759   60
81788   80
4995   90
8981   80
2594   60
72605   50
2   80
66090   80
80880   80
4963   70
500   70
597   80
71379   100
4973   70
5891   70
6214   70
4226   70
4023   80
48696   60
7265   70
1387   80
4976   70
91658   100
2431   90
8533   100
78499   80
7162   70
1221   80
1610   70
3578   90
84374   80
5418   90
1704   90
344   30
3998   80
59315   90
85885   90
1246   90
2840   80
69122   90
57274   100
153   70
367   50
54286   70
6934   80
1645   80
364   100
3793   80
3147   80
48516   50
84392   70
3273   30
64983   70
165   40
2329   90
296   50
2706   60
56941   80
47610   80
590   90
2571   70
589   70
7143   90
6377   70
6947   30
2676   90
7153   80
381   90
92391   80
47099   50
86332   80
4975   60
1892   90
84152   60
45503   100
32587   70
1   50
1240   70
25   90
60040   80
433|13
318   90
174055   30
6874   80
74458   60
296   100
527   50
593   80
99114   40
164179   100
80463   80
778   90
47   60
79132   60
434|170
2012   70
208   50
68954   70
56367   70
2706   40
95   40
2628   10
3578   70
2858   100
64839   90
1197   80
1732   90
588   80
69481   100
112   50
7361   80
431   70
1   80
4993   100
1517   80
2716   100
4963   80
46578   80
750   80
49272   80
4995   80
4896   50
35836   70
68358   60
41997   80
788   20
380   50
6   80
163   60
1387   80
2291   80
68237   100
69122   90
1196   100
2329   100
48516   100
6365   40
1258   100
1729   80
541   100
733   60
2   50
4878   100
318   80
587   60
7153   100
5418   80
316   70
349   70
293   90
2571   100
110   90
736   50
3623   40
799   70
111   100
296   100
6502   90
6333   80
1036   90
434   50
6874   80
5669   80
7143   70
3793   90
4886   90
2918   70
39   60
2278   70
1193   90
3000   100
1263   70
5378   20
47   80
54272   70
778   90
6377   80
2683   70
8874   90
8961   90
48394   100
724   30
5349   70
8636   50
231   80
593   80
3753   50
4223   30
1466   70
68157   100
2699   50
4011   100
4979   90
34   70
72998   100
2011   70
608   100
1214   100
4306   60
3471   70
45722   30
56174   60
260   100
60069   70
6870   90
70286   100
648   80
2916   80
1210   90
2542   70
924   90
480   100
2231   70
5299   50
5502   50
1200   100
4873   90
31658   60
2054   70
3994   80
1393   70
41566   40
5445   60
4034   90
150   100
48774   100
1580   70
741   100
1089   80
32   70
5218   50
356   90
2353   40
4022   60
1407   60
63082   90
71535   80
1222   100
6857   90
2959   100
1917   50
74458   90
1584   50
367   40
2502   90
500   40
48780   80
1073   90
1704   90
3052   90
1391   70
6934   50
2395   70
2028   100
5225   100
858   100
230   50
6016   100
7438   90
33166   80
48738   80
1206   90
3948   70
51662   70
33493   20
435|26
48   80
4011   100
163   70
1676   60
33794   80
4571   70
1221   100
68358   90
80463   90
2002   80
68954   80
6874   90
3578   90
74458   90
318   100
1193   90
2694   80
6539   90
58559   100
216   100
2959   100
48516   100
333   70
7361   80
79132   90
2712   70
436|68
593   60
434   60
370   40
356   80
361   60
497   80
595   60
575   60
418   60
420   60
158   60
433   60
367   60
339   60
376   60
316   40
542   60
596   80
48   80
315   60
594   80
349   60
262   80
457   100
60   60
145   60
586   80
374   60
442   60
231   20
589   80
508   80
519   20
274   60
460   60
421   80
410   60
169   60
551   80
419   60
174   40
415   60
261   60
333   60
318   80
317   60
250   60
505   60
455   60
527   100
471   60
539   60
248   60
8   60
588   60
165   60
258   60
500   80
466   40
203   60
454   60
234   20
276   40
368   60
350   80
293   60
239   60
303   60
437|81
1210   100
290   100
86   60
440   60
247   80
222   80
17   80
529   100
590   100
1302   60
223   100
62   60
272   100
1095   100
81   60
1094   60
1093   80
6   100
736   100
225   60
708   60
1204   100
14   60
371   80
194   80
25   80
431   60
1242   100
168   40
587   60
95   20
1206   80
1247   80
493   80
357   60
647   100
47   80
1213   100
31   80
805   80
36   80
211   80
43   60
608   100
1293   100
151   60
780   60
356   60
1292   60
296   100
509   80
348   60
79   40
175   100
300   100
153   20
786   60
9   60
207   80
1234   100
302   60
1291   80
329   60
1208   100
450   80
52   80
376   80
141   60
1265   100
292   80
527   100
1230   100
78   60
733   40
507   60
1393   60
800   100
159   60
637   40
110   80
150   80
438|492
2605   70
41573   20
5401   70
1597   70
420   60
1100   80
1732   50
6936   70
8916   60
6059   60
32596   80
4239   60
33004   30
2126   60
6863   80
3190   20
7482   90
6218   70
442   70
2687   80
1721   60
5378   70
2502   70
5952   80
185   40
8908   70
1704   90
3408   70
150   80
31221   30
8972   80
4734   70
7315   40
4223   70
6265   70
2694   70
6957   70
8866   70
4701   80
71   40
339   60
4270   80
364   90
7150   50
180   80
34048   40
8640   60
2683   70
6721   80
7192   60
37830   100
2640   80
4487   70
7169   70
4084   80
173   50
1240   80
3082   50
2616   60
318   100
4846   100
1653   90
7439   70
6155   80
379   70
2335   70
5678   60
110   90
592   80
2541   60
7380   70
344   80
2987   60
3826   40
3754   40
3916   80
6283   90
7451   70
4369   60
2959   70
2681   70
5944   60
1431   60
7017   70
1396   80
5010   90
3213   70
5152   70
3745   60
6373   60
5377   60
10   80
1917   60
6618   70
3882   50
3896   70
1196   100
47610   30
2490   70
46965   100
4018   70
5580   70
43928   10
2001   80
5267   80
3317   80
4228   50
1101   80
2491   60
2167   80
5266   50
3998   60
2807   40
6879   80
5108   50
170   80
1907   50
2058   90
260   100
34405   80
39292   50
32289   50
6503   10
5943   70
6377   80
5026   90
1513   30
480   80
1275   80
6888   30
3948   80
2082   60
70   60
719   60
5804   50
4447   70
3000   70
3785   70
673   70
8784   60
2394   60
27831   70
4085   80
405   60
36525   80
2797   70
30898   60
539   70
1036   80
3980   60
552   80
4958   60
2028   80
6536   70
3107   90
517   60
5902   80
3968   50
2549   60
5463   60
2273   60
33794   90
4721   80
4308   90
5064   60
4887   60
216   60
5443   40
595   80
5459   40
1479   70
1675   70
8864   70
590   60
1020   60
3996   100
3972   90
5254   70
4015   30
3300   70
6294   50
5669   70
6874   90
2860   60
34162   80
1858   70
1500   80
2420   70
31685   90
1562   40
30816   60
1722   70
5313   60
2712   60
40583   90
594   80
4033   70
1591   50
30822   60
8782   50
524   70
1287   100
48516   90
168   70
1617   100
6266   70
704   50
2763   80
5665   60
3275   90
208   60
5563   40
2012   60
2723   40
5957   70
2231   60
6   100
597   80
8968   80
4890   50
5903   100
861   80
3617   60
1687   60
4736   70
3623   70
3981   60
135   60
802   70
4718   80
315   70
227   60
5881   60
5991   60
4975   70
6383   40
4207   20
6264   70
1061   90
6541   50
5989   70
5507   60
6333   80
832   80
6549   70
1270   80
4623   90
4639   50
1831   60
3156   80
5151   50
49272   80
5445   40
7454   50
37733   60
7366   80
3752   80
8798   60
5792   80
6534   60
6280   50
2002   80
5349   80
1022   80
3098   80
1302   80
3987   40
5524   60
45499   10
798   50
356   80
5872   60
31878   70
32017   60
5675   20
1060   70
3852   70
588   80
4248   10
4019   80
2918   80
2081   70
44972   30
3593   20
8643   70
47950   60
494   80
455   50
7163   60
165   80
6764   70
8981   30
21   70
3489   70
3897   80
353   80
7259   40
7375   60
19   60
5954   60
34319   70
5324   70
8984   50
1393   80
1608   70
34334   50
8622   80
8665   70
7346   20
34338   100
2571   100
48385   60
1895   50
2355   80
1408   100
3717   70
5094   20
11   80
45880   10
51662   100
31433   20
44665   80
6548   100
3646   50
1584   70
653   70
329   70
45186   80
31696   60
2302   90
37386   60
440   70
1377   60
7458   60
1267   100
3986   60
3354   70
3173   70
4306   90
4388   50
6564   50
8869   40
3225   60
6942   90
3090   80
466   60
193   20
1   90
1792   60
5900   50
6537   80
7373   60
5809   50
2706   70
2278   80
3421   70
30707   80
4993   60
4344   70
3175   70
7175   50
5621   60
95   70
5025   60
4700   70
4343   60
423   60
5400   50
5882   70
1488   70
8977   20
4901   80
367   60
4453   70
7438   80
6586   70
4367   30
4366   60
145   100
500   70
45431   70
8983   60
3033   70
4719   60
648   80
5816   80
4052   70
2879   80
4776   60
2322   40
6188   70
7173   50
4022   70
5363   60
3052   80
4387   60
6565   70
7376   60
292   70
5414   70
5810   70
62   80
3114   90
4167   70
7445   80
2297   50
849   60
7153   80
8528   70
32587   80
1876   60
1616   70
1047   60
6708   70
5299   60
104   80
8581   70
1682   80
33493   70
2762   80
4299   70
1639   80
3744   70
7255   70
48780   80
4874   50
8633   40
112   70
153   60
1476   70
47044   80
3452   50
2170   60
4643   60
899   80
5449   60
1918   80
4963   80
7263   70
2353   80
3555   80
4638   50
6365   70
1840   60
3316   40
786   60
4023   70
31658   70
8835   60
316   70
5418   90
34150   60
4889   80
508   80
7090   100
3865   80
8985   60
733   90
33162   40
377   80
7149   60
1777   40
3793   80
5941   60
3578   100
8907   60
2194   90
4368   50
6157   80
4743   70
5787   50
27808   80
26865   90
33166   90
40815   80
32031   60
8371   60
8360   100
6996   10
4896   80
1911   70
6934   70
8183   70
3969   50
4265   60
317   70
737   40
8865   40
1676   80
7004   50
6297   50
1210   100
439|12
318   100
1291   60
110   70
1036   90
2355   80
2028   80
5952   80
589   70
98809   70
96606   80
8961   80
1198   90
440|20
1921   70
7361   80
1214   90
6774   70
3386   60
193   70
48774   70
4878   90
1960   80
2359   70
671   80
4361   80
1378   70
1186   60
532   60
3471   90
6502   90
924   90
3363   90
60069   80
441|28
8917   100
122886   90
71535   80
2628   90
7387   80
91529   100
1196   80
1517   100
2716   100
527   10
58998   80
1089   90
98809   70
1241   100
2571   100
87529   100
5481   100
106782   80
8874   100
4402   100
593   90
208   80
4980   70
68157   90
104   70
3253   100
1198   100
58559   100
442|12
3510   20
362   50
610   20
1272   10
3386   10
2145   40
1231   20
524   40
3107   10
3863   10
468   30
616   30
443|23
5952   100
78574   80
6016   80
1200   60
593   70
318   100
97921   100
2571   70
114180   60
110   90
7361   80
2959   80
1193   80
608   100
2858   80
91500   100
103249   60
1704   80
356   100
260   80
1   80
2762   70
56174   80
444|26
318   80
595   80
527   100
300   60
288   60
357   80
50   100
586   60
185   60
265   80
173   40
16   80
454   60
97   100
231   20
100   60
593   100
480   60
47   80
509   80
350   60
273   80
500   60
589   80
58   100
353   100
445|48
4993   100
296   80
1247   80
5971   40
6016   40
293   80
2959   100
7153   100
2571   100
32   100
5995   70
778   100
27773   90
68157   90
260   100
608   70
4995   80
76093   70
74458   90
111   60
109374   100
31410   50
4878   80
7143   70
112552   90
910   70
2324   90
2762   80
1197   100
750   100
58559   70
541   80
7361   80
35836   60
4896   60
4022   40
40815   60
1136   100
4427   70
110   100
8644   40
48774   70
3897   40
60069   70
457   80
745   80
79132   90
5952   80
446|53
39   60
780   60
500   60
592   60
231   20
282   40
590   80
329   60
235   60
34   100
11   80
151   80
551   60
595   80
316   80
32   80
292   60
266   40
508   100
454   60
555   60
253   60
349   60
25   60
141   80
527   100
165   60
223   80
2   60
95   80
364   60
497   80
21   60
186   60
168   20
377   60
594   80
586   60
356   60
350   60
380   40
342   60
509   60
457   60
10   60
50   80
367   60
585   60
317   60
442   60
539   60
587   60
47   80
447|49
500   60
374   60
410   60
353   100
145   60
227   60
168   80
288   100
329   80
434   80
345   60
480   80
415   60
586   40
349   80
508   60
466   80
592   60
44   100
150   80
303   100
367   80
318   100
315   80
427   80
368   100
344   60
296   100
377   60
520   60
2   100
445   80
597   80
519   80
364   80
594   80
380   80
588   100
236   60
48   60
454   80
350   80
553   80
153   80
10   60
339   60
457   80
110   100
590   60
448|1192
152083   60
3396   80
110127   40
2041   80
3448   80
101577   20
67361   40
126420   30
1230   100
2735   40
135518   40
4010   80
80219   80
32019   40
1030   80
1376   40
36401   60
2518   60
134881   80
5478   50
44191   60
129428   50
1276   100
61289   50
107702   30
87430   30
129659   70
3508   100
91542   50
77561   60
528   40
83910   50
103235   70
2006   60
2779   60
1461   40
96079   80
1425   40
3082   70
5248   30
4878   80
5009   50
3253   90
1882   60
4643   30
673   60
8447   20
67408   70
2805   40
2959   80
84696   80
39183   60
1911   60
113348   40
113186   60
72011   60
4198   60
2978   40
90719   50
5630   60
109487   60
2100   60
52245   60
139642   60
736   60
6373   60
114818   50
2628   40
2521   60
71211   60
165139   40
98175   30
6979   60
2381   40
3146   80
2140   60
95875   30
116849   50
3052   80
98836   40
1011   80
94070   50
102720   50
6315   40
131013   40
107141   80
8138   10
4901   50
5151   60
3740   60
1573   60
296   100
97742   30
94919   50
76251   80
157340   50
156607   30
118512   30
4638   80
102378   30
1089   100
745   80
122920   60
110297   60
105197   90
77421   50
743   60
3639   90
119141   70
33493   70
2523   40
160080   30
5449   70
3994   40
59900   40
136666   20
1206   80
3635   80
3996   60
129333   30
127319   30
84772   60
1393   80
434   60
4890   50
3198   80
8910   70
5027   60
4686   40
1604   60
1639   90
8784   70
4489   60
108156   40
4886   80
7458   60
2989   90
99117   40
355   40
5785   80
101884   30
7895   70
98230   70
140525   30
2110   80
4563   40
5060   80
35836   80
1193   100
4121   80
134368   60
143472   30
2060   80
1266   80
3208   60
8807   60
5872   50
71033   80
6798   60
4756   20
144262   40
108928   50
77191   50
95167   60
26133   70
112623   60
2413   60
89343   60
49278   60
2378   90
1856   80
57669   80
4068   60
3039   80
3624   40
6708   70
132333   100
1125   80
93982   40
98961   80
86298   40
5110   80
454   60
93363   40
2355   80
1676   80
97913   70
172   40
1722   80
157270   50
4053   40
55250   40
1371   60
2005   60
3707   40
139915   40
91077   90
67255   80
99415   40
555   80
2717   60
86833   80
3130   40
111362   60
113225   60
109416   40
1228   100
146688   40
94777   50
4254   20
6893   90
2402   40
2641   60
4855   80
8917   90
4022   80
3361   80
5049   80
3868   100
5414   40
106918   60
114060   60
27831   70
45517   60
4585   80
8528   80
2302   60
7084   60
8957   50
785   80
1009   60
73386   30
3257   20
79134   70
32291   50
2034   60
149406   60
56174   60
150401   60
2792   60
1665   60
4979   70
7570   50
49272   90
3791   60
4471   10
1918   60
86882   70
112290   70
85056   50
118924   60
6375   100
145   80
2455   60
118985   70
119068   40
158956   40
34018   60
5952   80
3248   40
141004   40
4812   60
3087   60
8947   40
3812   60
30825   50
96281   60
4396   100
1641   80
6944   70
3977   40
5954   80
5293   60
133545   20
4351   20
48385   80
1020   80
133419   60
4544   40
1405   80
136859   30
3564   40
4104   20
63113   70
6157   30
110826   30
8623   70
5636   60
52730   50
106438   90
78469   50
133798   30
97836   50
3256   80
492   80
383   40
151315   30
136786   30
168456   40
82499   50
223   80
1097   80
3255   80
109317   50
2942   40
1234   80
5752   60
124859   40
115713   60
136864   40
45186   50
6331   70
3869   80
4681   80
4963   80
94959   70
26750   60
71732   30
93242   30
367   60
586   60
112556   60
91630   50
79224   20
2087   80
3108   60
2040   60
156553   50
1031   100
54272   80
158813   30
6947   60
1213   100
1680   60
1035   80
144716   40
91535   40
92048   50
104076   30
70984   70
91470   30
3254   80
3591   40
73321   70
96737   40
86142   60
2918   80
8614   40
1517   80
6016   100
7372   60
109374   70
114180   20
63131   60
55294   50
99574   60
6377   70
2411   60
132618   30
5582   40
5106   10
123947   60
1562   30
596   80
105954   60
1147   100
94494   50
2407   80
81537   30
139857   30
700   60
79702   60
6249   40
91126   70
122890   30
5490   100
1080   100
7894   90
5309   40
2376   50
2088   60
47044   30
5945   70
70286   70
41566   70
112303   30
3173   60
648   60
103042   50
108601   40
71248   60
142222   60
33615   80
45666   40
1377   60
161830   20
7247   100
5388   70
55830   60
116419   30
4226   80
3033   80
104241   60
117107   50
81845   90
134021   50
89840   30
5356   10
2883   60
96114   40
27904   70
5445   80
136305   20
2420   40
157296   80
91273   30
2023   60
149590   50
91658   80
104211   50
5944   60
92008   50
50064   60
71530   30
63393   20
1620   80
135569   50
103339   20
106916   80
3249   80
3422   60
133782   40
4816   60
102407   70
148172   30
122924   40
2366   100
5339   80
72998   60
155892   40
4952   40
2053   40
32587   80
96110   80
1214   60
120799   40
148482   60
130450   30
45447   40
1307   60
4732   30
94953   40
47810   20
103596   30
117511   60
139717   40
3785   40
55995   40
941   80
91976   20
7104   40
1374   60
1077   80
89427   30
98154   70
109576   30
4051   10
3175   80
1208   80
3980   40
60074   40
136816   50
45221   40
5463   40
5220   60
157122   60
101   70
111781   40
7000   40
344   60
160646   50
6564   30
2769   40
2414   60
4268   40
103221   50
1275   100
520   60
140850   40
3264   30
51540   80
1023   60
8743   50
2990   90
94011   30
4848   60
541   80
1244   80
4526   40
2951   100
54503   70
69951   70
3978   60
95510   70
2174   60
116887   40
3633   70
46578   80
101895   80
99106   50
2916   60
85881   70
88672   60
151317   40
2822   40
1614   80
1372   60
109042   40
132462   20
69604   60
111364   50
2694   80
4084   60
95583   50
80590   40
3390   40
2700   80
99112   50
6663   60
2529   60
3614   80
2247   60
165343   30
8290   10
733   60
5507   20
95   40
87520   10
5438   40
6427   80
108949   50
3104   80
6862   70
60040   50
616   80
107348   80
2709   80
59315   80
780   60
3751   60
3327   80
1256   100
74532   30
1220   60
46972   60
2194   80
79879   60
3617   80
94896   60
1356   80
788   60
140110   50
157200   50
46970   40
1379   80
1965   40
4167   40
3267   70
2243   80
3398   80
79946   70
4340   40
51255   90
3526   80
69306   50
3536   80
6595   30
4483   40
110730   30
1556   20
136664   20
5010   80
95307   40
33004   60
94478   40
127198   50
4085   100
142536   40
3967   80
1270   100
6349   40
5401   20
8949   80
84374   40
82527   80
4936   60
2291   60
2987   80
500   80
73323   70
2050   60
1755   80
2887   20
4343   40
6541   30
125221   10
3527   20
4447   30
7257   40
81932   80
160438   40
119655   20
4066   40
101612   40
99846   60
1073   80
6874   80
5378   60
70545   40
3418   60
120635   20
4673   40
88812   50
96588   60
485   80
2371   60
78893   20
923   90
2002   60
5299   80
61352   70
160730   40
2004   60
107962   40
107945   40
1210   100
65133   60
2375   60
106491   40
87876   60
69757   50
3705   40
3552   90
663   60
134393   80
89492   80
72224   20
3826   40
1200   40
112788   30
84615   50
21   40
103655   30
2369   60
2383   40
97860   50
2231   80
5420   40
377   80
5669   80
45728   100
109295   40
161918   30
38061   90
47640   50
106883   30
4221   60
3646   60
1136   100
619   20
81782   60
208   40
4545   60
1017   60
79132   80
74789   60
2534   10
99992   60
761   60
1021   40
2478   60
6534   20
109187   40
260   100
103755   50
2013   100
2463   80
97923   70
2915   80
112804   40
32031   70
49822   60
136562   60
1291   80
69069   60
5957   50
97870   80
90738   30
132046   40
6539   70
1037   80
4039   60
2683   90
30812   80
2406   60
113453   50
1022   80
135   40
5481   80
139415   60
105121   20
4153   40
84950   50
3802   40
143255   30
62956   60
97328   60
114028   80
85774   90
78105   20
3861   60
5500   80
2922   80
160271   50
4225   80
74795   60
2300   80
919   80
2949   80
60756   60
103502   30
4492   60
4255   10
58156   60
4941   100
8798   60
4776   60
1967   60
79293   30
3638   60
1288   100
33166   80
151559   40
1092   80
1863   60
118572   60
349   80
43558   40
102125   60
62849   60
156706   50
2699   60
113350   30
2421   40
163   70
1010   80
553   70
4168   60
103384   20
818   70
1953   100
45431   60
105037   40
329   80
2522   60
132157   30
114074   60
98279   60
3421   80
68358   70
3950   60
151653   30
5803   40
428   60
102880   30
149354   40
3833   20
169180   50
2693   80
3578   80
2403   40
103341   80
3507   80
165   80
26409   20
62999   70
160573   60
65   20
71535   80
3596   20
5530   50
2264   60
134859   70
100304   60
87222   60
91688   30
4487   20
4027   40
38   60
4866   70
84944   80
2169   60
8633   60
858   100
1982   30
3262   60
37386   20
1198   100
10   80
1580   80
106062   80
2141   60
2571   40
5700   10
3020   80
2134   60
107   80
108188   50
8961   90
474   80
39444   60
105755   30
3005   20
73266   60
4709   60
3681   100
2986   60
4370   50
6807   60
880   30
98243   50
86880   30
120783   50
109853   40
86548   70
54286   70
115210   50
67734   70
924   80
61123   40
47950   60
4159   40
87483   40
7137   80
64839   80
3107   80
108729   40
1302   60
94677   70
122882   60
1876   60
60072   40
2018   80
150604   50
112497   20
143385   70
1646   60
111113   70
84392   60
1747   40
3537   60
83177   40
1079   100
2723   80
135861   80
26700   50
471   80
5522   100
105213   50
91323   30
114925   40
6618   80
4280   60
144714   30
50005   50
4321   100
69640   60
139385   70
216   60
112749   40
104245   50
3841   60
100226   30
34542   70
129737   40
6936   70
4333   60
5303   60
131480   40
88140   60
2003   80
2111   80
410   80
50068   80
552   60
53125   40
380   60
93766   30
5308   80
34162   80
7569   60
6365   30
3114   100
2746   60
135137   50
1955   60
3168   80
91325   40
4587   60
70565   50
2797   80
7325   60
91842   40
1389   20
1388   60
71520   60
3024   60
83613   30
97304   80
5419   30
91128   60
357   60
143257   50
112552   90
8387   30
8376   60
136800   30
316   60
3524   60
3911   60
85131   20
69453   20
7319   60
1961   60
74510   70
90890   40
8361   40
1221   100
778   80
135567   30
8781   70
1343   100
106839   70
1396   80
153   50
1265   80
127204   60
134158   30
173751   40
94266   50
144620   50
6550   40
7102   50
71823   50
164647   50
4124   20
94833   70
122904   80
100487   40
3072   60
2948   90
88785   40
3916   60
2718   60
137517   10
2367   60
3317   80
89745   70
7153   90
86028   40
97752   60
162828   50
104129   40
148956   50
69118   30
2380   40
134853   80
4322   80
97225   50
86293   40
3688   100
85401   40
3717   40
2762   80
1784   80
8636   100
3754   20
114662   80
8644   60
1552   10
4630   20
8526   30
40278   70
3534   40
82854   30
117895   20
1591   20
3489   60
102481   60
66785   80
3044   80
4270   20
51412   20
1588   60
91873   30
3979   80
4232   40
82459   80
142372   40
122892   60
86190   70
54997   80
155812   50
74916   40
608   80
5523   40
16   100
101415   30
69481   80
110102   70
1833   40
72378   30
2796   60
87306   60
6296   80
165347   40
80463   80
6957   80
97938   60
118997   50
6764   50
3948   80
82093   30
688   40
1028   100
50872   60
1391   80
413   40
3897   80
55765   80
597   60
101283   50
4005   70
2533   40
168350   50
104218   30
76077   40
81564   70
94018   20
2759   50
88744   50
2472   60
3   60
5055   60
97921   80
82461   40
90249   50
155659   80
5621   50
2706   70
6711   70
12   40
1223   80
148592   60
5673   30
6659   50
1378   60
114762   30
2054   80
103141   80
46530   50
97936   60
34520   40
135536   60
1278   60
103543   40
1227   100
26870   40
115680   70
2890   60
77866   40
3494   100
30810   60
73015   40
37727   40
2405   60
33794   70
4148   60
122886   70
8464   70
143859   60
2947   90
1   100
8879   70
1729   80
133281   40
52722   60
104078   80
1479   60
6039   60
89904   80
720   80
108932   80
53322   60
805   60
5246   40
112370   30
7454   40
8983   80
2806   70
8529   60
8596   60
2382   40
4238   60
103865   40
4874   40
68954   60
231   60
7132   100
2542   80
118900   60
4448   60
3701   60
48322   80
585   80
1459   40
66297   60
593   100
1209   100
4477   20
129937   40
5573   50
110771   40
30793   60
4229   60
128592   20
58025   30
4978   60
118814   40
7101   60
2019   100
2038   60
4291   40
71466   80
102033   60
4814   40
7173   50
5382   80
4344   40
149612   40
1171   80
2788   80
8136   10
26152   60
85025   40
8972   40
1101   50
102278   40
93980   30
1837   60
59784   60
3821   60
6348   40
100498   30
1188   60
8880   40
31000   50
1839   60
3031   60
157312   30
106072   40
72405   40
157172   10
3690   60
7091   90
1240   60
185   50
1515   40
2   60
95067   50
57368   40
7573   50
2803   60
49649   20
102445   60
88405   50
2412   40
4662   60
2617   40
111743   70
1135   60
55768   70
449|24
3176   70
1262   80
5669   90
186   10
2395   80
318   100
1090   70
3950   80
2012   50
4027   70
293   80
527   80
5952   40
2302   50
2959   90
2006   20
4011   80
2712   50
2054   40
370   70
2858   80
2329   90
4226   90
2692   70
450|32
1969   60
3972   100
524   60
111   80
3624   80
1997   80
3671   80
260   100
3863   80
70   40
3969   80
2858   80
551   80
3952   80
2291   80
3471   80
3173   80
1544   80
3510   100
1387   100
1972   40
3753   80
3354   60
1073   80
1193   100
3959   80
1466   80
3481   80
3893   80
1580   60
1673   100
3949   80
451|21
648   80
762   60
32   100
112   100
6   80
852   80
661   80
376   60
94   80
736   60
780   60
608   100
95   80
786   60
1059   80
788   20
481   60
474   60
708   100
1356   60
1073   80
452|145
2791   100
2947   80
4299   80
1374   100
153   80
1097   100
1580   80
1259   100
2167   100
337   100
2021   80
1997   100
4370   60
2115   100
1614   80
1717   100
780   100
2989   80
69   100
3175   100
3791   80
1343   100
1562   60
1610   80
44   80
4005   60
1394   100
1198   100
1270   80
2683   100
2278   100
2640   80
2706   100
1220   80
1222   100
2393   100
2160   100
2840   80
2194   80
2338   100
1197   100
4887   80
3441   100
1616   100
1687   100
1391   100
4643   100
2648   80
10   80
1617   100
1732   100
260   100
1291   80
1240   100
2657   100
858   100
1079   100
1265   100
4814   80
1620   100
1136   100
4718   100
2949   80
442   80
1371   40
1214   80
1036   80
3256   80
1275   100
1527   80
2006   80
3698   100
2918   100
2841   100
170   80
2531   80
1372   80
70   80
1089   100
3438   80
1968   100
377   80
736   80
4855   100
2490   100
4015   100
2353   100
1196   100
2763   100
4011   100
648   100
2273   100
1387   100
1909   100
4367   100
1573   100
1407   100
4734   100
1608   100
1127   100
3081   80
356   100
3753   100
1375   80
592   100
2916   80
3751   100
2396   100
4963   80
3763   60
4002   100
541   100
2502   100
2871   100
5049   100
2023   100
3527   100
2700   100
3578   80
4571   80
1101   80
4262   80
4148   80
3702   80
480   80
1653   100
1645   80
3623   100
4369   80
3082   100
924   60
4027   100
1641   100
4874   80
3704   100
3301   100
527   100
3147   100
1722   80
2668   80
1221   100
1219   80
353   100
2000   80
3552   100
453|232
788   80
1405   100
2880   80
2082   80
2012   100
3253   100
434   80
1747   80
5816   80
593   80
1784   80
370   100
3617   80
4193   80
5218   100
3979   40
3897   80
3910   80
1912   100
3255   80
2694   60
3972   100
2692   80
608   80
2770   80
3908   20
2424   80
2353   40
231   100
2916   100
708   80
4234   80
4246   100
2558   80
2447   60
300   100
4167   100
1488   60
3756   80
5788   80
1206   80
2839   80
1120   80
1641   80
5464   80
778   100
5418   80
2763   100
2542   100
3751   100
2396   100
1704   60
2700   100
3968   80
3798   80
4270   80
4056   20
1619   60
3108   60
260   80
2355   80
4993   80
2686   80
2580   100
2706   100
3555   60
4161   80
4701   100
3717   40
3916   60
543   80
1265   100
2502   100
2395   40
1753   100
4334   80
163   80
1391   80
527   60
70   80
2027   60
1136   100
3510   60
2571   100
3863   40
1527   100
3175   100
1665   100
2985   80
830   40
377   80
3882   80
4973   100
1210   60
3996   100
2000   80
1711   80
165   100
292   80
10   40
1036   100
912   60
3986   80
457   100
520   80
1092   60
3174   80
2617   80
4029   80
1552   60
1834   80
2890   100
3006   80
3861   60
1810   80
2329   80
1089   100
367   100
145   60
4027   100
3146   80
2805   80
3178   100
4015   100
1060   60
588   100
3160   40
1407   20
3254   100
2712   60
4247   40
861   100
5225   80
3578   100
2126   20
5388   20
1653   80
2167   80
2058   60
3248   80
1722   40
1873   60
1307   100
3753   80
4306   100
3785   100
47   100
1921   80
4233   60
4160   60
380   80
3240   80
4344   80
32   100
3967   100
466   100
3744   80
785   80
2325   80
1196   80
5445   80
4447   80
4033   60
110   100
552   80
1569   100
1627   80
4304   80
4310   80
3300   80
4019   60
3948   80
3481   60
1249   100
50   100
3787   100
3821   80
1042   60
196   60
3969   60
2582   100
3515   80
1682   100
4014   100
2028   80
3301   40
3623   40
3831   80
2762   80
368   100
1721   40
1732   100
3538   100
4225   80
364   100
2006   80
3326   100
356   100
3536   80
1   100
296   100
3852   60
1616   60
3247   100
3243   80
2572   100
21   60
1917   100
2628   100
648   60
2324   100
357   100
3238   60
224   100
2997   100
3409   60
3869   100
2879   80
1020   100
3208   80
4308   100
1580   80
1183   80
1485   80
4605   80
5377   80
2683   100
34   80
3299   20
2273   60
1240   80
2826   40
454|28
3476   90
2997   50
1252   80
2076   60
56339   70
6874   90
1969   40
4979   90
2395   90
1208   60
82   70
296   80
68237   80
6629   70
79008   70
61240   70
1089   80
1219   90
4754   80
5618   60
48774   80
1972   70
53953   50
8950   70
3949   80
1235   100
1341   90
101   60
455|36
457   80
34   80
111   60
50   60
165   60
589   60
344   60
377   80
282   60
316   60
151   60
356   100
380   60
420   60
593   100
357   80
11   80
150   60
587   100
435   40
349   80
480   60
329   60
266   80
527   100
434   60
161   80
300   80
62   80
595   60
318   100
592   60
551   60
500   60
317   60
454   60
456|27
783   80
662   100
802   80
65   40
64   60
1393   100
1167   80
694   80
141   80
737   60
719   60
708   60
1405   80
609   80
1367   100
79   40
640   100
736   60
74   80
104   60
9   80
628   80
648   80
3   60
1060   80
832   100
653   80
457|32
2959   100
1373   40
3897   80
2605   60
3578   100
3798   60
110   100
2706   80
1270   80
3826   40
1376   80
3408   40
3273   40
2600   60
1374   100
2606   40
3072   80
2712   60
480   40
3717   100
1375   80
1676   60
919   80
34   40
2428   40
1372   40
2762   100
3793   60
2791   100
3623   60
2858   60
1197   100
458|37
195   80
592   60
361   60
339   100
225   100
500   60
296   80
21   100
440   80
261   60
48   60
350   80
316   80
252   80
480   100
280   100
349   100
588   80
344   60
329   80
161   100
207   100
222   100
736   80
289   60
539   100
1073   40
590   40
356   100
377   100
5   60
474   100
110   100
39   80
1006   80
364   100
292   100
459|16
122922   100
3751   50
8636   60
4886   90
3996   100
99114   100
68157   90
2571   80
74458   90
97913   90
5349   80
8368   90
3793   70
4022   80
177765   100
5816   80
460|52
34405   100
8132   100
80549   90
2959   90
8665   80
3968   70
48738   90
8961   90
54259   80
1307   70
3578   100
79132   90
2747   60
1704   80
48516   80
6539   80
5445   80
7022   70
51255   90
7153   100
6502   100
4022   90
2112   80
5952   100
2762   90
5989   80
6385   90
4995   100
4366   80
541   60
4306   80
5903   70
169   20
7147   80
3114   80
44191   80
8368   90
60069   100
6377   100
318   100
56367   90
7143   100
73017   90
2359   80
3615   60
5418   100
68954   90
48774   100
44199   90
4993   100
48780   90
66934   90
461|16
104841   10
68157   10
2571   10
356   100
1961   70
186   80
1246   90
587   80
593   80
527   70
1784   90
318   90
1259   80
1704   80
457   10
480   10
462|348
3793   80
1247   100
82459   60
116797   70
2791   80
48774   80
55820   60
6869   90
7767   90
5212   60
7920   70
3467   70
1036   30
107702   70
45382   80
148982   80
5421   50
1278   90
8622   70
8865   40
72011   90
6612   90
25   60
1676   100
2872   50
296   50
142488   90
52   60
5932   80
260   80
562   80
5239   80
96488   80
926   70
2447   60
1346   30
3019   40
2369   20
3679   70
2115   30
1241   100
34542   70
38198   80
3101   20
235   50
8949   80
4605   40
1464   10
109161   90
247   100
1517   50
6620   90
6966   80
60766   90
923   90
3362   90
535   90
64839   80
38886   80
3552   20
99007   70
1287   80
2019   70
6935   80
27878   60
3468   100
5952   80
6611   100
152711   100
122882   50
16   70
161127   70
904   80
173145   40
6440   80
4886   30
69849   70
3422   80
1267   90
3037   100
4741   90
90430   70
52435   80
2351   80
86882   50
103624   80
3859   70
104339   90
2336   30
60333   80
6807   60
3983   60
3359   60
80906   80
3504   80
1256   60
2693   90
5205   70
34528   80
46855   90
27846   80
4027   50
7387   80
36   70
2318   100
8042   100
73023   80
171763   90
90866   50
1961   40
3089   90
47999   70
2596   60
89761   50
1206   70
3200   80
7132   70
1097   20
1757   40
2028   40
6539   80
2866   70
26359   90
593   70
62250   90
167064   100
1288   70
49272   30
1617   80
2144   70
2926   70
143859   30
2997   70
2411   20
3168   90
2289   80
908   80
7013   60
3683   100
1221   90
3182   90
34072   50
509   60
6945   100
122902   50
127136   80
1   30
69526   60
160644   100
2599   90
541   70
3038   90
2987   50
1466   70
122926   60
31878   80
1952   100
1394   80
6380   100
527   30
5669   90
4427   60
1641   60
7419   80
100556   100
337   50
1147   70
1214   60
1245   80
6064   80
2683   70
5013   50
2367   50
5735   30
231   50
1196   50
151311   60
27912   80
1380   80
2730   90
1283   90
51255   70
223   80
1210   20
2527   80
2985   90
4973   30
48385   80
4236   70
4993   90
6796   70
2064   90
2736   80
1266   60
1343   70
500   10
125   80
1233   80
1954   100
1135   60
1258   50
37741   60
61323   90
71640   70
183199   80
364   20
3040   40
589   50
5902   70
5225   60
4175   80
34048   30
63876   70
162   80
3996   70
5747   90
4967   80
32   70
1246   20
858   100
67665   80
26524   90
356   50
134214   80
377   20
852   10
2375   10
45499   50
111   100
953   80
1189   90
55442   80
2871   80
3462   70
33639   70
4979   20
50068   70
1259   80
53996   30
592   60
1580   80
1079   80
6867   30
47   80
39183   90
50   70
4546   70
1721   50
81932   90
6787   80
2348   60
778   50
6775   80
69306   60
78574   90
184721   80
750   90
1228   100
1235   70
91542   30
288   70
2797   30
2349   70
910   70
3698   90
1238   70
300   50
69757   30
8910   60
1240   80
49132   40
6993   70
102445   40
32582   100
1648   80
4863   90
2734   50
924   40
105504   80
118696   30
3572   40
597   30
3007   70
164179   80
2159   80
89759   100
2677   90
2396   10
53024   80
5288   80
912   80
1327   30
1270   30
53894   80
1090   80
1200   40
189713   50
143355   40
1198   70
3676   70
1252   100
2970   60
102125   60
34338   70
4697   80
1682   80
4211   90
1395   60
1080   100
2973   90
8507   60
164917   90
74545   90
111360   70
1261   80
5617   70
1784   20
1374   40
2762   50
10   60
2361   80
2409   40
80862   90
162414   100
1344   70
7156   80
112623   80
4432   80
73344   100
140928   50
608   70
2571   10
6301   70
3249   40
6466   40
27850   70
1220   60
708   20
4361   50
44555   90
91077   90
6528   40
345   20
2410   30
105835   80
58191   80
3006   80
8798   40
463|20
36529   90
1320   80
3977   40
5952   100
5378   80
8622   70
527   80
780   70
520   80
1088   70
296   80
356   80
110   90
4223   80
1690   80
7153   100
552   70
2167   60
6539   70
3448   60
464|94
5989   100
1704   80
653   50
1036   100
58972   50
59315   60
72998   100
55116   50
1240   80
589   100
6934   80
5995   80
23   60
62956   40
7153   100
2762   100
47   100
364   50
8977   60
54004   80
59738   60
1206   60
1222   100
1391   40
1196   100
4310   80
32   70
44555   80
2683   40
5418   60
1591   20
4022   100
2028   90
590   100
61465   60
2724   40
2411   40
2916   50
379   30
110   100
7481   90
2021   90
858   100
78105   50
67534   50
1777   70
231   50
20   80
16   90
56169   80
90384   40
4011   90
79132   100
60069   40
1923   60
1552   80
227   80
849   60
597   90
74580   40
527   90
318   100
2046   70
2959   100
8360   60
1213   90
7458   100
2986   50
31696   50
260   100
74530   40
780   70
356   100
58559   70
2571   100
9   50
4226   80
48516   80
25   80
3100   100
344   40
1393   90
2858   80
4963   80
3578   100
165   100
2329   100
784   30
3386   100
480   80
5026   100
45672   60
1097   80
8984   90
465|76
3551   100
1834   100
541   100
95   60
527   100
1267   100
924   100
1769   80
329   60
1370   80
3704   60
912   100
1783   80
356   100
2176   80
3681   80
3256   80
1218   100
933   100
474   80
3654   80
1518   80
2944   80
1610   80
3698   80
1183   100
2688   60
2707   80
1344   100
3686   60
1179   80
1944   80
1240   80
969   100
3699   80
2427   80
3723   100
1617   100
457   80
2278   80
1653   80
2951   80
3505   80
2871   80
3702   80
1036   80
2916   80
3685   80
1909   60
1219   100
454   80
1683   80
930   100
1269   100
288   60
1252   100
164   80
3735   80
349   80
2505   40
1092   80
2009   80
2763   80
2890   60
2762   100
3724   80
1573   60
908   100
3257   60
2628   40
1748   80
2067   100
1214   100
3671   100
2353   80
3682   80
466|74
40815   90
112175   80
4022   90
45720   90
34150   80
5218   70
7438   70
6503   70
69844   90
50872   90
5349   70
8368   90
3409   80
6218   80
30825   70
79702   70
52722   70
111759   100
260   30
73017   90
116797   90
1196   50
45499   70
6377   70
59315   80
8644   80
4306   60
53125   80
4232   70
356   100
88125   90
8361   90
4963   100
4369   60
31685   60
3793   80
54001   90
64957   70
56174   90
57368   80
89745   70
54503   70
33679   80
5507   70
47099   100
91500   50
60069   90
46578   90
4643   70
3578   80
6874   70
2959   80
7153   80
69122   80
4701   70
4718   80
3825   90
6373   80
3717   70
4367   80
112852   70
87232   70
79132   80
5872   70
6378   70
7293   80
49530   80
41566   80
76093   90
5816   100
6539   80
8957   80
4270   80
68358   80
468|20
434   60
588   60
150   100
160   40
590   100
39   100
318   60
380   80
432   40
595   100
110   80
225   80
344   60
410   60
111   60
292   80
288   40
300   80
208   60
253   80
469|356
2455   60
2346   80
2302   80
1253   60
1464   80
1   80
3834   60
2993   60
1394   100
2797   60
1257   80
3770   60
1210   60
2186   100
3022   100
2991   80
3814   60
589   80
3104   80
1248   100
2683   40
2000   80
3095   80
2502   100
1208   100
457   60
32   100
858   100
1358   80
1885   60
1235   100
733   60
2009   60
3639   40
955   60
2407   80
47   80
930   80
1387   100
3147   100
3384   80
1597   40
1953   100
29   80
1389   40
1690   60
3201   100
1259   100
2410   40
780   40
1262   100
3070   80
1950   80
1077   60
1028   80
2693   20
2524   80
1240   80
2144   80
322   60
908   100
1625   80
2746   60
2750   60
2791   60
1086   80
2726   80
3812   60
1544   20
3619   40
1082   80
1104   100
1884   100
1061   60
2987   40
2858   100
2021   80
471   100
260   80
1252   100
1233   80
610   60
3809   80
3846   40
44   20
2642   60
1729   60
1784   80
2527   60
1719   100
451   80
3697   40
2278   100
2409   40
1243   100
2947   80
3265   60
920   60
3006   60
2815   60
2762   100
1269   80
1179   80
70   40
2204   80
3398   60
3020   100
1653   100
292   60
1212   100
1275   100
2901   100
2396   80
3730   100
1556   20
3552   100
919   80
1037   20
2010   60
3671   80
2100   60
3160   80
2393   80
3462   80
750   100
2202   100
1180   60
1206   100
3508   80
2804   100
89   80
1101   60
3269   60
1754   80
912   100
1377   80
590   80
3152   100
1676   20
736   60
2985   60
1500   80
1748   60
2273   80
208   60
185   60
3699   80
10   40
3405   60
1923   60
1747   60
1247   60
923   100
1299   80
2115   60
593   80
2001   60
1238   100
1080   100
2872   100
474   60
3037   100
3685   80
2353   80
2668   60
1178   100
2916   80
2268   60
2951   80
480   60
1617   100
608   100
1921   80
1292   100
2571   80
3698   60
2788   100
1254   60
1265   100
1073   100
1079   100
904   100
223   60
1370   40
3361   60
2870   60
1263   80
2160   80
3421   60
2640   60
748   80
2331   60
2313   80
3638   60
1287   100
3363   80
933   80
3788   80
2779   80
1301   40
45   80
1288   80
3469   80
1965   80
2456   60
3529   60
1590   40
1924   80
1952   100
1917   20
3763   60
1372   60
924   100
2181   60
1267   100
1100   60
1278   80
1200   80
1230   100
1963   60
1260   80
2989   60
2918   80
648   40
2662   60
2412   20
543   80
3801   80
2664   60
6460   100
913   60
2716   80
3072   80
3760   60
288   40
2124   60
3445   80
1356   60
2729   80
2802   60
1831   40
1258   100
2526   60
2921   80
1036   80
1089   100
2111   60
1562   40
671   20
2413   60
1213   80
2581   60
3504   80
2599   80
527   80
3499   80
2997   100
2613   40
380   80
3683   100
3633   80
1858   40
2355   60
2058   60
3418   80
3108   100
3481   80
2028   80
2550   100
3244   100
2628   60
1227   100
50   80
1129   80
2641   80
2094   40
1584   100
1304   80
3358   100
3068   100
2311   80
2034   80
2065   80
1476   40
1201   100
1663   60
1518   60
2395   80
3635   60
1945   100
2289   80
1674   80
1303   80
1320   60
555   100
1244   100
1779   20
11   60
1375   80
1261   80
357   60
296   100
2411   40
592   60
2078   100
1291   60
552   40
3551   40
3039   60
1376   60
1274   80
2966   80
2915   60
1214   100
1231   80
5060   80
111   100
2054   60
2949   60
1215   60
1954   80
1199   100
2476   100
1580   60
2243   80
1374   80
1285   60
440   60
2194   100
3813   100
1097   80
2406   60
926   80
838   60
3608   60
2529   80
2253   80
551   80
1587   80
2366   60
1934   100
2731   80
1956   100
3681   100
1527   100
2117   80
1237   80
329   40
1732   100
1307   80
944   80
798   40
2851   60
1348   80
2871   100
2301   60
470|51
648   60
480   100
736   80
95   60
613   60
590   80
266   80
339   80
2   60
39   60
150   60
261   60
786   60
587   100
288   60
225   60
719   60
21   60
1   80
7   60
454   60
10   60
515   80
527   100
494   80
653   60
292   100
19   60
165   60
14   80
296   60
364   80
761   60
208   60
231   60
47   60
43   60
539   80
34   80
589   100
62   60
50   60
377   80
788   60
410   80
349   80
380   100
457   80
153   80
3   60
1073   80
471|17
79132   80
92259   90
6016   80
356   60
60069   90
6333   50
2324   100
296   80
8636   50
4973   80
6539   70
44191   70
4886   80
2959   80
78499   90
8961   70
79702   100
472|18
48516   100
3100   90
3087   60
2423   90
1892   80
95510   100
2428   60
50   100
1693   80
2134   70
765   80
3361   80
5952   80
1193   90
91529   100
4226   20
7153   80
3178   80
473|23
3988   40
318   100
293   80
1895   40
2253   50
4873   80
2581   60
2136   20
7361   100
4975   80
36535   80
1760   10
45501   70
2485   50
46578   90
2300   50
48082   80
4878   80
262   70
2297   60
3264   40
27904   80
2329   90
474|1348
1909   90
6350   80
6993   80
140   50
5177   60
2463   40
2539   60
4211   80
5266   80
45517   70
6157   60
1244   70
3733   70
6667   70
1376   80
41   70
2506   40
6636   70
3871   70
5293   70
1683   90
4326   50
1680   80
4888   60
7728   80
2177   60
1204   80
900   70
3715   30
6090   70
3702   40
1810   50
1203   80
1642   30
1224   80
3079   60
9018   80
1754   70
1234   80
4327   70
2336   80
3112   60
8730   70
2970   60
4871   70
48326   60
1945   80
1303   80
1179   70
2762   100
1090   70
2087   60
4138   20
4686   20
2143   40
3101   80
585   60
3210   40
6832   70
3527   40
4017   60
1211   60
2622   60
356   60
8951   80
3849   80
1243   80
3910   80
551   60
27878   80
8987   60
367   20
3099   50
3334   60
2803   50
1198   80
7051   60
1507   70
1178   70
1917   30
3959   60
970   70
6368   70
4396   20
2951   60
3971   50
25870   70
4967   70
4951   60
3798   30
5989   80
6552   80
6245   70
4029   90
3100   60
7086   70
8809   80
122   20
1767   40
4027   80
4020   60
2185   80
4184   80
4040   10
3033   60
7054   70
27741   70
6440   70
5073   60
2210   70
349   60
2020   80
5878   80
1233   70
215   70
1947   100
1042   90
4024   50
7074   70
1645   40
1678   70
2743   60
3470   70
2247   40
1975   40
1377   40
7156   80
49524   70
1357   70
45635   60
2202   90
104   40
5527   80
2018   60
2915   40
7305   50
224   70
6327   70
1354   90
508   60
8783   70
380   80
902   70
37729   80
2494   80
1912   80
1096   50
7137   70
6870   70
1253   80
7057   70
4881   80
7080   70
2302   40
308   80
345   70
45880   80
7078   50
5528   80
40629   70
6323   60
4545   40
3624   70
329   80
1608   60
3201   70
44555   70
7211   70
4259   80
236   50
3034   60
2139   80
8614   60
2406   60
7285   80
2122   20
6744   50
35015   70
27790   80
1088   70
3258   50
3448   60
3076   60
230   70
7082   70
5632   80
2558   40
2378   40
7219   80
3481   100
1210   80
50274   60
3160   100
8623   70
2357   90
47629   80
1735   40
3893   60
5801   50
6466   90
5602   70
4131   40
27882   80
3512   90
913   80
30749   90
3102   70
7050   70
7646   40
30898   70
4190   80
5135   80
6776   90
2953   20
3549   100
3510   70
7980   70
2717   10
500   50
616   70
5248   10
31260   70
2393   70
2919   80
3475   80
46974   70
6603   50
4672   70
4521   60
27721   60
552   60
4035   60
1246   90
956   80
8665   70
41285   70
3992   70
3811   80
30707   80
5077   60
2108   80
1995   40
6104   80
2517   20
56563   70
2390   70
6337   70
7414   50
6918   80
8874   80
5446   90
5618   90
2174   60
3181   90
25825   90
4304   60
3174   80
924   80
6890   80
1344   90
1367   40
4166   40
150   90
1914   70
1380   80
3525   30
5970   60
8044   70
914   90
1375   70
25898   80
7757   60
4232   80
2355   80
4796   70
2469   60
37741   90
2671   70
8302   70
8462   60
1931   80
2670   60
7983   80
588   80
6953   70
26791   30
1959   80
7033   70
2094   60
1299   70
6238   70
919   90
3254   60
4720   70
1036   60
6039   40
1926   60
8610   70
4799   30
3083   70
3040   20
4041   60
7900   60
1006   70
2712   80
1526   10
1307   100
1250   80
8094   70
1290   60
1023   60
597   80
49647   80
45928   80
1209   70
3249   60
222   80
223   70
3071   50
4835   80
2369   60
2180   70
6367   80
1271   60
1913   80
3723   80
1961   80
4063   40
3310   80
953   70
5707   60
5483   90
3252   60
43376   100
8341   70
2088   50
7323   80
7164   70
2167   40
3396   60
357   60
7493   80
3949   80
2615   60
5690   90
246   80
4164   80
670   90
1674   80
7070   80
5876   80
8481   60
5231   70
2176   70
2801   90
2295   100
5630   70
3230   70
8989   70
4210   70
25750   80
1545   80
1081   70
4914   70
54001   90
949   70
8338   80
2871   80
2329   80
1033   90
30822   90
3965   70
277   40
5875   50
7584   80
6515   90
474   70
7048   70
6289   70
25826   70
2844   60
4361   80
446   60
8969   60
7618   70
8336   70
3466   60
34437   80
3256   60
1257   60
7093   70
5902   70
1363   50
7440   80
8622   80
34153   70
1921   80
4476   40
2133   60
2067   70
4616   60
50   80
2875   60
3000   80
1091   40
8507   80
3479   40
5693   70
6288   70
5444   60
1941   60
1378   60
927   80
1   80
2160   80
491   40
538   70
34542   80
2312   50
1932   70
778   80
3788   60
4305   50
39183   80
2726   90
3599   70
4223   40
1276   70
1066   80
14   60
1296   80
296   80
4995   70
50514   70
2420   80
1231   80
906   100
4080   70
6062   60
42740   70
2692   80
3988   20
293   70
2644   70
5644   80
5325   70
5955   70
34   90
4975   60
7060   70
1041   90
3108   50
3052   80
3513   60
66934   90
3097   80
4019   80
1029   60
2080   80
8275   70
7092   70
4012   40
1688   70
7162   80
4608   40
2478   60
733   80
40414   70
5464   60
955   80
898   80
5993   60
2016   50
43   70
52   80
6942   70
6339   70
534   100
440   90
4809   80
3175   80
6163   90
4802   60
5033   40
5505   90
2193   70
5008   80
6315   20
8128   70
40732   80
43333   70
2959   80
8575   60
1188   100
6225   60
8492   70
1597   60
44709   90
36517   80
5218   60
26133   90
6286   80
4857   80
6341   70
5445   90
838   60
1013   60
4804   70
3471   70
4874   50
5064   80
7479   80
1256   50
6981   80
2791   80
6156   70
48774   80
6620   90
3088   60
6879   70
3868   60
8771   60
8382   50
5224   80
4623   40
3168   70
1101   70
7619   80
7944   60
1586   40
2206   90
6412   70
6898   70
1396   80
2144   60
25757   80
4723   40
2398   70
40583   70
21   80
3950   70
5633   80
993   60
4963   80
27904   70
6660   70
1077   70
1711   40
4621   40
7012   60
3061   60
3273   80
2693   80
2171   100
5329   70
40819   80
5792   50
45028   80
2746   40
2097   70
3361   60
4808   40
7150   70
5147   60
6454   70
5802   80
6373   50
96   70
3030   80
7090   80
745   80
1449   80
2847   60
3967   80
908   70
7566   80
49280   70
3386   80
1010   60
524   50
1207   80
969   100
3203   60
1252   80
4359   80
36276   70
2764   70
3362   70
8609   70
8949   80
30810   60
6990   70
316   70
8827   80
44204   70
1372   90
1177   100
49961   80
1084   70
2890   70
1617   100
7649   80
27   40
1032   40
6365   60
5   30
3176   100
6433   40
4333   80
3735   80
1219   90
6867   80
2686   60
2064   80
4221   40
4171   80
2943   70
161   70
8125   80
8879   60
1955   90
6772   60
6944   40
2796   10
6170   70
46850   80
7326   70
4489   40
2265   30
6999   50
1441   60
1934   70
5213   30
852   40
3591   60
2409   60
25   70
2335   40
7234   90
6881   90
235   80
2973   70
266   40
4433   70
7834   80
6962   70
4306   90
4121   60
4973   100
543   90
926   90
2212   60
7299   70
8121   60
6820   80
55071   80
2333   70
6954   70
3072   100
4679   50
11   50
5669   80
973   70
6377   80
1366   80
5995   90
6159   70
5502   90
8784   80
1350   80
2248   100
1240   80
7713   80
55442   70
7055   80
943   70
1237   50
994   70
7705   80
1254   90
2379   40
529   80
50068   70
34528   80
1936   60
6985   90
55253   70
8530   80
7085   70
1717   80
3255   70
7560   80
3526   80
7700   80
2788   70
1220   60
3714   50
605   60
74   60
7789   80
7812   70
3793   90
1213   70
5541   40
2410   40
3499   70
2826   20
4246   90
2121   40
5608   60
1653   90
338   60
2450   20
262   80
1944   60
5836   40
935   50
7831   70
6181   80
25952   80
8983   80
34405   90
1333   90
3791   60
42004   80
6545   90
261   80
3497   60
7079   50
1147   60
8424   80
903   90
48698   80
1197   90
2059   40
2581   80
2019   80
1028   60
6974   60
2424   100
947   70
2716   90
1340   70
901   40
25850   80
904   80
5470   90
4067   70
49274   70
2795   40
2736   60
1954   80
7981   80
48879   80
1089   80
351   40
2491   40
1374   80
1537   80
3307   90
4795   60
6313   40
1873   70
4370   90
457   100
8376   80
2412   30
8360   80
7647   70
3011   80
5670   60
49220   70
8410   70
3198   70
27834   80
475   80
4812   40
5873   70
8450   60
3260   90
1265   60
589   80
8798   70
6477   60
30850   90
4848   70
556   60
34048   70
2028   60
6063   50
4860   40
2729   70
1673   70
7888   70
3251   70
3424   80
909   80
488   60
33166   80
4204   20
7141   80
1777   90
3503   50
6711   70
4700   70
6390   70
3770   60
28   90
1552   70
3105   70
1635   80
36   100
4903   70
5012   80
6218   80
48598   80
7217   80
1230   80
1958   60
1650   80
40278   70
1171   80
2099   60
5308   40
7099   70
282   60
4068   60
247   80
1183   40
2941   80
1569   80
6963   90
6535   40
25769   90
2110   70
257   60
2997   70
945   90
3269   40
36537   70
3365   70
8865   70
376   40
8368   100
1953   80
2124   60
6216   70
5428   20
49772   90
2660   70
736   40
4033   60
1283   70
527   100
2967   80
6101   80
1221   100
3502   50
5685   90
8754   80
1704   70
3317   80
1228   60
4537   90
30846   70
7121   100
2396   80
2863   80
4484   70
2395   60
1193   70
4214   40
1946   70
5863   20
4129   20
6002   70
5771   10
5747   90
911   70
2745   100
8880   80
2352   40
350   60
5450   80
4225   70
1272   80
6228   80
1262   80
1093   60
3253   70
1416   40
8813   70
1942   70
29   70
2550   80
1387   90
918   70
6785   90
3114   80
31437   80
3261   70
2583   80
4499   60
5694   30
2183   70
5963   70
3418   50
1393   90
5572   70
8607   80
8875   80
5991   80
2471   20
232   80
45720   70
2752   40
6380   90
3681   70
4144   60
4105   40
3066   60
7062   80
7087   80
728   70
3966   70
27408   70
5226   40
8167   80
7934   80
6873   60
2076   80
1206   70
25886   90
4676   10
1982   70
1278   80
8753   70
8796   50
381   50
1304   70
2529   80
952   60
33794   70
1124   80
4447   80
2640   80
668   70
6911   70
26776   70
8518   70
30812   80
8684   70
8711   60
7212   80
2966   80
16   80
425   70
6979   80
3093   60
3989   70
2011   40
905   100
2664   80
1641   70
3087   30
1721   80
5971   80
818   60
3877   40
6788   40
3206   40
5820   80
26662   80
1893   90
4084   40
2501   70
8011   80
3911   90
8364   70
4025   40
22   60
2431   20
539   90
25753   80
2021   30
46530   50
4976   60
252   40
2353   70
3359   70
45722   70
3461   80
8191   80
45499   90
1082   70
2947   60
44761   70
1485   60
2912   70
7069   70
3022   70
2003   70
7151   60
1923   60
33660   80
6183   80
57   60
55814   80
7049   60
1882   40
17   100
7896   70
280   60
2112   40
7075   70
7882   60
56607   70
3469   50
6547   50
25795   70
8232   70
2100   80
185   60
2719   30
6331   80
2137   60
4801   80
5349   90
5316   50
2204   70
6536   70
2268   80
3632   80
26422   60
3028   40
1214   80
31083   40
8461   70
4366   60
4920   80
4677   30
4378   60
6869   60
27820   80
954   90
1629   40
2245   60
7766   80
6308   40
47   80
25752   80
3148   60
3090   70
3364   70
8833   70
5015   80
53921   70
3135   80
1779   60
2253   60
51884   80
2870   60
7208   70
1625   80
2418   50
1394   90
858   100
55118   80
6856   80
915   80
4036   60
5952   100
7762   70
8366   80
647   60
6195   80
6863   70
6178   80
6965   70
8636   100
2300   90
5589   40
1974   60
4970   80
2186   90
1984   40
4372   60
4635   20
1103   80
3045   60
30793   80
6400   70
8970   80
6281   70
2022   80
7046   70
199   90
41863   70
6807   70
4103   70
3037   80
1573   90
8521   70
26712   80
7311   70
907   60
5577   80
1976   10
8119   60
2324   100
4299   60
8235   100
2657   20
39   70
50160   70
306   70
6934   50
44195   80
1960   80
6232   80
26084   70
52767   80
6936   80
599   60
802   40
8958   80
46   60
39292   80
44191   80
27731   80
2470   40
4546   80
207   30
3686   60
6042   60
4432   70
6335   60
3836   50
2261   40
8266   50
1027   50
110   60
6852   70
982   60
3508   60
6527   60
2787   40
6760   60
7107   40
3609   70
8465   70
7223   50
2236   70
27873   70
916   80
3730   80
24   60
648   70
3835   30
4296   40
8714   50
3244   70
8950   80
1423   80
2565   100
2423   30
1018   40
7714   80
7216   70
3296   70
45210   90
7177   70
6970   70
7083   60
1292   80
4886   60
2944   70
25856   60
2294   70
412   80
5604   70
1080   60
3420   50
1022   80
420   20
6041   80
5994   80
2066   80
7132   70
7772   70
671   70
6948   80
5299   50
1291   80
6031   80
595   100
160   20
466   40
2927   80
1267   80
5398   80
1301   70
3363   60
2194   80
522   70
5629   40
5581   40
2115   40
8910   40
25927   60
4127   40
3153   70
708   90
1748   80
1199   60
4738   70
562   80
4448   80
1593   60
2443   50
4113   80
8008   70
48783   60
6385   100
7340   60
6768   80
4291   60
8463   80
82   50
6957   60
33493   90
7167   60
1297   40
4969   70
260   80
3330   80
1242   90
2797   80
4347   80
1951   80
32022   60
7064   80
6713   70
8502   60
2010   70
8464   80
339   70
249   80
31694   70
3478   70
6584   60
3724   70
1353   90
1266   80
364   90
2090   60
53123   70
6299   70
3109   60
1086   80
1235   80
6753   70
38886   80
593   90
8617   60
1389   30
2794   50
1933   60
1259   80
4564   40
8493   60
1667   40
6291   80
1968   70
1356   100
7303   70
4589   60
3859   80
1248   70
3606   70
934   60
8019   80
337   80
8955   60
2321   60
2866   70
4776   70
6810   70
25827   70
49666   60
922   80
2804   80
6357   60
31030   80
6162   50
2289   60
590   70
1719   80
3178   40
4478   60
3801   80
44864   80
2182   80
44788   70
1407   80
6932   90
1201   70
1226   40
3983   90
8542   70
4754   80
592   80
2987   80
4571   90
47970   60
8534   70
8451   70
342   70
38038   90
2050   30
586   40
27815   70
6003   70
27768   60
6235   70
6   60
1875   70
8293   70
153   60
7009   70
4508   70
2942   60
1411   80
1398   50
6254   90
471   60
3552   40
7932   80
2929   70
1125   60
47950   70
7160   80
931   70
5397   70
31   60
8914   80
7018   50
938   50
475|108
166528   80
111362   90
592   100
4232   90
59315   80
122904   100
122882   90
103253   90
92259   100
58559   70
1270   100
122892   80
56171   100
59615   80
1291   100
3793   100
5349   100
122920   70
52722   90
139385   80
367   100
8961   90
4886   90
3821   90
5218   90
33794   90
60040   90
4446   100
88125   100
1198   100
6333   80
116797   90
1356   100
7254   80
53464   70
91500   80
586   90
2006   90
32031   70
86332   100
4369   90
31658   100
5418   90
108190   70
8965   90
122886   90
3752   80
3717   80
8371   90
6377   70
31685   90
8368   90
69526   80
59501   80
8636   90
31696   80
45499   80
54272   70
1210   100
2716   100
5459   90
53121   70
165   90
4370   100
122922   90
1676   90
135133   80
72998   90
33493   90
40629   90
1580   100
103042   80
8360   90
152081   90
8907   70
260   100
3753   90
589   100
91529   80
54286   90
44022   80
168252   70
115713   90
4306   90
6934   90
6365   90
101864   90
4367   80
5378   100
68358   80
2617   100
116823   80
364   90
2012   100
1240   90
19   80
1374   90
2011   100
118696   90
8665   80
58025   90
2115   100
56174   90
59784   80
329   100
3751   70
54001   90
95510   70
476|44
277   60
314   80
261   100
454   80
596   100
474   80
13   60
252   80
318   100
337   80
376   80
539   80
10   60
289   60
329   60
590   100
215   80
531   80
73   80
349   60
362   100
300   80
185   60
421   80
588   100
32   80
150   80
317   60
195   40
589   100
412   60
500   60
313   80
434   60
361   60
457   100
377   60
468   60
236   60
2   80
48   80
1   80
161   80
350   60
477|464
2085   80
3527   80
72308   90
1291   80
180   70
367   20
6857   80
1210   90
6350   90
59784   80
4446   60
1124   80
3347   100
7051   80
6299   90
4993   90
6793   60
4370   70
1967   70
8228   60
67734   90
3720   80
2431   60
4678   80
5444   80
922   90
1208   100
5445   80
6264   60
32   90
413   80
4638   60
4022   70
8253   90
1835   90
38038   80
63131   80
44191   90
4214   80
2600   70
1196   100
2858   90
1945   80
1367   60
57640   90
68945   70
6148   70
1136   90
2335   60
2012   80
8810   60
2699   50
31658   100
4734   80
2413   80
51540   80
1333   80
66934   100
661   80
34319   80
8376   90
68237   90
27904   80
3552   100
1449   80
61323   90
5952   80
593   100
5072   60
52722   70
1911   60
2997   80
48780   90
42422   90
516   70
2683   70
8783   90
60037   70
2692   90
1584   80
3671   90
1359   10
3363   80
3036   80
5464   80
1204   80
3809   80
377   60
4085   70
239   70
1258   90
6707   40
31660   60
2311   80
5069   80
1203   80
36535   90
1968   80
7335   80
588   60
6534   80
60684   90
60069   100
8607   70
4725   80
5438   60
585   10
4454   100
587   60
3041   20
252   80
34048   70
316   60
968   40
82242   100
1214   90
2300   80
2915   70
8361   80
72226   90
355   10
745   100
56367   80
176   80
1474   50
2664   80
595   60
1729   70
56145   80
71535   90
8169   80
30820   70
2424   80
551   70
27808   80
1356   80
5449   80
1259   80
48043   90
6711   80
1748   90
3471   80
7147   80
4489   80
4343   60
653   60
1193   90
33004   100
480   80
1293   90
337   80
69757   100
6537   70
8529   80
5103   70
54771   80
2455   80
33794   80
6323   80
1246   90
317   40
51709   100
2054   80
1078   100
4878   100
2529   70
356   100
2193   80
410   60
3981   60
55269   90
6166   70
37857   80
2005   80
3421   100
27660   90
1252   90
3969   70
62336   100
908   80
2657   60
33166   60
231   70
5388   80
3751   80
4850   60
364   80
2716   80
1005   50
76   80
1726   10
2502   90
1394   80
40815   70
5502   70
7373   90
6753   50
3798   80
2291   50
8126   70
5348   80
2138   80
368   80
457   100
2065   80
1927   80
788   60
107   60
1222   100
2019   90
57669   100
318   100
1913   80
546   70
1199   90
34150   70
216   80
67087   70
5459   60
51255   90
586   60
3108   60
1278   80
3000   100
6539   60
5481   70
79702   100
594   60
53996   80
3462   80
1947   40
1721   70
6283   90
7153   80
1777   60
58559   90
8622   80
2297   80
910   70
2700   70
1882   70
54256   80
542   10
7143   60
71057   80
2393   70
1253   80
3489   70
27537   70
8961   80
783   10
4270   10
6874   70
56921   90
6807   80
74553   90
903   70
1358   80
589   100
1690   70
41566   10
158   10
1080   80
2064   80
4006   70
8366   80
57243   80
1517   70
69951   80
575   70
76251   90
1485   40
6373   80
7454   80
1036   90
6484   70
1265   80
72998   80
7099   90
1357   80
3254   80
1665   80
2416   70
5265   60
5410   60
1792   80
435   50
6863   70
52885   90
2804   80
260   90
8983   70
77561   80
1223   100
719   80
2082   70
4014   80
2046   80
3275   90
3039   70
7701   10
6934   70
4499   80
8784   80
1833   80
1921   80
8644   70
5159   70
3745   70
2081   60
3438   80
2799   10
344   60
2302   60
4306   80
441   80
208   80
7934   80
1676   40
53468   80
4641   80
74458   100
1302   80
7481   70
2036   70
3052   70
150   80
6482   10
500   70
31696   80
47   80
4519   80
6708   70
2567   70
780   80
32029   60
1653   70
1391   60
673   10
2420   80
3479   60
765   60
2093   80
3785   10
55167   90
558   60
1033   70
2275   70
1639   70
68791   80
3134   80
51086   80
2324   90
6250   70
2   80
2701   60
736   60
2375   80
3033   70
1097   90
1392   90
1682   90
69122   90
2797   90
56174   80
5881   90
70286   90
2762   80
48774   90
7387   60
60979   80
432   60
4754   80
1089   80
64839   90
3429   80
54503   100
3977   10
296   90
419   70
802   70
32587   100
32657   90
4128   10
1148   90
45447   80
57368   90
924   90
2353   90
5816   70
2617   10
4321   70
2791   80
68319   70
5171   60
6157   70
4643   70
8874   100
64231   60
5945   80
5679   60
5378   80
27611   100
2798   10
5349   80
3793   80
2599   80
1556   10
3608   80
1198   80
46530   90
329   80
2987   80
5669   80
2395   90
527   90
2123   50
6375   90
72224   70
4873   80
5313   10
1831   80
51662   90
2009   80
8949   80
608   90
78746   80
2321   90
923   80
79132   90
6584   80
39292   90
223   80
41569   80
26776   90
1240   80
5673   90
2478   70
59315   90
2616   70
3811   80
2287   70
1127   50
4826   80
6365   70
46976   90
7439   60
34405   80
3105   80
54004   80
62155   80
1889   80
2628   80
2761   80
3897   80
35836   80
2115   80
68358   90
709   80
4979   90
5944   80
59141   90
8636   80
5971   80
478|13
708   40
350   90
33794   90
2987   50
786   40
33679   80
33669   30
33493   80
1225   70
34048   40
266   30
1073   80
104   40
479|128
2146   60
3361   80
3082   40
2028   60
2034   20
5309   40
4246   80
2085   80
4489   60
2454   60
4621   60
1544   40
1936   100
3927   60
3869   80
838   100
260   80
3889   20
24   60
5197   40
2110   40
2296   40
435   60
1958   80
1030   40
2413   60
2793   40
2891   100
1231   100
3081   40
185   20
4676   20
242   80
351   40
842   40
247   60
3544   20
346   80
5419   40
4241   20
2599   80
2694   60
3270   80
3146   20
186   60
3552   80
4886   100
1210   60
5303   40
899   80
3893   80
515   80
915   100
973   80
3098   80
4643   40
2125   80
1278   100
2908   80
4713   60
3421   80
2021   80
1320   60
616   80
3363   80
2990   60
593   80
4499   100
135   20
4995   100
5448   40
110   40
736   60
562   60
2011   40
1265   100
2463   40
3189   60
2354   40
4121   60
3360   80
919   100
3504   80
5471   40
2362   80
5773   60
5378   20
5938   80
3450   60
2701   20
4831   60
904   100
2080   80
4979   100
45   60
1302   80
4471   60
4308   100
1198   80
3873   60
5316   60
412   80
587   60
858   80
2306   60
1921   80
5460   80
1371   40
3070   100
3111   100
2798   20
82   100
1394   100
4410   80
2396   80
5643   60
1295   60
2683   100
4111   60
2161   60
1485   80
910   100
4254   40
4523   60
2986   20
1088   80
2583   100
5553   60
480|652
1103   80
2987   80
1393   80
3362   80
3317   80
1476   60
858   100
208   60
2006   30
919   100
8464   60
36529   80
48774   90
3949   70
5810   50
3955   20
4361   70
3252   90
5323   10
3618   100
6377   60
2424   50
1923   80
3897   100
6537   60
1380   60
1079   50
5421   70
923   100
4015   30
802   60
1645   60
2231   70
551   70
43560   50
33672   40
5378   60
4774   50
442   10
5349   80
33880   80
34542   70
46578   100
5478   10
36519   40
3189   70
49649   50
595   60
5009   60
2100   40
7448   50
6934   40
1261   40
4447   60
163   60
1485   50
6539   60
3755   50
8810   30
5219   40
6796   80
300   90
235   60
41566   80
168   50
1275   60
3386   70
30894   40
2291   80
47   90
5459   60
45501   30
1527   70
37733   60
49286   40
4308   80
1203   100
344   70
48385   90
44022   60
6156   60
33162   100
349   60
4776   80
1097   100
410   70
62   70
4270   60
2947   60
2916   50
5574   40
648   60
954   90
7265   80
7361   90
1394   90
5573   60
6436   90
3943   80
1954   90
2872   60
45722   70
39381   80
2728   80
2353   50
2968   50
21   50
3988   50
158   50
4370   70
6870   90
8984   60
2617   60
1282   70
7419   80
5528   50
33495   70
3301   40
8910   90
172   50
43708   70
3793   80
8907   60
6482   50
2318   30
7263   60
196   20
6333   80
8640   40
2054   40
4018   30
1968   70
590   100
6787   90
541   80
1214   100
4255   60
6993   100
4727   50
1089   80
318   100
1639   50
6615   40
592   90
1517   70
4701   50
8970   80
7983   80
3785   10
7346   70
2324   60
4019   50
165   60
39234   70
3623   50
7150   70
5254   40
1127   70
5874   20
4896   70
4340   50
5388   60
5283   80
27839   50
3176   40
34319   60
6863   80
3896   50
1200   80
30810   90
5152   40
33794   80
3552   80
1784   70
8783   90
1136   100
5010   80
4025   50
3677   100
3148   100
7438   80
3717   60
3882   10
2080   70
953   80
2455   50
7325   60
1500   70
26965   80
4878   100
5943   30
1676   60
2804   100
6541   20
7143   70
3210   70
4262   70
3978   50
4022   90
47044   80
46967   90
4890   70
5103   40
5955   60
2628   40
3624   30
34150   50
45499   60
4963   70
33171   70
5026   50
6874   80
3100   60
5060   80
37741   90
5265   90
27830   50
46970   100
3147   90
60   40
2371   60
6290   50
2501   70
3798   60
3827   50
47423   80
2396   90
4816   90
27660   30
32   80
8361   50
6947   70
4973   90
440   50
377   70
733   70
1196   100
2699   30
2710   20
1641   50
1090   80
3646   10
5872   50
6932   30
3752   70
36477   80
6979   40
1876   50
2005   90
5508   80
4958   60
5064   80
3753   70
316   80
45726   50
1721   80
39444   80
49280   90
1179   70
1222   70
594   70
34323   80
8798   60
6003   70
3969   80
2012   60
35836   80
288   50
33493   80
1625   40
5630   60
741   70
46322   60
5401   20
1378   10
520   40
432   40
69   40
2115   100
33421   80
41285   80
8969   40
3081   70
32584   50
6299   60
7293   40
8983   70
4489   60
40278   70
2502   100
6502   80
2918   80
3967   60
1213   80
3858   80
2003   80
2539   50
5902   90
4865   90
6764   30
3285   90
5225   80
736   50
6807   90
589   90
2011   80
2028   90
51662   80
27821   70
1207   80
1961   90
4993   70
32296   40
4508   70
4246   60
6367   50
4899   30
34048   80
1957   90
348   100
51255   80
37739   50
8528   70
2863   60
1729   40
370   10
48783   80
7618   70
39   50
36527   80
1183   90
5995   100
6016   70
3617   60
2194   70
36535   80
6711   70
147   80
43871   60
8874   80
1307   100
7458   80
27837   50
6873   40
3421   60
4649   100
4305   10
5816   70
30812   80
7376   20
3168   70
788   50
5989   100
481   60
4823   50
4641   70
2959   90
367   80
47644   70
6753   70
2664   60
434   50
3702   60
32587   80
185   20
46976   80
3471   60
5080   80
3160   80
1962   100
40581   30
34   80
34162   70
1197   90
249   80
2407   60
5055   10
3275   90
8641   90
1060   80
49276   10
2657   60
1208   80
161   70
45672   50
1206   80
778   80
8368   90
260   90
4369   50
4873   60
3033   50
41997   70
6867   80
3481   100
2085   70
47646   80
4979   100
2973   90
317   50
37384   40
8807   10
1266   100
3948   40
1967   70
4239   60
552   50
454   50
4149   60
6773   60
95   20
1080   90
2722   20
8622   80
8937   70
5418   40
8961   70
4975   80
223   30
30822   60
5025   60
1653   100
3996   80
1347   30
2273   50
38038   70
293   90
6620   80
3178   70
4016   50
44195   80
593   90
2640   50
1377   70
1449   80
2692   80
41569   80
4733   80
991   80
4901   60
4638   40
32291   80
4921   70
4732   40
7161   10
474   60
529   70
508   80
1610   90
8131   70
1722   50
1193   70
150   70
52973   90
1259   70
3527   50
101   100
1230   100
44761   100
1263   90
4105   50
6484   50
2542   80
44397   50
2683   90
527   100
33834   20
40819   70
1101   80
6755   70
5313   50
31221   20
1732   70
2140   70
5620   40
4728   30
2706   70
3535   60
6006   30
1464   50
1198   100
43396   80
1917   60
4995   80
1225   100
1396   50
4310   50
2   60
32598   50
19   30
880   70
45666   70
1370   70
1304   90
34405   80
5483   70
2395   100
4011   70
4017   70
3409   30
45440   60
588   80
4321   60
2712   60
3253   90
44840   60
4452   30
356   100
33836   50
2423   70
1682   90
364   70
3037   80
33669   50
42011   50
49530   90
6853   20
3   50
296   80
4886   50
38798   40
27706   70
2329   100
832   50
4718   30
4855   70
50   70
4128   70
3555   70
2023   60
49347   70
35957   70
1321   70
1240   80
4158   60
45730   70
6365   50
4867   50
3565   70
337   80
2716   80
282   60
1408   100
1573   70
1   60
8784   70
1242   80
2580   50
7366   20
3499   60
5669   70
784   90
37380   20
6565   80
8376   80
48780   90
8977   60
1704   100
7373   80
153   20
2762   80
2763   60
111   90
110   100
7147   90
2858   80
44199   80
1028   90
5110   60
42738   60
5577   90
5679   80
32031   60
1265   60
45447   70
10   80
7173   40
43460   80
46530   60
6857   60
3703   70
7160   70
8529   70
1257   80
5900   30
1409   70
16   80
485   40
33164   10
7454   60
3994   90
1673   90
4223   60
4247   80
3671   10
40815   80
5449   60
4787   60
5956   100
553   80
3174   70
49272   90
47099   70
2000   60
2001   50
1747   60
2081   60
34520   20
33166   80
1285   70
104   60
1270   100
46723   80
27879   80
586   80
1246   100
357   60
2248   90
33679   50
4643   50
1256   80
2302   50
2599   30
2581   30
3418   60
2985   50
2701   30
34271   80
36537   80
1278   50
27882   60
1235   80
7360   20
39183   80
46335   20
4734   20
5481   80
173   40
45517   60
30707   80
1258   100
466   10
480   100
5363   50
4299   60
8861   40
1777   80
3052   20
1580   70
3968   70
500   80
1441   60
481|19
1483   20
1586   60
1183   80
1614   40
1665   40
1407   40
1617   100
1605   40
1584   60
1479   60
1672   40
1465   80
1676   60
1653   60
1690   40
1711   40
1615   60
986   60
1589   40
482|86
8169   70
2174   80
1037   70
3087   60
8961   100
6539   80
6810   20
8665   80
1200   90
2170   70
1517   80
1230   60
8984   80
1556   60
6566   70
3148   50
8958   80
5388   80
8949   60
2393   80
6754   80
2792   80
648   80
2683   80
3255   80
8528   80
8965   60
1359   70
303   60
1101   90
5401   40
1527   100
3527   80
329   90
6320   20
1246   70
786   80
6934   80
2640   100
3005   80
1198   80
5501   10
2803   70
30825   80
151   20
30816   80
185   80
442   80
3273   70
8644   90
647   70
16   40
8972   80
2   90
2353   80
8917   20
2688   70
62   100
4133   60
2408   60
50   80
2468   70
30810   40
27808   40
2797   80
494   80
7450   20
30707   90
1584   60
2718   60
1288   70
1270   100
8948   40
27728   10
1923   80
8951   20
7845   40
5944   90
7153   60
316   100
1573   80
1961   60
1968   80
6787   70
3755   70
3948   80
483|566
802   50
103249   30
2003   60
3052   80
370   80
1201   100
95720   60
5500   100
3247   60
35836   60
799   80
2294   70
97752   90
1029   40
1676   60
3825   60
293   80
1688   50
3745   90
74789   70
2728   80
1287   80
2124   30
3578   70
98585   70
4025   60
2628   60
4308   90
36397   30
1690   50
3481   70
1923   90
5477   90
2006   50
4015   80
59784   80
551   80
58559   80
2253   60
26   80
32554   90
5628   90
6870   80
1291   100
208   60
2443   80
1673   80
914   80
236   80
3081   80
87222   70
6936   80
80463   80
33679   60
1407   50
355   40
8636   70
2723   100
54503   80
88356   60
47   70
2005   80
76093   70
1704   90
2986   50
40815   70
58998   90
31617   60
102125   90
1608   60
317   90
2791   80
36708   80
4367   60
2657   50
88405   70
466   90
8368   100
1968   70
1920   50
4963   80
2355   70
8607   100
5   50
53519   60
6373   70
7757   80
2087   70
104303   80
586   40
100068   70
4643   30
7147   100
1653   100
74545   90
33794   80
3740   70
1409   20
1175   80
94070   80
8581   80
150   40
2617   60
145   70
30707   80
2858   80
48385   80
2378   60
57669   90
7153   80
1042   60
2100   70
158   40
1059   80
7090   100
2788   90
6773   60
110297   70
592   70
85414   60
2078   50
3618   80
2083   70
6016   80
648   40
31   40
480   80
1274   70
8917   80
2598   80
588   80
56152   60
3868   80
910   90
4467   100
3310   80
1088   60
96283   60
435   50
6711   90
56251   100
2594   80
93723   60
3418   40
2542   100
94777   60
2483   70
4447   60
8874   90
1625   80
51662   80
4343   60
62113   70
2593   60
5464   70
1907   70
2807   10
2997   100
54001   90
1370   80
108932   80
4011   80
2915   50
597   60
198   80
8641   80
48982   70
2115   80
4816   100
4446   80
97306   70
69951   100
52885   100
5459   60
69844   80
2012   80
2700   80
1391   60
3785   60
2948   70
1801   70
109846   70
3176   70
253   70
1387   40
104906   60
23   60
1791   40
919   20
33677   70
1367   80
56339   90
1894   60
587   60
101765   70
3527   50
4052   100
3510   80
1591   70
5309   50
2338   20
57504   80
2324   100
97304   90
103341   90
637   70
3489   90
10   40
4023   70
101612   80
3967   80
1240   70
442   50
6942   70
1136   90
33004   90
8957   10
46976   70
102481   80
3268   60
61323   90
4223   80
89586   70
457   50
920   30
733   70
8970   80
3471   50
2407   40
79132   100
2763   60
4246   80
19   70
91890   60
79702   60
50   90
2268   60
5146   70
6283   90
2054   50
4621   40
8798   80
380   80
4638   40
4701   70
231   60
87483   90
265   60
48780   100
8533   80
1097   60
30825   70
3155   50
79242   80
112316   50
1748   100
4720   100
2471   50
48   60
1214   80
6539   80
7164   80
357   70
2843   90
3793   60
4370   80
2746   40
94864   50
94780   50
6807   90
1917   60
1271   40
1682   70
1962   70
38061   100
54272   80
64957   80
90863   80
5965   90
2701   60
2118   70
92643   80
4226   80
3717   60
2793   70
4718   50
104841   100
104076   70
53956   80
5903   70
1196   90
91653   70
318   100
2291   80
673   50
3033   80
778   90
88954   60
7293   80
109941   60
91094   70
89305   70
2797   80
368   80
5298   80
595   70
6322   80
2572   50
2394   90
3623   10
344   80
30749   80
173   20
1203   100
71535   70
379   20
68157   80
7373   30
58299   60
6934   30
2805   70
1265   100
3275   80
475   80
45517   50
68073   90
4018   80
3948   70
51255   100
64614   100
106002   90
3257   50
420   60
135   70
54259   100
88140   60
48394   100
56174   60
223   70
4992   60
4973   100
49272   60
2001   80
2167   30
6947   90
8253   80
98203   40
1028   90
104211   80
3409   50
27660   80
410   60
2194   80
24   50
5299   30
59615   70
27904   90
2420   80
7132   90
2468   70
1234   90
27815   100
99114   100
5618   100
56757   80
2423   40
65685   60
60161   70
32587   80
160   70
3996   90
3994   90
912   80
48516   90
2232   80
89745   80
68954   100
79357   90
2716   60
92259   90
1246   70
87869   70
1256   80
26444   90
103655   20
1215   80
2396   70
37830   40
88125   90
3753   70
367   60
3174   100
96448   30
96588   80
3752   70
34405   90
3699   60
3108   90
5570   60
8961   80
104241   80
97938   100
106918   90
26662   80
5502   70
2490   80
59387   100
42734   80
5952   90
1197   100
1200   90
858   80
78499   100
5902   100
101076   50
5690   70
65642   100
31658   90
1262   100
1172   100
90866   70
72554   90
1320   50
4995   90
48082   90
2706   70
1278   80
4993   90
69122   90
66297   70
5971   100
8360   80
2019   90
103801   70
81845   100
2987   80
2951   90
18   80
66097   90
89904   90
1589   50
180   80
6350   80
27370   90
170   80
2470   60
29   100
45447   60
5004   80
76173   90
899   80
55269   80
4886   90
27721   80
1544   40
8644   80
5782   60
1479   90
3148   80
468   70
1517   70
4344   50
1266   90
3156   80
1967   100
3386   70
741   80
8949   90
2193   90
6979   60
34319   50
653   80
2174   80
97921   90
34150   40
3317   100
37857   90
3869   90
2136   50
88448   100
5039   70
6863   80
2297   80
2424   70
72011   90
6541   60
26776   90
1210   90
86882   100
74868   60
32   100
364   80
339   40
2231   80
59315   80
16   80
4896   90
2   80
94266   70
4975   40
661   80
3999   70
552   70
1221   70
1080   100
62849   90
235   40
3114   60
72998   90
41566   70
6713   100
1580   40
356   100
6874   100
53123   100
88785   70
7451   60
2329   60
1270   90
1562   40
2150   40
110   80
1032   80
56367   90
4299   60
2762   70
5816   70
2467   90
108928   70
2808   50
106696   80
880   50
5810   20
94810   100
2529   60
86911   70
2539   70
60069   100
46972   70
3269   50
1381   10
6857   90
1566   80
2717   70
3160   70
6365   50
103235   90
30793   80
84772   50
91128   80
153   40
3159   90
5541   70
362   50
26082   90
786   40
31364   90
2269   60
902   80
520   80
5989   90
1073   60
2105   70
34048   40
1230   90
57640   90
484|204
586   80
59143   90
3556   30
1968   80
998   100
1073   80
2329   100
8957   80
88129   40
2291   90
3089   60
32587   90
5159   80
93510   90
2087   100
575   80
588   90
33679   50
7325   80
3949   100
3462   70
216   90
34530   90
53996   90
61024   90
60684   60
830   90
7444   60
4759   80
2858   90
58315   70
318   100
1307   70
3535   70
54503   100
30793   70
49530   90
1593   80
70183   80
2805   50
104   80
6868   80
2133   80
47   80
904   50
500   70
4975   100
3752   40
1777   70
2081   100
1644   60
595   100
1258   70
5419   80
3882   80
5266   60
6936   80
58559   70
6870   80
2296   80
1213   90
2338   60
4823   90
3177   80
8376   90
2959   100
71268   100
63   80
2485   60
80463   60
262   80
2085   90
88163   80
87306   70
65802   80
2018   90
2010   60
8950   60
673   80
4128   80
3203   20
4025   60
551   80
8528   80
86833   80
2059   50
6616   80
3210   90
4447   80
923   90
39   90
2335   80
8593   80
1242   80
4015   90
8641   80
1387   70
4011   60
1625   50
8361   70
1407   70
1200   30
33794   80
8807   80
3409   70
1033   90
1022   90
81847   100
7451   70
3988   80
69   90
780   60
4914   40
160   90
4734   80
596   100
87529   40
4816   90
6188   80
69122   80
6281   50
1032   100
7254   70
455   80
1717   70
3034   90
175   90
3911   80
441   100
3617   80
46970   60
42725   80
48   90
5110   80
2123   90
1721   60
74458   50
1025   100
80241   80
34162   80
3798   70
2881   60
7173   80
356   100
72   80
2080   90
1895   80
3897   70
2078   100
367   60
1345   20
1431   80
203   80
1923   80
50872   100
2581   70
5103   80
4638   80
1015   80
51255   80
48780   30
52245   80
480   80
733   90
35836   80
30825   80
1917   80
2572   80
7285   90
1084   80
3968   60
333   80
724   60
32009   80
1682   80
74789   80
3273   60
2713   60
4034   90
4239   90
3257   70
4639   50
261   80
1029   100
5970   80
6796   100
8917   80
47640   80
8363   90
1513   80
88405   80
4720   40
6287   70
63131   80
3489   80
39446   60
6708   70
2718   80
60756   90
44840   80
5942   80
1569   90
55820   40
4776   60
485|14
592   60
380   100
329   80
300   60
208   20
150   100
339   80
590   100
356   100
110   60
185   100
316   60
434   80
10   80
486|35
592   80
464   60
377   80
589   100
353   100
442   60
405   60
266   100
296   100
349   80
32   100
648   100
533   60
546   60
112   100
588   60
736   100
480   100
434   60
293   100
231   60
316   60
356   100
150   100
86   100
39   60
163   80
380   60
173   80
780   100
10   80
457   100
208   80
44   80
344   60
487|35
2959   80
3481   70
92259   70
49272   60
7153   80
6874   70
5299   40
60069   70
6711   60
4638   40
94959   50
904   80
3752   60
50872   60
4720   60
3751   50
7438   80
81845   80
4995   60
5952   80
4973   60
4306   80
1554   40
34405   70
86345   10
750   70
4963   50
112552   60
593   50
79132   50
7361   80
92535   20
2571   60
56367   80
6218   40
488|72
898   90
4993   100
3114   80
8961   80
1197   100
953   90
3751   90
915   60
1288   60
3996   90
3088   100
8949   70
4178   60
2324   90
3396   80
4973   100
4678   70
2302   60
4306   100
3079   70
2657   60
6807   90
596   10
314   50
475   60
4703   100
904   100
745   90
4886   100
1956   50
8360   100
899   100
1394   40
30707   80
8368   100
1639   10
913   70
1198   70
2762   100
1148   90
678   90
318   100
1185   50
5470   90
7619   70
922   60
73   50
7139   50
3052   60
2918   80
3897   90
593   90
6385   100
246   80
17   100
3147   70
2359   80
168   30
1234   60
3451   100
7153   100
595   90
232   30
4857   80
1957   60
34   60
1797   90
1704   80
1080   90
1293   50
912   90
5380   90
489|502
54001   70
5878   90
6287   50
2302   20
1258   80
2396   50
2138   70
919   90
58162   50
780   50
80454   50
2025   70
3953   30
3969   80
2858   80
7293   80
35836   60
3471   70
588   70
3067   90
6537   50
1876   10
3984   60
589   70
1617   90
94130   70
541   80
68954   90
161   60
5299   70
6238   80
1291   80
431   50
4027   50
32   70
2541   40
6373   30
2529   80
900   70
11   30
46   70
2052   70
21   50
69951   60
4308   80
31685   70
88125   70
45501   80
1249   80
3824   10
353   80
1608   30
1061   20
4681   60
31696   20
1587   90
18   40
2822   90
46970   60
377   70
1220   60
1201   80
308   70
3081   60
5502   70
1777   60
1097   80
3481   70
903   70
5316   50
440   70
4975   50
434   50
1101   60
1569   70
1214   80
150   70
1947   50
1944   80
5135   90
4963   70
4020   60
70   40
1198   80
2581   70
1059   70
2908   90
3269   60
2000   60
78174   10
1387   70
34520   40
374   10
3717   30
4321   60
3148   90
485   50
92730   40
7147   10
5313   60
42004   70
89939   90
1225   80
2232   70
2340   20
4896   70
1967   70
1722   10
6593   60
17   90
6539   40
87232   80
30793   50
1727   70
111   60
91658   80
40597   40
81845   80
2959   90
2987   70
2054   30
3742   90
6350   60
69757   90
91542   70
39183   90
2115   80
31658   60
6305   60
2253   60
432   20
44191   80
1230   50
3257   80
5266   20
8373   10
5481   10
4299   10
5952   80
93326   70
8969   50
6874   100
2990   70
2699   30
53972   60
832   40
49272   70
59725   50
345   80
368   60
342   90
4993   80
1729   80
587   80
3355   50
37857   70
34   40
1682   50
1882   20
838   60
165   60
380   70
3826   10
1047   50
1997   70
4025   60
1680   20
66097   80
2716   80
87485   70
7438   100
1089   70
7444   70
48394   100
79132   90
1186   80
3638   60
1408   80
2145   70
7101   50
1204   60
5014   70
6155   20
1393   60
2485   10
1370   60
6365   30
357   90
2724   60
2558   60
5541   50
53993   50
2245   70
2336   80
5945   80
378   70
80551   70
48   80
805   70
593   80
3499   70
64839   90
552   60
56174   50
5991   80
597   80
60397   10
153   60
6793   10
2431   70
54259   60
1968   80
3408   60
98809   80
3556   60
2953   10
4995   80
3827   40
2001   70
1721   70
74789   40
61160   30
72998   30
1227   90
5669   80
54796   70
1924   80
5   40
2730   70
8641   80
8977   30
307   90
1380   60
8961   70
648   60
928   50
2671   70
952   90
38798   80
72874   20
608   90
261   80
231   50
2739   80
3996   80
46976   90
43928   10
2710   50
7099   60
3052   80
2985   10
105   90
4054   20
22   70
1644   10
60069   80
41569   40
5445   80
4447   50
110   90
586   30
2617   50
2692   80
4474   90
2572   90
4356   80
2002   60
1918   60
539   90
6281   30
3527   80
186   30
2701   20
266   70
1219   70
40815   60
4643   10
37729   80
2424   70
60074   60
2355   50
924   80
708   30
367   30
904   90
1499   10
3176   70
37386   50
2571   80
2174   90
46972   50
52722   50
2405   60
7361   90
4085   40
1263   90
6503   40
4226   90
32587   60
88744   60
5816   60
4874   80
3994   20
6615   20
45431   70
802   20
364   80
1136   70
949   80
3977   40
910   90
2706   40
3897   80
356   80
7   80
51255   90
1485   30
2379   30
30816   70
370   10
1327   10
62999   70
1096   100
7007   30
3255   70
1690   70
3697   70
33004   70
6166   10
2144   70
77561   80
1271   90
4022   70
4370   30
51077   20
4017   60
3753   10
61323   80
6367   30
2291   80
2916   70
520   60
47   60
151   70
1961   80
1407   40
51540   80
4128   80
86332   60
4816   30
2713   40
44694   90
172   10
7155   20
1080   70
1172   100
3633   30
1270   70
48877   10
500   70
5881   80
60126   50
256   30
5225   70
918   100
56941   70
2188   20
1346   20
1784   90
477   60
2875   50
5679   40
7004   20
1088   90
73501   70
59315   90
468   40
82242   70
3105   80
4992   60
5971   90
8368   80
46578   80
6934   10
55768   50
920   80
3146   10
5349   60
3635   60
89864   100
27803   100
5943   10
1580   60
6550   10
26900   60
339   70
372   70
5377   80
3000   100
3623   50
899   90
5128   50
3825   30
55269   50
480   70
1079   60
40583   60
1320   70
62344   30
45732   20
5618   80
84553   80
435   20
1479   70
253   80
3418   80
91488   70
2028   60
34072   90
2003   70
971   100
337   90
48774   80
72731   60
49286   90
81591   100
6218   50
2324   80
1527   90
2657   80
2288   60
5308   70
509   70
3535   50
914   100
750   80
2947   60
5992   70
3175   70
5995   70
34162   50
2   50
4361   70
7154   10
1265   70
54999   70
2826   60
33836   30
92938   10
8972   70
6377   80
59784   60
249   60
5222   10
5388   40
3253   30
63082   70
2006   10
8645   80
1923   70
6890   70
5015   10
70293   60
168   10
5530   10
141   70
10   50
77881   70
3578   10
2081   70
1042   40
8949   20
590   80
1704   70
56367   60
2594   80
551   90
1438   40
595   80
296   80
1333   80
79057   70
1917   70
788   20
923   70
3264   60
1036   60
594   70
3755   50
33615   80
73017   80
160   20
60684   80
4084   50
2011   70
52885   60
52952   70
7318   60
902   100
57640   90
8533   100
4677   60
490|74
2617   50
88125   70
6669   90
356   70
86345   80
306   90
5952   70
90376   70
231   30
80463   80
80549   60
64614   70
307   90
78544   60
86347   80
2571   80
87232   70
56367   70
7454   30
6942   50
1206   80
4226   80
44555   80
7265   70
74458   70
2078   60
367   40
33794   60
46976   70
7361   80
55261   50
597   50
78160   70
63082   70
81834   60
4447   40
5690   80
4246   50
62434   40
1089   80
64969   60
89864   60
30707   70
296   80
54272   60
6373   50
5   10
64839   80
2959   70
1569   50
91658   70
2692   80
79132   80
5673   50
593   80
69844   60
53972   60
74946   20
308   80
58998   60
6333   50
1251   90
88163   60
1307   50
48780   70
5313   40
53125   40
86833   60
68954   70
35836   60
8638   80
1246   60
215   80
6016   80
491|40
1784   90
170697   80
65230   80
356   90
91077   80
50872   80
7451   80
81845   90
1682   90
4018   80
31685   90
597   90
4896   100
34162   80
104211   80
6942   80
2671   80
129354   80
5299   70
40815   100
30825   80
54001   100
81834   100
54272   80
97921   40
3247   90
69406   90
2716   80
88810   100
49286   90
2953   100
69844   100
104   50
367   90
586   100
64969   100
1265   80
1485   100
63859   80
1911   80
492|80
805   100
1367   60
140   60
782   100
809   80
1061   80
785   100
818   60
61   80
9   100
761   80
141   60
3   80
694   60
647   100
76   100
1363   80
661   60
619   60
104   80
88   100
100   60
494   80
112   100
673   100
839   80
1438   100
63   60
135   80
1004   60
725   60
737   100
710   60
12   60
886   100
879   100
1043   60
1407   100
95   60
704   80
692   80
833   80
36   80
1356   80
780   100
996   60
662   80
656   80
778   40
74   80
810   60
711   60
6   60
708   60
891   100
765   100
637   80
32   60
783   60
1   80
1073   60
634   60
609   60
786   100
79   80
1429   80
842   100
103   60
733   100
1105   80
832   100
802   80
1006   80
748   80
719   60
667   60
648   80
840   60
75   60
260   80
493|38
1172   20
349   60
1833   40
1214   40
1222   80
4085   80
457   80
3763   40
4441   100
589   80
3702   40
2000   80
1918   80
1200   80
3863   20
3527   80
3267   80
110   100
2366   40
1197   80
3578   60
1240   80
592   80
1218   80
3753   40
2948   60
493   80
1573   80
3996   100
1198   80
2019   80
1196   100
1954   100
163   80
2353   60
1721   60
3972   80
1170   60
494|13
1214   100
589   100
260   100
1221   100
110   100
344   20
2571   100
1291   100
1204   60
1200   100
1036   100
367   40
858   100
495|196
139644   80
4979   100
4963   100
52973   90
3157   10
122904   100
45672   90
48516   100
8984   90
7361   90
8533   100
2959   100
86833   100
134130   100
8644   50
2431   80
89774   100
127198   80
7163   90
1247   100
58803   80
208   60
2700   90
6373   80
1499   50
4239   90
97938   100
127098   100
5254   70
216   80
100383   100
79702   80
1193   100
150   90
58998   100
1246   100
72641   80
5989   100
117529   70
1676   70
97923   100
3081   40
112183   100
78209   90
3825   40
111364   70
8783   100
88125   100
2273   90
4025   70
46970   70
97921   100
39446   10
68157   90
72998   100
87306   90
1263   80
4995   100
73290   100
2395   70
551   70
104211   90
1777   80
1059   100
58559   100
6365   60
106489   10
4034   50
142488   100
92535   100
6874   100
5110   100
45722   20
4776   100
69481   90
132796   20
8641   100
3911   100
89492   100
67255   100
44199   90
6870   90
3979   60
102686   60
1208   90
1517   100
112290   90
158   70
2683   100
160   60
6942   90
7318   10
6157   40
87869   80
2409   90
112852   100
104   90
99114   100
46723   40
53322   80
51540   50
146656   100
7445   90
45728   80
4545   80
45720   100
91658   100
94959   90
173   10
4015   30
139642   80
134368   80
96610   100
1265   80
2706   80
59369   80
223   80
4370   30
69122   100
1438   70
5400   50
2571   100
1682   90
1617   90
318   100
2054   60
115569   100
56174   70
4993   10
64614   90
140247   100
79293   50
66097   60
54503   100
98154   100
588   80
102407   60
1172   100
2028   90
1608   80
4262   90
31685   40
3755   70
122886   90
3578   100
333   70
5785   60
117881   90
107406   80
5957   80
4728   80
61132   90
4816   100
106782   100
2762   90
7438   100
5952   10
736   70
27773   100
99007   90
356   80
1580   70
3948   80
3717   90
1732   100
63082   100
33166   60
7458   80
70286   100
1552   60
55820   40
2997   70
1405   10
116823   90
89745   80
6936   100
74458   90
34150   60
98961   100
140715   100
8917   100
8361   50
5449   80
80463   100
31410   90
4643   80
122882   90
3949   80
6383   60
3977   40
40278   80
6539   50
111759   100
80906   90
2410   80
47997   90
496|18
112852   60
4191   50
58559   90
84374   60
7153   80
8640   40
912   90
7151   70
40826   80
95167   60
104841   60
106920   90
94959   70
4306   60
2950   20
720   20
2394   70
7757   80
497|32
2324   90
1198   80
2858   80
86781   100
2028   60
131739   60
788   40
260   40
68954   100
1247   100
2571   50
1704   60
111   100
58559   80
50   60
750   80
19   80
318   60
48394   40
112183   100
2   50
904   60
608   90
551   80
1206   80
7153   40
109487   100
6539   50
908   60
593   80
4993   40
96829   100
498|22
318   100
185   60
216   100
34   60
7   80
585   80
480   80
153   60
349   100
588   100
339   100
434   60
590   60
296   80
457   100
333   100
208   60
364   100
104   100
110   100
161   100
150   100
499|16
1220   100
53519   70
3508   80
2401   80
4248   20
4327   80
3727   100
2644   50
4128   100
1924   60
3681   100
1967   80
4642   100
1201   90
6184   70
48394   70
500|54
260   80
4161   80
216   80
2294   60
480   80
1910   40
1   80
1875   80
2078   60
1824   20
2102   40
104   80
436   60
1734   60
4873   20
2081   60
2858   100
1148   80
745   20
449   20
471   20
4306   100
1188   20
1777   60
1282   100
2997   100
2539   80
588   80
3355   100
1175   100
1476   80
3466   20
1215   80
342   40
3060   60
1923   60
3751   80
3253   40
11   20
1993   20
708   80
1580   80
1641   80
1274   80
231   20
364   60
1747   100
539   20
1968   80
3566   80
176   100
3083   20
101   20
2683   60
501|28
805   80
61   60
647   80
10   80
7   80
2   60
32   60
103   60
50   60
141   100
628   60
661   20
736   100
17   60
135   40
20   20
707   80
36   60
709   60
8   60
86   60
5   60
494   60
15   20
610   80
112   60
616   60
780   100
502|22
3101   60
953   30
4034   90
2640   100
1214   90
2746   100
1320   80
8529   20
520   100
45   70
3671   100
1148   90
3471   100
2300   100
318   100
3977   10
596   90
3147   100
1250   100
1674   40
2657   70
1027   60
503|60
6711   70
1193   80
94015   10
3461   80
2025   90
8024   60
3545   60
27904   80
54286   10
32914   60
2248   60
93980   20
2959   70
2114   60
175   90
8042   100
4450   60
6377   60
91978   40
1214   50
481   80
327   80
296   100
6027   80
4232   10
1203   80
93297   60
2076   80
93272   50
26974   80
4537   90
3095   70
608   80
3147   90
93840   80
364   60
1089   90
1206   80
2028   60
3072   60
2513   60
79132   70
1213   100
2762   60
2389   70
3114   80
147   100
68157   90
81456   60
480   70
6614   70
2571   90
56367   30
1968   50
318   80
3897   70
4641   80
2918   70
1611   100
1721   50
504|55
4034   90
6620   60
6711   90
1302   60
4993   80
4025   70
7149   90
3911   80
5673   40
6953   80
186   60
4639   70
2671   80
1797   80
5445   70
5299   70
3783   80
4306   90
6932   90
2001   60
852   80
1289   50
6870   100
3039   80
3897   80
5377   80
4823   50
6596   70
4246   80
5013   80
708   80
7151   80
5945   60
5669   70
5060   90
1556   40
2289   90
3101   80
22   70
2353   80
4027   80
5989   80
2100   70
1968   80
2859   90
5902   90
345   80
296   80
4447   70
5957   50
7139   90
5505   70
4979   80
2174   60
6377   80
505|19
1261   100
3039   70
441   50
71535   80
2959   100
6731   100
47   100
3461   80
1022   80
327   50
3476   80
2083   100
70293   40
968   100
593   100
1215   80
4226   100
1033   80
48780   70
506|26
45880   60
58998   100
68269   80
64957   20
45447   10
55052   60
53000   80
61240   100
58154   60
52975   60
45720   60
7444   60
112852   70
56367   80
41571   60
53894   70
52973   70
40629   80
38061   90
48997   70
2541   100
61323   60
39   100
41285   60
109487   100
80549   80
507|12
339   80
34   100
47   60
39   60
595   60
356   80
110   60
457   80
454   60
349   60
589   60
480   80
508|15
1296   20
671   50
1409   40
135   20
1270   90
2300   30
2366   30
2394   30
1222   90
107   40
2012   80
3148   20
799   40
2243   40
307   20
509|357
2124   80
96588   90
26662   70
6535   60
98243   70
3481   70
3994   70
13   60
72737   70
6889   60
66934   90
1917   60
53993   50
111362   70
41569   60
8984   70
7151   60
838   70
94780   50
34150   40
7099   70
6958   30
44191   80
94799   70
65230   40
8961   80
40826   60
64969   50
5444   70
2052   60
112138   60
79132   70
7373   40
94503   70
115617   90
83132   70
82169   60
89678   80
5480   30
102445   70
87485   40
6534   50
5481   70
8014   70
4896   70
296   70
84944   70
65193   60
51834   80
1588   70
99114   80
1088   60
64716   70
6586   40
65261   70
110102   70
7454   40
72701   70
26999   60
6593   60
8969   70
2081   70
34520   40
2078   40
90809   60
2033   70
50685   70
231   50
1282   70
94777   60
8861   40
92509   60
5066   70
588   70
33615   40
80549   80
54259   70
4270   60
4993   100
81847   80
54780   60
40339   30
49274   50
110781   50
107406   80
91266   50
53121   60
6294   60
3307   70
60069   70
74508   70
62439   60
73017   70
8533   70
912   60
43836   70
61240   70
1967   60
8807   60
63062   60
5389   80
76093   90
116823   70
17   60
30816   60
2683   80
27731   70
93510   60
5459   60
53125   70
2087   60
68954   70
50601   50
39435   60
68135   70
8368   70
101577   70
96110   60
48394   80
8808   40
91529   80
85510   70
67408   60
4016   70
45720   60
82088   60
91337   80
661   70
63859   70
74789   50
117529   70
1020   60
81845   70
2355   60
57504   70
3114   70
595   70
44195   60
48780   70
50802   70
2174   70
7444   50
33004   80
4246   70
89745   90
5377   70
63082   80
94478   50
27706   70
70521   80
5613   70
1079   70
7090   70
7045   60
51662   70
7669   80
60397   50
84847   90
4366   50
5971   80
5618   80
783   60
1517   70
58025   50
837   70
101962   60
4025   70
5218   70
1566   80
8644   60
586   20
31694   60
46062   30
96821   60
60950   60
109374   70
58559   70
71745   50
6539   70
48997   60
7380   60
8641   80
455   60
104841   50
364   80
103335   70
7164   70
19   80
37830   50
69122   20
2248   60
45672   20
7153   100
97938   70
95558   60
2700   70
1127   70
34162   40
52694   60
4886   70
1281   90
3000   70
8643   50
262   90
33779   80
3821   30
98809   70
122892   80
106072   70
2701   60
60040   60
60937   50
26903   70
38038   60
59387   80
77561   70
93363   70
1197   80
86880   70
1225   70
1136   80
4388   50
56152   60
95858   70
8360   80
1025   50
40629   80
32587   70
53956   60
2541   70
6287   50
2761   80
27815   70
43928   40
3301   70
98491   80
30825   40
68554   60
5991   60
2294   50
1073   70
1702   60
109487   60
1391   70
2059   50
52245   50
344   80
3034   60
118997   50
84954   60
30894   60
4975   60
3793   60
1682   80
126142   80
52722   20
6373   70
96610   60
68959   70
48385   60
1148   70
5446   60
71156   60
69757   50
99149   70
106916   50
7347   60
1022   60
260   80
68793   60
66097   80
117133   70
106487   70
80586   90
2085   60
2291   70
1713   50
5478   40
95167   80
71899   70
90866   60
36529   40
78209   30
28   70
2762   80
5810   70
106696   90
133419   100
32   80
8972   40
93988   90
78105   80
53123   70
4447   70
91500   70
74677   80
1033   60
72226   80
74868   60
1367   50
37386   40
87529   60
107565   80
136840   70
50872   70
63992   30
37729   70
91542   70
3967   80
88163   80
4963   70
74530   50
95193   40
8784   50
6266   40
52973   50
93840   80
345   70
1198   80
46972   60
33679   50
34   70
5171   50
653   60
3785   60
71057   80
1   80
43560   70
45722   70
129229   40
1032   60
6367   60
112175   90
2571   70
106642   80
6297   70
4018   50
44193   70
551   80
5349   50
1265   60
7173   30
3615   60
53322   60
104374   70
46578   70
56145   60
56757   60
5   30
7316   60
31658   80
6536   70
60760   60
41571   60
106918   60
3578   60
2018   60
510|70
5952   60
1393   70
34405   10
2763   60
2819   70
2804   60
1225   70
480   60
2710   20
420   10
1036   80
553   20
750   90
3998   10
101   80
2640   60
4809   70
926   90
4148   30
216   60
4262   70
104   60
3827   20
3160   50
1997   90
27790   60
2795   70
1304   60
527   70
2231   70
16   20
1466   40
1213   70
2395   90
3481   70
2987   70
31427   20
497   30
1247   80
1391   10
4901   60
1196   70
1961   60
231   70
2174   60
3253   60
7   20
1060   60
6323   30
50   80
1673   60
2000   60
32587   70
3897   60
8529   20
1258   80
593   70
556   80
1457   10
2013   60
2797   70
6979   70
1020   60
2762   50
3360   70
1396   70
350   10
185   10
4322   60
3198   80
511|32
122916   80
95207   70
2628   80
1198   100
139385   100
356   90
109487   90
97752   80
112623   80
79132   100
1970   60
91500   70
41569   70
119145   80
89745   90
114935   70
107406   70
56941   80
4993   100
5349   70
96737   60
3307   90
115713   90
59387   80
122882   80
527   100
103253   70
134130   80
55814   80
51086   80
4973   80
68954   90
512|32
590   60
553   60
225   60
208   60
588   60
296   100
300   80
356   100
377   80
165   100
110   100
434   60
454   80
589   60
160   80
527   100
344   40
474   80
292   60
597   80
161   80
587   80
253   100
185   60
39   80
2   60
32   100
288   100
337   60
500   60
364   80
539   60
513|20
2858   80
1258   50
750   100
1101   50
2012   60
6787   90
1225   100
6145   40
266   70
4306   80
457   90
5349   80
1210   80
923   80
7   60
1374   90
110   80
32   80
296   90
7153   70
514|301
58559   60
4396   50
2458   40
159093   80
2786   40
4246   80
140956   60
3016   60
3160   80
1407   60
3033   50
2028   80
1977   40
2194   80
74754   20
2398   100
136864   50
6787   80
69453   40
109374   80
2288   80
1265   80
1625   50
5377   90
3039   70
3708   60
5755   40
260   100
785   50
1124   80
72641   80
122926   80
6299   50
1983   60
1978   40
3897   70
3671   80
22   60
1544   60
4202   60
44   50
1969   40
148626   80
4215   40
1984   40
5103   70
135216   10
1240   80
69122   80
1976   40
1286   50
1641   70
180985   60
2420   90
6639   80
5205   40
46970   60
1089   80
3499   80
112183   50
91529   60
54881   90
608   80
2517   60
8894   30
3527   80
1214   80
596   80
1617   80
5189   30
2301   40
87869   80
7477   50
4086   70
5543   50
115617   80
3360   80
1127   70
136958   40
59369   80
104211   80
88744   80
5060   60
339   70
3478   60
1196   100
1997   80
1259   90
2268   90
4833   70
2355   70
1291   80
3868   80
1213   90
185585   60
1330   40
185473   60
4361   90
5797   40
112852   60
1266   80
588   80
6942   90
2867   80
122900   40
1982   80
167018   60
1954   80
1197   100
26133   100
175303   60
1302   100
179819   40
5246   30
3041   40
179401   80
2297   60
3362   80
1036   80
59615   60
2902   60
6377   80
1947   40
3740   80
54997   80
186587   60
184471   60
919   90
1387   100
8961   70
60487   80
1326   30
1   80
2797   80
1994   80
1587   60
1207   80
6746   40
160571   60
5248   30
589   80
1991   60
169984   40
122906   40
1234   90
53123   60
3098   80
2096   80
1517   70
34162   60
1270   100
1198   100
2081   80
1193   80
3738   40
1278   80
26492   40
3294   30
1784   80
73017   80
2959   50
2087   80
184987   60
2716   80
88810   80
2804   80
33085   40
1584   80
2407   50
187595   60
26729   80
648   80
168250   50
185   60
1975   40
6296   80
3363   90
440   80
16   70
149330   80
52435   100
1974   40
5433   40
165103   70
1449   80
7153   60
185029   80
3704   40
1321   80
1320   30
106782   80
2746   70
3052   60
161   80
150   80
34   80
1968   80
2794   50
187593   70
1301   70
4995   80
128360   60
2289   40
4397   40
595   80
4638   60
38583   50
1682   80
31150   40
2003   80
3911   80
2011   40
2571   80
593   100
79132   80
1097   90
3421   80
26375   80
1022   80
26198   50
96588   80
3471   100
1079   80
2787   50
4291   40
4564   40
5952   40
3938   40
159510   40
11   80
124484   60
2115   80
4306   80
89492   90
6944   60
81845   80
5041   30
261   50
1327   40
62   80
1717   50
4007   80
1961   80
4993   40
1288   80
4321   80
1292   70
111759   70
457   80
356   80
2121   40
72171   40
1610   90
46578   80
115713   60
112552   90
364   80
1200   100
188797   80
50872   80
68358   80
117590   80
2100   50
2377   60
2878   40
1210   80
5250   60
109487   80
4533   60
1128   80
2915   80
6821   60
102903   80
2088   50
3253   80
2403   70
586   70
1962   80
2791   80
2148   50
81562   60
2002   60
2243   80
5247   50
51077   40
4002   70
3385   60
2903   40
5337   50
4893   40
8906   40
53972   60
26242   60
2161   60
4124   20
82459   90
40478   50
296   80
3244   50
2455   80
2858   80
515|16
50   90
175569   80
3147   100
168252   100
122916   100
260   100
318   100
116797   100
356   100
176371   100
48780   100
112552   100
48516   100
122918   100
59315   100
79132   100
517|304
1079   30
55052   80
160422   60
4896   80
4103   40
93740   30
8529   70
43560   60
355   40
34   100
6662   70
106696   20
1945   20
64957   70
1263   20
2054   30
48385   10
2080   80
410   20
4646   30
48738   20
1921   20
84847   10
135143   70
1270   100
2   60
5989   40
916   60
586   100
2000   30
137857   100
59501   80
1230   30
30816   20
5816   80
136020   20
902   90
30749   10
457   50
1219   20
66203   10
7361   30
455   30
147380   20
899   90
167746   20
945   60
64622   30
272   20
4022   80
59784   10
2421   10
88810   50
54286   40
616   100
1302   10
49274   10
1955   50
7151   40
70599   80
5991   50
51255   20
3948   40
96520   40
1028   100
4361   20
3578   20
1262   80
1380   20
520   30
106438   40
7153   60
593   60
2565   90
52435   60
2052   10
8972   20
90866   100
2078   100
102407   60
41566   100
91658   10
277   100
6794   10
595   80
46337   10
5464   60
2717   30
5218   50
1020   40
50160   80
60069   50
110   30
2941   60
5872   10
65230   50
4327   20
34072   50
2398   90
912   80
1148   60
3157   40
1032   80
898   60
160980   50
96518   60
121099   50
4368   40
8965   100
2927   60
62293   40
1381   10
1680   50
68793   60
3176   50
60397   70
5013   100
1566   10
918   80
56174   60
4254   20
8228   30
2046   10
1136   40
500   100
2135   60
52694   30
2090   40
1210   40
592   60
6942   100
1580   60
491   20
8665   50
158   40
919   90
368   60
8874   20
3996   10
1097   100
673   40
3704   40
91094   20
1997   20
3105   40
67295   20
2057   50
1246   40
46530   50
1610   10
56587   60
4246   60
107780   80
5502   20
36517   50
2085   80
986   50
2053   10
4995   70
81845   70
96471   60
8361   50
910   80
73290   40
4886   40
1848   60
3489   50
63113   10
2431   50
68954   100
5060   80
4973   60
56171   60
515   80
30825   20
78637   30
2683   10
2671   60
588   60
1015   70
56941   40
1953   30
2384   90
597   60
3599   20
3675   90
3418   20
45668   40
3147   80
3549   60
5956   20
152037   20
2028   60
59725   10
3564   10
914   90
131656   50
2571   50
2142   40
95167   50
260   70
70293   20
2791   70
1   80
40629   10
164909   20
539   60
909   10
87483   40
5016   30
79091   40
745   50
2087   80
1010   60
1304   40
5308   20
1947   30
509   70
1031   70
1027   70
2002   30
1234   40
80969   80
1193   30
40815   60
4014   70
508   70
2380   10
26614   50
1918   60
63082   80
83270   40
109846   20
527   70
952   60
4027   60
356   70
101577   10
10   10
49272   30
1088   20
8360   50
920   80
2018   80
2716   40
2424   30
1247   50
56775   40
105504   60
45722   70
3967   90
3269   40
66097   20
969   20
3039   40
8969   40
88267   60
3429   70
1223   50
45447   10
46972   50
1035   100
1183   80
2096   80
344   50
3535   20
1269   10
1207   60
367   60
1367   100
45720   10
4308   20
69844   60
107   20
1682   30
6951   40
1101   10
2396   30
87222   20
7162   50
2953   100
54001   60
587   80
1025   50
1641   90
4621   10
162590   20
6377   80
953   90
357   100
364   90
94070   90
783   30
1702   50
47   40
1029   80
97194   20
4018   20
2115   60
480   20
147378   20
38038   50
1911   30
318   80
518|15
24   50
1747   80
3418   60
1275   80
6333   90
2353   80
31   20
6377   100
3897   90
2289   100
1371   10
3753   50
1597   70
1372   80
1215   80
519|16
3948   80
2329   100
59369   100
56367   80
69122   100
72998   80
134393   80
51935   100
3408   100
104211   100
4447   70
88163   100
4963   80
318   100
34162   80
69406   60
520|132
5956   60
7458   40
2012   80
2542   80
6754   70
471   100
5349   80
2657   50
2015   70
2628   30
586   80
327   40
3147   80
2115   60
3186   50
1610   80
7101   80
880   60
329   70
2528   80
2161   90
1356   100
541   100
3000   80
5008   100
3510   80
2405   80
5952   70
1079   40
316   80
2502   80
3469   80
4025   70
3175   80
3809   60
8796   50
34405   100
333   80
4447   80
1250   80
42002   70
2094   60
911   80
2997   80
637   70
73017   100
356   70
3745   100
858   40
4979   80
10   80
6979   80
8961   80
2375   80
1924   60
33004   80
68157   90
3529   80
1281   90
1131   60
2600   70
1425   70
256   60
1080   80
3462   80
7036   100
924   60
49272   60
7147   80
7367   80
2827   60
2321   80
3039   100
1214   100
1358   90
2011   80
5903   70
2571   100
4799   60
2985   60
750   100
60069   90
1240   80
4306   80
253   80
4886   80
7373   80
2470   80
1197   100
2423   100
7153   80
5265   80
3948   80
81845   100
344   20
1748   90
3751   80
468   70
7812   70
5618   80
485   80
1779   80
59784   80
45666   60
1234   100
2791   80
32469   90
2701   50
5669   70
1801   80
520   80
589   90
66934   100
2006   70
8972   80
1278   100
1270   100
4011   90
48385   70
7454   70
4993   80
1198   100
1215   100
34048   100
4370   80
4973   100
48780   70
5445   70
5378   40
4992   70
2194   80
368   60
521|25
802   80
36   80
637   60
640   60
762   60
733   80
14   80
648   80
103   60
837   80
786   60
708   80
780   80
608   100
628   80
707   60
736   80
81   60
805   80
1073   80
32   60
7   60
43   80
29   60
95   60
522|144
91529   80
6378   80
1036   80
1500   90
70286   90
58559   100
1784   80
68205   20
5464   80
3243   30
102445   90
79132   100
102125   70
81834   70
51662   20
260   100
1374   90
541   50
1732   90
58295   90
2329   90
2082   30
84152   70
89745   100
76093   70
62434   40
1373   80
79006   90
586   20
96079   90
48738   70
6016   90
1200   90
2908   90
51255   80
68194   90
86345   100
26614   80
1704   90
86377   100
954   70
69481   50
68157   90
2997   90
66544   80
367   80
524   60
46976   70
5010   70
1196   90
96610   70
79008   90
1580   80
1302   70
6539   100
2105   90
7153   70
34405   80
4052   50
82459   90
1291   90
1136   90
27369   80
4878   80
80463   90
2384   10
62   60
1220   80
2858   100
44199   90
106100   10
104069   100
79702   100
3578   80
1372   80
858   90
2141   30
3406   80
4011   80
2393   80
3949   60
77455   80
112852   100
57504   100
71535   80
778   80
141   70
2571   80
44665   90
2028   100
1645   90
2918   90
8874   80
48516   100
85414   80
5944   80
38061   80
44191   90
67197   40
110   80
44195   80
55820   90
66665   80
49272   100
2706   60
56367   40
77561   80
4963   90
110102   100
3911   50
94959   90
4734   70
329   90
1393   80
588   80
6283   80
2720   10
1371   80
529   60
86347   100
2094   30
50   90
2502   90
1   60
68358   70
2628   60
40148   100
5816   60
3052   90
55765   70
46578   50
1198   70
5952   50
1214   100
81591   90
91658   100
87306   90
27660   70
81845   100
1270   100
66934   90
1210   80
1376   70
8784   40
523|48
5444   80
4995   100
81591   70
106782   100
120130   100
47610   100
74458   100
33615   90
116797   100
55167   100
6350   80
150548   100
56174   100
4014   100
587   90
5618   100
1704   100
7147   100
3949   90
103772   100
62336   100
356   90
317   80
31658   100
37729   100
104283   100
745   60
1485   90
4993   100
82169   90
5971   100
102407   100
7361   100
594   80
7153   100
8861   100
6539   90
152081   90
122904   100
103141   80
367   90
2959   90
26776   90
364   100
56367   80
127052   80
5952   100
7143   100
524|88
1097   40
260   100
12   20
1385   80
168   40
1291   100
508   60
50   40
592   60
338   40
76   40
235   80
110   60
923   60
913   60
196   60
648   60
464   40
1233   100
1027   40
1240   80
485   80
1   80
1183   60
1246   60
1231   80
377   100
737   60
19   60
1234   80
204   60
593   80
370   60
6   80
1220   60
653   60
969   60
1214   60
912   60
32   60
1278   100
151   100
329   60
112   60
23   40
1275   100
1254   60
454   60
47   100
21   60
372   40
1374   100
553   80
95   80
924   80
780   60
445   60
1047   80
587   80
1272   80
208   20
520   60
474   80
349   100
832   80
541   100
480   80
588   80
165   60
786   60
153   60
367   100
119   60
10   80
1200   100
1049   80
1376   80
805   80
1136   100
161   100
586   60
1193   20
1270   100
318   20
1303   100
1198   100
1390   60
1208   80
525|384
6377   90
2398   90
6218   70
1246   90
3979   10
1222   70
8376   80
3114   80
733   80
2087   60
1282   70
81564   70
5444   70
3967   70
104272   80
783   40
112852   90
31658   80
3977   60
2406   80
69844   80
53996   40
6155   50
97304   80
135536   60
26662   80
3033   80
6503   70
60684   70
59315   60
98122   60
4016   80
2048   70
6385   80
4975   50
60397   60
147380   60
46578   90
588   70
159817   90
2139   70
593   70
7318   50
76251   70
4054   60
46972   70
6378   80
79702   90
5066   70
33493   60
44555   90
48780   80
2085   70
6281   70
2394   60
41566   70
72998   60
3421   80
367   70
69122   60
2080   40
117529   70
920   70
586   70
122920   70
8784   80
45720   80
5380   70
146682   80
374   50
4014   80
1073   70
44199   90
293   80
3034   80
142488   70
3825   60
55269   70
4728   30
99149   80
27660   60
4642   80
34   60
6331   90
96610   80
94777   70
5299   40
58998   80
93510   80
49272   70
2161   70
4069   60
33166   80
122904   70
3949   80
5014   70
2   70
2746   70
40826   60
1381   50
68954   70
5816   70
91500   70
91529   70
152037   60
4299   80
1394   80
5502   70
1288   80
134248   60
4018   50
1035   90
79132   80
39   90
66097   70
3000   80
1923   60
4370   50
35836   60
6711   80
6539   90
1029   30
1088   90
56949   50
916   80
60069   70
95167   80
88140   70
4823   60
8874   90
53123   80
8937   70
70286   80
1688   70
4248   70
3948   40
3897   90
97921   80
59126   60
1380   90
34162   70
110102   80
2018   30
899   90
2947   80
4963   90
3882   70
5218   60
616   70
1784   70
4447   90
122900   70
51662   70
1022   60
2142   70
7285   70
122892   40
1196   90
54001   80
42734   80
111362   70
3489   70
2144   80
109374   80
62   70
27706   60
117533   60
3397   60
74530   50
1907   70
59784   60
81591   80
103107   80
2687   60
106696   70
2788   80
1028   90
5989   70
48394   80
1947   60
7762   80
236   80
42002   80
1136   90
3751   60
102903   80
56367   90
147384   80
6890   70
44195   80
6934   50
81847   70
106487   70
596   30
122882   90
47999   80
76093   80
5620   50
111921   60
107   70
4718   20
8533   70
2571   80
119145   90
48774   80
163653   60
1270   80
2959   70
147378   70
56563   80
558   50
2174   70
54190   80
4232   70
4995   70
157296   60
1206   70
3988   60
4306   70
69757   80
65261   60
47382   60
68319   50
8360   60
500   70
5618   90
5378   50
3556   90
106002   40
5283   60
4308   80
32587   70
7361   70
98243   60
6942   90
3911   90
96821   70
2858   80
93721   90
4896   60
180   70
2005   70
1682   90
1197   90
8368   90
97938   70
2572   80
1101   70
1259   80
8264   70
3969   50
2716   80
88125   70
2081   70
96079   80
1569   80
3549   70
480   80
8981   70
87232   70
318   90
54503   70
750   70
164540   70
116823   60
52975   80
80463   80
5903   80
1951   60
68237   90
8641   70
902   80
4246   70
53972   60
594   30
2502   90
457   70
152081   60
108932   70
8961   70
5669   80
8366   90
6365   50
148667   70
1220   80
6564   40
27611   80
4025   80
6874   90
96588   80
1527   90
102407   70
71264   60
60766   80
68358   60
527   80
2248   60
58559   80
7451   90
1566   70
33615   60
4366   50
88163   80
520   90
2942   70
2987   80
116797   80
33794   60
4022   70
158   70
159849   50
6936   80
292   70
4734   80
4367   70
54272   30
3671   80
7090   90
915   70
673   50
1   80
4700   70
112556   70
6807   80
111759   90
3578   70
57669   70
6157   40
54881   70
4639   50
81845   80
50   90
74789   50
1210   80
5266   70
4979   90
8910   90
6773   80
34405   80
86833   70
109487   80
4857   70
122886   80
45517   60
140359   90
4878   80
1198   80
7458   70
66934   70
94959   90
142115   90
2089   60
34072   70
1033   60
1265   80
1777   70
2916   70
5992   70
1307   70
49286   70
33679   90
595   70
4015   40
80549   90
3301   70
37729   70
1032   50
5013   90
133419   50
69406   60
56152   70
2324   80
67734   40
2083   90
41571   70
142997   70
551   80
88810   80
78499   70
134853   80
2997   90
40629   90
1031   70
97866   90
526|36
296   80
3168   90
112290   100
3967   100
308   70
6807   100
608   90
134130   90
8961   80
2858   80
7147   90
44555   80
64957   60
68954   70
109374   80
106100   90
2692   90
4973   90
2959   80
30707   60
39516   90
63876   100
96079   70
2028   60
2324   100
151455   50
128620   100
1246   90
106782   80
60950   60
4979   80
1732   90
1961   80
92259   100
3448   100
135198   80
527|117
1210   100
593   100
2918   80
969   80
849   80
3751   80
2872   100
2288   100
1587   100
5218   80
1810   80
1544   60
1350   80
3396   80
595   100
3147   100
4508   60
590   100
2346   80
2822   100
4936   80
3674   80
1848   80
1374   100
1196   100
364   80
1287   80
1246   80
1961   100
1198   100
2947   80
3499   100
551   60
609   80
2968   80
527   20
4896   100
1407   60
2057   80
4445   80
2529   100
1333   100
1129   100
1356   80
1258   100
2987   40
1997   100
329   80
920   60
1250   60
2054   60
1373   80
913   80
1968   100
1035   100
2355   100
2421   80
1982   100
1206   60
912   80
4720   80
2150   80
5060   100
3673   80
5250   100
2138   80
1371   80
3359   80
5040   80
1931   80
2085   60
3698   100
1031   80
1994   80
2   80
3401   80
2565   80
2871   80
5540   100
2429   80
2193   100
2716   80
1387   100
1393   80
1270   80
2657   100
2528   80
2471   100
3044   80
2099   80
2866   80
919   100
2613   80
1291   80
2470   100
48   60
3036   100
454   100
1372   80
1073   100
1080   40
1979   40
480   100
5039   100
2950   80
30   20
5560   20
260   100
2312   80
1282   60
1566   80
1028   60
34   100
1663   80
4280   60
1017   80
2944   80
528|46
4011   100
44191   70
7438   70
296   80
81834   30
67255   80
89745   70
63876   30
2858   20
1704   100
33794   90
589   80
3147   70
8873   40
1225   70
1036   100
55820   20
59315   60
6006   70
49530   50
1   50
40697   10
55721   100
5418   100
457   80
94266   10
97921   70
1213   80
3578   100
110   100
356   100
4995   90
6377   40
1718   90
106782   80
778   80
81591   30
91529   90
2002   70
51037   70
1222   80
2571   100
3101   50
75805   50
1961   70
44199   80
529|16
260   100
141   60
661   60
1   60
637   60
788   60
7   40
95   80
761   20
786   100
711   60
743   60
780   80
719   40
736   80
1073   60
530|16
208   60
480   80
339   80
349   80
474   80
587   100
509   60
350   60
161   60
590   100
454   100
597   80
380   40
440   80
150   80
592   80
531|13
5349   100
4214   40
4284   60
1198   100
1961   100
4447   60
2473   60
1261   40
260   100
3699   60
733   80
2640   60
4993   100
532|32
4351   60
480   80
527   100
2406   80
1343   100
1233   100
2571   100
1580   100
2858   80
858   100
589   80
593   80
4654   60
4210   100
1953   80
1954   60
1704   60
4086   80
110   100
318   80
293   60
6   100
1198   80
2194   100
4262   80
1291   100
2028   100
1200   100
3147   100
111   80
1214   100
1240   80
533|24
2502   80
4886   100
103688   100
54995   100
1387   80
68954   100
2160   70
1215   100
61240   100
8874   60
57274   100
83134   100
1258   90
4105   100
2571   100
3727   100
356   100
120637   60
119145   100
1   100
2918   70
1997   100
52281   100
125914   60
534|400
53519   80
3159   70
1527   90
158   80
2089   80
111781   80
104243   70
70305   70
45431   70
112580   80
316   70
5219   80
53972   70
90746   70
76251   90
128542   70
93326   40
6754   80
1923   90
3633   50
46335   60
113532   70
43836   70
101025   80
69436   60
114180   50
134130   60
79695   80
122902   40
3752   70
94777   70
27368   70
130450   60
85179   90
51024   80
71264   90
2949   80
1377   70
3948   100
57504   90
3483   90
173   80
96110   70
5459   70
111113   70
101962   80
69805   80
85261   70
7373   90
65685   80
6550   90
59315   80
7153   90
592   80
65802   80
5313   80
2617   90
4886   80
3300   90
2355   70
61248   70
593   80
61132   80
101864   80
130520   80
41569   80
122904   100
99007   80
80615   80
119145   90
52287   80
117529   70
1517   80
164367   100
2012   80
4011   80
7143   90
91630   90
81847   90
4366   90
1291   90
94015   80
40815   80
59900   80
69278   70
53140   70
34162   100
103335   80
134853   70
6377   80
98243   70
31878   90
55768   70
223   80
551   80
2762   80
86332   70
5449   100
88744   80
1215   90
102445   70
81564   80
111362   70
2085   80
46578   50
4963   80
115149   90
81229   80
4446   80
76743   70
86911   80
33493   80
61289   90
8636   80
103042   60
112623   30
110501   70
91485   80
44191   80
68157   80
37830   80
109850   80
91323   60
8360   70
135885   60
4958   60
144734   90
2993   70
165   90
4370   80
83613   70
8368   70
52973   80
104129   90
1784   70
32031   80
72308   80
85414   90
133419   50
356   90
1562   60
87520   40
79224   70
2018   80
1894   70
71254   70
43928   70
6333   80
31   70
108945   30
101076   70
2054   80
59615   70
2953   70
57640   80
134775   40
5882   90
112897   80
63113   70
2986   80
96588   80
95441   30
93363   80
3793   80
8640   90
106489   60
2948   80
45186   80
99114   40
1831   70
71530   100
4728   90
4369   90
76175   80
6536   80
2028   90
64969   100
122892   70
103341   70
33669   80
42718   90
54272   70
2005   80
67197   70
98491   80
519   80
150993   80
1282   90
736   70
132796   50
106072   80
1270   100
94018   40
66798   40
87529   60
5621   70
79091   90
58559   40
68358   90
98809   60
2294   80
94864   60
106002   70
110553   60
2394   100
107406   70
8917   80
39715   70
1580   80
208   80
1721   90
34   80
5349   70
115122   100
96417   60
84772   80
51255   90
2628   70
8644   70
83349   80
45499   80
1588   70
102903   40
60040   70
69275   80
798   80
2324   100
111759   90
97836   80
122882   60
48774   80
27251   90
122900   60
48   80
37386   80
4896   80
99112   80
135532   40
68319   60
46972   80
54503   60
79134   70
33615   70
58297   80
63131   80
136864   30
596   80
101112   80
56171   70
784   70
116529   60
253   80
88785   70
44   80
74530   50
35836   80
2011   90
97752   90
231   60
96737   90
95309   80
87869   60
68954   60
4995   80
53138   70
2115   80
1688   80
4816   80
60072   70
70336   60
2720   60
91500   50
7293   80
87192   60
169   70
7991   80
103249   80
5574   100
54259   90
91542   80
104241   80
62113   90
8984   40
101142   80
2716   90
27611   90
73804   80
71535   80
90403   80
69122   80
5444   80
3751   80
37729   80
67087   80
4306   90
64695   80
122886   70
66097   90
52722   70
4874   90
7254   90
73268   80
653   80
94780   60
8371   80
83480   70
4638   80
2717   80
27660   90
2   90
32587   90
76293   80
48385   40
77866   80
115617   50
783   80
119655   70
58998   80
64167   70
6539   90
118696   60
2273   80
79592   40
103384   70
61160   80
780   90
112370   40
79428   70
1917   90
109487   70
106918   60
3578   90
34150   60
1801   90
393   80
53996   40
91353   80
50872   80
100163   90
180   90
4103   90
83134   90
59022   70
51412   70
8972   70
78469   80
1198   80
110102   80
500   90
2683   80
7090   90
1   80
5418   90
6659   80
260   90
73017   90
6156   80
95167   60
367   80
45672   80
1097   80
1682   100
67408   80
80166   70
72998   60
33794   60
95720   80
103253   30
45722   80
90522   70
2161   80
2706   90
112852   90
62434   60
56174   70
1387   90
2174   90
79702   90
72378   80
2640   80
130634   80
132157   70
132046   90
89305   70
2985   90
5816   80
1591   70
33004   90
5956   70
1036   90
93766   80
30825   100
56921   80
112911   80
79139   70
108932   80
2080   70
78893   30
88140   70
2700   70
535|19
2482   60
2692   100
2580   60
2860   60
2490   20
2829   80
2539   60
2706   80
2496   20
2702   80
2805   20
2683   20
2570   60
2445   40
2574   20
2724   40
2617   20
2573   20
2881   20
536|25
480   80
332   100
300   80
261   100
45   100
419   60
516   100
349   100
592   40
276   60
457   60
350   60
454   80
357   20
368   80
590   60
593   80
431   20
292   20
371   100
233   60
416   60
253   20
370   60
445   60
537|29
2329   90
48516   90
4993   90
69122   80
6888   100
90439   100
95067   60
69481   70
5952   90
79132   100
53125   100
8984   100
99114   90
2571   80
5989   100
58295   100
121129   50
55946   100
82053   100
55765   100
4963   100
527   20
4954   100
58559   70
97306   50
103341   10
8533   30
3147   80
98961   80
538|23
1197   100
7888   100
364   90
902   80
3552   80
5618   100
56152   90
2918   90
1278   80
58559   90
81845   100
2572   70
3396   100
1035   100
68954   100
520   100
4616   90
4090   100
3398   80
69844   80
588   100
3675   100
1907   80
539|24
71535   100
3087   80
1197   100
59784   90
1265   70
54259   100
318   80
3740   90
3264   70
8360   70
419   40
8641   70
1297   60
2502   50
374   50
379   40
1060   60
1801   80
6377   100
68954   100
2094   70
3745   70
65   90
3608   60
540|26
2628   90
2028   100
1409   70
2772   80
5378   80
5445   80
1210   100
4993   80
1971   50
45722   80
2567   60
37733   70
145   70
296   100
33493   100
2107   70
32587   100
589   90
5693   50
2571   80
6539   90
47   90
48516   100
44191   100
4239   80
736   70
541|55
349   100
552   60
364   60
474   80
259   60
745   100
10   80
471   60
303   60
361   60
248   60
329   80
165   60
472   60
368   60
1   60
445   60
720   100
589   60
218   80
316   100
610   60
132   80
196   60
19   40
377   60
442   60
454   80
544   60
592   60
593   80
293   60
553   80
47   20
367   40
551   60
508   100
524   80
497   80
410   60
415   60
362   100
434   60
588   60
535   20
288   20
253   80
50   100
95   60
380   80
371   60
153   60
453   40
7   80
608   60
542|74
5502   20
2599   10
1784   70
594   80
500   70
7438   30
5418   80
2997   70
34072   50
8529   80
2572   70
1580   70
1282   80
1377   80
8665   40
2710   10
48516   70
4306   100
3863   80
1206   80
6874   50
30825   80
30707   10
48780   90
4973   70
46976   80
4995   90
34162   60
410   90
4344   80
3949   80
8360   90
3948   80
4816   30
318   100
3052   90
1380   90
1097   80
8958   100
2918   90
5445   70
1645   100
2539   70
186   70
4226   100
4370   100
8984   60
5218   80
5991   90
1073   100
44191   80
356   100
8644   80
4446   70
2694   80
1732   10
5679   80
4886   70
45447   70
2700   100
5266   60
47   100
1407   20
48593   60
6365   20
596   90
3911   10
8874   100
2858   90
3717   50
6188   20
2329   80
1653   90
3408   80
543|48
165   100
1917   100
2382   100
2381   100
51255   60
267   100
63082   100
59900   10
35836   10
2380   100
6373   100
70286   100
94959   40
5989   100
6482   100
356   60
72998   100
1265   100
2463   100
5481   10
1388   100
1036   100
2792   100
99114   80
1387   100
1731   20
2762   100
33794   100
60069   100
4545   80
7361   100
135   100
2791   100
50872   100
3785   100
2858   100
6287   100
1347   100
2959   100
637   100
89904   10
364   100
88163   80
1253   100
3258   100
380   100
68157   80
3825   100
545|14
58293   60
33794   70
2300   50
2641   70
1779   60
748   60
2605   100
1960   60
63540   40
49284   30
63853   50
1909   80
2671   80
2427   80
546|40
3984   80
1971   80
1990   80
3316   100
366   60
3942   100
158   40
2858   100
3939   100
3535   40
1965   100
3626   80
1544   20
3160   20
3918   100
893   60
2529   60
3877   100
3354   80
2531   40
2533   40
1090   20
1035   40
2085   40
70   100
370   80
3917   80
3985   60
608   40
3957   60
1986   20
1969   80
1249   100
104   80
3409   80
3868   60
2399   60
2455   60
3408   80
3940   100
547|12
541   100
1224   60
1199   100
3102   80
2858   100
1299   40
1131   80
3039   80
2194   60
1273   100
1300   100
2919   60
549|12
110   60
79132   100
2959   100
158813   20
1196   40
318   80
1291   60
58559   80
293   100
5952   70
122924   100
527   20
550|17
122904   100
5989   80
77561   80
88140   70
86332   80
68954   90
80549   80
142056   60
134130   80
109487   100
318   90
60069   80
89745   100
115713   90
59315   100
356   80
58559   80
551|82
293   90
112175   70
4369   80
84152   90
377   80
110   70
5349   40
63113   80
1270   80
48774   60
1917   80
116797   80
88125   80
90439   100
91535   70
166568   100
114662   80
4085   80
122918   80
2000   80
1291   60
56174   80
2571   80
88140   80
1608   80
59315   80
91542   80
166528   100
296   70
118696   20
106487   80
135143   60
49272   90
73017   80
89745   80
47099   80
7445   80
356   90
165549   20
3948   60
589   80
6377   80
51080   90
3623   80
5816   80
72998   70
1527   50
91500   70
112183   10
1704   90
79132   80
1036   90
33679   80
648   80
2324   90
5952   40
1210   70
5618   60
170697   80
97938   80
4306   80
2028   90
117529   20
6365   80
136020   90
112171   90
77561   80
59369   90
45499   80
6378   80
166643   80
92259   100
8464   80
4993   40
87232   80
6874   10
64614   60
49530   80
103042   80
111659   100
68954   80
1721   70
552|134
5377   70
2141   40
1201   80
923   90
3361   60
2713   60
6377   90
3108   70
551   80
329   70
1438   60
3435   50
6378   70
5956   60
2657   70
5464   60
7153   100
5747   100
541   100
2987   80
1259   70
4975   70
3148   80
2116   30
5672   10
3536   70
4995   80
2501   70
2642   20
2571   90
3977   40
2539   60
4734   70
4848   80
2598   50
6003   60
4085   70
594   80
1073   90
7361   80
2161   30
3249   60
653   30
4019   80
4701   40
3186   60
4299   60
2720   10
1704   80
7143   70
2359   70
1136   100
2735   30
2431   20
3911   80
6947   70
3252   70
2405   60
3986   40
2700   80
4776   60
19   70
1125   80
3868   70
3020   80
1222   80
2808   10
3893   60
25   60
6503   40
2140   60
3300   80
3155   40
2683   60
3994   70
95   30
2993   60
2194   80
3798   60
1373   40
3421   80
432   20
4310   10
553   30
2746   70
3173   30
2502   100
368   60
3967   70
317   40
750   80
2706   70
2716   70
1175   80
3098   80
2115   70
3114   90
2968   80
4161   40
104   60
2541   70
3255   70
3006   80
1610   90
3409   10
161   50
914   70
2528   70
2338   20
1644   30
3869   50
1729   70
902   70
1203   70
4007   60
3060   60
2762   80
1784   70
3593   20
1617   90
1584   70
5816   70
3104   70
2082   40
497   50
1909   60
1064   70
3   20
527   80
1196   100
2794   60
434   60
2289   80
442   30
553|52
32   100
40148   100
4963   90
60753   80
377   70
608   70
2858   100
6378   90
293   80
1729   100
54286   80
58295   100
1245   80
858   100
6870   70
48516   100
16   100
2502   80
8910   90
55247   100
7457   70
6016   100
431   80
55820   80
296   100
2763   90
428   90
1825   70
48385   70
231   70
49530   80
733   60
1653   80
7361   100
50851   100
42   80
27831   80
3424   100
778   100
6055   70
53322   80
1466   100
6   100
3362   70
1704   80
5015   70
5059   100
1732   70
8665   90
6796   80
165   90
43684   90
554|56
926   80
1947   100
1380   100
594   60
2567   80
2858   100
718   100
2149   20
1208   60
1213   100
2804   80
908   100
538   100
2857   40
2702   60
2657   40
2081   100
1093   80
1487   80
2995   20
2683   20
2710   100
2087   80
1951   80
858   100
903   100
1247   80
1088   100
527   100
2070   20
595   60
2570   60
2671   100
3037   100
1097   100
919   100
1381   80
307   100
551   40
1276   100
1035   100
588   100
1286   100
914   80
2571   100
3168   20
1673   100
923   40
912   100
899   100
2617   80
306   100
2863   80
2028   100
2541   80
2017   80
555|446
1590   60
405   60
2001   60
3698   100
2151   60
1197   100
2376   80
3444   40
969   60
2091   60
2261   60
2455   80
1259   100
1569   80
4040   60
1603   60
784   100
155   20
1711   100
785   100
29   80
3398   80
2478   60
3678   100
2375   80
3638   100
724   100
1977   60
2770   40
1573   100
1454   80
955   100
1081   80
1327   60
3206   60
1608   60
1277   60
1500   80
3672   100
3572   40
2907   100
2916   100
72   60
414   60
2100   80
3984   80
1876   60
2365   60
1694   60
186   60
2400   60
1127   60
2915   60
1330   20
674   40
153   60
2504   80
39   80
1584   100
1397   80
372   80
1772   60
4012   60
4086   80
2997   100
3412   80
2418   80
2312   100
2359   80
608   100
441   80
1587   40
2539   80
2640   60
2492   60
3394   60
415   40
2007   100
3442   20
2134   80
2827   20
3500   60
1958   80
2105   80
2858   100
3478   60
512   60
3498   100
2522   60
4042   60
2288   80
4081   40
2662   80
2699   60
293   100
1665   60
1336   20
2111   60
3706   20
1222   80
1971   60
4047   100
2802   60
3671   80
1359   40
2387   60
3552   60
1777   80
2018   100
2517   80
3550   80
1356   60
1031   100
3701   100
2527   80
2683   100
3450   100
3917   60
542   80
1976   60
2529   100
3210   80
2012   60
6184   100
2628   100
21   80
586   80
172   40
344   80
413   60
2016   60
593   100
3574   20
3663   40
419   100
1270   60
333   100
438   80
3840   40
514   100
1527   60
2146   60
1036   80
2411   60
2671   80
1037   60
1261   80
1884   60
457   80
1732   80
2772   100
1994   80
2717   40
187   100
3024   60
1439   60
1007   60
4003   80
1676   20
88   80
2321   40
2513   60
2121   60
2889   100
1170   40
2054   60
2985   80
2407   80
3387   80
3107   80
2263   60
1285   100
2829   20
1215   100
150   80
110   100
3662   60
2248   80
3147   100
1258   100
2346   60
748   40
3243   40
2243   80
2428   60
1883   20
2531   100
2015   80
778   100
1358   100
327   40
519   40
141   80
2469   60
633   100
499   60
2900   60
65   60
1784   100
1663   80
577   60
471   60
2374   80
926   80
3033   60
1921   80
1986   40
1405   60
2294   80
2672   60
19   60
2571   100
2518   60
2161   80
2796   80
2918   80
2967   80
3258   60
3354   60
719   20
1391   40
1275   100
1542   80
3534   100
2391   60
3793   60
2150   100
3693   60
1476   100
3251   80
260   100
231   80
2793   20
3105   80
3263   40
24   100
2794   60
2474   60
3695   60
2160   100
913   100
1378   80
2329   100
2193   100
2076   60
2572   60
700   80
2436   80
2085   80
2378   80
813   40
1690   100
2948   100
1214   100
3421   80
1459   60
426   60
3661   60
4080   60
440   80
1674   80
2574   40
2762   80
2416   60
2262   60
2551   60
2797   100
357   80
2639   60
3918   60
541   80
4008   80
3809   60
1985   40
1974   60
2367   60
218   80
3703   80
1396   60
1959   60
3392   80
2174   80
2752   60
2021   60
410   80
1220   80
4000   60
3175   100
185   60
3704   80
2530   100
2959   80
2403   60
1225   80
851   60
435   40
1882   60
3524   100
780   80
1091   60
173   20
2424   60
3070   60
866   80
1257   100
1020   60
2448   60
849   40
3480   80
32   80
2405   60
2344   40
667   40
2247   60
380   80
743   20
2846   100
1779   60
296   80
1909   80
1641   100
1097   100
3715   80
500   80
4007   60
3016   80
2804   100
2260   60
1629   80
1375   60
585   60
3072   80
2011   60
1991   80
1089   100
2826   60
4085   60
1970   40
2817   60
2335   80
1562   60
2987   80
1213   100
1124   80
3694   60
3791   20
2505   60
1346   60
3441   60
2241   80
1288   80
2498   40
1503   80
2989   80
1917   60
318   100
160   40
1855   40
1983   40
2240   60
1297   60
2792   20
3250   100
2406   60
2259   80
3505   80
1021   40
2002   60
1298   60
3763   60
1614   80
3477   60
3741   60
196   60
2926   40
2144   100
2476   80
1962   100
2525   20
2877   20
611   40
316   80
4010   60
2642   60
4041   20
2445   80
3388   60
116   60
2470   80
2597   60
2735   60
329   60
1208   100
420   60
2450   40
3087   60
145   80
2746   60
3363   60
3051   60
1200   100
1995   40
50   100
2396   40
1580   40
1965   40
2148   40
589   100
3269   60
1210   100
1440   40
800   60
1518   20
1376   60
2028   100
356   100
3285   20
2371   60
720   80
1445   60
2862   20
3708   60
3688   20
529   60
2456   60
1449   60
75   60
3   100
3783   100
3591   60
3868   20
3660   60
1092   80
2115   80
2408   60
2133   100
3101   80
2496   40
1265   80
2532   100
480   80
3673   100
1088   80
2003   60
2110   40
4043   60
556|20
98809   80
112852   100
6539   80
74530   70
7153   80
4896   100
6754   80
5952   80
41566   70
4993   90
76093   100
94780   70
49649   90
187031   80
48394   80
69844   70
40815   80
56171   80
78105   80
54001   80
557|16
2700   10
134130   70
1036   100
165   100
318   90
5618   100
10   90
2028   70
4896   90
1580   60
60069   80
2617   90
344   80
4306   90
2571   90
1721   70
558|35
3825   80
4886   80
5419   100
296   60
94   60
1073   100
5387   100
2028   80
1259   80
1923   80
1798   60
5171   100
3274   80
5388   60
3479   60
5219   60
4159   100
5081   40
1043   40
1721   80
1222   100
3831   100
4308   100
3285   80
5152   80
3186   100
5266   80
5065   100
3534   80
593   80
5128   20
5420   100
662   100
4062   80
5293   60
559|96
454   60
485   60
594   60
616   60
457   60
296   60
1391   60
357   60
587   60
595   60
185   60
66   60
516   60
725   60
207   80
500   60
519   40
489   60
442   60
204   40
76   60
314   80
520   60
592   60
104   60
6   100
237   80
338   60
48   60
474   60
342   60
596   60
333   40
543   40
292   60
273   60
610   80
36   80
434   40
589   80
255   40
186   60
34   100
508   80
466   40
1429   60
494   60
539   80
380   60
455   20
318   100
1580   100
588   80
339   80
196   60
653   60
667   40
368   60
413   40
110   80
708   80
145   60
10   60
275   40
551   80
153   60
168   60
1183   80
32   60
135   60
661   100
1073   60
362   60
344   60
475   100
405   40
95   80
532   60
374   20
265   100
1544   60
356   80
370   60
15   60
432   60
736   60
1566   80
783   80
218   100
597   60
509   80
260   100
748   60
19   40
435   40
112   60
560|350
55269   70
109487   60
2677   80
316   80
6773   80
4816   80
99114   70
4270   70
1917   60
260   80
91529   70
8910   70
52973   50
6947   60
1391   80
34405   40
71057   50
367   80
128360   70
1249   80
7099   70
1673   80
122882   80
68157   80
33493   80
34437   80
5991   80
4878   70
48   50
116797   60
6618   70
4226   70
4446   60
3624   40
4015   60
8638   60
55444   80
1704   80
81383   50
48045   80
208   70
42738   60
67255   80
6952   70
1485   60
58293   50
8604   70
141866   80
49272   80
59369   80
96610   70
37729   70
3897   60
115569   80
27660   80
4896   60
1923   80
47099   60
5785   70
130576   40
4023   50
78772   10
54503   80
97913   70
296   80
2424   70
45447   60
79702   50
69951   80
84954   50
5613   80
7317   60
150   80
27815   50
38061   90
47   80
27904   60
4306   70
2628   80
718   80
48516   80
68237   80
47997   80
106782   80
3977   70
91353   70
8958   80
2115   80
8783   60
41285   80
7323   80
780   70
27266   80
380   80
105213   50
1721   70
37495   70
5816   60
2692   80
6119   80
5881   70
4343   60
89804   80
91128   80
8984   80
96945   70
60756   70
71254   60
46976   70
66097   70
88744   70
56367   70
88125   60
5669   80
111384   80
2174   90
55442   80
55118   80
108932   80
35836   80
4310   70
442   70
1961   70
1653   80
34319   70
31123   50
90531   80
5989   80
148881   80
49278   70
3967   70
49530   70
81591   80
102903   30
3949   80
4246   60
148626   90
94959   70
54372   80
57669   90
5418   80
45720   60
70286   80
134130   80
60684   90
2291   80
46972   60
31685   60
71156   80
3822   80
120478   70
1214   70
32   70
2683   70
6863   60
6541   60
7147   60
8464   80
3826   80
3285   70
8917   80
2763   80
44195   90
5840   80
5378   80
155288   70
37733   90
45722   70
4993   80
5072   70
2571   90
57368   90
2671   50
1676   90
6218   70
288   70
56563   50
8641   80
223   80
1365   80
8533   50
500   70
47725   70
1080   80
1193   70
8644   70
4963   80
5903   70
2541   80
377   80
4979   80
7265   80
1641   70
56757   60
102194   80
6378   60
51255   80
154975   80
1136   80
3301   60
1201   80
97306   60
152077   80
107348   60
7451   50
48385   80
5574   70
68886   80
1220   70
3489   70
4383   80
122904   60
2700   70
92259   60
105246   70
91500   60
1196   80
1884   80
1682   80
111759   60
1222   80
82459   80
27368   80
4308   80
3000   80
2028   70
1198   80
31696   70
4018   70
46723   70
356   70
32587   90
5445   70
778   90
2762   80
6934   70
51662   70
85414   70
54881   60
105954   70
4025   50
485   70
133771   80
4027   90
64969   50
3471   70
73017   70
30707   60
97   80
88129   90
112552   70
34162   70
48394   80
102407   60
8376   80
97752   50
6041   70
2761   70
4975   70
61323   80
69134   80
608   80
7153   80
2329   80
741   80
3751   70
139385   50
87869   70
74510   80
6281   60
6942   50
63082   70
4995   70
1127   80
2890   80
62849   70
3996   80
54617   70
6155   50
69481   80
1580   80
4720   80
38095   80
6873   80
6874   80
80463   80
53996   50
45950   50
73344   80
4232   50
60072   50
51084   60
2712   70
27706   70
52579   60
34048   80
344   70
3354   70
6156   40
80831   50
2696   80
5810   80
93510   60
3408   70
163   70
74458   70
4367   50
72011   60
54286   80
4144   80
122890   70
6754   70
1   60
59026   80
2605   80
1208   80
130498   70
1246   70
63072   80
1111   70
8361   50
8981   80
1291   80
33679   70
8784   60
3825   50
5956   70
39183   60
551   80
1089   80
8368   60
53460   60
5679   80
3147   80
86882   60
59037   60
1210   80
5219   80
293   90
55232   70
8865   70
7438   80
2273   70
1274   70
923   80
1199   80
8665   80
139644   80
3793   70
33794   70
561|388
6800   70
135569   70
4848   40
96079   60
2174   80
88129   90
38061   80
5010   70
37727   40
185   40
1732   100
1407   70
2115   90
2959   80
1968   80
2395   80
3623   50
4121   60
109374   70
105504   70
46976   70
54997   40
45499   50
33004   60
149406   70
2291   80
440   50
466   70
1270   90
5945   70
2372   70
8798   60
97938   60
3996   70
8950   70
1580   60
2641   80
3809   80
74458   60
5418   90
1954   90
146656   70
1376   80
68358   80
8371   40
2288   90
112852   80
1198   100
96737   80
4571   80
44   40
41569   60
95875   50
164179   70
592   90
6502   80
1200   90
78105   60
5   60
1374   90
5266   30
6874   90
2699   60
32   70
4878   100
3555   70
1206   40
3578   100
2324   70
1918   60
1129   80
5944   60
1214   90
1587   80
4963   70
2411   70
2302   60
2422   50
2   80
7310   70
3210   80
111781   60
57528   60
913   90
82461   60
2804   90
34405   80
1378   80
3793   70
2072   90
6934   30
3526   60
108190   20
1387   100
5049   70
2762   80
2145   60
1257   80
1375   60
79057   60
8633   70
2144   70
3698   60
48394   30
6156   30
130520   20
1036   90
7153   100
110553   40
134853   60
329   70
91542   90
88744   80
136020   50
91529   80
2005   90
6711   60
6377   70
8623   60
7007   60
2194   90
1197   100
1265   90
2003   70
3527   100
6947   80
2794   60
2273   50
2268   80
7373   60
1250   100
3552   80
4776   80
3441   90
2796   70
1784   60
2478   80
3753   90
4105   70
8783   60
32587   60
51540   70
1970   50
786   30
3253   60
54256   40
1278   70
44199   50
555   50
101864   40
356   80
39   60
539   60
30810   60
2858   70
2763   50
45186   70
76251   60
111759   30
116823   50
2355   60
3275   80
5152   80
7438   80
80489   70
2420   90
106002   50
589   80
58559   100
7147   60
110   100
91500   60
4993   100
51255   80
122904   40
3105   80
4816   60
296   90
2404   60
1994   70
6365   50
2012   70
1485   60
107406   80
3087   90
2028   90
318   100
7445   60
6188   70
54286   90
4085   80
4980   60
60040   60
1552   50
2916   60
377   70
2476   80
54503   70
95167   50
95207   60
34   50
5989   60
3317   80
1393   50
53322   60
204   30
608   60
434   50
47   90
5956   60
2294   40
4623   80
8361   60
76175   40
1213   80
1967   80
122900   70
160438   40
1721   60
4509   70
6539   90
3702   80
8529   40
69526   20
485   50
457   80
2001   60
1275   90
5464   60
51662   70
1371   60
8636   70
1380   40
8665   80
2455   70
3499   60
260   90
101362   40
112171   60
2502   90
59784   70
924   80
2717   70
34319   40
3740   100
1345   60
1777   60
551   70
1073   90
3471   80
6378   40
586   70
349   60
1333   70
63859   50
45431   40
52281   50
1372   80
3869   70
293   80
5541   90
1974   60
1127   60
33493   70
2640   80
56174   50
1291   90
4886   80
2109   90
3081   70
2402   80
1408   90
1674   60
4223   70
86332   80
2373   50
1240   80
4979   100
2375   60
134130   70
3114   60
93840   60
115210   60
79139   40
4499   70
71535   90
30793   50
50872   60
1704   80
7387   80
104879   60
94864   40
3489   60
1258   90
1230   80
122922   50
88140   70
1222   90
108932   70
139385   70
99114   60
52604   70
4262   80
1196   100
3255   80
51412   30
166528   80
1089   70
5378   50
84392   40
41566   60
596   80
1210   90
136864   40
919   70
57368   60
102125   50
2403   90
253   60
4489   70
91485   50
1   80
2161   60
2628   40
6664   70
4128   80
52973   50
2529   80
2413   80
50   90
48780   70
1263   80
48516   90
115617   60
2997   60
1282   80
122920   70
370   60
1321   80
2409   80
593   80
673   40
3448   70
8961   60
79695   50
138036   80
1347   70
48304   60
442   50
1573   50
59315   70
109487   60
33794   80
3994   80
59615   50
103042   60
653   60
2617   70
316   90
2815   60
105468   50
2716   100
2416   70
2134   70
95105   40
5349   70
216   50
1252   90
8874   80
7143   80
5500   80
5283   30
86298   30
2791   80
106489   70
46578   70
3948   50
1370   60
7458   80
81564   40
4641   80
122882   90
4369   50
145   60
2808   60
2378   70
87232   70
367   40
562|168
3481   80
78499   90
4306   100
4886   90
1214   90
2942   80
5669   80
57274   70
58047   100
70336   70
97921   90
1196   60
61240   100
68157   80
2648   70
1097   70
7293   80
2762   80
93840   100
30749   70
1197   100
1302   90
3578   70
3448   80
7340   80
1   90
1961   100
590   50
2641   60
150   60
6539   60
4018   70
6874   90
71899   100
7160   80
968   90
88129   60
65088   70
7079   90
2490   60
79132   60
6868   70
2459   80
1393   70
2248   100
6323   90
74324   90
2717   60
2804   20
2918   100
2355   80
5618   80
58559   80
539   90
5296   80
32587   90
1285   90
4219   80
4823   100
3147   80
1061   70
2985   90
7294   70
2797   90
5064   80
5294   100
4995   100
27667   60
1500   80
3863   90
2881   90
588   80
1974   90
4545   100
595   60
64969   80
3897   80
1997   70
1962   80
2396   90
84374   70
1784   100
2005   100
80831   80
6975   70
1968   100
2406   80
1333   80
2664   60
2485   100
3727   80
91485   80
5989   80
1653   90
2908   80
2654   90
2916   80
2003   90
2424   80
296   100
6731   70
2231   90
110   80
3949   100
68135   70
55118   90
56941   70
7360   70
1921   70
5299   60
1682   100
53996   90
49286   70
589   90
4936   80
4621   90
678   80
455   80
2046   80
44974   100
50   80
56949   90
5377   90
1275   100
2871   80
2858   100
364   100
5810   100
5620   60
4133   70
1297   70
82041   90
53468   80
82167   70
1704   100
2571   100
3006   60
87306   80
223   80
593   100
2379   70
2144   80
27317   80
1527   90
8633   70
2000   100
4034   90
2232   100
66203   70
4128   90
6502   90
2145   90
100306   70
1258   80
99007   80
26357   80
3510   80
1129   60
4720   80
1290   90
56339   70
4963   90
4442   90
527   90
56757   100
2959   90
1387   70
53519   60
563|154
32289   70
6266   70
1566   70
80241   60
134393   90
68135   50
5066   80
3882   60
78264   60
111113   60
68954   70
96975   70
40629   80
7444   70
1367   60
2125   50
45720   80
54734   30
2   50
53466   60
114601   70
112788   60
70293   70
91104   30
3791   60
72919   60
88810   80
109483   70
4025   80
69122   50
2059   90
81845   80
119145   80
70183   70
52975   70
77414   70
75805   60
6732   100
47516   40
88405   60
56367   60
46578   50
107141   80
44225   60
80860   70
115667   70
2052   80
6619   60
34   40
2144   80
6535   50
91500   70
101612   60
88163   70
72641   80
2950   40
8869   60
595   80
74324   80
2248   70
40815   70
56949   60
112552   90
4154   80
74688   70
129354   60
86548   70
52287   70
49286   70
80549   70
1028   90
80551   70
82152   70
53974   60
95441   80
62718   50
1270   70
74868   70
4447   80
84374   50
81591   80
63992   20
91628   50
31433   70
71668   60
56941   60
3967   80
6958   70
98203   20
92259   70
1029   70
6593   70
94325   80
50802   50
616   80
74154   60
1073   80
60397   70
70599   70
110771   60
914   80
1035   100
1247   70
1033   70
90524   70
134853   80
7316   40
117176   70
114662   70
58998   50
5618   80
4017   60
109895   50
33669   70
1017   70
43930   60
69606   70
105844   80
104906   80
106100   70
72407   50
4246   60
4700   70
59333   60
1907   70
134368   90
912   80
42732   70
104863   70
6765   60
2485   60
61250   30
8643   60
8808   70
47518   50
88785   60
58347   40
97921   70
106487   70
7320   50
72737   80
2324   80
139747   70
5991   70
85056   70
33836   40
118900   70
7142   60
1968   100
1537   70
899   90
6155   60
100527   80
111617   70
564|109
104374   80
97921   70
69406   100
90405   40
159093   80
79428   70
7173   70
88785   80
48385   60
85414   70
68135   80
51084   70
158238   70
140110   70
150548   70
96110   90
73319   70
103883   90
102123   50
5299   70
8807   80
80860   60
4246   70
3948   80
40581   80
90522   80
39   70
6155   60
7317   80
119145   80
152083   60
149352   80
7346   70
5377   80
2273   60
6863   70
6936   70
7451   100
160271   70
2706   80
58803   70
112138   80
82167   60
3617   80
129354   70
70641   90
136598   80
46970   90
106330   40
64957   30
6942   90
107348   70
88812   70
102993   70
148626   70
1923   80
69122   70
84374   60
134368   70
58047   60
140711   80
2572   60
55245   60
35836   70
76293   70
135861   60
2012   80
104211   100
63479   80
113453   60
37384   80
106782   60
111617   80
1968   80
94323   60
118924   60
115617   20
61132   30
81537   80
5283   70
57669   60
52973   60
93326   50
71535   70
111659   20
69278   90
138036   70
109372   60
8641   90
79592   80
67734   100
58998   80
95441   70
318   60
151315   80
69757   80
88163   100
58655   100
119141   90
539   60
70183   80
111113   80
1307   100
80549   80
46976   50
44193   60
45720   70
88672   70
2011   80
565|18
380   80
592   40
296   100
150   60
357   80
32   100
527   100
344   60
356   80
457   80
34   80
597   60
588   60
420   60
377   80
165   60
474   80
300   80
566|47
592   60
736   80
235   40
50   100
434   40
32   80
364   40
21   80
480   80
261   100
7   80
509   80
256   60
590   80
539   80
57   60
17   100
236   80
161   80
442   80
377   80
253   100
266   80
367   80
150   60
337   60
468   60
1027   40
165   60
587   60
454   100
224   80
597   60
11   100
25   40
368   80
110   100
296   80
316   80
300   60
144   60
208   20
551   20
527   100
349   60
292   60
457   80
567|292
68319   30
142488   50
50   20
1   70
5349   50
1907   30
3671   90
138036   60
119145   60
166526   20
108689   10
3266   100
356   60
135536   10
8874   50
91079   20
167746   70
3994   80
122912   60
109487   60
82461   50
91630   50
5618   40
149406   40
122892   40
106002   40
1653   60
111781   50
7361   100
135288   60
107406   60
34   50
122900   60
51255   60
89745   80
71530   10
103596   10
179815   30
2628   10
101362   30
2355   50
71745   60
90866   50
6214   60
2384   40
114627   70
95105   50
136864   30
160980   40
104076   10
160438   30
8961   70
143367   90
180031   80
89774   50
161582   10
51573   60
2731   70
135436   30
2792   50
480   40
148626   60
178827   70
6669   70
164179   80
143385   20
102800   50
179491   20
106766   80
145839   30
903   10
95510   40
8477   100
108945   30
87306   30
103772   40
56782   100
78499   40
77561   40
1237   70
110127   10
111759   50
95167   40
71438   20
260   40
141668   10
97836   30
3114   70
33493   30
179819   40
25771   100
122916   60
102880   10
118700   40
115617   40
104337   30
68954   60
79132   60
152063   10
108188   30
117895   10
750   60
146656   70
102445   40
108190   10
106696   10
114396   30
26052   30
63062   70
1704   60
112911   30
157200   40
156726   10
308   50
118702   40
7153   60
110655   30
3424   80
97913   50
111362   60
140174   60
91535   50
4552   70
3676   100
117887   70
112552   70
112290   10
179749   30
74791   70
32898   70
1921   60
102088   40
114554   20
83349   20
32031   50
103141   50
163645   60
91500   20
104944   70
82854   10
81847   40
51077   20
148881   100
86332   30
45431   40
5952   60
122882   80
170945   70
3742   10
110730   10
88356   10
135133   30
6534   10
924   20
60069   60
65261   40
166534   50
122906   30
156605   90
5378   10
4144   90
99764   100
157296   30
111364   30
105504   60
65188   50
87520   30
91126   30
164909   60
1916   100
7024   80
122898   40
49389   20
92938   30
103249   30
110553   20
168418   40
4437   30
106487   50
142507   50
176371   100
109569   10
155288   70
71899   100
112175   50
152077   60
134170   90
112421   90
130576   50
104074   10
65802   10
32892   10
90647   30
166291   60
30810   80
91094   30
88744   30
5673   70
63859   50
3134   60
58301   90
79091   10
86059   30
2138   90
2232   20
72998   20
152079   10
122926   80
1260   80
101142   50
87232   50
52722   50
141890   60
141866   60
48780   70
8636   70
118997   20
114180   20
673   40
74530   10
127298   70
59315   60
168252   80
101025   20
102125   60
33794   50
4993   60
99149   50
122920   50
96079   60
92234   30
177765   30
182823   20
150254   40
112852   70
122246   10
151455   40
103384   30
1203   90
103335   10
143355   30
93272   30
1197   50
541   70
26171   10
59615   20
166461   10
60040   30
117529   40
159093   20
136016   20
174055   70
116797   60
139385   60
183897   70
130490   10
2081   30
364   50
34150   20
168250   40
78893   20
161634   60
8335   70
110603   10
5502   40
50872   80
106491   10
3000   20
34048   20
25782   10
134246   10
94959   70
57502   80
5028   40
90890   10
105468   40
134853   40
166705   60
48982   50
5971   40
112370   30
86882   30
57504   60
87430   20
76175   10
72294   50
82684   10
101   60
108932   90
64993   50
109578   40
122918   70
569|12
377   100
344   80
10   80
349   80
153   100
165   100
590   80
480   80
185   80
296   100
356   60
595   80
570|136
1923   70
111   60
3897   60
316   70
1200   80
11   70
2028   80
4878   90
1387   60
2762   80
3114   70
3578   80
2997   70
1961   70
442   50
1580   80
1704   70
2571   90
7254   80
1625   80
53125   60
2628   70
2139   70
1   80
1376   60
1407   50
2618   70
1233   70
2716   70
318   80
788   40
2000   70
1080   70
1784   80
34   70
48738   70
95   50
653   60
1674   70
1610   70
3052   70
597   80
923   50
1246   70
508   70
260   70
150   80
1199   70
1653   80
454   70
5349   80
520   30
2706   60
1358   60
1210   80
6333   80
47099   80
1527   80
1968   80
1127   90
7153   70
1396   80
1393   70
434   50
708   70
293   70
2640   60
165   80
1097   90
25   80
253   60
1193   60
2916   60
2987   60
49272   80
49530   70
2353   60
2012   60
2115   80
2797   70
509   70
6539   70
805   70
1584   90
1219   60
5445   90
353   60
736   80
52328   70
903   50
1206   70
141   50
3481   70
1485   60
1262   60
329   70
780   70
1270   80
2054   50
33794   70
1291   80
282   60
345   20
186   10
357   80
349   80
161   60
1101   60
1307   70
48780   70
2841   80
1197   80
2858   80
5989   70
410   40
5902   80
4226   80
1258   60
4020   70
231   50
1214   70
1682   70
920   50
3147   80
1036   80
367   20
1234   50
858   60
648   70
2710   50
32   80
39   60
1917   60
778   80
3994   70
48774   80
571|73
3018   20
2614   20
1973   40
2148   40
2868   20
1322   40
3499   80
1623   40
1407   100
152   40
426   60
366   40
1219   80
1328   20
2119   20
3024   20
1971   40
1340   60
1969   60
2716   60
2790   20
1339   80
1355   20
1196   60
1977   60
1323   40
2901   40
3016   40
2517   60
1999   20
1350   100
1270   80
253   100
3660   20
1981   60
3706   20
1214   40
1324   20
2789   60
1345   80
1333   80
2793   40
2193   60
2454   40
2654   60
1329   40
2163   20
2513   100
2465   40
3550   40
2149   20
1387   100
1991   80
1717   60
1976   60
2787   60
1269   60
3072   100
2122   60
1979   60
2746   60
724   60
3021   40
1994   60
968   100
2878   40
2120   40
2655   40
2740   20
2553   40
2456   80
2160   80
2867   100
572|108
1610   100
1124   80
648   40
2433   60
1291   80
1233   100
1204   100
912   100
1663   80
969   100
1917   60
1954   80
1193   100
2724   80
2476   80
1196   100
1267   100
953   100
1299   80
2761   80
1235   100
2352   100
2819   100
480   80
3037   100
3074   100
1569   80
2243   100
2013   20
1387   100
3011   60
357   80
1228   80
1945   100
2303   60
1210   100
2396   80
1964   100
1230   100
3169   80
858   100
2919   80
908   100
1077   100
1252   100
1208   100
2289   60
1287   100
924   100
1374   80
1641   80
1682   60
2716   60
1304   100
1293   80
2028   100
1952   100
318   100
457   100
1292   100
1221   100
1950   100
539   100
260   100
3552   80
902   80
150   80
2406   60
3068   100
852   60
590   100
3093   100
2336   100
1276   100
2763   80
1220   40
1079   100
2671   80
1061   100
527   100
1674   80
1056   40
3114   80
2145   40
1958   80
300   80
3072   80
1894   60
62   80
1288   100
1250   100
1265   20
1183   100
802   60
2394   60
608   80
1173   20
593   80
736   40
356   80
3135   60
1086   100
1704   100
1408   60
1693   60
1259   80
2355   100
1234   100
573|223
47   100
53972   90
8360   60
62849   80
1370   90
10   90
2   90
50   100
4776   90
1198   100
91658   50
4262   100
260   100
4105   80
1214   90
5903   100
1089   90
8950   100
1193   80
43679   80
8636   80
5956   60
51662   90
8874   90
6188   90
86332   90
3751   90
5349   100
3999   80
7445   80
2005   100
91529   100
3996   10
4979   80
377   100
52722   50
42723   80
69122   90
1411   60
1213   90
1291   100
7143   80
69481   80
35836   100
86345   100
2628   70
2403   90
4886   80
1625   90
2858   40
1197   60
4720   90
68659   90
480   100
60684   100
45722   100
3948   80
1923   90
3793   90
3114   100
1527   90
44199   10
593   90
52712   10
4226   100
79132   100
85414   90
153   30
1090   70
96610   100
2683   80
2011   90
1210   100
2959   100
733   90
5010   100
1801   80
2985   90
1387   90
1573   90
296   100
102125   100
33794   90
1276   80
1407   90
92535   100
48780   100
1136   90
780   100
4816   100
59315   90
500   100
2791   100
36529   90
7317   90
2700   90
7360   90
34405   60
736   90
69526   30
1391   30
87232   100
6   90
3578   70
33162   90
54503   100
68319   40
6934   60
4306   90
745   90
4993   100
58559   100
58998   90
48304   80
333   100
1917   60
1   100
2761   100
66097   90
8641   100
2706   90
2720   10
61024   100
51255   90
367   60
2167   90
5110   100
163   100
4878   90
69784   90
6373   90
592   90
99114   100
60040   80
595   90
7153   100
318   90
88129   80
6539   100
53464   50
6586   80
5254   90
109487   100
26471   100
1485   100
5445   90
4718   90
2571   100
5952   90
1517   90
5989   80
1259   80
788   90
53000   90
2617   100
4388   80
1221   60
50068   60
68358   90
5064   80
653   60
70286   100
4239   100
1721   30
60072   90
1080   90
6333   80
2762   80
5502   60
52973   100
80463   100
165   100
48385   100
457   90
1196   100
8361   80
2329   100
5378   60
4022   70
1036   100
53125   90
588   90
6874   90
1278   90
2394   70
185   70
30749   70
8376   10
2092   80
1270   90
110   100
63131   80
5093   40
919   80
6377   80
41569   90
112852   90
8783   40
8528   90
8798   80
2542   100
4011   90
2502   90
2094   50
49272   90
2701   10
1148   100
8985   80
94864   90
7482   80
1377   80
104   100
3617   80
8961   90
150   60
74458   90
6365   90
64614   90
6378   80
52458   70
49530   80
1200   80
364   90
575|22
2560   60
2496   60
2571   80
2541   60
2583   80
2538   20
2599   80
2606   40
2623   20
2501   60
2622   100
2497   60
2587   40
2568   80
2558   60
2567   80
2436   60
2629   60
2506   80
2504   60
2505   60
2500   20
576|12
1261   60
1223   80
2826   90
1231   40
372   20
2723   80
327   50
3082   90
1345   80
29   70
1188   20
720   60
577|112
1214   80
457   80
1939   100
1690   60
2420   60
1220   80
88   60
2115   60
2094   100
2046   60
3153   100
1200   60
1233   60
1077   60
2146   80
2804   80
2639   60
527   100
780   60
2023   80
1240   80
380   80
3143   60
2245   80
593   80
2985   60
2528   80
1203   80
1580   60
969   80
920   100
1263   80
592   40
1221   80
1231   100
1674   60
1303   80
2470   60
2640   80
1090   60
1197   60
2410   60
2815   40
1573   60
1030   60
1287   100
2013   60
1320   60
1275   80
1615   60
1210   80
356   100
2054   60
3168   40
1291   80
1096   60
1019   80
2529   100
2657   20
541   60
2145   60
1375   60
2161   40
1036   60
3066   80
1253   80
2366   60
608   60
1584   80
1222   80
480   100
2421   40
377   60
1387   100
435   60
2947   100
316   40
1196   60
1094   40
318   100
1293   80
1272   100
3035   100
923   60
2474   60
2942   40
1959   80
2028   100
1259   60
2455   40
858   100
5060   80
349   60
924   60
1968   60
2916   60
1958   60
2949   80
2374   80
2476   60
1097   80
908   100
1250   100
2114   80
1960   60
2411   60
2527   60
1127   60
2641   60
2264   40
590   100
110   80
578|16
56389   80
49772   100
2496   90
81845   100
5309   90
613   60
3155   90
7395   80
45720   90
7323   80
5092   70
78316   80
68269   90
58154   90
76251   90
81562   100
579|46
2496   80
34   60
2053   60
1032   60
1588   80
1580   80
1909   80
367   80
2676   60
538   60
1688   80
207   100
2096   80
3176   100
2387   20
1608   100
2571   100
2324   80
3453   40
3114   100
3512   60
3082   80
2471   80
17   100
1   80
110   100
780   100
1569   100
2763   80
2431   80
2028   60
2762   60
3273   80
2078   40
3408   100
597   100
2355   80
1680   100
2724   80
3034   60
2396   100
480   80
1831   60
1923   100
527   100
48   80
580|332
2009   60
2858   100
2745   80
5952   90
912   10
1784   80
6539   80
3186   80
6283   40
26819   50
44195   50
588   40
70   100
172   70
316   80
53996   100
46530   60
4011   80
4995   70
745   80
6365   100
849   70
41566   70
1213   80
2527   50
10   70
2571   100
1921   90
22   80
839   90
2167   90
36529   70
45668   60
5991   40
45186   90
327   40
8427   30
435   50
208   80
8983   80
1183   80
3114   70
1584   70
3698   70
5254   60
25850   10
7649   70
37382   70
223   70
32587   100
45722   90
1148   60
25   80
2692   80
3535   60
37386   80
8371   100
47   100
2641   50
3986   80
532   50
2115   70
8798   80
527   60
5502   90
110   90
34405   100
1380   70
329   80
8949   100
2021   90
1097   60
2393   70
7371   80
7980   70
8644   90
1198   90
3267   80
8873   80
5418   90
3275   90
50   100
34048   80
32   100
51662   100
442   60
37733   80
2159   50
8950   90
1967   70
592   60
1961   80
2311   60
1222   100
2360   90
37240   40
919   40
153   40
5881   70
1127   80
7349   60
5782   40
952   60
8636   60
1   60
1089   100
2762   90
2012   60
1249   70
7143   80
5445   90
2294   80
1263   60
1625   80
51935   100
49272   90
3551   50
589   80
33004   80
5329   70
6807   60
318   100
8494   10
5319   70
4973   90
4878   80
5522   50
2542   90
8961   90
41285   60
30707   90
8970   50
4262   80
3996   90
4235   80
1246   80
367   70
5410   60
1408   70
1079   80
5903   100
6303   60
2467   70
1653   80
4975   60
3556   100
6879   60
1221   80
4963   80
3175   50
224   70
2117   80
4306   80
924   70
2788   80
3052   70
1544   60
8370   80
6342   40
7153   80
1860   70
6934   100
4367   80
4239   80
3156   50
541   100
3994   90
5481   70
36517   80
1374   80
1080   100
1682   90
4027   90
2407   70
8236   10
30749   60
7810   60
2194   50
8228   10
1356   80
6333   90
5902   70
2716   80
292   60
2186   10
6305   50
6300   100
6   80
3703   80
5828   50
1617   80
780   60
4034   80
1210   80
1262   10
5679   90
2594   80
2539   50
6377   90
5878   80
260   80
8665   50
6643   10
6003   70
1254   10
7090   80
1676   80
6874   100
1291   80
7361   80
111   80
5876   60
4103   80
5669   80
2162   30
3527   70
2528   40
1260   10
485   50
7834   10
1196   80
4014   80
37731   70
1479   70
3032   70
6502   90
1203   10
2529   60
5444   60
1240   70
3070   40
3893   70
8360   80
6294   80
45499   90
364   60
8800   90
1590   70
2916   90
7445   70
56174   90
1377   60
4370   60
1250   10
2600   80
1136   100
34150   60
1441   60
1214   80
6287   50
5816   60
51412   90
1965   70
293   100
3176   80
3702   90
2986   60
7254   70
1339   80
5630   80
2827   70
4776   70
16   90
1884   100
1603   60
1876   60
4848   80
6692   40
4226   100
34162   30
2011   70
40339   30
6537   80
48774   100
653   60
53000   70
1234   40
5349   70
2028   100
2686   70
337   80
30793   60
7579   50
1357   80
6770   70
33493   100
5617   90
2671   80
231   50
4901   80
353   80
25825   10
3204   60
33794   100
1527   90
38061   80
45447   80
47644   20
6461   60
1923   80
53972   90
6711   100
3147   60
7001   50
908   30
44191   90
2105   70
3481   80
4148   80
1376   70
7318   50
2346   60
2355   70
6016   90
48385   60
27674   80
1193   80
8092   60
3681   60
350   70
4310   70
34319   80
6985   50
8730   90
5954   80
858   90
6787   70
1960   70
3949   70
1208   70
48516   90
2532   50
581|25
134130   80
2959   90
4896   100
5349   90
2571   70
8368   90
59315   80
68954   80
79132   90
318   100
7361   100
4226   90
44191   90
5952   90
81845   90
7147   70
2762   90
4993   90
5816   100
60069   80
5989   70
48394   60
112552   90
356   90
4022   90
582|35
260   80
92259   100
79132   100
60069   80
44191   70
81834   100
109487   90
99114   90
122886   90
109374   80
81229   80
49272   90
97913   60
68954   70
91630   80
81564   80
89745   100
74458   80
48780   70
91658   80
73321   70
96610   50
91500   80
68358   90
40815   90
134130   80
68157   80
1196   80
85414   50
88125   100
58559   90
79091   100
77561   50
54001   80
102125   90
583|35
239   90
39   100
69122   60
99007   60
1777   70
356   80
216   80
7293   80
4306   60
588   70
2541   70
6188   60
149354   80
4016   80
2485   40
1380   60
2687   60
6619   60
296   80
133419   80
96588   80
2059   50
35836   60
76093   80
63131   50
2572   100
80549   80
44193   70
1732   70
64969   60
99117   40
3988   80
1088   70
106696   60
71535   60
584|52
435   60
218   80
293   60
329   80
47   100
595   100
186   100
440   100
292   100
110   100
276   60
477   80
592   60
1   100
339   80
344   20
410   60
585   60
261   100
253   60
10   100
208   80
153   60
173   80
256   80
196   80
161   100
508   100
150   100
204   80
454   100
380   100
160   100
158   100
588   80
420   80
474   100
227   80
300   60
736   100
442   100
39   20
367   60
457   80
60   100
193   20
356   100
236   80
185   100
364   100
589   100
252   80
585|38
1089   90
74458   100
904   80
3424   90
223   90
2447   80
58559   80
64614   90
80463   90
175   70
3246   80
555   100
68157   100
32587   80
1466   90
858   100
4262   60
2329   100
1895   80
16   100
2076   80
3275   80
1476   90
4878   60
3362   80
3861   80
55820   90
1222   80
5954   80
7445   90
431   80
4011   100
66097   80
55765   100
1213   100
88   80
111   90
48516   90
586|150
58559   90
3175   100
2006   70
4963   80
72737   70
59501   80
587   80
4958   80
589   100
318   100
102125   90
176371   50
87876   80
122924   90
110130   80
84944   90
122922   100
60069   100
33615   100
67408   80
135569   80
82169   90
7143   60
45517   100
166461   100
96079   70
1833   80
59784   100
95167   100
86298   100
8368   100
8644   60
122912   90
97225   80
122926   100
63859   100
168   70
166643   70
1210   90
77561   100
76093   100
6373   80
106696   100
59315   100
95510   90
6539   100
152081   100
116823   90
58105   80
5944   80
832   80
33794   80
122906   100
5418   70
2028   50
2393   80
98809   90
2571   100
733   80
1200   100
42738   90
79091   100
4886   100
1221   60
2490   100
1704   100
94985   80
1784   80
108932   90
1374   100
111362   90
59369   100
177765   80
2353   100
120635   100
527   50
89745   90
179819   100
168418   100
166528   90
7153   100
118696   100
122896   100
5459   90
160438   100
87222   100
162606   80
79139   80
103335   90
786   80
1073   90
5882   70
6333   100
173291   90
457   90
1097   80
187595   100
110102   100
185   70
1376   90
93272   100
173145   80
2268   70
122890   80
106487   70
316   80
1597   80
81845   60
86880   100
68954   100
168252   100
3081   80
50872   100
78499   90
5400   70
1265   90
6365   80
45431   100
3986   80
135133   100
96861   100
101142   100
553   90
69644   70
41566   90
110   100
3448   80
161   90
91630   80
111781   90
3114   90
2762   60
102445   80
1196   90
440   80
120799   80
858   60
1580   100
81847   90
54286   90
339   80
1198   100
33493   90
122918   100
4489   80
539   70
122904   80
112852   100
2916   80
91500   70
587|116
21   80
2539   20
2858   100
205   60
1948   80
2144   80
2300   20
2259   80
933   80
3450   20
1747   20
2393   80
1135   80
3469   80
1302   100
2324   100
913   60
1   100
2352   100
1614   80
838   80
2997   80
2716   100
1772   80
1367   60
1080   80
1374   80
3421   20
1580   80
2870   60
1307   100
1544   100
2406   80
2054   60
2108   80
2247   60
141   80
2874   80
432   80
1028   80
3244   80
153   60
1235   80
2469   80
2918   80
1244   80
2336   100
2797   100
2738   80
1193   100
235   80
342   80
2605   100
3037   100
1256   20
2471   80
2470   80
515   100
1073   80
3451   100
1270   100
590   100
50   100
1883   80
1371   80
1238   80
1958   100
3426   80
934   80
2080   80
3449   80
1345   20
830   40
3363   80
1292   80
1597   80
1172   100
3402   80
2731   80
58   100
500   100
345   80
2000   80
1373   80
1094   100
440   80
3468   60
3361   100
3436   80
2657   100
1356   80
597   80
3130   80
3358   60
2436   100
3471   80
2151   100
910   80
2239   100
3114   80
2779   80
252   80
3445   60
372   80
1079   80
2302   60
1101   80
2001   80
356   80
1184   80
1259   80
3403   80
3388   60
3414   80
3404   100
1375   80
588|35
592   40
454   60
204   40
25   60
175   80
225   60
165   80
147   60
778   100
367   20
47   60
10   60
428   80
208   40
344   60
380   60
431   60
457   100
217   20
434   60
150   60
590   60
316   40
21   60
527   80
733   80
300   80
292   60
349   80
36   40
318   100
333   80
766   60
161   80
22   60
589|25
780   100
1084   80
296   100
150   80
376   100
529   60
509   80
736   100
356   100
235   80
300   60
36   100
193   60
282   80
231   80
531   60
185   60
1173   20
1097   80
508   80
350   60
357   80
111   100
25   100
454   80
590|566
44191   70
3751   70
4816   50
3552   80
41569   70
1270   90
58103   50
7132   90
1374   90
64839   70
3034   70
922   80
2861   60
2410   60
2422   40
4306   80
909   80
26198   60
49651   60
500   50
1240   90
2701   50
2300   80
59369   60
926   80
1777   50
3968   40
2948   80
1597   60
43871   50
51935   60
296   90
36   70
1262   90
8167   80
1245   80
3827   60
4447   60
2989   50
2081   80
349   70
4571   60
1136   70
5378   60
2013   50
3994   50
1197   90
805   70
1894   60
4310   50
3253   70
7367   50
69844   80
1302   80
4701   50
2023   60
2099   60
915   70
4995   80
2115   70
1013   60
68954   80
2194   80
2599   60
34150   40
8368   80
1246   70
908   100
6934   40
318   90
7153   90
762   40
3508   80
3785   30
5010   70
3507   70
1127   70
586   60
2716   80
1923   50
63082   90
3255   80
3334   70
4710   70
72998   70
45722   60
1089   80
2176   70
955   80
6378   60
49530   60
34048   50
2529   100
2944   80
2542   70
1359   40
3868   60
6212   30
1304   90
8864   50
33166   80
7013   80
3254   60
2683   50
552   60
4015   30
3638   50
1580   70
48780   60
2959   70
4246   50
750   90
3755   50
3088   80
3386   70
3275   80
3360   80
150   90
1391   50
6188   50
4855   70
3742   80
168   60
7373   50
2324   80
1371   50
524   90
1266   90
3398   70
60069   80
6874   80
1200   90
72641   70
3836   70
260   100
47099   70
2006   70
60766   80
1210   90
19   40
1333   90
5299   70
2080   70
2664   70
2987   60
8360   70
2078   90
913   90
17   70
1610   90
852   60
596   80
61132   60
32   60
1390   60
1221   100
1093   50
3082   60
1252   60
6   70
8529   50
6787   80
3623   50
3753   80
3681   70
3033   80
3948   50
919   100
4270   50
4963   70
7386   90
5313   30
2762   70
4878   60
11   60
541   90
68157   90
2947   90
1254   80
6166   40
1307   60
2193   70
3035   80
1644   40
1569   50
942   80
2268   80
364   90
2455   70
2   50
53972   60
6783   70
933   80
1792   70
2916   60
1527   60
153   50
33794   80
3793   60
2302   80
31685   70
920   100
4041   80
46965   50
2908   70
2953   50
367   60
4718   20
597   60
1320   40
7573   50
2066   70
7056   80
3365   80
26614   70
2338   20
2183   70
4616   70
2640   80
3256   80
2010   80
55247   50
1228   70
1084   80
2657   60
590   60
350   50
1204   90
2617   70
2058   70
10   70
5481   30
2863   80
3363   70
48738   80
73023   80
1393   60
163   60
1732   80
858   100
1961   80
33615   60
2396   80
4369   30
71464   60
4874   60
648   70
1208   90
551   70
2329   60
2028   80
1   80
969   90
8491   80
1954   90
7036   60
5103   60
3146   20
5944   40
64620   80
7840   80
2643   40
49272   80
63113   60
7147   60
1690   40
1997   80
1358   80
1617   70
4361   90
2571   80
370   50
6753   60
8376   60
3654   80
923   80
953   100
1090   70
3052   50
5956   70
940   100
2083   70
1641   80
3196   80
4803   70
4011   80
51077   40
4247   30
4262   90
1253   100
1247   80
8965   60
3175   50
4321   80
1485   50
593   70
2642   40
6987   70
5989   70
50   90
5064   70
1676   50
4489   70
4643   50
32587   80
2389   40
2694   30
5502   60
7980   80
4974   10
303   60
355   40
3519   70
2412   30
457   80
5679   60
3039   60
69481   80
1214   90
1012   70
3704   50
3248   50
1259   70
2724   40
2858   60
2100   70
6539   80
49278   60
1097   90
1474   20
6365   60
1213   80
2628   50
1198   100
7324   60
2000   70
59315   70
30707   80
1028   70
4153   20
784   30
7059   70
70286   80
6942   70
4776   70
58998   60
8874   60
6373   50
3864   30
165   60
52435   90
35957   60
3504   80
2918   80
4344   60
1385   60
1032   80
2137   70
56788   70
377   60
3471   90
45499   50
61323   60
1219   100
4677   70
2393   50
2340   70
1722   50
2011   60
3639   50
54001   80
6534   40
1974   40
2160   80
1148   70
3148   70
1086   90
8961   80
5401   20
2991   60
1212   90
7143   60
72733   80
4018   50
592   70
3439   50
1950   80
3361   80
40583   70
1948   60
4954   70
3071   70
186   50
1287   90
104   70
8644   60
4367   40
6957   50
3984   50
921   70
4022   70
1377   50
2012   60
1380   60
585   40
60040   60
2728   90
5693   60
1584   60
7325   50
52287   60
4545   60
161   80
3977   50
910   100
3468   90
7076   70
1375   70
6565   70
1945   100
53953   50
3979   20
2411   40
1356   90
45186   60
5572   60
3730   80
2699   60
3702   60
2291   70
837   50
6377   70
1269   70
34072   70
3081   60
3   60
2804   80
54995   60
6281   50
41566   60
1372   80
2186   80
72011   80
2321   60
7458   60
6936   50
5816   70
5449   40
60074   60
5388   70
368   60
520   60
59615   60
1101   60
3098   70
3435   80
3438   60
7570   40
30793   60
3070   50
68358   80
1387   90
2706   50
785   30
4299   70
1196   100
379   40
1124   70
5308   50
2915   60
6333   70
1201   90
2420   80
3996   70
333   50
2539   60
1258   80
1293   80
1964   70
7438   80
480   80
1231   80
553   80
1721   70
1344   70
42002   50
2763   60
6357   60
5434   70
1552   60
25825   80
277   60
2022   70
52281   60
4025   50
3489   60
1982   80
58559   90
1587   60
27831   70
1234   80
317   60
4558   60
1962   80
2470   60
44665   70
26152   50
60684   60
6537   60
3189   70
48516   80
64957   70
5349   60
33493   70
344   60
431   80
2133   50
6870   80
1717   40
30749   80
53125   40
914   80
2424   60
61352   60
435   40
801   40
2951   80
4623   80
231   40
55267   50
1027   60
5872   40
1608   60
361   50
8814   10
1288   60
2174   50
1276   100
3362   70
508   80
2985   60
3869   50
954   100
4226   70
50068   80
5418   70
930   80
928   80
8972   50
1035   90
54286   60
1079   90
47   60
4993   90
3703   60
3871   90
5476   20
2717   50
1947   80
2605   70
380   60
6448   80
2076   70
7311   80
608   80
3988   50
591|34
2683   100
3238   20
2490   40
368   100
2882   40
3408   80
2959   40
2541   40
968   40
3174   60
2997   40
1210   100
2722   40
2995   20
3623   60
2571   100
3793   80
2763   80
3893   60
2628   100
24   40
3409   80
2581   80
3160   40
2770   60
3897   60
2694   80
2861   80
2761   80
2906   20
2485   60
3176   60
3916   80
3005   60
592|60
454   60
296   80
165   60
19   80
586   80
490   80
590   80
500   100
595   100
587   80
141   60
344   80
15   80
520   40
551   20
145   60
364   100
405   20
317   80
442   80
329   60
434   60
293   80
339   100
592   100
225   60
589   100
6   60
173   60
594   60
533   80
150   100
553   100
489   60
356   100
196   60
485   60
733   100
540   60
355   60
276   60
277   60
325   60
780   100
349   80
93   60
333   60
231   60
593   100
112   60
648   80
303   60
315   40
316   80
161   80
21   60
160   60
185   60
377   60
368   60
593|66
4995   80
4306   60
356   80
4993   90
357   40
2628   50
4973   70
5299   30
231   50
2571   50
41   80
49272   60
6711   40
1580   30
736   40
3753   40
6377   60
45722   20
1393   80
1711   60
912   100
3793   60
1411   80
33493   60
500   50
780   50
1296   100
34   80
53464   40
892   80
593   80
539   80
44191   80
50   90
1265   50
35836   90
364   70
858   100
110   60
6776   80
1721   80
318   90
1923   60
150   60
48385   60
2355   50
608   90
3996   90
1476   80
7090   90
2858   90
8784   50
1188   100
4979   50
5989   40
1221   80
2336   90
1968   30
3578   100
6539   20
2396   100
2291   60
4963   50
6218   100
5378   30
914   80
594|169
587   100
110   100
8643   100
2807   100
2340   80
7564   10
2396   80
140   90
8268   90
4054   90
7650   10
2628   80
653   100
8620   10
442   100
48   90
593   100
2059   80
762   80
5409   80
3793   90
6333   90
252   100
8636   100
1518   70
150   70
7883   10
6549   100
289   90
1876   90
339   100
2617   70
186   70
4794   10
2125   90
539   100
284   90
6765   100
6155   100
70   70
5308   100
2906   100
1580   90
1214   80
1721   90
368   80
919   80
2985   90
7032   80
2491   90
2   80
8533   80
273   60
8118   80
597   100
6754   100
6665   90
7149   90
8727   40
8035   10
2395   80
2002   100
196   80
509   80
204   90
5657   90
253   10
2986   90
3257   100
648   100
5909   10
736   80
7782   90
4991   80
377   90
6967   10
6659   40
270   90
552   100
145   80
5151   90
1225   80
6975   10
457   90
7450   90
2808   100
1393   100
6287   80
5105   10
6148   40
3   80
2706   70
6793   80
2432   90
1917   90
393   90
380   90
586   100
7742   10
6723   80
1457   90
3578   90
1240   100
208   100
7345   80
3353   90
2640   80
1036   100
1835   100
1923   80
7373   10
592   90
1407   10
1676   90
2762   80
4200   90
17   80
4517   10
317   80
1208   60
2571   100
594   80
5364   90
1687   80
1569   90
28   90
2488   10
920   90
5299   70
588   90
2000   90
2716   80
1784   60
4374   90
6577   80
165   90
4155   100
2722   80
1370   90
1497   100
858   80
1652   90
160   100
6006   100
1605   80
494   100
8866   90
2001   90
2175   90
6373   100
3269   90
497   80
7982   10
589   100
7114   10
2589   70
6417   80
1088   90
8869   100
7017   100
4025   100
1527   60
158   90
7101   70
7023   90
4827   60
1210   80
4069   100
329   80
595|12
780   80
2078   80
1094   80
2628   80
2761   100
501   80
1711   60
509   100
2336   80
1278   100
2770   60
2353   80
596|312
119145   60
2791   70
6539   60
593   80
49272   60
1046   80
919   80
166528   100
143355   90
141131   50
1210   80
153   50
61323   70
91542   70
592   70
122924   50
3438   60
96588   70
76093   90
70286   90
167746   100
2081   80
168026   80
107406   90
4370   60
59784   80
2723   70
43928   50
1653   70
4963   70
6942   70
87304   70
30707   50
1688   90
2687   80
1805   60
5418   70
5618   90
122904   80
1035   80
51077   60
4896   70
6769   60
71057   80
3094   80
6333   80
52722   50
5459   50
2393   80
27611   80
45175   80
1375   80
2485   50
3147   70
59315   70
6874   70
2340   70
45499   30
60040   60
1912   70
1499   20
183635   70
106696   70
8636   60
2424   50
136864   60
1527   70
3977   60
77561   60
86332   70
1748   90
5956   40
533   60
1192   90
2643   40
2428   70
5254   60
48780   80
1265   60
1097   80
5464   60
6502   80
4720   90
57669   100
95510   60
91529   70
3785   50
108932   70
2167   70
51255   90
1214   80
2701   30
122886   90
93510   70
4014   70
2692   80
31221   50
3114   70
1907   80
904   90
5963   70
66097   80
6870   60
1028   80
70637   80
7260   70
5349   70
33493   60
6541   60
97913   80
59549   80
109487   70
32799   70
122918   80
30816   70
169984   70
72998   60
2125   70
1562   40
106072   60
7373   70
184997   80
4979   70
150   70
122882   100
134853   90
152081   80
39183   80
98124   70
4306   80
1831   50
7438   70
111759   80
89745   70
141749   70
122900   70
122920   70
50   70
1911   60
122926   80
176051   70
3717   50
44191   70
5444   90
5991   70
78499   70
4878   100
102125   80
122892   60
81834   80
68835   70
6377   80
39   80
1704   80
69495   70
1722   40
122902   60
3994   70
81845   70
111913   90
3967   80
1377   60
3275   80
1372   70
802   70
2642   50
83349   70
6534   60
367   60
2407   80
1200   70
1270   80
181719   70
165639   70
135569   90
81564   80
6157   30
55844   70
4226   90
80549   70
54286   80
6863   60
79091   70
1882   40
27020   70
87232   70
59667   80
40815   70
3751   40
34   80
90746   70
5218   70
5971   100
260   80
162350   80
80463   60
4018   50
356   70
1466   60
34332   70
68954   70
134130   80
3000   100
6350   90
8361   30
2384   60
74458   70
4015   40
8666   30
329   60
1961   60
2288   100
6365   60
98809   70
66934   70
4366   80
60684   70
125974   80
40955   70
63876   60
102445   60
49530   50
96737   80
1876   50
171917   90
115617   80
616   80
103772   50
96281   80
1644   50
139644   70
79132   80
110553   50
3793   80
1614   60
7458   50
60069   90
7361   70
122898   70
1221   60
132454   70
102903   80
3535   80
68319   50
96821   80
1291   70
1513   70
1196   70
1198   70
2294   60
3624   70
141   70
4308   70
4027   70
58559   80
3213   80
32587   70
3996   80
527   80
168366   60
2826   60
34150   60
1036   80
1610   70
1909   70
178615   70
2641   60
595   80
111921   70
1197   70
3301   60
114028   80
2959   80
858   70
98243   80
133645   80
1801   60
120919   60
115149   80
116823   70
3440   50
4995   60
68358   80
38061   90
1136   80
97752   60
122916   100
82459   60
924   80
88140   80
177763   70
179819   70
3755   50
8874   90
457   70
7615   90
40870   70
176101   50
3052   80
1569   60
71535   70
5903   80
2985   60
2762   80
1307   70
151557   50
112852   70
1479   50
40826   70
5952   70
103042   60
64957   60
597|338
1073   100
2403   100
1247   100
1701   100
2712   60
1259   100
2523   60
260   100
2402   40
47   80
2819   100
2174   80
1769   40
2395   100
434   40
2366   100
2321   60
899   80
2414   80
492   80
2110   100
1296   100
2639   80
1721   80
2470   80
1500   100
1614   80
34   80
786   20
2518   80
2690   100
2502   80
1188   80
3068   100
1387   100
3019   100
417   80
1562   20
2522   100
1906   60
2524   80
2416   80
1214   100
904   100
1663   100
380   40
50   100
1091   80
2950   60
1307   100
1923   100
2116   80
236   40
2028   100
2735   60
440   80
1377   60
356   100
1953   60
2521   80
2290   100
2583   80
1968   100
2088   40
2186   100
2706   100
1042   80
2245   80
1252   100
1220   80
457   100
2541   60
17   60
1201   80
1278   100
2371   100
1395   80
2746   80
2505   40
1541   40
2468   20
441   100
339   60
745   80
543   60
2988   80
1217   80
2409   80
1673   100
1288   100
555   100
21   100
2474   80
1573   60
2241   100
587   80
2993   80
2023   60
2918   100
2987   100
1581   40
2457   80
2064   100
480   100
1234   100
1240   80
2734   60
1230   100
2002   40
2145   80
2369   60
1544   60
2947   80
1285   100
1272   100
281   100
42   60
2779   80
1954   100
1089   80
2762   100
2795   100
2001   80
1955   100
1124   100
2114   100
1212   60
2710   60
1235   100
1918   80
1101   100
733   20
2313   80
1079   100
1244   100
2478   60
176   80
2872   80
1197   100
288   60
1957   80
1186   100
1270   100
953   100
2956   60
2289   100
1597   60
2150   80
562   80
2951   80
2155   60
232   100
1090   100
125   80
589   100
1222   100
11   60
2640   80
1616   80
1997   100
1171   100
1172   100
2387   80
2791   100
2749   80
2407   80
2100   80
909   80
1100   20
1207   100
2921   100
1722   60
145   40
1485   40
235   80
1345   100
3072   100
1617   100
2420   80
1086   100
998   40
597   80
1194   80
1754   60
2421   60
1956   100
1569   60
2171   60
1938   80
2504   60
2301   80
2410   80
2572   60
1129   100
1479   40
1184   100
2443   60
1077   80
368   80
922   100
2916   100
474   100
1084   100
1030   40
2419   80
1748   60
913   80
1719   100
1047   40
144   40
3033   60
2539   60
1   80
1641   80
1302   100
2291   80
1200   100
610   80
1036   80
2040   80
2348   80
1380   100
292   80
45   100
3060   80
1299   100
223   60
1350   100
101   100
3037   80
942   80
1210   100
1962   80
1193   100
2359   80
2427   100
1057   80
376   80
2490   60
104   100
2134   80
1959   80
2915   100
2303   60
1964   60
1945   80
1635   100
1965   80
39   80
1231   100
2249   60
2804   100
588   80
1136   80
6   60
1883   80
1627   80
1674   100
2598   40
1267   100
2517   60
1586   80
1185   80
2683   100
2144   100
348   100
2794   40
2288   100
3067   80
2971   80
2475   80
780   20
1031   80
1648   80
1527   80
1082   80
3029   80
2115   60
2240   100
1550   20
1208   100
2273   80
1297   80
2413   80
2109   100
500   80
930   80
5060   100
507   60
996   40
2406   80
322   100
2073   60
1518   100
1221   100
1206   100
442   20
1304   100
2396   100
615   60
1777   100
2081   80
2108   80
919   80
1227   80
2770   40
2912   80
2802   60
2022   60
852   40
1344   80
70   40
1078   80
1179   80
648   80
2797   100
858   100
2989   80
1263   100
1454   60
1704   100
1449   100
2567   60
110   100
1097   100
1135   80
1687   40
1257   100
1125   80
2580   80
1961   100
2463   80
2262   60
1290   60
1885   80
2628   60
1912   100
2248   100
598|12
113829   100
79132   100
5418   80
5816   100
130490   100
4226   20
101577   100
7361   100
124851   100
110771   40
4963   80
46578   100
599|1585
2273   60
7041   50
68954   60
3917   60
1610   60
2761   60
198   60
20   30
160   50
32587   70
7373   70
61132   50
480   80
2990   40
806   30
164909   70
4578   30
82667   60
4292   60
4131   50
32440   40
491   60
165549   70
46367   40
2788   60
5617   50
1049   40
83803   50
5049   60
1917   60
4701   50
1390   20
548   30
2472   40
73321   50
55061   20
368   50
27788   50
64993   70
169904   40
6330   50
1646   30
1735   60
2968   60
27769   60
141866   60
531   60
3301   60
45720   50
919   60
7   50
88697   50
26700   40
3709   40
3510   50
2490   70
4223   50
1034   50
4544   60
82167   50
405   50
5696   40
58306   50
95510   60
143245   60
1189   60
115617   40
592   70
137345   40
32058   40
49278   40
26870   50
5690   50
3501   50
2194   60
52281   60
55820   60
27002   70
8910   50
4995   50
3240   50
81782   50
5540   50
6723   40
5110   60
761   50
3448   50
106920   60
87304   70
6620   50
26467   60
2329   80
3624   50
110   70
2208   50
234   20
26861   70
3481   60
1432   30
6873   50
3435   100
1862   30
114627   60
60040   60
33162   60
2281   50
95182   80
454   60
3740   80
32584   60
2600   50
7704   40
2094   70
114180   50
3040   40
3300   50
91542   60
276   60
89085   50
2502   80
5054   70
7361   60
43677   40
2252   60
101   50
3704   70
223   70
64285   50
1663   50
105720   60
1254   60
1047   50
106873   40
84772   30
5219   50
6857   80
110541   50
1951   40
26322   40
930   80
1625   50
1732   100
6670   40
2162   40
101525   60
7033   50
1199   70
916   60
103042   50
2950   40
2447   40
5679   40
2530   60
4886   50
453   40
26555   40
4814   50
5574   60
3454   50
4846   50
186   30
38061   70
1447   50
4881   60
3355   30
55036   50
2248   50
6810   40
3863   50
1088   50
3379   90
38095   70
2433   70
26792   30
4718   30
3783   60
33294   50
59129   30
1020   50
5689   40
5361   40
4619   30
2372   30
2571   100
5047   70
26283   60
2352   70
922   50
1581   30
2799   20
575   10
2580   60
41617   50
3247   60
1747   60
3068   60
90430   60
7346   40
587   50
2501   50
6502   60
3208   30
5040   40
106782   60
6888   30
3408   50
86355   40
1270   70
2003   60
143355   40
8500   50
852   40
93502   50
47423   60
599   60
44199   50
596   70
8981   50
6615   50
3730   60
4047   60
65   40
1409   30
4012   40
1261   60
1263   60
1608   50
6625   50
3108   60
1953   70
4308   50
2746   60
7090   60
209   50
52241   50
68650   40
8042   50
8622   70
370   50
1236   80
2245   50
158   20
6998   40
5903   50
5004   70
66171   50
1616   30
1258   70
2188   40
6593   50
7669   60
165529   40
5333   60
2398   70
4971   50
2710   40
2078   60
61073   40
75947   40
4812   40
4452   50
97230   60
748   50
1237   80
137859   80
86864   60
113849   50
2265   50
317   40
743   20
32300   40
3614   40
36519   60
2412   50
34338   40
5502   40
4378   70
1084   70
4874   50
54908   40
6534   60
5363   30
5463   50
1129   90
26696   10
2115   70
1690   60
96610   70
98623   60
95873   40
106916   70
141   60
7143   80
2625   30
4239   60
2497   30
99638   60
8807   50
104841   60
2036   10
8531   40
45208   30
393   50
111785   10
2993   60
26940   50
1950   70
2691   50
6909   50
161582   70
4597   40
7191   40
73854   60
2154   40
1894   30
1633   60
5521   50
1022   70
2662   60
7845   60
745   80
653   40
2080   50
4585   50
21   80
6614   40
613   50
73   60
2912   70
83796   50
4849   60
6299   60
2167   70
3752   30
3937   30
4063   40
4200   40
4175   50
3252   80
55282   50
4214   50
26172   60
46574   50
27829   70
4748   30
27478   40
37384   40
5597   50
2334   50
2989   40
4957   40
26871   40
1370   50
7720   10
2987   70
8827   60
898   70
260   100
4104   40
168250   60
26492   60
104419   50
904   60
7045   60
27434   30
2798   40
6966   70
1923   60
1278   70
3264   50
6662   60
3798   30
121231   70
5688   40
1274   100
98122   60
46970   50
2622   40
193   30
6994   30
122627   10
1382   40
5989   60
1701   60
2826   50
2915   60
2948   60
3962   30
3683   60
3160   100
2019   80
164179   60
3471   70
135456   70
169670   30
3511   10
1840   50
6213   40
379   50
85367   50
27306   30
57499   60
44731   10
4862   50
1644   40
40148   50
7366   50
2006   60
45   50
89492   70
78105   40
4720   50
1967   100
5418   60
112183   70
2253   50
1242   80
1517   70
95207   50
26812   50
2698   40
95475   80
158388   50
1992   30
111   70
300   70
27397   60
2594   50
464   40
54274   10
2496   50
991   70
597   60
3100   50
4005   50
27020   70
1729   80
2879   50
419   10
1027   60
3791   40
46530   60
1730   60
910   50
585   40
4978   70
4490   40
131578   50
5530   50
103980   60
1527   80
3045   60
4774   30
2745   60
1635   60
2478   50
2616   80
42725   50
529   60
5630   50
4483   30
6523   40
8783   50
8832   60
4029   60
31114   50
924   100
928   80
780   70
1302   60
355   20
3897   70
218   40
438   40
750   100
781   50
5139   30
1834   70
2355   60
837   60
4545   60
33836   30
169984   50
63808   60
78959   60
1257   40
6764   50
4848   90
457   60
85881   70
2846   70
102445   60
47610   50
50003   20
6860   40
47200   50
27317   60
58425   70
1100   50
69122   60
49110   40
2170   30
7125   40
2193   70
5541   60
17   70
33126   50
4270   30
1541   30
3906   40
1351   40
94122   40
293   100
6204   50
1681   30
2700   80
1222   70
123310   40
110102   60
26504   60
1954   80
4896   60
5577   60
18   60
5678   50
555   70
45722   50
1835   50
26547   70
2064   80
5069   50
128197   40
913   70
6287   30
5665   50
2420   80
2296   20
2404   40
54185   70
71530   50
2409   60
68552   40
3952   40
122926   70
80463   90
1081   50
3499   50
2598   40
70   70
66915   40
4890   50
1887   30
4359   30
1599   20
33629   50
539   60
4293   40
6539   50
48394   60
5268   50
42943   50
26797   60
2932   60
1845   50
5959   50
5131   40
7102   30
26375   60
172215   50
6322   40
8380   50
69849   50
116963   30
31553   20
91529   60
7371   50
3365   60
3253   50
98124   70
2458   40
44243   10
1091   30
2822   50
88744   60
91094   40
2599   60
1126   40
588   60
1206   90
1587   70
53161   60
7247   50
5991   40
1487   40
5843   30
59615   40
4010   40
6582   30
2323   70
1912   50
1468   20
5505   50
1275   70
4014   50
59016   50
762   50
32898   60
3181   50
111362   70
2261   30
5055   60
253   60
1230   80
171495   80
32442   50
36517   50
1883   80
2011   70
99532   60
1762   40
8119   30
3968   50
2376   40
60756   50
93510   50
1050   80
3439   60
1965   50
8874   60
1197   70
57368   60
2613   40
139855   60
158783   70
7108   60
3054   40
69481   60
4226   90
802   50
6436   50
1991   40
1515   30
59369   50
50912   50
88129   70
3000   60
27722   70
96655   50
4719   30
71535   60
84187   80
2986   80
54281   60
5481   30
2439   50
1218   70
6557   10
1601   40
4380   60
6932   50
303   70
26686   20
2794   30
267   20
108945   50
50   70
3358   60
3398   60
2947   80
1426   20
112556   70
6587   30
177615   50
26593   40
492   50
6122   60
3147   60
81791   60
26612   60
139644   60
49220   30
6618   50
7017   40
106072   50
136449   80
86898   60
994   60
3830   50
2133   30
95147   70
58404   50
3478   50
26365   50
117109   30
51931   60
91653   50
517   50
47725   60
3950   50
2186   80
7443   70
728   50
4641   60
1136   90
3688   20
95717   40
3256   70
51080   40
2872   70
442   50
1357   60
80880   50
52885   60
6722   50
416   40
1259   60
6832   60
487   40
2723   40
4105   60
145   60
1268   50
33801   60
2716   90
593   60
6721   50
252   40
435   30
423   50
494   40
262   50
43908   60
71327   70
1619   60
5445   50
8477   80
1615   30
31664   70
2448   30
1958   60
29   70
46335   40
373   60
1093   50
1882   50
3197   40
85179   60
159817   60
4636   40
27741   70
3444   50
33090   60
3267   40
312   30
1352   50
120827   60
5027   50
2505   30
2100   50
2605   40
46578   50
19   60
87306   70
5015   50
8959   40
5096   20
2836   40
2375   40
95497   70
281   60
2410   60
842   30
4062   30
53996   60
45183   60
8506   40
153   40
428   60
6890   60
7782   30
2099   50
2552   20
2540   40
3007   70
256   40
2808   50
2583   50
6484   50
3693   30
885   40
63222   50
2087   70
8860   60
4734   50
4015   40
41627   70
1028   50
74095   50
2976   70
77800   50
3033   80
508   60
8641   50
2335   30
2052   20
51540   60
49286   50
147   50
3793   70
953   70
51077   50
53143   40
2145   60
95145   70
4993   80
1291   80
2421   60
24   50
33166   40
122920   50
88   10
57772   80
4367   50
2243   50
3617   50
1057   50
4787   50
6851   40
3753   40
562   40
328   50
4558   50
7015   50
122918   60
6093   40
64030   40
3298   40
5902   60
1243   60
595   70
2081   60
165   60
71810   10
886   30
145724   10
4963   80
169958   20
168608   60
26865   60
93   30
99007   50
1208   100
5988   50
8183   50
4043   60
318   80
116799   60
1333   60
26562   60
2275   30
3052   50
138702   60
2322   50
6203   30
8861   40
1589   60
3948   50
70533   80
1876   40
4593   40
4388   30
1003   40
60069   80
861   80
91630   60
170355   90
4008   70
2423   60
89   50
2572   60
8720   40
6217   30
6934   60
112171   60
5072   60
2628   60
505   20
4502   20
68945   90
1945   90
1371   60
7844   60
5618   50
6308   40
135569   60
6517   30
170551   50
96004   90
8369   40
7573   50
42418   60
2795   50
327   50
46976   50
3385   30
3524   40
23   20
34405   70
9010   60
3735   60
1961   70
2422   40
6850   40
1375   60
237   40
3697   60
2995   30
3755   50
1380   60
7307   50
5669   90
6807   70
5673   70
1603   50
3317   60
163   70
118290   40
1484   60
1584   40
6324   50
8623   40
155   50
27831   60
97921   60
4291   30
5254   70
6638   50
42638   50
4470   40
4979   70
168326   60
1396   50
3386   70
80489   70
173291   60
6005   40
4262   70
6957   60
159061   60
1866   10
2966   70
5556   30
69227   20
32387   70
7137   50
4887   50
3527   80
139859   50
2841   30
230   40
4920   50
1225   80
9004   40
95499   80
2470   70
5668   40
2465   30
7481   70
6305   50
32515   50
85796   50
1401   40
6811   60
429   30
5136   30
2734   50
2012   30
1   60
2391   80
1722   50
1982   60
1299   60
79132   60
27660   50
546   40
2302   50
3911   50
8361   30
3827   40
1059   60
893   60
524   50
6267   40
26913   30
79   40
4443   50
5016   60
3438   70
1320   60
1347   50
68205   30
6731   30
2088   30
26510   30
2292   50
1213   80
55116   50
128360   60
8043   30
4333   30
1219   60
72479   70
589   90
94959   80
9005   40
172233   50
36850   60
53022   60
68358   70
2137   40
1858   50
1488   50
150   50
4568   50
3388   60
37727   30
44864   50
4700   40
4845   10
1228   70
8605   40
437   30
47793   50
1647   50
250   20
569   20
185   50
57   50
2533   50
86644   50
173   50
1226   60
54995   60
4975   70
2082   20
7030   50
784   40
3882   40
87522   30
3263   60
176371   70
542   40
2718   30
3268   30
612   30
96737   70
376   50
4980   50
3896   60
2144   60
39   60
6003   60
1252   70
2567   50
1562   30
26453   80
52   60
5585   20
6992   40
26629   40
6920   60
56782   60
99114   70
95519   80
2810   50
6310   50
2586   10
86286   40
4387   70
5810   50
3774   10
51662   60
97752   60
1271   50
4370   50
2387   30
785   50
374   30
4306   50
5841   40
5508   60
1921   80
145745   50
2916   60
1171   60
367   60
720   90
71464   60
4197   60
27611   60
2819   50
33679   50
102125   60
7099   60
4321   60
45969   50
60522   30
30810   80
129397   40
3835   30
44828   50
3996   80
2402   60
637   40
6166   30
3145   60
516   50
8985   30
364   60
2123   40
82461   70
2985   80
1077   60
45648   50
8529   40
26539   60
366   30
76077   40
6581   40
4474   30
61   50
27549   30
81932   60
75985   40
1282   80
31878   50
7482   80
899   60
2671   50
6711   100
1373   60
3418   60
85510   40
4617   40
5214   40
4508   60
103366   40
135787   70
77201   50
2959   100
3070   60
4878   70
71579   60
3869   70
4148   50
53322   50
34292   30
1884   80
2353   50
2174   70
4127   30
44974   60
31   40
203   50
1248   70
460   40
648   60
2380   20
3450   50
3235   50
2445   40
2268   60
229   50
5881   50
27604   60
4625   40
5013   60
8044   60
7193   40
60074   40
38886   50
2001   70
164   50
27193   50
175569   60
1873   60
1827   70
1104   60
535   60
1658   50
107406   70
95780   80
4989   40
89862   70
231   70
6188   60
2717   60
4039   50
2096   50
80083   80
60487   60
3994   50
3977   40
1623   50
111743   20
6059   50
4113   40
5450   40
56286   60
144522   40
353   50
4161   40
88163   70
3681   60
33435   70
724   50
85438   60
55205   50
136297   10
485   60
533   50
2140   60
7986   20
56145   60
1101   50
43928   10
99813   60
6659   60
2542   70
81834   60
4511   40
2692   90
95449   40
547   50
911   60
4855   60
1485   50
2762   70
2642   30
1441   50
3072   40
73808   60
3831   50
60684   60
3479   60
8614   50
1466   60
58559   70
5337   60
7762   80
87232   50
4928   50
5308   70
1673   80
500   60
3825   30
111360   60
1378   30
3168   80
1210   100
1713   50
32   60
9   30
95163   70
4498   40
59336   60
4639   40
6664   60
3943   30
56174   50
719   60
55269   60
1201   70
2640   80
48385   60
892   70
4683   50
3654   60
2361   10
3176   60
5298   50
104   50
44191   70
4441   80
7624   50
2092   20
1645   60
382   30
2413   60
6051   60
26413   60
799   50
3396   70
383   60
4344   50
111759   70
116941   40
3972   60
5952   60
2288   70
81845   60
782   50
4623   50
999   60
101864   60
54286   50
1791   60
3334   90
5102   20
7438   80
4621   60
3250   40
43708   60
6979   50
4509   30
3039   60
5471   30
2997   80
1089   100
82459   60
31367   40
92008   60
66785   60
7340   40
168252   70
76251   60
2116   40
348   60
3889   50
4574   60
1244   80
2291   80
6754   50
412   60
1266   60
98809   50
52973   50
1580   60
1770   40
78499   50
8604   50
161008   50
7117   40
1391   60
2541   50
2952   60
764   60
733   70
122882   80
96728   60
4203   40
5945   30
3852   50
172   40
112852   70
731   60
90057   60
8033   60
87192   60
4902   60
121097   20
2539   50
2617   60
4901   50
1748   50
7228   40
832   50
99917   60
5080   40
4361   70
3502   60
1573   70
2951   80
2371   50
2060   50
48043   60
5255   50
5221   60
3461   40
6800   40
26195   60
1476   70
89745   60
3354   30
188   50
5025   30
171695   60
1215   90
5319   50
85414   60
4929   50
47099   50
2369   60
5999   40
139130   50
170   60
55267   50
1855   40
132084   50
6378   50
4467   90
1676   60
1405   60
5152   40
1439   20
4056   60
1408   80
40578   60
818   40
851   70
2709   50
3591   50
8905   50
1212   60
7360   60
48780   60
3190   40
2880   50
115819   60
1526   10
4531   40
1591   50
951   100
38038   60
4686   30
90428   60
3258   50
628   70
34162   50
673   50
86880   50
5428   10
1726   50
431   80
5423   60
1703   40
2804   50
6709   40
8157   50
1307   60
1457   50
2525   40
708   40
2126   60
3412   60
5792   60
109487   70
7419   70
5548   50
2023   50
51091   60
2161   80
477   40
6755   50
3392   20
543   50
4936   40
34437   50
2289   60
413   50
6996   30
1214   100
647   60
3864   40
95441   40
2485   50
1246   80
2455   60
6541   40
110501   60
41716   50
134130   70
5944   50
2084   30
6185   50
1461   40
3764   50
47382   40
26622   60
1687   20
1810   70
26828   30
619   10
60   40
1693   50
1769   50
1120   70
235   70
63082   70
54881   60
1350   50
2428   60
96079   70
26344   60
26152   60
3254   50
3799   30
31685   50
5596   30
356   70
106766   60
112552   60
142488   70
2597   50
6537   50
27865   70
3566   50
1711   70
26764   40
7046   50
6559   30
3668   60
3397   60
2134   30
4603   50
45221   50
608   70
3984   50
96432   60
37830   50
2232   40
4427   50
31660   60
3868   70
6   90
15   30
44849   50
2247   60
45440   50
41   50
931   60
2953   50
4205   40
81788   60
42   60
27441   50
2071   60
497   60
148626   60
43904   20
3107   60
88140   60
26   50
3423   40
2641   80
3552   60
4085   70
4662   60
2328   40
528   40
4974   50
4392   50
151479   30
6882   50
349   60
3452   60
7570   50
6720   40
2058   60
538   50
1438   30
2053   30
2377   50
5010   50
56563   60
1343   50
40614   50
434   40
1674   50
114126   50
79251   10
2706   50
172229   60
3700   50
968   60
103245   50
838   60
132424   20
5582   50
3949   100
56022   40
3243   30
3270   70
1006   40
2918   70
600|594
2527   60
296   90
2596   40
7004   60
357   20
2657   90
1025   70
3243   60
4419   80
2065   90
3256   50
1963   70
165   50
1265   80
562   80
4993   100
4235   60
39444   20
953   40
32456   90
673   20
2915   60
419   70
203   60
5943   60
3052   70
2174   90
2369   50
350   60
3994   40
141   70
46578   90
4896   80
1961   70
2500   20
2   80
2788   80
1291   80
4816   90
6773   80
5971   90
374   60
2926   80
589   60
3996   40
1693   20
2571   60
3481   60
551   80
1380   70
2580   60
1639   50
8464   60
2907   60
5437   60
3099   20
6003   60
362   50
27020   60
7153   100
7934   70
3503   40
344   60
4744   10
8360   60
4748   20
329   60
318   70
2313   80
3466   50
628   70
41566   20
2421   70
1288   90
1244   100
6643   50
4226   80
784   50
343   60
1735   50
2078   70
2572   60
594   60
5992   20
4310   40
1608   50
261   60
1717   50
1895   50
2881   50
25905   70
8507   70
5   50
1196   80
26133   50
1274   70
3083   80
1485   70
2700   70
46   60
172   40
719   50
2746   70
36401   70
2355   60
2087   60
1552   20
558   40
2335   60
2081   80
32   90
5128   50
3910   70
2405   70
3535   70
4361   90
1036   60
1271   80
1091   60
1391   40
256   40
4558   60
4467   100
2026   40
4340   50
6538   60
1235   100
8368   80
30812   80
253   90
3591   50
6874   90
8261   90
1213   40
3964   50
237   20
7444   60
3438   80
145   50
40815   80
5902   100
6502   60
30793   60
30825   60
1285   100
4713   40
5171   30
8972   20
2291   90
1721   60
2140   90
4621   40
1967   100
2122   60
648   60
3882   40
7255   10
2946   70
3471   80
46976   80
8947   50
72   20
1031   50
5508   80
1030   60
2672   70
1371   70
1197   100
1370   60
608   80
736   50
3524   80
195   40
1673   70
27611   20
3897   70
3007   90
7395   30
2109   70
3868   50
2459   60
3753   20
225   40
2141   70
3821   20
5064   30
1042   50
27879   80
1584   40
4963   20
208   40
2502   90
780   40
5991   80
924   80
5540   70
1247   70
364   50
372   40
2806   30
2407   80
1602   40
1302   40
2145   70
2011   90
3450   50
5378   20
1644   40
292   50
2529   50
4718   30
7451   70
282   50
902   40
2973   70
1126   90
3814   100
7022   90
801   70
50658   80
260   80
914   90
2470   60
3752   70
4232   70
4280   80
1711   20
48394   90
2290   70
5481   50
33493   20
6377   80
3250   50
1321   40
48385   90
1088   70
429   60
3504   40
2706   30
6724   60
899   90
48082   70
1259   60
1772   40
1348   50
1345   80
2496   80
3360   20
6155   50
3271   40
1021   50
2142   70
4027   80
1991   40
2800   50
923   80
2506   70
2804   60
26680   80
2085   60
2321   80
342   10
6659   60
8665   10
4447   50
2840   20
661   80
7160   70
35836   30
2455   40
2692   70
592   50
380   60
52435   80
596   50
2135   80
1835   40
2059   60
41285   80
6978   40
1015   40
252   40
1022   60
1230   100
2416   40
52   70
837   70
5135   20
4639   40
473   30
1461   50
1258   70
346   60
2799   30
724   60
8633   80
8874   90
2412   60
1034   50
3988   50
4571   80
2300   90
1405   40
8533   60
277   40
45028   60
5956   50
6319   60
3072   50
3388   70
2115   70
1476   30
231   70
2916   40
337   80
3478   60
3004   50
1217   80
1263   100
3476   10
2791   70
3608   80
2724   30
552   70
915   70
3081   60
55247   30
356   80
531   50
2628   20
4886   60
858   80
26258   100
1962   40
2054   60
39435   50
2690   80
3174   60
4975   70
1033   60
1517   60
2303   100
19   60
1586   20
1097   40
2318   50
377   40
1240   60
193   20
32291   70
1409   20
27563   90
6620   60
2160   70
47   80
2294   50
64839   60
2541   20
26084   70
45722   80
839   60
4734   50
1064   20
1701   80
247   90
4246   80
1551   30
1186   10
26712   80
33794   50
8376   60
150   40
593   80
3186   80
58559   70
2683   50
6584   50
2266   70
39   60
2530   40
7438   90
4370   70
2445   50
5060   100
1073   100
110   40
1327   40
3979   70
216   60
2424   20
2144   90
2324   90
7247   70
2420   80
2936   100
332   70
3439   60
27731   100
4   30
8981   70
2080   60
6242   70
4069   50
4109   70
1136   90
491   60
2167   30
25923   70
1674   60
3671   80
8973   30
4025   40
1079   60
2606   40
46967   70
3409   50
5283   40
1270   90
524   20
1251   80
3147   60
4178   50
7323   50
52767   80
5096   30
5618   100
33679   40
49530   20
4676   70
4642   100
7293   60
1801   50
5952   100
38886   90
3949   70
1077   70
1012   40
750   90
40629   40
1573   50
2329   80
1028   60
5945   10
5816   80
2084   70
3968   80
943   80
2123   60
2043   60
2701   40
4239   80
7566   80
4873   80
1617   60
1784   60
663   90
7084   70
2409   60
2089   60
7147   70
1954   40
3274   70
2384   30
1032   60
25947   100
2134   70
5617   80
2863   60
1307   50
1248   60
587   60
3461   40
2410   60
2428   30
2716   90
46723   50
457   60
48783   20
2953   60
2193   100
2060   80
7318   10
349   40
4039   50
223   50
53322   20
4587   50
46664   50
2042   50
5380   80
3108   100
1175   60
1921   70
1057   90
239   40
3248   20
1333   80
186   50
53953   40
2858   90
2987   60
1407   60
2759   50
1029   70
6993   70
1499   40
3744   20
2485   30
4973   80
6750   70
7983   80
8949   70
5970   60
3247   40
3157   60
1296   30
4128   80
3911   90
3077   80
410   70
6559   60
1994   60
480   60
2918   80
4787   60
5673   60
2124   80
810   30
1917   40
327   30
31658   100
161   20
1212   80
317   10
1   50
8636   60
2268   60
66097   80
5878   90
4023   20
4857   20
4679   70
3114   40
2325   70
2594   60
2413   50
6558   70
1292   60
2161   70
2762   70
2282   80
1219   80
543   50
7117   70
266   70
1282   50
353   70
2411   60
2406   70
101   90
3160   70
492   60
104   60
3812   80
1799   90
1347   70
48774   80
2408   60
151   60
5349   70
30894   60
1676   10
2125   60
2794   40
2888   30
2096   60
2107   60
1246   50
2273   20
1381   30
508   40
30749   40
4814   20
4205   70
1707   60
3259   50
8644   10
2279   50
2340   70
2014   60
2795   70
8910   100
4380   60
1449   80
601|64
1584   70
170705   100
81845   80
48394   80
2959   100
527   100
6377   100
152081   90
4963   90
3114   70
109487   100
99114   80
33794   90
1197   100
1527   80
858   100
1198   80
48780   90
1136   80
4993   100
122918   80
54286   80
7361   90
1221   90
80463   90
4886   100
134853   100
908   90
5971   90
3000   80
176371   80
48516   100
115617   90
177765   90
4226   100
122916   70
74458   90
95167   80
8961   100
50872   100
76093   100
953   90
3578   90
67255   90
72998   80
5952   100
78499   80
1203   100
1   80
174055   80
318   100
50   100
74946   80
2019   90
112852   80
1704   90
116797   80
2355   90
6016   80
59315   100
112556   80
81834   90
89745   90
91529   90
602|92
224   60
52   60
2   80
597   40
347   60
204   80
282   40
553   40
761   60
16   60
281   60
535   20
647   60
586   20
141   80
215   60
500   80
231   40
45   100
316   60
29   40
6   60
592   80
475   100
290   60
296   100
356   60
432   20
173   60
380   60
608   100
589   100
198   60
185   60
509   20
158   60
100   60
280   60
861   80
362   60
208   60
344   40
230   80
648   80
172   60
590   60
454   60
368   40
377   80
171   60
193   40
292   60
150   80
36   60
555   60
253   60
260   100
318   100
410   80
539   60
293   60
533   60
10   60
252   60
422   60
151   80
431   60
22   60
448   60
11   60
550   80
176   80
300   100
39   100
367   100
501   40
246   60
153   80
780   80
194   40
593   100
529   60
288   60
47   100
229   60
34   20
144   60
373   100
587   80
357   80
165   100
164   80
603|738
1304   80
2256   60
593   100
1280   100
1407   100
2620   60
849   80
590   60
2710   100
2600   100
1177   80
924   100
4695   80
36   80
1199   100
53   100
3812   60
423   80
2248   60
4690   60
3253   20
1053   60
2628   20
1246   60
2336   80
1112   100
1641   80
2993   60
3303   100
3551   80
1189   80
1193   80
125   80
4784   60
2053   40
949   80
4232   20
3638   20
1627   80
1079   80
532   40
3576   80
2167   80
4605   80
1312   60
1176   100
356   60
3655   100
3431   20
1224   40
1387   80
969   100
1682   40
214   80
2877   60
781   80
1809   100
2104   80
3448   40
4030   20
2917   80
2892   20
2289   100
3223   100
1344   100
3363   80
1884   60
1206   100
2961   20
426   80
2474   80
2532   80
2729   80
1673   100
2593   80
2940   80
412   100
1097   80
70   80
1351   40
1104   100
900   80
1635   100
1729   60
369   80
4422   80
2420   40
1354   100
2735   20
574   60
556   80
2609   80
605   60
3181   80
3418   80
3543   100
1732   100
2512   100
2630   80
164   80
3246   80
4823   20
2070   80
2395   100
1227   80
1263   100
345   60
1645   60
305   20
2551   100
2131   80
184   80
3514   60
2177   60
4786   20
1119   60
2633   80
1437   100
4437   80
1202   80
2935   100
1611   80
2356   20
3424   100
1922   80
645   60
509   100
778   40
1252   100
290   80
4235   100
3265   100
2641   20
1721   60
3224   100
440   80
2443   40
2986   40
2349   80
2987   60
2422   20
3201   100
3083   80
1391   100
2524   60
1946   80
235   80
2117   60
1292   80
502   40
2865   80
838   80
1816   40
1228   100
2533   80
172   40
931   100
3706   80
2890   60
1380   80
1549   80
4011   80
4855   80
1298   20
3007   60
2431   20
444   40
3552   40
2303   60
1270   40
1080   80
2455   80
1210   60
1267   100
16   80
785   60
2936   100
612   60
2329   60
2572   60
913   100
1237   80
471   80
2245   60
568   60
1028   80
2948   60
307   80
2976   60
3792   100
4304   60
898   100
2725   40
4743   60
2171   80
2150   60
2014   40
4424   80
4713   80
1332   80
1497   80
3169   60
2243   40
2731   100
1994   80
3531   100
4640   80
187   80
1454   80
121   80
611   60
3272   100
2312   60
1197   60
2802   60
3135   80
326   100
2727   60
4436   60
1296   80
2717   40
1719   100
357   80
58   60
1594   80
2428   60
339   60
4428   80
2926   80
2359   20
2683   80
2291   80
2991   60
3475   100
1221   100
2797   60
4738   80
3260   80
1480   60
2859   60
3977   80
1845   100
1258   60
2028   100
2719   20
2671   80
2485   40
1860   40
2531   80
2405   20
441   100
1307   80
2160   80
851   80
2581   20
3219   40
3505   60
2841   60
3578   80
4799   80
233   80
3998   80
2283   80
2966   80
1912   100
506   100
3476   20
3580   80
3727   80
3046   80
1078   40
492   80
2915   60
926   100
2916   80
306   80
2908   100
2528   80
2745   40
1457   60
2872   60
3174   20
2544   60
1569   20
1274   20
1684   40
4745   80
3152   80
724   60
1648   80
599   100
2001   20
1261   80
4239   40
3783   80
464   60
648   40
3614   60
2925   100
3571   80
908   80
1290   40
1982   80
2967   80
1376   20
1875   80
1754   60
1240   80
1959   60
2114   60
3104   80
360   20
2076   100
2318   80
2772   40
848   20
1948   80
176   80
1273   80
2858   100
2867   20
2686   80
804   40
1188   80
3422   80
1358   80
3704   40
952   80
334   100
3317   100
1129   80
2988   80
1339   80
3255   60
1957   80
3185   60
3070   60
535   100
534   80
3055   60
3115   80
2902   60
3203   80
1419   80
162   100
1299   80
2000   60
3098   40
331   60
1171   60
207   80
30   80
4223   60
2334   80
3481   20
1185   80
2629   40
2314   80
3081   80
2504   60
4589   20
4705   60
955   100
1186   80
299   60
1954   80
25   80
2844   80
2540   60
930   80
431   60
3079   40
4432   100
714   20
4433   100
1235   60
1585   60
555   80
4148   40
1573   100
1092   60
2377   20
2730   60
3744   80
3633   60
3918   60
4766   80
82   20
1676   100
2064   80
3359   80
2057   80
2135   80
2971   80
3993   40
2677   100
3341   100
4697   60
1300   60
1219   100
3494   60
2011   20
617   40
1956   80
1306   20
3102   60
2439   80
928   80
4034   80
1856   80
206   80
2262   60
2840   20
3445   80
3577   20
3324   20
461   60
2973   80
2066   100
3300   80
2100   80
1230   80
2396   40
1346   80
1320   80
2068   100
1265   100
1295   40
3176   80
3763   60
2346   80
1150   80
1287   80
2539   80
6   80
2580   80
1653   80
649   60
4021   100
3148   80
4529   60
246   80
123   60
2145   40
1271   60
302   80
108   80
377   100
1466   60
1042   60
5060   60
1350   60
1704   60
3627   60
1428   60
2166   20
4711   80
919   100
308   80
2692   60
4020   60
2469   20
1680   80
45   80
1217   80
4155   20
1120   40
1264   80
2065   80
2885   40
1284   80
249   40
1397   80
1613   80
1805   40
1291   60
2344   80
4345   80
1192   80
3067   80
947   100
1333   80
17   60
1717   60
39   100
515   60
390   100
3566   20
899   80
3586   80
728   80
1589   60
1947   100
1415   80
2130   80
1409   60
2929   60
2941   80
1596   80
1183   80
194   100
2918   80
3635   20
2413   60
541   60
1173   80
223   60
3261   80
4426   100
2640   40
3752   20
4773   80
3702   80
2530   80
2488   100
2115   60
3147   80
674   100
1513   60
2074   80
2707   80
3452   60
380   40
3183   60
852   20
1218   80
2424   40
835   80
2599   100
1213   80
3175   80
610   20
1514   60
3362   80
3365   100
2567   40
348   100
3435   100
1885   80
110   20
3160   80
457   60
988   60
4789   100
2023   40
3018   80
417   60
4419   100
2702   80
4390   80
3732   80
2111   80
2829   80
1960   80
3165   80
1211   100
2019   100
3618   60
2290   80
3158   60
1674   80
4427   80
28   100
1345   60
1910   40
3168   100
3556   100
1051   80
296   100
3608   80
1285   80
2734   80
2271   60
215   100
2571   100
2723   80
3274   60
1955   80
3471   60
2586   60
3101   40
1233   100
1625   20
175   100
866   100
1201   100
2240   80
3035   80
145   80
260   80
3204   80
4802   20
1103   100
1537   100
1283   100
3521   80
909   80
1100   20
3508   80
2203   100
3539   80
4259   60
3060   40
446   80
342   60
3361   80
1747   100
2989   20
1191   80
1041   100
2690   80
2159   100
3285   20
1214   100
2406   40
2708   80
4643   20
2959   80
1475   80
2470   20
199   100
1916   100
537   60
3637   100
2617   80
1639   100
703   40
3091   80
2352   80
3623   60
903   100
232   100
4226   100
314   60
2779   80
549   80
21   100
4815   20
2997   100
1580   80
319   60
597   60
2155   80
278   40
2369   80
1101   20
2278   20
3649   80
62   20
968   100
112   80
111   100
4024   60
2972   100
2174   80
1225   80
1394   100
2194   80
1690   80
1533   80
2351   80
923   100
1406   80
153   20
34   80
4708   80
650   20
4810   40
1699   100
97   80
1541   20
1254   100
320   60
1498   60
85   100
3257   40
3584   60
300   40
2110   80
945   80
1997   80
3004   20
994   100
2435   80
915   80
562   80
57   40
1190   80
6184   100
2682   80
517   40
3006   80
3819   80
3273   20
1128   20
2022   80
481   80
1413   80
2575   80
1073   60
1172   20
3090   80
2337   60
388   80
2616   20
910   80
4056   80
2949   80
2118   60
2747   80
3263   60
77   80
3298   80
3425   60
1081   60
3557   60
2500   80
4776   80
608   100
1484   80
1958   80
3197   40
3421   80
2598   20
1349   100
4380   60
99   100
4725   80
3408   80
105   20
1124   60
1367   80
166   80
372   60
363   80
2739   60
2891   80
592   40
604|64
188   60
593   100
193   60
177   80
327   100
344   40
153   60
5   60
595   60
34   80
317   60
277   80
293   60
311   60
169   60
233   60
272   80
265   80
25   60
330   60
237   60
742   80
172   40
420   60
95   80
6   60
105   40
606   60
17   80
364   80
117   60
185   80
380   60
2   100
328   80
434   80
186   60
224   60
19   20
60   80
92   60
168   60
616   60
611   100
14   80
111   80
454   80
339   60
165   80
223   80
315   80
104   60
208   60
158   80
183   60
184   60
76   80
170   60
110   60
724   60
442   80
39   60
610   100
32   80
605|160
3114   70
55872   60
588   70
2683   80
3004   80
110   60
3991   60
53125   50
587   60
6157   50
7164   70
72407   60
7153   100
592   60
8008   70
49649   60
3081   60
78105   70
1917   60
2291   70
1517   80
2125   70
1588   80
33493   40
69805   70
2429   60
76175   50
73   60
26152   60
4886   60
5481   60
2791   100
40851   60
1680   70
74530   60
317   70
6754   70
1377   80
940   80
4639   80
314   60
37729   60
51834   60
70521   60
1269   70
34338   60
2641   60
919   40
2797   90
4370   20
2087   60
595   80
3052   40
47384   50
2145   60
72737   70
6541   50
47610   80
45668   60
2143   60
44225   20
594   60
3599   80
53138   70
2052   60
2870   70
2321   70
6539   100
1381   50
3742   60
53140   80
3000   60
2857   50
72998   70
653   40
1881   60
74282   90
2012   80
7380   70
616   60
260   100
8782   60
1025   60
66240   70
2926   60
76093   80
480   60
41566   90
68554   70
1032   20
46972   80
1270   80
3988   60
26528   90
380   60
153   80
8666   40
56949   80
4896   70
61401   50
2501   70
31658   60
6624   60
2174   70
8743   70
5128   60
54686   60
34150   70
2005   70
6958   50
900   60
5952   100
40815   70
8373   40
661   20
27036   60
1   80
55052   60
2011   80
2572   100
7247   80
63992   60
27251   20
33794   70
71160   60
837   60
724   40
2643   40
69844   90
65685   60
2622   60
1339   60
1028   80
2153   40
63853   60
1073   80
7293   40
59501   80
3997   40
27706   50
4366   60
5618   60
1654   70
56152   70
3466   70
30812   60
943   60
65359   60
46530   60
58347   90
4899   50
367   80
1411   60
62970   60
589   70
4993   100
1031   70
1367   60
4306   70
72165   40
606|876
4901   70
6440   80
382   50
1580   50
508   70
3081   60
68480   30
7361   80
7090   90
1483   50
3391   60
5299   80
40583   70
1184   90
7698   70
1916   60
30749   70
1409   50
2822   80
1088   60
1466   80
1277   90
36527   80
5434   70
4681   70
1234   90
6618   80
1217   80
917   60
4638   50
1612   60
2779   60
3489   70
4628   60
936   80
645   80
7089   80
1734   80
961   80
2239   80
3386   80
2671   80
46723   70
7046   70
32234   80
3259   70
5733   80
5218   90
1446   90
50354   60
1859   70
33493   80
5139   70
232   100
4018   70
780   50
6564   40
172   60
157   80
17   80
1844   80
2424   70
830   70
7085   60
3108   80
4593   50
4967   90
25841   80
1221   80
5990   70
5617   80
7101   50
3824   60
356   80
72603   60
5989   60
44022   80
4823   50
4370   70
43376   90
7934   80
4828   70
2432   70
44613   50
2858   90
266   60
4310   60
26422   70
33004   60
4022   70
2355   60
4977   70
1542   90
2959   100
8454   70
991   80
4615   80
4796   60
5377   80
11   50
105   70
26527   80
5304   80
3822   80
34437   80
4689   70
3186   80
225   60
51314   90
318   70
4558   50
3967   90
2194   80
2691   80
306   90
3581   80
6107   80
2073   60
3626   60
2787   40
1176   80
2321   80
5712   70
509   80
632   80
27846   60
2340   80
4529   80
261   70
33564   80
446   70
2002   10
6202   70
5135   90
2410   40
912   90
1028   80
6237   80
1999   30
6898   80
97225   70
6415   80
4437   80
6789   80
80   80
7624   50
44199   80
1193   90
1274   80
3295   80
8848   80
56174   50
2329   80
1249   70
1339   60
8879   80
2797   60
1624   50
4296   80
223   90
1093   80
44759   50
7767   100
1913   80
7212   90
207   70
2376   50
321   80
303   50
1273   80
910   100
4802   80
27627   90
5943   60
58295   60
4881   90
360   60
2193   50
4239   70
2481   80
42004   80
3418   90
2735   50
5975   70
3649   60
2803   80
5614   90
924   100
3267   70
2212   80
1210   90
1963   90
6350   80
1225   80
469   80
3067   90
47   60
168   50
714   90
3005   70
5995   90
8916   70
4487   60
5915   90
4019   80
7033   60
1701   80
3246   80
8464   80
1417   70
5694   60
30822   60
3094   80
6874   90
6947   90
3033   80
5503   80
1645   70
111   70
15   70
48997   80
3910   80
1186   80
69604   60
2359   80
930   90
48780   80
1320   60
4718   20
4008   70
7037   90
3528   80
897   70
6973   50
7327   70
605   60
45728   80
899   80
1220   90
589   70
640   50
5319   80
3179   80
4361   80
28   70
4161   60
7916   70
551   60
6885   60
4357   90
5378   70
6148   60
6934   40
1282   90
3507   80
4727   70
3451   100
3424   90
50872   80
48516   70
4644   90
7323   90
1571   80
2156   80
40955   80
2915   70
531   60
30890   60
750   80
6319   50
2005   50
3176   80
4912   80
54272   70
3587   70
68872   80
4148   50
51884   80
4921   80
3798   40
4054   70
1610   70
2283   60
4673   20
45722   40
594   70
1271   90
6791   90
8391   60
6516   70
908   90
1873   90
1222   80
1837   60
2581   70
32649   80
8981   80
69844   80
1259   80
1912   70
55946   60
6436   60
7292   50
1884   80
2908   80
6100   80
506   80
2387   60
1156   70
26796   70
53125   40
4146   80
1918   10
2081   60
44301   70
427   70
27773   70
1059   90
1682   90
7789   80
27744   90
904   90
3551   70
2396   80
5618   90
1680   90
3569   70
8724   80
573   70
2724   60
1281   80
47774   60
37729   90
4084   40
1968   80
5530   70
27821   50
48638   70
4720   90
265   80
26777   80
5349   80
627   70
943   80
260   90
2875   60
8933   80
6345   80
1672   60
50189   20
7705   80
1066   80
1285   90
1280   80
27266   80
1101   50
8360   80
2467   80
26249   50
1960   80
8035   70
8973   70
73   80
1300   70
3361   40
1196   90
3003   90
1061   90
5666   50
45447   50
515   70
44189   80
6942   50
2001   10
6466   80
1136   80
2471   30
431   80
2702   70
2405   60
1198   70
4621   60
231   50
31658   80
2962   60
849   30
1357   80
194   80
7584   80
5710   60
1268   80
6807   80
33880   90
47202   80
2997   100
1211   100
1291   80
2431   70
41014   80
2436   70
2114   90
892   70
2422   30
735   80
5628   50
3812   80
50356   60
2100   70
8154   80
1206   90
6553   80
2628   70
47261   60
3992   70
56333   70
4144   90
3462   80
26810   90
1097   70
587   80
7154   70
1784   80
1727   70
27644   70
2010   100
32587   80
357   80
4014   90
55069   80
6873   40
6786   80
5956   80
3655   70
1949   80
1948   70
1674   80
5269   80
541   100
47894   80
29   90
2948   80
58783   50
6785   60
25833   80
110   70
3676   70
4069   50
5072   70
30707   80
1208   90
25850   90
175   70
7115   80
2245   80
32862   80
6996   30
1117   70
6993   80
4979   80
2762   80
3252   80
973   80
2353   60
7034   60
3448   80
480   50
7234   90
30994   80
3791   80
31410   70
7099   100
3408   80
19   40
5693   70
1258   90
1958   80
6944   60
898   100
7344   70
33310   90
6305   90
50068   80
5742   80
2897   80
3241   80
2065   90
2291   80
7092   70
46965   20
7160   80
4572   40
1   50
32   80
1721   80
1250   70
37731   70
3553   60
2356   60
4890   60
1185   80
2712   80
147   80
3629   90
2324   100
7010   80
969   80
1275   70
6031   60
916   90
2942   60
1293   80
4289   80
1393   70
39231   70
45732   70
5929   60
30803   90
5014   80
1306   70
4152   90
4351   80
5965   80
70   80
2407   60
5669   80
3310   100
3258   40
365   80
2115   70
3260   90
920   80
613   60
639   80
3155   70
4936   80
1227   80
795   80
2947   70
5187   80
5550   70
8969   50
5512   70
1124   70
2710   50
1729   80
8873   90
3538   80
95105   50
1650   70
6365   40
4359   80
5099   60
25805   90
4896   80
48214   70
5364   60
3479   70
5954   80
5971   70
8983   80
597   80
3083   100
2388   80
500   60
3685   60
1586   50
1835   70
5991   80
6870   90
52722   40
3831   80
2181   90
6953   80
7215   70
2571   100
1199   80
6798   50
6644   80
2539   60
26394   80
4847   70
1921   70
2843   80
41566   70
1493   70
1611   90
927   80
47099   70
367   60
6863   60
2318   80
2474   60
8529   60
27178   80
7082   80
32291   60
8966   70
1307   90
5418   80
69224   80
1209   90
1094   80
1399   80
4902   50
27186   80
2470   50
33615   80
4484   80
7016   10
4062   70
7579   100
1994   50
4007   80
7149   80
4883   80
7375   50
4653   60
1380   70
46   80
3262   70
953   80
7151   90
26985   90
41571   80
4848   70
948   70
1057   70
593   90
5415   70
5625   70
8033   80
235   70
5881   60
3285   80
53127   70
1235   70
3450   70
1219   90
1188   60
1961   80
31973   70
1857   70
1954   70
2313   80
47610   80
39869   80
215   80
4147   80
5812   70
33903   80
2269   70
3632   80
51037   60
1658   50
5849   90
2160   80
33237   80
3257   40
4446   50
8748   70
2706   20
3920   80
7093   80
46578   80
1079   80
778   80
596   60
905   100
1204   80
461   80
236   70
4252   70
1278   70
337   80
68   80
6711   80
6961   80
6832   70
1923   60
1172   80
6800   30
2551   80
7109   60
5992   80
4381   70
2708   80
3160   80
8195   80
2445   60
1244   100
1569   80
552   60
4395   80
3681   80
1735   70
32620   70
1247   90
2788   80
7008   80
1801   80
3127   70
3010   80
911   90
27722   80
92   70
5816   80
1230   90
48394   80
5073   90
4552   70
8623   60
1183   70
915   90
7060   80
1962   80
1394   70
781   90
3684   80
5810   80
7084   90
6370   70
2231   90
7153   90
3640   80
3909   60
3499   80
3325   70
6578   70
444   80
2870   80
32600   70
1641   80
994   100
1270   70
48385   60
82   80
2028   80
2411   40
1201   80
3089   90
2583   80
4508   70
2207   60
4973   90
3076   80
6669   80
4993   90
4226   80
2455   80
4155   80
63082   100
1997   60
3000   100
2421   50
55442   90
475   80
6787   70
288   80
412   70
51086   50
8373   50
4027   90
2732   90
27408   80
5339   70
3855   90
6339   90
30898   60
2716   70
4424   80
5613   80
293   90
2351   80
8501   80
7371   90
8487   80
2019   80
2503   80
1663   40
5372   70
345   90
3392   60
3897   70
6974   50
5922   50
282   80
6684   80
5952   90
2996   60
7720   80
2145   70
8601   80
4975   70
2206   80
8368   80
58   70
6238   80
48032   80
67295   60
6803   70
36   70
2730   80
34405   50
903   80
4482   50
2473   50
1041   80
1081   90
154   80
5741   80
1243   80
224   80
3302   90
665   90
7438   90
3556   80
67255   80
4465   70
6979   70
4262   80
8961   80
7036   50
30848   70
1200   70
7396   90
7382   90
69644   80
3363   70
1704   90
3168   80
592   70
454   60
40629   70
527   100
3306   80
5720   50
8128   80
4787   80
6377   80
4794   70
7569   80
3996   80
5308   50
27815   100
8254   80
6070   80
18   80
937   80
6539   60
2000   50
6954   90
928   90
4506   70
26599   80
1971   30
7121   80
39449   60
2412   30
64839   60
45730   70
1305   80
41285   80
3668   70
1350   80
2404   40
6016   80
4109   80
5477   60
31923   80
1554   80
1635   80
1584   70
2367   70
76093   80
2672   60
31309   70
607|133
86   80
3438   60
3156   40
1304   80
3020   100
3361   80
1954   80
353   60
2571   100
3396   60
377   100
2006   60
2268   100
1259   100
2080   60
382   100
1968   100
3499   100
798   100
1282   60
36   80
1036   100
25   60
1974   100
150   100
4069   60
2995   60
3785   40
153   60
3684   60
188   100
5060   60
165   80
3996   40
919   100
2334   80
2054   60
2420   80
2846   60
1394   80
2114   80
2403   100
2000   100
1580   60
3253   40
2699   60
553   80
2762   100
2617   60
2421   60
260   60
3257   60
1917   100
589   80
1   80
1291   80
3347   100
11   60
517   80
2858   60
3157   60
3210   60
2710   80
110   100
1527   80
2907   60
4054   60
1210   60
593   100
2097   100
1544   80
1079   60
3053   100
208   60
1196   60
2717   60
2004   60
34   60
3105   80
2628   60
2616   60
1339   100
3273   80
3016   80
1214   60
1717   100
3793   60
2918   60
4015   20
1625   100
949   80
3418   80
3386   80
1385   80
849   60
2737   80
3175   40
1265   60
2194   100
2889   80
1097   100
1213   80
292   80
920   40
2881   100
1377   60
3363   100
2797   80
2115   60
366   100
724   80
480   80
318   100
736   100
1101   80
337   60
1084   80
1240   100
3114   60
3017   60
695   80
858   80
316   60
2747   60
3994   60
1219   60
241   80
2716   80
381   80
2422   40
457   100
1320   60
1370   100
608|648
809   70
2710   30
589   60
4308   10
6857   50
1862   50
1882   30
2502   100
1485   60
1037   40
4874   60
1080   40
514   50
3052   80
596   10
3160   80
2338   30
3499   60
318   90
4678   10
2161   60
1391   70
1513   10
3646   40
886   60
4386   40
2115   60
4865   80
1258   80
4239   80
3979   50
42738   80
4022   60
4388   40
1589   80
2858   100
5945   60
539   50
2840   80
924   60
2001   70
3362   80
203   50
5388   80
1729   90
33725   80
7373   100
8464   70
36708   80
7004   10
5502   80
33679   90
455   20
4018   80
1097   50
1644   60
3270   20
4452   60
724   60
4974   60
223   50
2126   80
1342   40
6193   90
5025   50
1023   50
1997   90
160   50
500   40
2167   80
4255   10
32302   80
51255   90
4643   60
8644   90
173   60
2716   60
3753   80
2676   80
833   10
3267   60
377   50
3911   60
1193   70
7347   80
3717   70
6016   60
3448   70
364   70
355   40
708   40
2006   50
3005   70
367   40
2194   70
2985   40
5872   70
7377   70
2986   30
8528   70
2505   70
4719   70
1717   70
2279   60
1556   40
44665   80
6764   70
1347   70
597   50
333   80
3977   70
420   50
1755   90
4623   50
1479   60
2384   70
5618   70
5049   60
34048   90
2761   90
47   90
6870   60
8783   70
44   10
546   10
1653   100
8376   60
380   60
145   70
4040   20
1552   60
2247   20
180   50
296   100
2617   80
7324   80
1779   70
34   70
648   70
1377   50
5679   90
277   50
3081   80
27839   70
2321   70
3147   80
1641   50
2296   40
1917   70
3988   70
3799   20
671   80
1042   60
5459   80
3809   30
4016   80
2490   100
4980   50
1753   80
6754   90
1061   60
3300   90
4901   80
1407   60
3355   70
4025   50
4642   50
2117   90
6287   80
4178   70
2188   40
3255   50
1291   80
2912   80
1566   80
5952   90
3439   40
170   90
737   10
3825   70
3274   70
8132   90
30810   60
1590   80
1645   90
8972   90
1681   10
5669   70
40278   90
5308   30
3053   90
4776   90
2701   50
4720   90
3510   90
786   60
193   60
2325   50
5816   60
2606   40
661   60
188   70
253   60
34319   80
37386   90
3257   50
49284   70
32029   80
592   60
1221   90
1275   50
2987   60
7438   80
4015   50
4963   90
3210   60
6281   80
3578   80
4447   40
1799   90
533   70
31   60
1586   50
2719   60
3316   50
1792   60
4246   60
216   50
832   70
1432   60
339   50
7158   70
1923   70
1754   80
588   60
4396   40
2052   20
6888   30
3477   80
7361   90
6979   60
110   80
3752   80
2083   60
3148   90
2571   100
8957   70
1704   90
4544   40
5959   80
1271   50
4816   60
5266   90
3527   60
88   50
31221   80
782   50
531   30
356   60
32031   80
5065   80
5507   70
1690   80
923   70
2375   50
6003   90
2329   80
2080   60
43928   40
2097   60
6537   80
6874   80
1777   50
5785   40
8810   100
8798   80
1064   60
2353   80
594   50
2616   70
4638   60
51662   100
778   60
3608   40
2002   60
4992   70
2542   80
366   50
3953   40
6373   90
839   60
2193   70
852   40
2335   50
6534   40
2468   40
2712   60
357   60
8366   80
788   50
4725   50
2474   90
3948   80
743   30
2890   70
3248   30
6934   100
5220   70
95   40
1196   80
4321   20
4310   60
2004   40
1405   30
1431   30
51903   50
5294   90
1091   10
1748   100
312   10
736   60
2082   20
4034   90
1089   80
4677   70
6503   70
2123   70
3440   10
327   70
3461   40
2315   60
4019   70
172   80
3745   80
2278   60
1261   80
5218   80
288   60
2282   60
4886   80
4621   10
208   60
7701   20
3271   80
1603   50
8961   80
51935   80
196   60
3986   50
802   60
2918   80
1073   70
4370   90
1673   70
555   70
1968   80
3534   50
1270   40
799   80
575   10
1049   70
4148   90
3915   80
6187   80
292   50
4558   40
6541   90
374   10
3388   30
2470   30
3623   70
1210   80
2580   80
3868   20
2550   60
2797   50
2908   20
344   70
1092   50
829   20
1784   70
3471   50
4896   60
1127   60
7254   80
6893   90
2827   40
65   40
6595   80
1580   70
4367   70
4993   90
7360   80
1702   40
6331   40
4487   80
6796   70
2105   60
719   20
4733   10
6659   60
1396   80
4306   90
1918   60
1769   80
8807   80
1732   80
2124   60
4366   60
5293   90
1597   70
2232   80
784   60
1350   70
1831   70
1   50
608   60
6827   10
1617   60
3114   50
6166   20
3268   40
3034   60
7163   80
368   60
4104   30
3175   80
168   10
24   40
2706   50
430   50
8874   100
441   90
741   70
1726   50
8636   70
1707   20
8368   80
1517   60
4090   60
2799   10
4636   60
3735   70
5956   80
8970   90
1020   50
2142   40
4446   90
8529   50
2628   80
1610   60
423   60
858   100
3082   80
2174   60
8360   90
6618   90
33437   70
3258   60
34405   80
5903   100
2428   70
39   60
1200   90
8967   60
27706   80
7773   80
2140   60
3994   90
5418   90
8966   80
8781   70
5668   70
3763   60
429   50
1953   90
2028   90
733   80
7346   90
673   60
70   60
1101   60
4027   90
8622   60
7325   80
158   10
1615   70
5171   80
5072   90
3617   60
104   60
141   60
370   40
30822   80
2568   90
3481   90
1387   50
3146   40
4052   90
1801   60
276   60
316   60
2805   70
8939   90
1222   60
2841   70
471   30
1240   70
1476   50
1544   70
7153   80
6868   40
1302   60
1393   60
8984   90
5449   60
435   10
2291   70
4128   60
1907   70
1339   70
3269   40
2581   20
953   10
2699   30
6377   80
2717   60
181   10
6807   40
3949   100
5401   40
5064   80
93   50
6296   50
317   60
4878   90
111   60
6936   80
3252   80
1021   30
2054   30
32   70
1954   90
2407   60
7451   70
1409   50
3917   60
5445   90
442   50
3354   50
3996   80
4105   70
7137   80
1584   50
1676   70
2042   30
2   40
5991   80
410   50
2995   60
6709   70
457   60
2253   50
520   50
7439   100
3275   90
2392   40
2355   80
2134   20
5219   90
8873   70
8784   80
1722   60
1499   60
1625   80
6323   80
5630   90
1772   50
6294   80
1721   40
750   80
2549   50
663   60
519   20
6104   80
1833   70
6820   70
407   70
1274   80
2231   100
53996   100
383   80
587   50
5989   80
153   50
3593   40
1060   80
2640   50
4734   30
3253   60
2454   60
2060   40
3552   60
2012   50
3489   60
2011   50
5254   90
4890   80
590   60
1219   60
5597   20
1527   80
3   40
1466   90
6708   90
3450   60
2021   70
1320   80
5901   90
1129   60
4876   70
4448   90
4873   60
837   60
610   70
5313   60
1282   40
8665   80
6879   80
4975   80
1250   60
2107   50
785   50
4085   50
4270   70
432   30
1994   60
2294   80
1268   80
3247   40
4344   90
3298   90
3243   40
3863   80
6863   90
2423   40
4223   90
1136   60
609|23
329   60
589   60
786   60
480   60
650   60
828   60
185   60
231   60
434   60
457   80
742   60
592   60
1059   60
613   60
731   80
892   60
288   60
1150   80
110   60
1   60
1056   60
253   80
1161   80
610|1025
46335   60
43928   40
33683   70
46965   40
27584   80
3986   50
1222   90
143859   80
113348   50
8376   60
70   80
2273   60
40815   70
91658   80
4896   80
318   60
58295   70
53435   70
4446   60
66509   70
107436   60
8366   80
106072   70
102903   60
44191   70
116799   90
103810   60
6867   80
47997   70
45517   60
136016   70
95654   80
6942   70
54286   100
103685   90
111759   80
106002   70
41569   70
71156   60
1884   100
109578   70
68205   80
134853   70
122922   70
40732   80
109187   70
112727   60
111743   60
91660   60
33794   80
46530   70
47   100
60760   50
79592   60
57669   100
84944   70
99030   80
112183   100
45722   70
63276   70
109487   70
2901   80
26542   70
5772   100
42738   50
2951   90
82641   60
56156   40
7387   100
84954   60
72226   80
81591   70
5025   70
5049   90
3973   50
441   100
72998   90
77931   80
4387   70
6873   60
90469   70
7163   30
49272   100
79357   70
3300   80
98239   40
147657   80
57528   70
3968   50
72142   100
8636   100
86320   70
6003   80
8949   80
3726   90
4020   70
3793   70
5146   70
60766   90
4852   20
4246   70
34162   80
3362   100
7153   100
120635   20
30825   60
71135   70
52722   70
3948   80
103085   60
71341   60
3798   70
5617   80
80094   80
76093   100
5669   80
8578   60
3967   90
1273   100
100397   70
52604   60
42632   80
5139   100
5026   90
1982   90
46976   80
112556   80
5459   60
42723   80
38038   80
34450   90
1429   70
77798   40
168252   100
87232   80
149011   70
27441   80
44828   80
115149   100
117867   80
81834   100
53468   60
1   100
86332   70
3535   90
71899   90
6764   60
5349   90
3997   20
1255   90
919   70
6296   90
162350   70
4388   50
1343   70
113159   70
55830   70
91542   70
5418   80
170875   60
32029   60
81562   80
3943   50
120799   50
750   90
99917   60
4887   50
89582   90
39381   80
2976   80
104879   80
68358   80
57640   80
122920   100
51662   80
50794   60
109374   90
59022   80
3717   50
7348   70
32011   50
156371   100
344   60
8840   20
121231   100
102802   50
85510   60
27604   60
593   90
1136   100
45728   70
103688   80
102066   80
34319   40
27905   70
54272   70
43936   60
114180   70
77893   80
5816   80
43679   70
53000   80
135803   70
135569   70
73321   70
85414   60
87306   70
94864   70
8910   70
27317   80
116668   90
2517   80
5504   60
31086   70
78499   100
30793   60
3033   70
73741   60
138036   70
7007   90
1084   80
1228   100
4308   50
158721   70
118702   60
7657   80
54997   70
69134   60
81132   80
79057   70
55247   70
3108   90
3553   40
5574   80
3285   70
6618   90
93363   70
1858   60
129313   80
27808   70
100159   90
7360   80
457   90
99117   80
38061   100
2161   80
35836   90
97913   80
4993   100
3979   50
37733   80
5528   80
3616   40
133802   80
116977   60
102125   100
101741   70
5673   100
110   90
95558   70
608   90
77364   50
140267   80
53953   80
59615   60
51498   60
4378   80
166534   80
7373   80
149406   70
57637   70
5902   80
8368   90
5254   80
33679   60
93838   100
3298   80
3740   90
44597   80
1247   100
168250   100
3481   80
38886   70
74750   70
163937   70
73876   80
91077   80
2959   100
3422   60
4735   50
94896   80
7562   50
142366   60
1732   90
56336   80
4144   70
37729   70
2403   90
8784   70
6734   40
58332   40
76251   70
71745   80
81782   70
106916   80
57368   80
215   100
112818   60
5954   100
61132   90
114044   70
8371   60
70286   90
5377   70
58025   50
3409   60
88129   100
68237   80
68954   70
39446   50
58870   80
328   70
1658   50
5833   100
3564   40
71252   60
88125   90
34321   60
6373   70
52283   40
60040   70
4025   50
115210   80
91500   80
103075   50
68952   90
114670   70
97306   70
3468   100
49530   60
48385   90
6874   90
4370   70
55765   70
27746   60
27904   70
52458   60
55290   80
103483   90
3703   90
2355   70
2918   70
71264   80
778   100
117529   70
69844   80
26765   70
100083   70
60333   100
80831   70
4890   70
4022   70
3578   100
148166   70
7984   80
54999   60
8961   100
3683   70
26681   100
58826   50
5064   80
5464   70
5481   70
6731   80
54259   80
128838   70
150401   60
97304   80
2924   100
26603   90
50872   100
69275   80
45662   50
6708   70
6283   90
3825   30
1300   90
79501   80
2000   100
89028   70
146309   80
44761   90
5445   80
66785   70
122892   80
104913   70
142598   80
2879   80
64839   80
3617   70
6978   80
1721   60
97701   60
54503   100
5502   80
26585   90
16   90
70994   90
79702   80
4148   70
87876   50
62849   60
47404   100
4725   80
114795   50
541   100
293   100
34323   80
6009   60
4701   60
42718   70
61319   70
83613   60
6290   60
3751   80
1227   80
4902   80
1249   80
67197   60
8644   60
101088   70
45672   60
37380   40
1279   100
67923   60
52644   70
79879   60
106766   80
8917   80
34437   80
90866   70
27563   80
527   70
137857   80
71379   60
33493   80
61026   70
52245   70
3089   60
407   100
68157   100
5507   40
7439   60
160836   60
55269   80
103384   70
1128   70
80363   50
3949   70
2762   90
6287   60
3994   90
44199   80
71464   80
81229   60
103249   60
61262   30
112171   70
98623   60
1197   90
88327   60
31804   60
69481   90
5275   30
8641   90
122924   70
3785   60
63082   100
4247   60
7324   60
74458   90
55492   80
7307   70
33004   70
6934   70
110501   100
2459   70
4533   80
158956   60
5065   60
59315   80
79091   80
111781   80
27480   90
80489   80
7419   80
5136   70
1454   70
82461   70
67087   80
83134   80
95377   80
56782   100
6707   70
6755   80
31696   70
45186   80
8807   80
1054   40
96610   100
67168   70
58964   80
6503   30
7482   90
1097   90
84772   70
8950   90
68486   70
1682   100
6936   70
3018   80
111360   60
89118   90
122904   60
102760   80
55995   60
7369   50
111362   80
58998   80
64983   60
31420   60
3999   60
3981   40
519   40
60471   70
158238   100
74228   90
98499   60
44195   70
109968   100
51935   60
65514   80
60684   70
968   80
78039   80
3521   90
44665   60
106918   80
8369   50
66097   80
377   100
57274   80
3527   100
7438   90
7173   60
2028   100
3328   100
26391   50
90600   70
5266   70
111364   70
5630   80
60303   80
27722   100
145951   10
50   80
118880   60
52281   80
27778   60
91630   90
6567   60
66310   70
4368   40
6383   50
79132   80
85788   70
2332   30
412   40
30810   80
3174   80
79868   50
136864   70
7235   90
3452   60
1923   100
32   90
105801   60
89281   70
6872   20
112515   90
5313   40
4638   60
5388   60
115122   90
1968   80
92507   70
48774   100
86898   100
58103   60
56620   60
63826   80
2968   100
4344   50
75389   60
97643   60
152081   80
480   100
4232   70
2571   100
1230   60
113780   60
4027   90
164179   100
5225   90
87529   50
3484   50
86880   60
26510   60
160571   60
113313   70
44974   70
48678   60
6709   70
3273   60
96815   70
30812   90
4467   90
3147   50
1213   100
2791   70
72424   10
1953   100
99437   70
60037   50
1573   70
3882   50
87520   50
1676   100
100163   60
1730   40
3698   60
7143   70
7445   80
47465   80
55280   80
51540   100
4776   90
356   60
86295   60
2143   70
8874   100
2916   100
87222   70
64030   40
130840   90
112852   90
104241   60
735   90
3681   100
5577   80
1265   90
6820   80
30745   100
3424   100
136598   50
4367   40
3897   100
1201   100
92420   100
119145   90
132046   60
157296   80
46970   80
6365   80
91233   80
52950   60
152077   80
81520   80
4299   60
113345   50
136602   80
1394   100
135133   80
39801   70
104908   60
5679   80
78469   50
60069   90
858   100
55553   60
61240   100
6040   40
34532   70
4023   60
1258   100
4641   70
112290   100
8810   50
4450   20
85020   60
54736   70
94867   70
80126   70
589   100
74370   80
6281   70
6058   60
112175   100
111663   70
38095   100
36519   70
52241   80
1283   60
76091   100
99721   30
55282   60
156726   90
69516   60
85022   60
108932   80
95167   70
98633   70
3114   100
72605   70
163981   70
92309   80
53022   90
7022   100
2391   80
77800   90
55067   70
104243   70
71254   60
3916   70
40412   100
95   70
45499   60
62336   100
97752   70
93840   100
8781   60
6323   60
1967   100
2628   60
68848   80
155064   70
2985   100
85412   70
91535   70
78836   100
130052   70
80219   60
4848   100
56757   70
60941   70
86190   70
367   70
161634   80
112623   90
1784   80
72378   60
99114   90
130050   60
27426   50
58559   90
107406   100
3745   60
62081   50
1127   80
8361   60
27831   70
99112   70
89072   80
101112   60
61692   60
27773   100
35957   60
88163   80
31364   100
89753   80
59915   70
103141   70
5296   50
54785   60
40148   60
102338   90
1036   100
8665   90
6214   90
82667   80
1291   90
166528   80
5903   70
3671   100
142420   70
52952   100
58301   70
56367   80
3552   60
110102   90
3896   90
3421   60
81845   70
120466   70
69784   70
3863   60
1997   80
110553   40
780   70
4873   80
147662   60
3016   90
6548   60
4011   90
1208   100
71732   70
71304   90
6947   80
95441   80
51077   40
63113   70
34048   80
7319   60
6754   60
36931   70
3246   100
115617   80
7361   100
97188   80
8860   60
51939   50
1214   90
6250   60
5959   70
6294   40
59103   60
8526   60
1276   90
26547   100
64497   50
7293   70
4270   60
130634   90
115569   90
53161   60
64010   70
5420   60
104944   80
6615   60
6378   70
96811   80
7981   80
103253   70
2474   80
4153   60
107069   70
849   60
76077   70
4958   70
48780   80
102123   80
3624   70
54648   30
141799   70
49932   80
6541   30
161582   80
27592   100
53972   80
95875   80
194   100
54995   70
138210   70
73268   70
2140   70
4448   70
1218   100
7367   70
8783   60
70208   80
6617   70
63768   60
3821   60
135815   80
86142   100
73569   100
5463   50
26399   70
4226   100
143385   80
107771   100
27790   80
4975   70
95873   90
89864   80
1245   100
66943   70
69757   70
5219   50
7115   70
52328   80
79293   60
1129   80
4815   70
3423   60
1221   100
93193   60
71910   50
134368   80
7846   60
1663   90
903   100
86835   50
3826   60
3646   20
60072   40
45730   60
6807   90
135534   70
8798   90
60074   60
127198   90
7202   60
4054   40
71535   70
3696   70
4973   80
159093   60
48043   80
3699   70
98809   70
3893   70
81417   60
4018   60
7454   40
135536   50
94777   70
54372   70
26401   100
101525   80
6537   70
6711   100
104374   80
6333   80
95510   70
3996   100
122886   90
80162   50
1840   80
7150   60
61818   10
91529   90
3908   50
103228   90
4718   70
26498   60
4794   100
2858   70
2944   80
4979   80
8838   80
113252   90
2880   80
34534   60
1199   90
5329   70
100906   100
471   80
40723   70
103772   80
98061   70
464   80
8861   40
1090   80
6   100
5283   50
168248   100
97921   90
160527   90
81932   80
68319   20
87869   70
5909   100
106782   90
5128   40
4720   80
95088   80
4034   70
138632   100
108729   80
3879   60
92391   70
97285   70
6539   80
2716   100
4866   60
69526   40
100810   40
44397   70
380   100
113573   60
1527   90
152372   70
134130   70
69122   80
55721   70
88744   80
138610   30
54910   80
923   80
3977   40
100579   80
112   80
89745   100
32587   90
5323   40
2288   100
3889   60
41712   80
95858   80
1240   100
33158   30
96832   100
8865   50
4721   20
