1	260	100.00
1	1927	96.26
1	804	81.38
1	3	85.64
1	1009	78.37
1	2406	86.73
1	1587	83.01
1	3671	94.43
1	2617	85.13
1	3053	92.26
1	2571	100.00
1	1222	100.00
1	2137	88.65
1	1377	82.06
1	2395	85.95
1	2761	100.00
1	2641	81.26
1	2872	90.87
1	1258	100.00
1	2700	97.15
2	333	79.23
2	122882	80.78
2	71535	86.84
2	46970	76.31
2	58559	85.90
2	80489	84.41
3	5764	44.00
3	647	38.05
3	6835	44.00
3	5919	43.21
3	2851	34.04
3	2288	51.00
3	5048	7.24
3	4518	47.87
4	106	71.08
4	1291	79.56
4	3408	64.88
4	265	71.60
4	52	63.60
4	4347	81.57
4	2467	77.39
4	908	85.15
4	345	73.11
4	1304	83.45
4	1923	74.38
4	2959	90.80
4	368	72.66
4	1219	83.32
4	4765	80.88
4	1199	88.24
4	4166	43.04
4	1732	82.39
4	21	78.81
4	2858	87.44
5	515	77.32
5	1	82.76
5	364	80.34
5	608	77.83
5	290	73.39
5	261	75.23
5	34	79.33
5	318	92.82
5	21	68.00
6	349	70.46
6	318	88.31
6	775	70.00
6	141	72.02
6	348	65.56
6	104	70.44
6	327	64.17
6	410	59.54
6	165	72.79
6	87	69.55
6	366	68.94
6	17	73.56
6	1084	77.42
6	222	65.78
6	16	77.86
6	416	45.63
6	277	66.24
6	460	63.89
6	867	26.27
6	316	66.70
7	8528	72.21
7	3623	51.92
7	8636	73.64
7	8360	68.76
7	1517	62.19
7	466	58.07
7	8373	51.28
7	1220	77.76
7	7155	58.56
7	8808	57.01
7	6863	65.45
7	31878	69.24
7	1610	72.00
7	1219	77.75
7	4700	60.93
7	45668	59.18
7	8970	75.61
7	27741	73.62
7	6333	68.29
7	8865	58.63
8	356	87.18
8	47	72.73
8	231	52.84
8	318	92.29
8	454	73.04
8	292	69.95
8	32	80.77
8	141	74.40
8	380	69.84
8	252	70.17
9	5451	62.54
9	923	75.03
9	5890	79.17
9	2901	61.43
9	922	76.46
9	6044	65.52
9	1987	65.52
9	5378	58.67
9	3735	75.68
9	5447	57.67
10	597	72.85
10	33679	63.89
10	8533	69.13
10	8969	57.92
10	72720	68.34
10	88810	74.38
10	136020	63.94
10	6377	79.21
10	5943	54.31
10	109374	73.76
10	113394	65.31
10	61250	54.02
10	82167	49.66
10	140110	67.39
10	5377	69.11
10	77841	65.31
10	6942	77.83
10	1028	78.15
10	72330	65.31
10	66203	45.52
11	733	78.90
11	1584	79.83
11	1210	86.41
11	170	71.12
11	1438	61.07
11	648	80.69
11	1918	66.12
11	493	80.30
11	10	69.26
11	457	83.79
11	1693	72.76
11	150	82.71
11	1923	79.04
12	2717	68.75
12	2100	84.37
12	838	95.71
12	2072	78.22
12	1876	75.16
12	2581	78.88
12	6942	99.20
13	3717	70.88
13	3624	67.09
13	3798	72.38
13	2174	69.48
13	47	82.40
13	3893	73.11
13	305	52.97
14	344	56.55
14	477	69.70
14	110	84.18
14	540	52.32
14	597	65.35
14	153	59.22
14	592	62.45
14	4	37.92
14	539	74.55
14	105	60.30
15	91529	74.96
15	7438	66.71
15	111759	73.58
15	2329	80.17
15	1	74.71
15	1909	66.35
15	1240	71.64
15	115713	74.44
15	1200	76.54
15	293	81.89
15	2571	80.08
15	3949	72.48
15	120466	65.11
15	1198	76.03
15	2028	79.34
15	2011	76.07
15	158	51.32
15	160980	73.17
15	4306	73.95
15	4022	72.87
16	1230	82.97
16	78499	83.04
16	913	78.52
16	1136	87.82
16	1299	86.01
16	1617	83.04
16	1203	82.48
16	3429	82.35
16	2858	79.56
16	608	83.34
16	3683	85.82
16	4002	77.33
16	1199	83.02
16	912	76.96
16	2707	65.47
16	5782	75.20
16	1260	69.96
16	319	73.58
16	27773	81.46
16	2109	75.73
17	260	87.76
17	64839	89.33
17	296	95.35
17	5952	90.61
17	527	93.05
17	1193	91.91
17	3681	92.26
17	1240	84.12
17	2717	77.40
17	2858	91.14
17	1093	77.90
17	81932	87.65
17	5618	93.99
17	50	96.60
17	5971	89.35
17	2959	98.82
17	1201	94.41
17	541	94.24
17	82459	88.27
17	1	91.88
18	8117	74.33
18	65596	74.33
18	88094	74.33
18	145283	74.33
18	157110	74.33
18	166015	74.33
18	171023	74.33
18	103253	62.99
18	60684	80.35
18	44199	76.28
18	2	72.27
18	86628	72.33
18	59784	73.29
18	2918	79.19
18	109374	84.69
18	4226	90.53
18	53129	94.25
18	139385	80.13
18	47	86.07
18	1291	89.85
19	3692	52.47
19	3662	42.94
19	54	26.59
19	2733	52.47
19	1702	40.38
19	1240	63.71
19	1270	60.20
19	3712	44.62
19	1881	48.80
19	216	49.20
19	3	50.07
19	1834	64.15
19	2184	41.34
19	3017	51.56
19	2044	52.47
19	2354	50.13
19	2005	58.81
19	3146	37.13
19	3387	44.10
19	2694	45.41
20	1566	73.21
20	5419	65.21
20	4014	75.96
20	2140	77.71
20	586	63.02
20	661	74.29
20	3189	75.12
20	5014	76.85
20	1333	76.13
20	4161	70.33
20	3784	64.76
20	1030	61.30
20	5313	54.74
20	2804	83.17
20	2054	62.40
20	34	69.93
20	1097	84.27
20	6358	72.02
20	4519	66.24
20	1722	60.39
21	107013	64.45
21	117922	64.45
21	140301	64.45
21	57640	72.89
21	2985	65.03
21	2990	67.09
21	2717	57.55
21	5418	71.08
21	31433	52.61
21	112175	67.61
21	7153	79.46
21	30793	58.79
21	4446	62.58
21	52973	65.54
21	45186	65.69
21	2023	63.59
21	79185	61.22
21	1721	57.41
21	102125	64.04
21	5459	54.97
22	8961	59.29
22	2723	51.34
22	60950	46.70
22	64575	56.66
22	1193	63.80
22	70286	61.83
22	4993	65.63
22	2160	64.88
22	39183	53.40
22	7147	57.84
22	3996	65.10
22	3481	58.81
22	55765	60.36
22	48780	59.03
22	7361	65.04
22	51540	57.87
22	6711	62.56
22	2968	58.79
22	3949	61.75
22	48394	60.42
23	6234	72.59
23	3996	83.40
23	293	82.78
23	1206	91.71
23	1136	92.71
23	1960	74.52
23	7587	80.26
23	3424	81.88
23	3181	85.35
23	2467	78.41
23	1248	91.54
23	1617	82.32
23	6807	81.46
23	1952	82.91
23	6440	80.57
23	1258	83.65
23	1243	90.51
23	1080	87.88
23	8228	70.37
23	1711	64.60
24	1784	80.10
24	2617	73.26
24	111759	75.97
24	134853	81.17
24	58998	80.27
24	1265	76.46
24	1198	88.92
24	3147	78.92
24	1197	87.41
24	1220	83.25
24	2424	65.90
24	5418	75.86
24	72011	72.49
24	54286	77.37
24	27773	83.00
24	64957	72.74
24	356	82.06
24	44191	81.37
24	1682	79.03
24	68358	78.37
25	58559	100.00
25	60069	100.00
25	74458	95.27
25	79132	100.00
25	527	100.00
25	260	100.00
26	10	0.00
26	34	0.00
26	47	0.00
26	150	0.00
26	153	0.00
26	165	0.00
26	185	0.00
26	208	0.00
26	225	0.00
26	288	0.00
26	296	0.00
26	300	0.00
26	344	0.00
26	349	0.00
26	356	0.00
26	380	0.00
26	434	0.00
26	454	0.00
26	457	0.00
26	592	0.00
26	593	0.00
27	1196	90.03
27	2478	67.30
27	2640	75.48
27	3508	85.14
27	3555	70.45
27	1201	82.33
27	3519	66.69
27	969	77.81
27	2080	73.27
27	673	57.34
27	2886	12.43
27	2529	78.63
27	1387	89.12
27	1101	71.28
27	1947	73.74
27	1250	85.12
27	1276	86.22
27	3114	84.16
27	1083	61.35
27	3809	71.39
28	27450	60.64
28	60943	60.64
28	61011	60.64
28	63033	60.64
28	5617	69.02
28	59369	59.89
28	60046	60.64
28	507	56.37
28	3300	60.00
28	55094	63.06
28	59018	60.64
28	26695	60.64
28	2951	72.28
28	3006	61.26
28	2231	66.97
28	5418	68.82
28	26812	57.87
28	2058	56.08
28	353	70.87
28	61167	60.64
29	98961	89.51
29	7379	80.01
29	1250	96.32
29	1201	97.84
29	111362	89.08
29	48516	93.58
29	1100	63.70
29	26554	92.00
29	3441	79.80
29	4327	86.03
29	2872	87.24
29	2301	86.18
29	1617	93.93
29	3681	91.81
29	55820	91.06
29	4223	83.11
29	99114	85.60
30	5952	100.00
30	108932	100.00
30	1200	99.70
30	91529	100.00
30	116823	98.95
30	112852	100.00
30	1198	100.00
31	1198	98.88
31	1200	90.56
31	648	74.92
31	1363	68.70
31	1073	77.31
31	1036	88.78
31	1197	90.71
31	377	79.77
31	1246	84.38
31	1270	91.93
32	236	70.28
32	314	84.46
32	1356	79.59
32	357	79.19
32	224	72.76
32	627	64.57
32	1079	85.23
32	1084	80.24
32	318	92.74
32	761	59.79
32	1197	84.33
32	849	60.82
32	912	84.68
32	880	61.29
32	1198	91.47
32	58	81.79
32	203	69.58
32	608	86.15
32	497	82.18
32	410	67.74
33	110	77.57
33	17	79.53
33	2396	81.25
33	2272	65.14
33	448	77.33
33	428	81.08
33	265	78.65
33	1280	91.44
33	1177	88.58
33	1617	86.26
33	50	95.69
33	261	81.17
33	11	80.33
33	452	54.94
33	345	79.73
33	608	86.91
33	150	76.14
33	1188	74.38
33	800	79.93
33	2690	77.52
34	780	73.21
34	2273	64.92
34	3717	61.83
34	26606	70.55
34	45499	68.61
34	3996	78.34
34	4310	59.75
34	3624	60.57
34	31685	66.87
34	1721	60.91
34	5146	71.30
34	7090	76.68
34	70	76.06
34	2006	65.72
34	3000	83.30
34	4306	77.24
34	27728	42.76
34	3997	42.69
35	11	94.14
35	185	77.67
35	595	80.25
35	21	76.64
35	300	74.60
36	5171	37.90
36	3066	65.29
36	552	40.75
36	4025	39.10
36	1262	63.46
36	2735	30.45
36	2359	48.37
36	1372	47.51
36	1278	66.15
36	2194	61.32
36	3347	62.59
36	1704	57.38
37	344	80.12
37	356	93.45
37	661	79.86
37	329	81.34
37	457	96.27
38	434	49.76
38	39	54.44
38	223	67.92
38	161	63.94
38	246	75.36
38	168	55.04
38	273	52.45
38	480	71.17
38	356	76.03
38	457	69.39
38	364	69.06
38	50	71.45
38	500	62.76
38	300	60.76
38	551	58.04
38	21	56.22
39	2571	93.87
39	2391	86.58
39	1921	93.42
39	1862	62.99
39	1219	85.27
39	1907	84.93
39	2081	85.57
39	2459	69.36
39	924	83.15
39	2529	90.43
39	1729	80.65
39	47	90.82
39	260	95.10
39	2080	80.29
39	592	83.32
39	296	94.26
39	3213	96.11
39	610	83.10
39	589	93.92
39	596	81.23
40	440	79.49
40	454	78.27
40	588	78.27
40	339	74.75
40	158	71.83
40	432	66.56
40	431	83.66
40	186	70.07
40	616	78.70
40	514	80.89
40	21	73.46
40	592	69.86
40	1	86.51
40	223	85.74
40	585	65.43
40	216	84.44
40	104	72.54
40	371	79.65
40	111	81.54
40	267	74.66
41	96829	74.43
41	64839	72.62
41	122882	77.33
41	6287	55.10
41	1569	61.95
41	106920	73.58
41	86781	82.69
41	3160	74.09
41	1721	54.50
41	2028	77.19
41	6763	42.26
41	5418	69.34
41	53519	63.32
41	122904	68.68
41	55247	72.34
41	924	65.29
41	4011	79.61
41	2324	77.12
41	35836	66.29
41	5995	74.18
42	3869	72.50
42	4654	60.03
42	1021	52.86
42	2423	73.52
42	3248	42.34
42	4477	52.63
42	2500	51.52
42	1431	51.86
42	195	69.39
42	3326	92.59
42	2407	70.15
42	1090	87.53
42	2735	51.86
42	3693	56.66
42	1020	66.84
42	4545	69.58
42	4132	64.63
42	2263	59.84
42	3535	75.97
42	2805	60.11
43	225	94.14
43	296	95.58
43	596	93.87
43	588	91.74
43	587	100.00
43	420	76.95
43	158	89.55
43	631	89.44
43	5	84.52
43	597	90.35
43	168	90.05
43	355	77.97
43	47	97.28
43	367	80.99
43	519	71.98
43	594	98.14
43	236	91.79
43	1	100.00
43	60	89.01
43	259	81.30
44	36	72.96
44	663	66.25
44	12	54.02
44	661	69.59
44	94	79.99
44	1	78.08
44	104	75.08
44	112	68.73
44	494	73.07
44	889	70.32
45	2718	76.62
45	1036	87.39
45	2028	94.78
45	1653	94.77
45	1682	87.71
45	2396	84.50
45	3249	73.87
45	261	80.09
45	4308	76.32
45	329	75.02
45	1367	69.09
45	2890	84.62
45	593	94.59
45	1127	80.76
45	2431	77.02
45	6377	90.00
45	569	65.45
45	1197	94.78
45	1060	84.04
45	2858	91.94
46	590	88.31
46	588	82.35
46	315	75.80
46	208	65.20
46	1	90.41
46	432	69.49
46	225	81.51
46	434	72.24
46	339	83.36
47	508	58.88
47	68932	60.00
47	72395	67.23
47	2420	65.45
47	597	63.23
47	148626	69.54
47	5989	68.29
47	96588	62.53
47	69122	66.58
47	6155	55.30
47	4975	59.08
47	30749	66.69
47	106100	70.32
47	45950	59.58
47	2028	70.45
47	4018	53.50
47	1259	65.98
47	6373	56.20
47	33166	66.40
47	2407	57.66
48	4886	86.15
48	1320	73.48
48	1527	87.22
48	1193	87.89
48	3793	88.91
48	48	74.64
48	1653	92.05
49	2028	92.04
49	1214	93.75
49	139385	85.91
49	318	98.06
49	527	87.24
50	8143	55.60
50	114335	55.60
50	136564	55.60
50	142074	55.60
50	171759	55.60
50	175693	55.60
50	179073	55.60
50	175707	55.60
50	71264	57.61
50	82848	55.60
50	1377	52.40
50	44555	65.90
50	8157	63.16
50	6807	67.55
50	95543	49.62
50	8253	64.98
50	96610	61.77
50	924	61.02
50	32875	55.60
50	4896	51.79
51	7040	75.48
51	5620	60.79
51	2613	56.01
51	4437	89.28
51	2023	71.61
51	1500	79.43
51	522	82.40
51	858	98.45
51	4508	77.58
51	2951	84.44
51	1014	76.14
51	1407	72.65
51	2282	63.76
51	2420	80.92
51	3388	56.10
51	260	94.90
51	3186	74.21
51	3994	73.77
51	3501	67.75
51	2371	68.78
52	152081	89.44
52	51255	98.92
52	74458	85.49
52	1923	89.03
52	7438	89.36
52	40583	87.84
52	59784	87.25
52	55765	93.52
52	112852	98.47
52	86892	100.00
52	55363	98.70
52	112138	94.08
52	49272	98.85
52	52245	84.21
52	69481	96.52
52	50794	78.60
52	1704	95.05
52	54736	88.21
52	44665	89.97
52	47200	85.97
53	481	100.00
53	1100	81.34
53	249	100.00
53	1125	100.00
53	916	100.00
54	296	61.50
54	593	71.97
54	639	56.77
54	1	68.39
54	205	53.13
54	161	60.46
54	500	66.27
55	2407	52.74
55	673	46.97
55	3275	71.22
55	2890	59.36
55	4011	64.23
56	786	76.47
56	253	77.64
56	165	84.57
56	110	95.74
56	589	83.70
56	370	72.51
56	434	68.71
56	410	69.91
56	69	79.47
56	185	78.22
57	2140	75.21
57	942	72.01
57	920	69.98
57	3175	75.67
57	1784	72.99
57	3429	77.23
57	933	80.54
57	1193	79.78
57	3446	29.78
57	160	49.03
57	1499	39.79
57	2640	73.01
57	892	72.98
57	11	70.55
57	2947	75.84
57	6	73.89
57	2478	63.76
57	2291	72.19
57	1688	66.01
57	2301	74.46
58	588	81.29
58	282	71.81
58	185	71.18
58	419	67.92
58	367	69.79
58	277	74.65
58	48	71.55
58	280	82.62
58	337	86.16
58	345	83.40
58	3	80.78
58	357	77.77
58	527	98.61
58	587	86.04
58	218	74.27
58	500	84.16
58	508	86.14
58	368	75.60
58	364	88.14
58	353	78.02
59	1696	48.68
59	6460	100.00
59	3489	82.78
59	1188	86.12
59	1222	100.00
59	2076	90.54
59	3448	95.12
59	1263	98.70
59	1247	96.66
59	527	100.00
59	1244	98.15
59	904	99.83
59	903	100.00
59	965	98.33
59	2616	74.78
59	1953	92.84
59	608	99.84
59	105	79.19
59	912	100.00
59	3471	89.86
60	832	69.73
60	58559	78.41
60	805	74.96
60	455	51.63
60	858	89.70
61	266	85.04
61	1101	78.62
61	7438	92.51
61	173	71.47
61	555	89.37
61	2012	79.61
61	4878	93.03
61	3949	92.21
62	99114	89.23
62	176371	83.01
62	3793	84.83
62	56757	80.71
62	73017	84.59
62	30793	75.73
62	179819	82.61
62	68554	74.73
62	185135	97.15
62	168248	98.49
62	5903	83.88
62	4878	94.42
62	2028	92.53
62	5502	77.01
62	6058	71.33
62	344	82.64
62	1721	73.38
62	45499	78.76
62	41566	77.24
62	78105	73.67
63	5669	77.05
63	4246	74.76
63	48780	78.98
63	500	67.78
63	6016	84.95
63	31658	80.92
63	2858	84.69
63	64285	92.60
63	85414	70.89
63	1221	84.88
63	106696	73.15
63	4963	79.08
63	50	88.25
63	1097	79.36
63	260	89.50
63	110	80.62
63	1222	85.12
63	4979	75.08
63	5952	83.93
63	77561	76.43
64	5878	88.44
64	3101	72.33
64	2640	77.27
64	2959	95.21
64	8784	84.43
64	2054	64.49
64	4239	82.10
64	4025	62.92
64	5026	87.43
64	40819	78.84
64	266	75.97
64	2699	61.23
64	27266	81.54
64	3969	74.25
64	1805	67.93
64	6296	89.39
64	4776	82.73
64	3148	86.27
64	4262	85.02
64	356	94.79
65	1246	86.79
65	33660	87.64
65	7458	77.90
65	2329	90.63
65	4993	92.51
65	91542	82.09
65	3147	92.62
66	593	98.82
66	47	93.22
66	5418	83.66
66	922	93.43
66	2139	83.47
66	2956	65.68
66	3745	78.12
66	1956	89.01
66	4581	80.15
66	5349	87.85
66	1210	93.08
66	1094	73.13
66	2001	78.94
66	380	76.69
66	6539	84.33
66	671	78.96
66	1	86.55
66	6378	81.35
66	7766	91.64
66	296	100.00
67	99114	79.89
67	4306	88.65
67	27193	89.07
67	79132	91.41
67	60069	83.50
67	2012	79.01
67	4886	77.86
67	4993	87.57
68	47978	64.66
68	95218	64.66
68	6534	52.58
68	48696	81.76
68	67267	71.56
68	30825	58.83
68	1799	70.44
68	3556	73.23
68	8622	67.57
68	4351	64.88
68	63113	63.37
68	58295	58.32
68	7151	64.54
68	2413	69.06
68	6287	55.87
68	653	59.36
68	41566	58.56
68	5541	63.49
68	260	84.40
68	48043	64.37
69	4370	80.60
69	4848	96.23
69	3671	94.02
69	2476	94.36
69	1193	95.05
69	356	96.06
69	553	96.94
69	4022	88.03
69	260	95.77
69	3994	90.14
70	1193	97.05
70	1097	97.26
70	1914	84.10
70	1269	94.09
70	4995	98.76
70	318	100.00
70	8949	90.01
70	1968	94.43
70	1210	95.99
70	89492	88.66
70	1250	98.23
70	1235	97.39
70	2366	88.28
71	494	73.16
71	647	74.73
71	736	73.92
71	95	65.60
71	733	77.81
71	589	80.90
71	7	63.45
72	1047	75.47
72	150	87.27
72	858	94.63
72	2490	81.50
72	1357	93.91
72	260	99.01
72	50	92.66
72	1198	91.22
72	1196	92.57
73	1193	85.60
73	45720	79.05
73	105037	67.56
73	6333	79.24
73	59315	77.66
73	76293	68.78
73	138204	81.70
73	2706	79.85
73	152081	77.32
73	45221	54.80
73	68135	75.26
73	150	77.24
73	8376	67.31
73	93510	81.42
73	59784	74.20
73	116823	79.13
73	106072	72.42
73	1682	81.11
73	52245	70.39
73	35836	73.06
74	31522	86.35
74	2594	92.50
74	2908	96.24
74	30749	92.22
74	6870	91.49
74	3006	84.21
74	52281	87.82
74	49772	95.51
74	55118	96.32
74	2997	90.26
74	6305	91.98
74	608	99.21
74	4546	93.87
74	41863	100.00
74	27773	95.11
74	6001	98.10
74	1251	98.65
74	6552	92.46
74	46976	93.22
74	44555	99.29
75	5445	73.02
75	1240	73.18
75	5952	79.39
75	2193	73.02
75	6870	72.04
75	2529	76.95
75	168	52.38
75	541	76.79
75	3176	75.33
75	1962	67.64
75	2078	76.73
75	1889	75.11
75	1266	84.48
75	1374	82.29
76	48877	56.69
76	5956	63.81
76	2918	63.37
76	58803	65.19
76	1247	70.86
76	74458	69.15
76	7669	74.89
76	79132	66.42
76	8957	51.43
76	858	75.62
76	55820	76.29
76	1258	71.66
76	63436	45.51
76	1201	73.37
76	1208	70.65
76	48	49.05
76	288	61.03
76	34405	69.37
76	1	71.04
76	1196	76.20
77	3996	78.92
77	4973	87.00
77	7361	84.47
77	8636	77.98
77	3578	83.84
77	33794	80.69
78	296	78.65
78	165	67.04
78	3809	64.54
78	589	71.24
78	546	37.69
78	27904	68.49
78	260	79.17
78	590	66.44
78	480	78.79
78	68791	60.98
78	344	58.88
78	44974	67.00
78	380	68.53
79	3266	100.00
79	3029	80.45
79	589	96.11
79	1916	84.52
79	307	95.97
79	4005	94.21
79	260	100.00
79	1189	95.63
79	1345	88.60
79	2000	94.48
79	1374	89.81
79	2659	84.88
79	2076	90.28
80	7445	87.91
80	96691	86.27
80	84189	86.27
80	91630	88.99
80	49530	85.51
80	8950	94.15
80	6539	88.90
80	4223	91.45
80	5630	86.64
80	3527	95.01
80	76251	85.86
80	80363	75.28
80	52604	86.39
80	6502	97.13
80	34048	79.69
80	1221	94.65
80	60684	92.40
80	6952	81.58
80	5989	91.38
80	77561	83.79
81	10	0.00
81	32	0.00
81	47	0.00
81	110	0.00
81	150	0.00
81	153	0.00
81	161	0.00
81	165	0.00
81	208	0.00
81	231	0.00
81	288	0.00
81	296	0.00
81	316	0.00
81	318	0.00
81	329	0.00
81	344	0.00
81	356	0.00
81	364	0.00
81	367	0.00
81	377	0.00
81	380	0.00
81	457	0.00
81	480	0.00
81	588	0.00
81	589	0.00
81	592	0.00
82	6886	65.78
82	2381	45.24
82	2378	57.41
82	6566	66.59
82	368	67.97
82	6536	68.97
82	3253	70.53
82	4310	53.85
82	1608	62.97
82	1372	66.15
82	145	61.91
82	356	80.41
82	6708	71.15
82	1485	58.10
82	4369	56.96
82	6564	45.03
82	6888	35.50
82	5803	39.01
82	4015	48.89
82	364	77.15
83	56367	72.62
83	7143	68.49
83	7323	66.88
83	6539	67.22
83	161	67.22
83	586	56.80
83	2115	68.94
83	1270	74.14
83	6874	71.75
83	2324	77.09
83	1537	69.31
83	7153	77.63
83	68954	75.95
83	48774	70.18
83	30749	71.93
83	8014	76.62
83	1222	76.40
83	3753	62.51
83	1223	83.48
83	64983	61.47
84	55	74.25
84	987	74.25
84	912	95.89
84	1096	78.23
84	420	56.47
84	1227	84.95
84	113	64.25
84	580	51.89
84	5060	76.31
84	1293	81.30
84	900	79.58
84	1097	81.28
84	62	73.67
84	368	72.17
84	1305	74.28
84	1247	87.04
84	1296	78.48
84	11	82.52
84	1073	78.84
84	1094	68.62
85	1519	78.18
85	1624	54.76
85	1140	78.18
85	1694	58.68
85	1643	81.76
85	1747	77.65
85	1635	82.29
86	4993	90.88
86	4310	63.62
86	6947	83.76
86	2411	61.36
86	457	83.43
86	5418	81.08
86	3996	80.33
86	4901	75.46
86	1835	76.30
86	33794	84.67
86	1196	91.31
86	3555	79.90
86	1097	81.19
86	2687	77.89
87	4023	62.74
87	2009	74.02
87	3504	85.45
87	671	67.57
87	2139	79.25
88	7312	80.28
88	74795	79.64
88	4993	92.25
88	68157	93.77
88	5952	89.90
88	1193	89.86
88	223	85.66
88	8665	83.88
88	4262	86.79
88	56782	92.60
88	8677	55.62
88	58559	94.03
89	26645	68.10
89	32060	68.10
89	44851	68.10
89	53280	68.10
89	53578	68.10
89	67888	68.10
89	69211	68.10
89	81087	68.10
89	84246	68.10
89	103602	68.10
89	108078	68.10
89	109596	68.10
89	118894	68.10
89	121007	68.10
89	128089	68.10
89	128944	68.10
89	131098	68.10
89	131439	68.10
89	134847	68.10
89	140481	68.10
89	146684	68.10
89	148632	68.10
89	150554	68.10
89	164226	68.10
89	30793	64.44
89	169912	51.50
89	87869	71.39
89	1923	66.97
89	4015	55.32
89	950	79.07
89	173253	68.10
89	2324	79.16
89	27826	68.10
89	92259	77.00
89	11	66.83
89	3977	58.39
89	86298	52.66
89	8154	79.24
89	77688	68.10
89	2997	74.41
89	170837	68.10
89	49274	50.21
89	157775	68.10
89	1	75.03
89	142196	68.10
89	99117	61.22
89	62008	68.10
89	72624	68.10
89	108156	63.04
89	3752	63.89
89	2059	61.32
89	128520	80.25
89	3175	69.98
89	133879	68.10
89	48649	68.10
89	126088	68.10
89	5529	50.25
89	65588	68.10
89	99130	68.10
89	40962	54.15
89	1732	73.07
89	68659	61.28
89	91666	68.10
89	2683	67.54
89	3751	69.02
89	750	78.67
89	6650	86.76
89	149508	68.10
89	2395	68.31
89	51575	57.35
89	65230	62.42
89	171751	68.10
89	85881	76.77
89	139157	68.10
89	6863	71.53
89	4246	70.79
89	108949	68.34
89	1230	81.88
89	160567	91.50
89	73319	52.58
89	177185	68.10
89	130520	66.37
89	5220	54.01
89	121338	68.10
89	153386	68.10
89	50872	72.15
89	149566	68.10
89	145491	68.10
89	4890	62.38
89	129354	59.67
89	32243	68.10
89	84944	67.93
89	6402	68.10
89	1288	75.05
89	140133	68.10
89	119141	68.91
89	947	85.07
89	176621	68.10
89	4973	82.29
89	158398	68.10
89	69469	68.10
89	54503	78.59
89	141928	68.10
89	102481	70.28
90	1137	80.57
90	1144	80.57
90	581	100.00
90	81	73.33
90	892	86.83
90	1073	80.87
90	116	71.04
90	896	44.80
90	17	81.31
90	7	72.50
90	613	74.13
91	3013	67.84
91	6395	67.84
91	8147	67.84
91	7153	79.83
91	3360	73.29
91	2791	72.92
91	3897	79.55
91	1080	78.83
91	4850	53.09
91	3429	77.65
91	7000	53.22
91	2060	73.19
91	2916	68.99
91	1391	67.25
91	2100	60.43
91	318	89.94
91	2146	67.97
91	1225	77.78
91	1246	77.72
91	8501	66.26
92	2572	84.74
92	2114	85.05
92	1015	76.26
92	2454	78.30
92	1801	83.85
93	736	83.31
93	1917	71.52
93	552	78.02
93	1721	77.35
93	539	91.99
93	480	97.74
93	1372	88.94
93	368	84.47
93	2355	87.49
93	1923	89.46
93	2193	90.38
93	2006	77.42
93	339	84.05
93	1097	91.96
93	1591	70.12
93	260	100.00
93	2968	95.93
93	1676	76.42
93	593	100.00
93	558	78.53
94	231	47.98
94	377	61.85
94	367	48.38
94	364	70.89
94	288	53.96
94	19	45.64
94	10	56.74
94	586	46.62
94	590	66.54
94	380	61.52
94	589	67.60
94	318	79.75
95	18	83.00
95	4878	95.74
95	6979	78.55
95	4732	60.37
95	3019	90.49
95	5246	54.38
95	32	96.72
95	2952	80.32
95	1247	88.74
95	1198	99.63
95	5283	73.90
95	3361	84.84
95	1513	73.17
95	2009	77.65
95	539	74.94
95	122	58.88
95	1584	84.76
95	1240	86.23
95	4262	86.75
95	5349	85.99
96	527	97.54
96	1094	68.93
96	272	76.14
96	3819	77.20
96	150	87.20
96	2021	76.46
96	2571	95.13
96	1214	85.51
96	2058	75.16
96	1220	83.54
96	733	73.48
96	2340	69.92
96	1721	66.81
96	2396	79.35
96	367	69.57
96	1291	87.08
97	4701	78.15
97	4306	88.96
97	3578	83.97
97	4993	93.51
97	4963	86.91
97	4299	77.86
97	3981	57.76
97	4161	77.90
98	81845	87.04
98	8961	83.72
98	122912	86.55
98	5299	71.72
98	63992	52.47
98	187541	47.95
98	56152	83.46
98	134853	88.06
98	69644	62.64
98	6863	74.42
98	5618	89.03
98	56801	61.84
98	3499	88.67
98	134130	82.91
98	74789	63.83
98	82461	71.97
98	1258	88.94
98	88810	88.54
98	79132	89.20
99	318	91.85
99	161	82.53
99	420	59.67
99	592	69.81
99	196	66.15
99	122	67.28
99	145	71.08
99	150	90.08
99	316	72.73
99	236	78.84
99	588	76.59
100	497	88.03
100	296	90.74
100	1393	82.48
100	95	61.47
100	592	78.54
100	605	67.91
100	6059	77.35
100	28	90.86
100	2245	74.35
100	62	82.80
100	4308	79.41
100	1777	78.25
100	838	86.99
100	2125	84.58
100	1288	85.37
100	234	67.13
100	1197	97.60
100	2005	84.10
100	4014	80.83
100	4623	81.99
101	2580	79.09
101	3285	58.51
101	2723	71.23
101	2700	79.21
101	2908	74.83
101	2390	85.82
101	3175	69.65
101	2395	68.21
101	358	59.28
101	2702	63.58
101	3394	62.56
101	2997	80.72
101	2502	88.31
102	158	60.97
102	588	68.49
102	150	72.67
102	592	61.00
102	253	59.07
102	480	75.17
102	344	55.45
102	539	71.63
102	553	68.16
102	593	76.61
102	586	54.04
102	223	75.24
103	86014	79.16
103	1954	82.77
103	60040	76.63
103	1968	85.26
103	77206	79.16
103	2161	81.81
103	1732	90.03
103	81834	89.85
103	608	90.00
103	2384	70.85
103	4254	49.40
103	104	75.97
103	139642	65.52
103	56782	93.32
103	2096	80.21
103	101	91.61
103	6534	64.64
103	374	52.61
103	60069	90.73
103	30793	77.51
104	4740	70.20
104	743	52.82
104	5218	70.93
104	8643	64.05
104	1288	75.77
104	47997	70.25
104	468	64.28
104	76251	75.26
104	8533	74.61
104	4018	61.38
104	38038	76.21
104	1566	70.96
104	7361	84.69
104	6060	56.47
104	3034	72.21
104	1641	75.87
104	4641	75.63
104	108190	61.35
104	616	75.89
104	7034	70.65
105	4788	81.99
105	69685	81.99
105	95311	81.99
105	95313	81.99
105	110586	81.99
105	141816	81.99
105	141818	81.99
105	170597	81.99
105	172587	81.99
105	172793	81.99
105	173351	81.99
105	173535	81.99
105	6433	66.39
105	4974	63.90
105	70286	89.09
105	108981	81.99
105	95175	81.99
105	69122	84.57
105	1243	92.31
105	3916	82.49
106	69844	97.29
106	72998	81.47
106	59501	89.03
106	86880	87.27
106	5349	85.96
106	53125	92.10
106	59784	85.11
107	231	71.36
107	253	79.12
107	590	84.92
107	165	81.29
107	434	71.44
107	208	63.84
107	318	95.46
108	800	84.86
108	6022	79.87
108	4995	89.23
108	2585	82.71
108	5316	71.90
108	4975	74.78
108	3978	70.17
108	5349	83.52
108	2926	77.62
108	4246	83.72
108	4878	85.48
108	4994	74.49
108	1968	85.06
108	1684	62.44
108	497	84.40
108	5380	87.69
109	380	60.76
109	1033	61.50
109	231	47.79
109	364	72.91
109	589	69.68
109	480	69.28
109	62	70.92
109	31	59.74
109	587	71.12
109	1032	65.43
109	586	51.63
109	778	75.91
109	540	48.49
109	256	52.33
109	163	58.89
109	252	63.12
109	223	74.36
109	553	66.58
109	537	56.92
109	168	55.76
110	26171	89.00
110	2468	53.76
110	1198	78.87
110	1089	82.95
110	1222	82.44
110	1208	84.94
110	4881	76.06
110	47	80.05
110	527	80.29
110	1193	79.05
110	2428	56.30
111	100194	66.61
111	162602	66.61
111	171251	66.61
111	2145	67.70
111	96588	70.33
111	65088	65.69
111	66203	46.67
111	84772	75.20
111	2081	68.24
111	91529	73.79
111	6365	63.68
111	45666	48.91
111	3255	69.93
111	1282	74.88
111	6539	75.86
111	86833	69.76
111	122882	75.83
111	59143	79.89
111	86911	68.00
111	5283	59.24
112	788	50.97
112	161	74.06
112	1917	60.20
112	16	81.82
112	21	70.63
112	208	56.32
112	434	61.37
112	39	74.48
112	3717	68.92
112	19	54.12
112	110	82.38
112	32	78.96
112	70286	76.48
113	4083	72.50
113	39	71.99
113	3168	75.55
113	932	87.50
113	2331	57.78
113	3359	81.04
113	1086	83.56
113	3504	81.76
113	1339	74.54
113	904	93.23
113	3546	72.50
113	4063	48.20
113	4062	65.39
113	1077	78.76
113	1589	71.60
113	2475	65.64
113	3831	75.46
113	46	65.09
113	1733	89.80
113	4007	77.48
114	141718	67.00
114	54001	81.49
114	2291	71.01
114	167732	67.00
114	122886	68.36
114	8961	76.51
114	3147	81.71
115	1580	78.44
115	2804	91.90
115	1387	89.29
115	2792	70.19
115	3146	62.14
115	3273	56.49
115	3052	79.52
115	2841	76.89
115	2719	64.57
115	595	80.20
115	2700	87.81
115	383	72.01
115	2027	51.18
115	2148	70.68
115	2770	62.64
115	3785	65.33
115	2916	78.72
115	3175	80.69
115	588	80.45
115	1377	66.64
116	2716	70.01
116	858	82.67
116	1299	79.81
116	62383	67.32
116	1339	69.07
116	1276	81.53
116	597	69.73
116	1029	64.82
116	1101	70.31
116	2797	75.10
116	2657	66.11
116	1961	72.71
116	1407	58.30
116	5995	77.22
116	1704	74.06
116	165	60.34
116	2115	71.97
116	8360	66.94
117	708	67.14
117	587	72.31
117	589	75.65
117	151	78.26
117	36	67.99
117	1036	76.95
117	595	71.13
117	288	59.05
117	596	68.01
117	48	61.82
117	315	61.92
117	454	69.10
117	353	66.88
117	474	70.40
117	10	60.40
117	60	62.91
117	805	70.31
117	491	67.04
117	616	69.89
117	485	56.19
118	1221	87.26
118	1625	73.20
118	153	55.79
118	1961	77.64
118	1810	72.96
119	95441	75.90
119	117176	89.69
119	1092	75.57
119	91529	91.65
119	74458	88.17
119	4387	90.56
119	79132	94.08
119	168252	95.53
119	44022	77.58
119	78499	92.61
119	122904	86.55
119	106782	90.52
119	442	78.23
119	4993	94.00
119	31685	79.13
119	6365	78.99
119	141004	66.52
119	4148	77.90
119	88744	86.71
119	8644	79.39
120	260	78.92
120	32	69.31
120	5	57.63
120	631	67.39
120	52	66.72
121	497	74.68
121	440	66.37
121	161	64.33
121	527	86.43
121	292	63.98
121	344	54.14
121	186	59.08
121	316	55.82
121	1	74.12
121	19	46.99
121	163	60.81
121	337	73.21
122	27660	92.49
122	69784	91.91
122	7022	100.00
122	148652	84.31
122	4816	94.69
122	56174	89.94
122	94959	99.41
122	81591	93.12
122	71535	99.20
122	30810	91.13
122	2997	92.34
122	1732	100.00
122	108932	96.09
122	780	91.83
122	1090	100.00
122	3253	94.85
122	106782	98.50
122	72226	97.72
122	1200	100.00
122	1214	100.00
123	68554	73.09
123	115569	84.49
123	79132	86.63
123	109487	89.02
123	1196	89.94
123	4226	84.57
123	296	93.74
123	7153	91.46
123	143458	80.00
123	47	88.62
123	96829	86.33
123	2858	82.64
124	56145	79.10
124	2161	80.29
124	260	87.28
124	175	88.76
124	1358	87.94
124	6377	86.66
124	4226	93.49
124	3147	86.39
124	608	91.53
124	1223	97.19
125	5088	76.43
125	86721	76.43
125	110330	76.43
125	54503	82.06
125	72011	76.02
125	162578	86.28
125	119145	87.69
125	176371	79.26
125	55247	81.57
125	1240	87.45
125	86332	77.94
125	68157	88.20
125	112623	81.06
125	4082	48.59
125	160567	99.83
125	3342	72.73
125	109487	83.09
125	88140	79.25
125	98607	76.43
125	81562	79.57
126	364	75.25
126	349	65.79
126	231	59.10
126	380	68.65
126	410	58.91
126	300	68.24
126	253	66.97
126	457	82.19
127	2915	58.93
127	903	77.19
127	55276	53.83
127	5060	63.18
127	272	57.04
128	904	96.46
128	965	96.71
128	926	94.51
128	1066	99.80
128	1721	76.00
128	1080	86.67
128	1198	99.04
129	4370	73.82
129	480	81.55
129	3698	74.25
129	2692	87.18
129	2138	90.66
129	1968	81.34
129	8368	83.54
129	653	71.65
129	7143	85.88
129	316	78.73
129	6874	92.67
129	239	69.26
129	2916	77.07
129	733	81.27
129	4896	80.71
129	2028	93.29
129	3977	64.22
129	3000	90.73
129	1907	81.15
129	31658	85.44
130	208	56.25
130	316	61.33
130	292	70.66
130	110	83.01
130	590	73.24
130	296	69.65
131	2273	61.75
131	6947	74.90
131	58559	77.93
131	908	77.15
131	4878	74.51
131	89745	70.48
131	7256	72.98
131	68237	78.82
131	2722	54.43
131	2028	79.71
131	48516	79.80
131	3178	69.34
131	64614	76.79
131	969	78.38
132	6251	60.11
132	3275	75.78
132	4995	69.75
132	2987	58.59
132	7444	56.90
132	3262	59.70
132	4168	41.17
132	31658	68.09
132	44191	73.32
132	1089	68.00
132	3967	65.70
132	5502	57.93
132	50	76.53
132	58559	81.74
132	5992	70.19
132	2108	53.93
132	1844	68.87
132	2657	60.77
132	47	68.42
132	2470	52.11
133	454	63.00
133	356	75.81
133	589	70.65
133	150	64.12
133	153	52.16
133	380	62.87
133	527	83.18
134	442	65.24
134	595	74.73
134	349	71.44
134	380	69.14
134	367	62.04
134	509	62.54
134	296	77.41
135	592	79.44
135	4084	66.39
135	893	78.59
135	3994	74.00
135	2004	75.65
135	608	89.99
135	1358	83.19
135	3852	71.72
135	3489	71.06
135	1614	63.12
135	1198	96.45
135	4128	76.36
135	1883	66.78
135	2302	65.04
135	1291	85.30
135	410	67.70
135	1261	88.88
135	4022	79.38
135	4881	77.14
135	1077	76.87
136	161	71.68
136	193	37.27
136	585	55.83
136	338	62.02
136	277	64.65
136	380	68.47
136	181	44.91
136	337	73.90
136	437	54.04
136	165	73.58
136	611	44.28
136	151	75.62
136	340	65.21
136	252	67.34
136	432	58.65
136	552	60.41
136	350	70.31
136	280	73.31
136	273	59.88
136	150	78.40
137	6787	89.96
137	2716	80.34
137	1198	90.92
137	750	97.24
137	919	95.02
137	1270	83.20
137	318	98.09
137	150	84.98
137	2997	85.73
137	1200	90.18
137	6986	81.34
137	7153	91.48
137	1242	96.54
137	110	80.90
137	33493	76.57
137	1197	95.65
137	2959	97.85
137	1237	92.51
137	903	93.45
137	7762	93.37
138	2707	63.47
138	1960	68.16
138	1959	72.61
138	849	57.75
138	3996	79.98
139	4025	33.70
139	7445	44.96
139	60684	47.17
139	4865	45.31
139	68319	35.01
139	7090	48.58
139	5502	40.81
139	260	54.64
139	8371	38.45
139	53953	40.31
139	58025	35.07
139	106782	45.20
139	6957	46.50
139	7163	32.45
139	3827	31.69
139	3624	33.62
139	52722	29.30
139	54259	48.82
139	4367	33.40
139	115617	49.44
140	5699	70.17
140	5299	69.89
140	1393	74.36
140	356	86.63
140	609	69.77
140	32596	64.91
140	4795	62.13
140	34072	75.36
140	1617	83.97
140	5256	52.32
140	5943	55.40
140	1084	78.86
140	4337	70.17
140	3108	80.65
140	43396	77.21
140	4719	58.46
140	1005	45.56
140	4321	69.65
140	5812	75.97
140	4259	59.97
141	5418	78.74
141	54503	76.68
141	4963	79.08
141	2478	70.79
141	71535	79.45
141	317	61.30
141	68954	81.18
141	54286	76.72
141	6365	68.02
141	54272	71.30
141	4447	62.80
141	5502	70.58
141	6377	81.86
141	6373	72.07
141	1265	75.99
141	91529	81.12
141	2502	90.76
141	441	86.04
141	1517	71.66
141	48516	88.16
142	434	63.41
142	384	74.66
142	588	72.42
142	50	82.25
142	527	91.72
142	356	86.32
142	337	78.79
142	377	75.40
143	1721	76.87
143	61250	62.15
143	6942	84.47
143	7169	76.95
143	8533	76.75
143	106696	75.20
143	3421	76.51
143	87232	80.50
143	78316	75.08
143	69069	84.19
143	59421	48.48
143	2144	75.90
143	96821	80.44
143	7173	66.12
143	500	76.61
144	589	80.61
144	541	77.93
144	8368	82.31
144	597	73.84
144	590	78.12
144	410	64.47
144	1246	81.26
144	527	88.74
144	356	86.02
144	500	68.34
144	19	61.69
144	2700	81.81
144	434	60.72
144	733	74.92
144	780	74.08
144	1036	81.39
144	5377	79.95
144	552	65.41
144	586	65.35
144	2081	76.29
145	344	57.42
145	339	73.53
145	380	68.56
145	318	88.19
145	588	72.29
146	7293	65.95
146	3257	51.87
146	32	76.12
146	1367	51.81
146	3686	54.54
146	410	58.36
146	47610	69.15
147	1234	88.04
147	168	68.49
147	552	61.16
147	555	73.18
147	2395	63.02
148	88125	81.23
148	5618	82.56
148	108932	78.86
148	81847	77.58
148	72998	68.43
148	5816	88.33
148	8368	85.43
148	7153	77.93
148	81834	84.61
148	4993	73.98
149	1097	57.02
149	1374	67.61
149	1831	34.00
149	1527	55.82
149	260	68.18
149	173	37.50
149	1206	67.15
149	1200	66.98
149	2021	53.54
149	1580	59.19
149	1391	54.17
149	1375	53.58
150	3	69.12
150	1356	78.64
150	5	62.61
150	95	63.97
150	733	77.66
150	1073	75.21
151	786	69.21
151	562	75.12
151	780	79.26
151	837	68.53
151	747	59.47
151	1265	81.26
151	828	67.55
151	1073	71.79
151	1	77.82
151	648	67.84
151	1393	76.30
151	1359	57.58
152	50	87.92
152	2959	93.45
152	116897	87.21
152	89492	78.07
152	1193	88.10
152	69481	84.15
152	85774	67.20
152	115713	82.40
152	111	83.61
152	92259	88.61
152	1234	87.06
152	79132	80.72
152	318	91.06
153	134853	48.72
153	1732	50.41
153	8533	47.03
153	4014	44.91
153	81456	34.01
153	106782	46.20
153	8528	47.04
153	6863	42.73
153	87194	32.56
153	2617	32.80
153	1246	52.31
153	106100	48.37
153	1954	46.70
153	7458	39.08
153	4226	48.86
153	89904	54.57
153	72998	42.45
153	133780	41.72
153	586	34.46
153	36535	47.29
154	114662	88.00
154	119145	99.05
154	81834	96.20
154	122904	87.85
154	106072	85.17
154	76093	91.17
154	77561	85.76
155	153	55.63
155	3286	42.44
155	1200	85.74
155	260	90.05
155	141	72.69
155	2355	76.23
155	2384	57.05
155	2948	79.48
155	432	54.81
155	2959	92.31
156	26313	74.88
156	31038	74.88
156	1230	86.70
156	1711	67.79
156	3341	91.64
156	6296	89.16
156	762	47.18
156	2361	64.78
156	2076	80.71
156	4784	64.68
156	661	78.63
156	2926	75.81
156	8571	74.88
156	47	79.18
156	3176	76.78
156	58	78.75
156	848	63.20
156	866	85.97
156	1485	59.17
156	923	90.03
157	785	64.58
157	3617	65.31
157	2720	40.96
157	2770	54.23
157	527	79.37
158	1093	67.82
158	2605	67.13
158	2872	78.41
158	2723	69.89
158	2428	59.15
158	66320	73.12
159	2959	68.88
159	60069	71.07
159	45720	63.78
159	597	71.43
159	4022	71.75
159	89864	71.11
159	49286	69.13
159	140110	66.41
159	84954	60.63
159	4447	65.26
159	1197	82.96
159	68954	79.57
159	6942	78.59
159	1961	78.87
159	106696	68.93
159	480	67.43
159	539	70.58
159	166643	70.19
159	40819	75.65
159	63082	73.12
160	126	33.39
160	1371	49.50
160	1198	76.77
160	196	38.31
160	3408	46.65
160	5349	59.45
160	3213	69.33
160	2408	38.75
160	839	45.29
160	3593	14.26
160	2748	21.35
160	533	48.10
160	1975	39.70
160	1676	42.29
160	3745	52.54
160	2011	47.68
160	733	52.21
160	3826	31.14
160	778	68.44
160	2840	40.15
161	4980	68.58
161	7247	72.32
161	47610	76.90
161	1223	89.42
161	38038	79.33
161	3429	83.69
161	2144	75.80
161	2336	77.96
162	150	92.34
162	225	80.25
162	168	78.00
162	50	94.31
162	300	87.90
162	266	85.37
162	31	81.67
162	62	87.04
163	1608	63.27
163	1810	52.89
163	1747	51.54
163	1777	61.74
163	1837	32.21
164	1036	95.88
164	2916	84.80
164	110	90.10
164	589	97.59
164	3527	93.51
164	1101	81.64
164	1201	98.05
164	2167	85.77
165	2353	72.76
165	3624	62.55
165	110	79.03
165	5505	70.06
165	5527	77.30
165	3256	68.01
165	5956	74.20
165	5418	79.86
165	5530	41.31
165	5450	78.05
165	1127	72.00
165	3409	57.75
165	5881	66.10
166	33794	90.56
166	1721	75.98
166	4011	94.12
166	5378	75.48
166	3481	87.77
166	49530	84.14
166	2353	80.91
166	47644	70.89
166	54272	85.81
166	8961	92.08
166	1198	98.54
166	2542	87.99
166	1036	89.09
166	608	88.04
166	434	69.94
166	5219	78.71
166	5418	90.20
166	2396	84.41
166	349	80.90
166	2324	92.44
167	33493	63.73
167	4886	81.32
167	778	80.80
167	3052	77.19
167	7147	78.08
167	6857	76.78
167	45501	61.76
167	6480	69.84
167	1682	77.17
167	2231	77.02
167	784	57.09
167	33794	73.33
167	2083	77.17
167	2413	74.36
167	6333	73.73
167	8961	81.27
167	2139	72.29
167	150	75.49
167	6773	72.15
167	35836	71.41
168	3730	99.94
168	1248	100.00
168	1201	100.00
168	1089	98.32
168	296	100.00
168	923	96.83
168	1222	100.00
168	5291	92.18
168	3543	89.46
168	1302	92.11
168	3362	99.47
168	1148	100.00
168	3101	81.16
168	57669	100.00
168	2076	95.57
168	1729	88.88
168	908	100.00
168	85354	78.44
168	80463	95.38
169	3536	85.32
169	2028	99.58
169	364	100.00
169	953	97.41
169	4886	96.18
169	5400	80.66
169	8644	83.99
169	524	85.57
169	2795	90.75
169	1022	88.76
169	3114	91.90
169	3967	94.91
169	1517	88.42
169	1035	100.00
169	8641	92.68
169	6365	81.56
169	661	86.78
169	457	94.90
169	3287	56.53
169	1416	80.60
170	318	81.18
170	296	66.06
170	586	54.61
170	377	71.25
170	34	74.70
170	592	59.42
170	277	60.69
170	500	67.42
170	266	67.29
170	588	67.50
171	485	79.62
171	1220	100.00
171	1025	94.41
171	801	85.74
171	1259	99.38
171	1079	100.00
171	828	88.96
171	317	73.58
171	869	92.07
171	380	88.68
171	1136	100.00
171	1225	100.00
171	661	92.55
171	318	100.00
171	47	100.00
171	1198	100.00
171	1208	100.00
172	3087	69.32
172	3578	82.26
172	7438	84.63
172	2072	69.35
172	3793	77.85
172	2762	82.29
173	10	63.94
173	329	66.11
173	586	59.66
173	597	67.68
173	588	70.38
174	553	77.17
174	520	53.27
174	224	70.34
174	648	80.39
174	161	74.42
174	317	68.81
174	158	67.54
174	780	84.56
174	315	66.19
174	485	62.62
174	282	64.88
174	440	74.91
174	350	74.11
174	10	65.51
175	531	68.42
175	8911	71.88
175	43904	45.42
175	38388	71.88
175	8362	60.32
176	165	82.66
176	434	70.74
176	39	73.76
176	368	76.01
176	380	78.24
176	780	88.90
176	47	83.01
176	471	82.80
177	42002	63.62
177	91542	71.78
177	6332	46.67
177	3668	69.83
177	45672	60.55
177	783	59.11
177	27706	63.26
177	2657	65.13
177	114662	69.04
177	1206	78.65
177	83132	74.37
177	5218	68.97
177	508	66.69
177	3114	71.91
177	1321	66.67
177	2176	73.17
177	8798	72.60
177	88140	71.54
177	2012	67.20
177	339	60.44
178	7361	89.86
178	527	97.03
178	2329	90.01
178	5995	88.12
178	6502	91.58
178	4235	90.73
178	1198	94.25
178	208	68.68
178	6539	81.45
178	296	87.73
178	349	75.48
178	10	75.69
178	4226	92.58
178	1240	78.97
178	2579	82.17
178	318	99.46
179	367	63.60
179	589	76.19
179	161	78.66
179	231	63.89
179	288	65.83
179	743	59.49
179	1061	75.19
179	317	70.60
179	786	72.13
179	592	67.39
179	671	77.44
179	296	77.67
179	434	64.83
179	364	82.60
180	1261	84.28
180	260	80.33
180	1748	82.84
180	1242	86.03
180	2140	75.95
181	157	50.84
181	593	73.75
181	596	61.05
181	353	62.46
181	539	66.14
181	516	64.00
181	132	50.09
181	169	46.68
181	25	58.65
181	31	55.03
181	542	54.09
181	6	63.08
181	707	49.32
181	185	55.65
181	464	47.20
181	502	50.05
181	415	48.68
181	480	71.93
181	592	55.59
181	344	44.35
182	4879	70.01
182	6969	70.01
182	3911	76.13
182	2728	75.14
182	4313	66.59
182	8042	82.60
182	1291	84.21
182	3113	56.25
182	3578	72.88
182	1590	61.03
182	161	70.04
182	4452	60.80
182	224	72.75
182	4980	63.61
182	4262	80.80
182	2353	62.63
182	2890	75.98
182	1127	73.10
182	541	80.26
182	6041	75.73
183	480	85.83
183	380	70.72
183	1196	88.55
183	2951	82.01
183	2534	49.64
183	4085	78.26
183	1287	83.80
183	2194	85.42
183	3247	61.76
183	1233	86.03
183	2662	71.73
183	1408	81.12
184	158035	74.24
184	181413	74.24
184	193565	74.24
184	97304	79.06
184	74754	75.77
184	168250	76.23
184	191005	74.24
184	106072	68.99
184	166291	89.34
184	127152	97.63
184	86332	74.66
184	80463	80.86
184	5816	76.55
184	122898	64.44
184	81845	76.79
184	5810	71.35
184	170813	87.63
184	174479	74.24
184	112852	84.42
184	148626	81.50
185	1685	66.00
185	2396	68.90
185	5377	73.37
185	1721	54.17
185	5952	80.26
185	1393	70.60
185	595	68.22
185	2085	68.63
185	4995	76.19
185	899	79.66
186	2605	70.14
186	1214	93.72
186	1291	97.32
186	3745	80.72
186	1269	94.35
186	2527	83.10
186	2532	69.88
186	4361	91.66
186	1307	93.68
186	2968	90.78
186	4306	96.97
186	2541	76.84
186	1702	70.78
186	480	82.76
186	1097	94.32
186	3977	74.89
186	919	85.33
186	3527	90.97
186	593	97.78
186	1196	100.00
187	26122	76.23
187	3949	84.99
187	49272	86.98
187	231	65.47
187	1206	93.34
187	6874	88.75
187	1729	76.48
187	1209	87.33
187	48394	83.96
187	6502	84.55
187	2701	55.25
187	4027	81.88
187	288	82.18
187	2542	83.72
187	7153	83.88
187	39427	88.38
187	6890	83.98
187	1222	89.88
187	8949	79.35
187	1748	89.40
188	2346	86.35
188	1212	100.00
188	594	97.20
188	1282	100.00
188	3469	84.65
188	2396	94.09
188	1091	74.75
188	3341	100.00
188	1264	91.69
188	2206	100.00
189	48516	87.97
189	4993	94.64
189	79132	89.28
189	2959	91.78
189	58559	89.83
190	6711	89.55
190	4776	88.56
190	8784	86.66
190	4995	85.28
190	5630	78.10
190	4306	79.98
190	30749	81.91
190	1221	89.75
190	4975	77.20
190	8961	84.41
190	858	94.42
190	8464	79.15
190	69844	83.85
190	7438	87.63
191	496	72.73
191	21	71.80
191	72	67.10
191	175	83.65
191	494	70.95
191	417	72.65
191	17	77.43
191	6	76.99
191	85	65.83
191	292	71.16
191	314	84.32
191	58	81.46
191	235	69.49
191	213	82.42
191	161	75.50
191	160	63.43
191	162	84.12
192	356	93.27
192	288	74.68
192	316	70.34
192	349	80.80
192	432	65.42
193	44555	87.25
193	55442	85.80
193	4878	86.84
193	6016	82.51
193	307	89.04
193	1270	79.97
193	5618	88.46
194	163	67.87
194	1396	63.69
194	1500	67.08
194	1288	79.78
194	5060	72.39
195	3424	79.30
195	2770	57.19
195	1041	88.31
195	1653	86.88
195	1923	75.12
195	3160	79.16
195	4723	48.51
195	1863	45.26
195	2336	74.30
195	2166	51.66
195	4308	65.23
195	1909	70.22
195	260	86.24
195	2028	83.68
195	3252	79.14
195	2908	75.59
195	1392	52.97
195	1365	67.67
195	70	68.14
195	190	46.10
196	70286	81.97
196	3578	88.43
196	59315	77.71
196	58559	91.46
196	364	85.59
196	1214	79.63
196	110	85.68
197	1513	72.79
197	1240	89.40
197	1882	54.71
197	786	68.68
197	2167	79.65
197	153	64.47
197	1784	87.57
198	3894	70.00
198	3499	76.30
198	920	73.50
198	1213	83.50
198	3949	82.13
198	1994	71.17
198	1485	56.19
198	2572	69.93
198	4019	76.06
198	1089	82.84
198	110	85.81
198	593	84.58
198	4128	73.01
198	1270	77.81
198	4886	73.66
198	1079	84.30
198	2117	70.47
198	912	85.04
198	1573	58.21
198	1682	77.68
199	5464	68.59
199	2165	78.12
199	2280	46.81
199	736	55.33
199	5673	77.04
199	349	66.42
199	5502	70.12
199	482	78.58
199	8532	68.33
199	1172	77.36
199	300	71.05
199	50068	72.39
199	4881	73.52
199	3175	70.18
199	7445	67.62
199	2973	73.77
199	34338	70.33
199	41997	70.09
199	1956	77.58
199	377	63.78
200	3809	76.57
200	7022	84.38
200	50802	60.37
200	3968	72.13
200	2485	60.69
200	500	73.07
200	5610	56.68
200	590	83.83
200	1029	73.08
200	53996	80.25
200	2572	80.05
200	4993	91.14
200	4041	73.16
200	57640	86.30
200	1302	78.72
200	1784	82.54
200	6383	56.11
200	1653	87.04
200	1569	73.93
200	1517	78.45
201	1748	90.14
201	1527	86.90
201	1584	85.51
201	2858	95.22
201	339	79.63
201	589	93.57
201	2717	72.75
201	994	92.30
201	788	61.61
201	1196	100.00
201	2797	92.89
201	733	82.61
201	1259	93.14
201	2174	80.29
201	1198	100.00
201	2455	81.87
201	1569	79.57
201	1213	98.35
201	160	65.09
201	24	75.40
202	3329	76.42
202	924	86.64
202	29	84.55
202	2289	80.29
202	1197	94.17
202	1196	96.62
202	2966	80.99
202	161	77.93
202	608	94.79
202	1209	88.64
202	1296	82.49
202	3194	77.62
202	1784	85.14
202	469	80.19
202	923	86.60
202	2000	79.95
202	1587	73.48
202	1719	92.95
202	3147	88.84
202	32	90.38
203	56174	75.14
203	8665	87.18
203	2407	74.17
203	5952	90.66
203	590	80.30
203	49272	88.00
203	40815	81.47
203	333	82.92
203	296	87.47
204	1136	90.40
204	3949	87.59
204	33794	88.68
204	48394	75.77
204	27075	80.94
204	1080	94.21
204	79008	95.53
204	6104	93.38
204	8874	82.94
204	81591	87.00
204	4878	90.39
204	91658	82.87
204	711	67.44
204	2313	94.46
204	86320	78.53
204	55820	89.80
204	5218	81.21
205	912	86.19
205	99114	87.86
205	91542	81.06
205	5816	90.66
205	95167	78.10
205	96079	83.48
206	36	85.57
206	608	89.19
206	733	85.88
206	140	77.35
206	141	81.25
207	2991	67.89
207	2428	48.73
207	2707	59.72
207	3740	73.03
207	100	49.54
208	1210	81.21
208	2628	59.03
208	380	69.48
208	2353	56.55
208	2278	69.65
208	2762	69.72
209	60684	90.41
209	1291	88.53
209	68157	94.92
209	74458	84.59
209	185029	100.00
209	122886	82.83
209	88125	88.39
210	123553	82.21
210	34405	94.96
210	166203	82.21
210	3147	94.55
210	31696	77.28
210	7649	71.59
210	58559	89.45
210	2105	80.34
210	6365	79.82
210	34397	82.21
210	4625	64.96
210	84772	87.17
210	122926	94.02
210	76093	87.96
210	62836	82.21
210	33493	84.43
210	1584	88.01
210	47610	85.23
210	108932	86.62
210	122918	84.70
211	58559	90.81
211	63113	77.54
211	90405	74.80
211	57669	93.22
211	60684	82.88
211	7153	88.58
211	73017	79.98
211	2105	74.51
211	4367	64.17
211	356	89.62
211	2642	56.88
211	1556	41.96
211	318	92.23
211	44665	79.73
211	85414	75.11
211	1198	88.58
211	1136	88.30
211	260	84.13
212	170697	74.55
212	122920	76.17
212	122892	71.93
212	2571	84.87
212	5218	68.71
212	48394	76.49
212	3578	82.73
212	1196	90.60
212	135143	77.26
212	74795	70.40
212	179401	69.64
212	79132	78.52
212	77800	88.64
212	108932	76.23
212	110102	78.50
212	96821	81.11
212	8874	83.53
212	65261	82.49
212	59784	68.90
212	2291	78.39
213	3285	67.31
213	87520	58.54
213	80363	67.82
213	76251	79.79
213	8957	65.43
213	2860	65.65
213	1234	86.71
213	5419	69.64
213	51935	83.81
213	69844	84.45
213	39446	72.02
213	4132	76.63
213	858	90.12
213	69526	58.37
213	4558	64.09
213	49530	77.60
213	58559	96.97
214	83	57.14
214	628	59.39
214	743	46.42
214	1363	51.45
214	802	60.05
215	1172	89.11
215	4973	93.15
215	63082	83.92
215	1291	86.22
215	2028	81.20
215	3252	83.56
215	3210	80.37
215	1968	83.38
215	1247	85.33
215	49272	85.93
215	1089	81.80
215	72407	54.57
215	5650	83.30
215	318	92.10
215	1208	87.55
215	2000	77.93
215	1197	87.28
215	1196	88.68
215	1297	80.04
215	4019	84.74
216	104	69.47
216	21	85.02
216	3996	82.18
216	3946	56.38
216	2946	69.68
216	3993	80.47
216	3897	81.74
216	2599	76.31
216	34	77.33
216	3994	66.86
216	4034	80.72
216	3363	76.44
216	1965	76.25
216	3422	74.22
216	3555	70.06
216	3253	76.78
216	2087	80.55
216	3986	56.25
216	2018	75.16
216	1923	72.67
217	1867	55.33
217	3434	55.33
217	1275	67.62
217	2468	32.91
217	3197	46.35
217	1912	62.27
217	2302	50.05
217	1876	46.95
217	380	57.56
217	1221	73.65
217	2471	34.30
217	1918	50.02
217	1385	44.07
217	3165	65.12
217	1590	44.54
217	1562	30.95
217	1703	50.97
217	2056	55.33
217	1831	33.39
217	160	38.98
218	2657	62.52
218	2692	76.46
218	1380	53.89
218	1198	74.22
218	6934	49.59
218	5349	71.02
219	60072	57.40
219	2115	73.24
219	59315	77.58
219	6539	71.37
219	442	53.16
219	30707	77.47
219	1704	77.95
219	180	68.31
219	1219	73.36
219	1005	43.32
219	27773	74.90
219	56156	52.24
219	6188	67.12
219	6721	68.18
219	30825	58.21
219	2997	71.77
219	1552	48.59
219	1500	63.30
219	2890	69.67
219	1921	75.19
220	3996	85.74
220	733	80.73
220	1198	94.01
220	3994	82.33
220	6539	86.60
220	1258	93.65
220	1917	72.77
220	4545	78.79
220	33794	84.07
220	165	87.52
220	71264	81.05
220	4623	85.44
220	53464	57.51
220	5218	80.85
220	6365	73.74
220	3751	82.10
220	32	88.88
220	1036	84.88
220	5502	77.31
220	1591	66.94
221	4338	82.49
221	7013	87.41
221	8529	76.84
221	1080	98.12
221	3246	94.49
221	2871	92.05
221	1208	100.00
221	7063	94.76
221	2702	65.84
221	4029	93.44
221	5954	89.86
221	2352	85.76
221	922	95.13
221	2997	98.03
221	1278	95.75
221	2858	93.84
221	1212	93.22
221	1959	83.93
221	1961	91.06
221	3671	83.56
222	81831	62.39
222	100498	32.17
222	48516	78.04
222	1249	73.19
222	99813	74.83
222	91529	71.66
222	59900	54.62
222	93287	75.09
222	1721	51.41
222	2706	59.04
222	3273	41.87
222	2411	44.87
222	64622	73.02
222	7143	67.92
222	87869	67.36
222	778	78.72
222	30825	56.63
222	42011	43.06
222	673	50.85
222	64839	70.66
223	55854	67.50
223	6711	78.06
223	1	72.82
223	736	59.70
223	1961	75.40
223	457	69.81
223	2716	67.14
223	48394	65.65
223	608	72.01
223	8784	73.56
223	48516	80.33
223	3863	62.46
223	4306	77.55
223	260	78.54
223	2683	58.16
224	3496	82.86
224	3044	86.93
224	356	88.82
224	2915	83.38
224	289	72.73
224	3668	87.23
224	1270	90.77
224	2797	95.18
224	1721	80.04
224	2716	89.77
224	1259	91.81
225	2423	75.36
225	1285	83.12
225	588	73.88
225	1717	65.22
225	2791	75.75
225	1321	71.10
225	1136	85.17
225	1197	91.23
225	1753	77.71
225	2004	74.31
225	2371	65.68
225	1407	70.60
225	785	70.69
225	1060	79.66
225	3024	57.93
226	6938	69.15
226	32666	69.15
226	3552	72.78
226	542	49.08
226	1240	75.16
226	3098	72.71
226	2804	82.90
226	3668	70.64
226	3653	71.80
226	2231	76.60
226	145	64.60
226	2253	53.96
226	3052	75.47
226	2628	62.02
226	762	45.48
226	53129	90.84
226	4816	73.64
226	16	82.97
226	2144	76.63
226	46948	64.13
227	46976	87.59
227	52319	83.57
227	81845	86.91
227	109487	86.37
227	134130	85.38
227	215	89.34
227	48738	91.20
227	47099	87.33
227	1196	97.80
227	32587	76.42
227	912	92.56
227	55721	86.85
227	1682	86.25
227	750	96.32
227	778	92.13
227	40629	84.75
227	97913	88.77
227	70286	89.52
227	150	83.79
228	2571	86.22
228	1373	62.76
228	362	77.51
228	318	88.44
228	3113	61.57
229	34	84.39
229	589	80.76
229	377	74.98
229	45	75.51
229	587	83.07
229	5	69.67
229	475	92.67
229	442	70.32
229	597	71.90
229	364	85.82
229	213	96.72
229	110	89.15
229	527	98.50
230	34330	59.06
230	52715	59.06
230	47	66.60
230	7438	73.11
230	527	75.28
230	3147	68.90
230	45499	58.83
230	6537	51.76
230	2291	65.53
230	1387	64.42
230	6863	62.39
230	1485	46.61
230	595	61.35
230	4022	62.14
230	2096	59.36
230	588	66.97
230	4034	62.91
230	1676	59.27
230	8644	59.09
230	2641	55.91
231	92259	87.24
231	858	91.89
231	593	89.36
231	1198	91.08
231	109487	84.89
232	31867	65.33
232	41769	65.33
232	57526	65.33
232	70336	46.80
232	8644	67.40
232	1586	50.08
232	44972	40.67
232	4019	73.03
232	43928	33.84
232	30883	30.85
232	65802	49.29
232	8376	55.57
232	39292	72.89
232	1035	72.04
232	66198	60.67
232	66097	72.34
232	32011	43.64
232	6564	46.30
232	7451	69.45
232	33164	36.26
233	48394	62.77
233	3751	62.70
233	48516	80.64
233	1721	53.00
233	356	76.95
233	106100	73.14
233	162600	66.57
233	608	75.66
233	7153	75.22
233	134214	62.12
233	57669	78.94
233	122920	70.15
233	2329	78.06
233	4239	72.50
233	7371	74.49
233	3977	44.94
233	3147	76.82
233	3948	66.02
233	49272	74.31
233	5418	65.04
234	2616	61.19
234	2140	77.34
234	172	59.28
234	126	45.22
234	1562	45.97
234	4519	63.66
234	153	49.01
234	2710	58.49
234	3624	63.96
234	3483	56.78
234	1391	59.57
234	438	68.41
234	1460	74.84
234	2987	78.19
234	65	46.50
234	260	85.78
234	1359	53.05
234	3175	74.57
234	588	75.40
234	2080	65.56
235	480	79.56
235	736	73.26
235	500	73.43
235	454	74.44
235	592	63.58
235	235	70.36
235	595	74.26
235	32	80.99
235	527	94.53
235	648	78.97
235	223	78.60
235	588	72.80
235	377	72.25
236	1214	0.00
236	1278	0.00
236	1345	0.00
236	1350	0.00
236	1387	0.00
236	1388	0.00
236	1982	0.00
236	1997	0.00
236	1998	0.00
236	2447	0.00
236	2459	0.00
236	2490	0.00
236	2496	0.00
236	2502	0.00
236	2505	0.00
236	2542	0.00
236	2572	0.00
236	2580	0.00
236	2596	0.00
236	2598	0.00
236	2606	0.00
236	2657	0.00
236	2683	0.00
236	2694	0.00
236	2718	0.00
236	2770	0.00
236	2806	0.00
236	2858	0.00
236	3024	0.00
236	3052	0.00
237	32	67.53
237	4254	32.47
237	94959	69.36
237	293	72.97
237	1371	54.25
237	1193	69.07
237	7361	74.78
237	7980	72.13
237	43936	55.38
237	1374	69.93
238	4954	74.32
238	3528	77.47
238	4265	70.50
238	4901	66.90
238	4238	69.01
238	593	82.22
238	4499	87.33
238	4957	61.52
238	1193	88.80
239	58559	100.00
239	5459	69.48
239	4085	82.86
239	380	79.35
239	95	61.25
239	7445	81.92
239	608	85.39
239	7147	87.81
239	6378	82.93
239	2115	88.15
239	4896	81.37
239	36529	81.05
239	3994	82.61
239	33679	78.64
239	47	91.59
239	590	87.57
239	4022	84.63
239	208	69.47
239	733	84.86
239	51662	86.23
240	368	76.16
240	543	77.75
240	480	91.72
240	367	72.22
240	810	57.40
240	500	83.40
240	546	50.11
240	110	92.56
240	173	61.55
240	1	86.85
240	542	68.56
240	104	82.26
240	34	83.05
240	174	67.69
240	204	59.17
240	225	82.28
240	383	70.20
240	262	90.23
240	434	72.08
240	420	64.04
241	81786	79.17
241	71899	95.94
241	527	89.40
241	1206	90.96
241	1193	84.89
241	99114	81.22
241	100714	61.34
241	8981	85.66
241	53123	92.49
241	116897	87.40
241	56367	85.46
241	3910	84.63
241	106782	84.17
241	115569	82.98
241	4235	89.57
241	48780	84.34
242	39	64.44
242	380	75.74
242	231	59.43
242	457	88.83
242	592	64.79
242	454	79.28
242	111	77.38
243	112	84.01
243	353	93.07
243	62	91.78
243	588	85.26
243	193	54.40
243	586	74.81
243	181	64.37
243	376	87.16
244	3090	85.50
244	1049	75.99
244	110	85.27
244	257	77.28
244	165	75.77
244	151	79.95
244	1090	86.49
244	3755	67.67
244	2278	80.00
244	648	75.10
244	1580	77.96
244	1957	81.08
244	1610	83.86
244	1196	95.03
244	3256	75.48
244	1573	70.10
244	1242	91.90
244	3753	72.10
244	2243	77.60
245	3196	72.18
245	2739	69.19
245	3114	63.84
245	3274	47.56
245	1361	63.00
246	1304	98.48
246	616	87.64
246	1680	85.49
246	6016	97.48
246	3081	85.50
246	44191	93.57
246	60684	93.65
246	4973	96.35
246	1732	86.68
246	1298	89.11
246	53125	89.45
246	2291	92.05
246	2692	91.27
246	293	97.43
246	4011	96.08
246	5013	93.96
246	60069	95.10
246	48082	92.59
246	82202	66.57
246	95167	84.78
247	48516	83.88
247	593	85.72
247	2858	77.98
247	49272	80.46
247	1961	79.27
247	44191	79.52
247	527	86.67
247	116797	78.18
247	68358	78.23
247	122886	76.95
247	480	74.00
247	223	74.54
247	1265	75.88
247	2078	75.17
247	1198	80.92
247	1682	75.98
247	6377	81.23
247	1089	77.08
247	953	86.31
247	919	81.15
248	4886	80.23
248	1198	83.19
248	166528	81.84
248	176371	73.72
248	316	71.28
248	147374	73.54
248	102903	68.08
248	189333	79.82
248	122912	80.82
248	58559	84.87
248	5218	73.50
249	110350	74.02
249	102903	69.17
249	2167	78.72
249	94959	81.90
249	84601	74.04
249	2395	70.50
249	97306	73.67
249	3408	69.11
249	89047	74.02
249	91500	73.54
249	91542	76.09
249	40815	74.19
249	69844	79.20
249	904	89.19
249	46723	71.54
249	3826	54.50
249	68791	74.63
249	88812	63.37
249	67695	59.34
249	50	90.18
250	1282	88.27
250	2407	80.76
250	318	100.00
250	1597	76.02
250	1246	93.58
250	8880	90.37
251	142115	100.00
251	293	96.13
251	356	100.00
251	318	100.00
251	1089	100.00
252	164179	93.28
252	89745	93.37
252	6377	92.64
252	164909	89.41
252	1682	93.27
252	166643	84.00
252	143355	83.46
252	78499	92.91
253	44555	100.00
253	916	100.00
253	608	100.00
253	2300	100.00
253	7099	95.28
253	4217	98.96
253	26366	87.00
253	1192	100.00
253	4642	100.00
253	3363	86.41
254	46578	83.74
254	44195	88.95
254	207	75.22
254	49278	74.90
254	6333	81.87
254	780	77.04
254	110	85.95
254	1210	91.55
254	49272	89.42
254	27846	85.52
254	32587	84.66
254	2571	96.07
254	44929	94.83
254	47	84.72
254	293	90.41
254	1580	73.39
254	5995	87.59
254	32	84.19
254	592	80.06
254	48394	79.47
255	1270	64.00
255	4467	68.88
255	2023	52.02
255	3501	46.65
255	1663	63.85
255	1394	66.22
255	3392	51.54
255	2542	62.68
255	2915	59.30
256	3247	66.53
256	88744	82.22
256	377	81.45
256	4973	89.80
256	53972	77.47
256	118696	77.44
256	95441	71.68
256	104841	80.15
256	71535	87.37
256	2953	65.07
256	81229	80.86
256	53121	70.87
256	30707	89.44
256	2571	95.93
256	68791	80.92
256	170	77.14
256	6942	88.54
256	90405	75.54
256	6537	74.28
256	33493	84.79
257	1500	70.62
257	594	71.35
257	2502	78.65
257	494	67.91
257	2406	67.31
258	4995	91.30
258	7147	89.58
258	72641	85.75
258	76093	90.95
258	47099	90.12
259	508	62.27
259	5945	54.00
259	1784	61.61
259	4886	63.74
259	1356	65.79
259	1584	56.09
260	7361	87.30
260	3556	86.64
260	162	86.18
260	903	87.81
260	5690	89.53
260	6337	76.04
260	4878	89.92
260	5617	84.49
260	342	76.21
260	5219	69.76
260	2997	85.05
260	8011	88.11
260	1206	93.52
260	3317	87.53
260	6709	74.78
260	8874	93.55
260	2348	81.47
260	3822	83.34
260	2959	97.39
260	8645	84.78
261	3897	82.44
261	16	87.63
261	2060	82.38
261	296	96.41
261	2723	74.07
261	1682	80.07
261	4085	80.54
261	2194	78.48
261	7361	87.32
261	4238	73.36
261	58559	86.73
262	708	62.25
262	539	70.74
262	457	74.58
262	322	58.19
262	339	60.12
262	85	55.88
262	26	71.23
262	17	69.13
262	213	80.30
262	273	54.51
262	593	78.18
262	728	52.55
263	223	76.60
263	150	75.77
263	500	68.55
263	2987	71.58
263	2953	60.79
263	110	80.08
263	4226	92.57
263	8370	86.72
263	1197	90.35
263	7458	75.37
263	708	74.13
263	1111	73.48
263	2125	79.67
263	6942	83.81
263	5013	84.15
263	163	77.66
263	457	80.37
263	8636	76.43
263	1967	83.05
263	2085	75.72
264	7841	71.67
264	1376	73.90
264	151	77.76
264	5816	72.78
264	1907	78.06
264	1320	67.05
264	1917	56.91
264	150	79.32
264	3578	83.40
264	1090	81.38
264	253	75.14
264	1876	60.05
265	3807	65.39
265	316	63.10
265	253	72.90
265	1302	73.07
265	724	56.67
265	1240	76.16
265	3504	72.63
265	230	63.63
265	3831	68.16
265	1956	76.36
265	3098	68.63
265	529	72.72
265	1270	69.49
265	3791	51.06
265	1177	77.69
265	2322	61.32
265	1488	56.18
265	2474	66.47
265	1198	84.85
265	1962	64.11
266	476	72.34
266	2812	72.34
266	2700	86.55
266	2278	77.74
266	24	63.38
266	2770	58.68
266	2702	60.91
266	64	58.69
266	1405	65.94
266	2580	77.53
266	1527	82.40
266	2167	75.28
266	457	81.13
266	1580	68.26
266	2300	85.98
266	1923	76.32
266	2094	68.17
266	132	60.23
266	2571	91.75
266	2097	75.09
267	2858	92.46
267	593	96.52
267	1175	95.67
267	3006	84.64
267	1302	90.28
267	3999	63.92
267	3113	68.69
267	1093	80.07
267	589	95.04
267	2571	98.70
267	923	91.72
267	3996	90.16
268	1641	69.55
268	587	60.78
268	1125	68.39
268	1911	49.43
268	2802	57.43
268	1036	72.27
268	1370	57.22
268	50	75.02
268	2064	73.12
268	1784	69.07
268	1912	72.57
268	1966	64.65
268	454	60.47
268	1234	77.70
268	2247	60.45
268	1394	77.24
268	2829	60.02
268	802	57.76
268	260	74.35
268	2858	78.83
269	724	70.43
269	743	61.36
269	95	68.66
269	1	85.97
269	63	70.92
269	648	72.58
270	661	56.62
270	62	63.04
270	79	49.73
270	628	63.13
270	14	58.27
270	1356	69.00
270	141	63.81
270	25	65.22
271	3897	70.93
271	32	75.59
271	2791	72.08
271	969	71.68
271	6787	71.20
271	2858	80.15
271	55765	66.47
271	1320	58.75
271	2288	74.46
272	177765	74.65
272	1240	74.19
272	51662	75.27
272	122922	74.87
272	49272	80.71
272	158238	75.14
272	6365	63.75
273	440	82.29
273	593	95.29
273	500	79.88
273	608	88.48
273	223	89.96
273	111	84.24
273	150	86.13
273	21	76.11
273	466	67.31
273	235	80.21
273	520	61.10
274	50147	64.48
274	2947	74.25
274	3037	80.60
274	1645	65.57
274	4951	59.84
274	2036	63.32
274	1359	46.05
274	35957	65.73
274	553	75.35
274	76293	56.28
274	3918	65.98
274	1503	40.05
274	45431	65.04
274	4816	72.53
274	54999	64.97
274	5667	64.48
274	4876	45.85
274	56805	63.70
274	1921	76.75
274	54004	60.03
275	1784	83.45
275	2289	86.96
275	5884	81.17
275	1171	83.80
275	357	84.16
275	1912	87.10
275	2539	76.06
275	235	83.26
275	4886	83.74
275	2572	78.76
275	2355	81.97
275	3253	83.79
275	1192	99.12
275	926	90.11
275	111	94.10
275	2100	75.34
275	3089	93.54
275	1393	80.95
275	1719	97.44
275	1392	62.35
276	673	78.49
276	356	100.00
276	466	75.58
276	104	88.95
276	631	83.18
276	648	88.53
276	2	91.81
276	1367	81.55
276	344	79.38
277	637	67.90
277	736	73.44
277	656	68.43
277	1	83.03
277	780	82.62
277	260	89.63
278	2371	67.93
278	1347	64.64
278	4002	79.49
278	318	99.98
278	2369	64.02
279	134130	77.08
279	1101	68.38
279	166528	81.55
279	90405	67.21
279	61132	79.62
279	79132	84.79
279	56782	88.13
279	97913	79.20
279	1608	67.08
279	4226	85.64
279	59315	72.72
279	88129	80.82
279	54286	77.17
279	1258	87.32
279	8665	77.90
279	58559	84.60
279	4993	86.55
279	8376	62.66
279	107406	76.66
279	1200	83.70
280	92535	99.31
280	344	75.79
280	262	87.48
280	3146	63.25
280	4239	82.35
280	4447	74.75
280	8638	85.12
280	919	86.41
280	72641	81.10
280	86817	61.82
280	8368	90.70
280	49530	81.11
280	6863	80.52
280	35836	77.27
280	55052	76.45
280	54503	86.23
280	4246	83.47
280	48516	92.58
280	1911	64.96
280	3916	80.46
281	46578	71.04
281	8361	55.49
281	35836	64.62
281	3897	75.36
281	3861	51.84
282	5995	89.28
282	3977	64.18
282	3263	73.01
282	25	82.83
282	6708	85.43
282	2683	75.60
282	4718	70.10
282	6711	90.02
282	5481	72.56
282	6863	83.43
282	5669	84.31
282	3752	78.68
282	588	86.45
282	80463	90.99
282	1921	92.28
282	1193	91.89
282	4369	71.40
282	48322	95.39
282	1194	89.35
282	784	68.73
283	1580	57.97
283	39	59.84
283	1704	71.70
283	356	79.35
283	586	54.76
283	2082	52.54
283	805	65.52
284	474	76.97
284	173	56.89
284	2	81.91
284	296	79.15
284	15	72.61
284	348	69.88
284	248	66.03
284	318	93.42
284	47	79.95
284	353	77.75
284	275	44.60
284	44	52.15
284	339	78.39
284	367	63.58
284	276	68.88
284	165	70.68
284	637	70.54
284	235	74.95
285	1193	91.23
285	949	82.15
285	1247	88.12
285	6978	71.63
285	113207	76.96
285	4447	73.32
285	441	85.56
285	296	89.58
286	454	70.60
286	778	84.46
286	5989	77.76
286	1333	77.84
286	165	73.03
286	500	69.95
286	7438	79.27
286	2294	69.25
286	4993	86.36
286	4995	81.84
286	7361	84.57
286	70	75.81
286	4980	66.32
286	1258	82.67
286	4963	78.39
286	1097	75.99
286	4848	81.81
286	539	63.93
286	377	66.32
286	110	81.77
287	3160	64.52
287	3578	52.43
287	223	53.84
287	2633	61.02
287	1059	59.54
287	586	37.57
287	3005	39.95
287	532	37.95
287	1193	63.90
287	2599	48.83
287	2028	56.32
287	1485	36.77
287	3826	26.98
287	2081	48.56
287	8949	52.58
287	2012	42.42
287	101	59.28
287	4034	53.71
287	2422	22.40
287	2115	55.84
288	4473	62.90
288	4966	62.90
288	1008	62.90
288	2867	67.71
288	42015	59.44
288	141	61.80
288	2571	78.35
288	13	63.07
288	53519	58.63
288	2407	62.57
288	5418	69.39
288	3916	67.90
288	2347	54.13
288	2528	57.63
288	30810	63.40
288	575	49.97
288	32587	79.97
288	587	58.27
288	2517	48.20
288	8361	55.74
289	3	0.00
289	16	0.00
289	235	0.00
289	266	0.00
289	594	0.00
289	708	0.00
289	750	0.00
289	1080	0.00
289	1101	0.00
289	1208	0.00
289	1220	0.00
289	1258	0.00
289	1917	0.00
289	2012	0.00
289	2174	0.00
289	2710	0.00
289	2797	0.00
289	4322	0.00
289	6125	0.00
289	6327	0.00
289	6453	0.00
289	7025	0.00
289	7028	0.00
289	26704	0.00
290	1228	92.26
290	1299	95.49
290	2494	94.68
290	2739	94.55
290	608	96.78
290	2130	83.59
290	908	99.09
290	341	82.73
290	1447	83.78
290	342	76.90
290	1056	70.21
290	1719	98.94
290	953	97.05
290	928	93.78
290	1394	93.53
290	2648	82.94
290	475	95.58
290	2731	92.08
290	1357	94.42
290	2385	69.00
291	40815	95.62
291	122892	85.81
291	106489	89.10
291	134853	94.86
291	7153	97.75
291	88125	93.45
291	1	92.43
292	520	62.48
292	103339	60.02
292	122900	68.30
292	4896	70.20
292	2291	70.72
292	474	70.18
292	85056	59.58
292	46972	59.70
292	95167	66.97
292	164909	68.16
292	3176	67.44
292	3476	62.34
292	1608	59.55
292	31221	34.23
292	1101	62.97
292	3985	67.59
292	3984	68.16
292	1017	68.38
292	69844	77.18
292	231	54.99
293	1682	51.29
293	1673	57.23
293	344	40.45
293	1617	54.66
293	1097	60.17
294	416	24.87
294	3869	53.61
294	1064	44.46
294	2794	36.55
294	610	54.93
294	2133	50.11
294	1391	47.98
294	3868	50.69
294	1129	49.99
294	520	44.65
294	3387	43.61
294	355	28.14
294	2378	45.18
294	3693	36.55
294	785	51.89
294	2193	57.62
294	2367	44.72
294	2458	46.51
294	348	54.02
294	3501	43.56
295	1221	76.90
295	3198	76.73
295	1287	75.30
295	1213	76.71
295	4351	71.20
295	1198	78.56
295	858	79.47
295	318	82.05
295	2329	79.37
296	160848	82.35
296	2028	84.29
296	169034	82.35
296	4144	98.97
296	50	97.04
296	2324	94.63
297	832	47.84
297	543	53.64
297	1645	49.68
297	111	52.97
297	454	51.94
297	1089	61.47
297	6	58.55
297	1249	63.39
297	1047	39.86
297	1370	43.48
297	1488	41.22
297	150	57.95
297	170	46.82
297	1092	46.38
297	866	59.48
298	57640	56.40
298	95510	43.93
298	6811	59.14
298	8370	56.17
298	8807	51.18
298	63131	48.51
298	6881	51.74
298	3785	31.96
298	122900	49.12
298	103042	38.79
298	6294	23.81
298	2167	50.11
298	2005	54.73
298	6006	34.30
298	653	40.50
298	55995	34.35
298	3018	53.49
298	69757	54.35
298	103772	44.79
298	3825	32.86
299	3793	75.44
299	1387	85.92
299	188	75.35
299	1198	88.22
299	1214	79.93
300	318	0.00
300	356	0.00
300	527	0.00
300	593	0.00
300	1172	0.00
300	1704	0.00
300	2028	0.00
300	2324	0.00
300	2329	0.00
300	2571	0.00
300	2762	0.00
300	2858	0.00
300	2959	0.00
300	4848	0.00
300	4973	0.00
300	5995	0.00
300	6016	0.00
300	6711	0.00
300	7361	0.00
300	8950	0.00
300	48394	0.00
300	56174	0.00
300	63082	0.00
300	79132	0.00
300	81591	0.00
300	92259	0.00
300	99114	0.00
300	109487	0.00
300	112183	0.00
300	112290	0.00
300	112552	0.00
300	112556	0.00
301	21	69.28
301	357	77.32
301	2490	74.28
301	6711	76.45
301	589	77.07
301	8949	72.56
301	837	71.58
301	3948	74.90
301	364	80.83
301	527	84.83
301	5989	77.62
301	4963	75.85
301	608	78.53
301	292	65.52
301	3578	74.55
301	3897	80.99
301	4226	82.05
301	3753	67.18
301	1393	72.26
301	1792	65.14
302	480	85.10
302	14	80.30
302	3	77.86
302	25	79.52
302	648	79.29
302	707	71.89
302	110	90.49
303	5378	73.26
303	3703	84.57
303	1127	80.01
303	5544	85.37
303	1196	94.42
303	3471	79.53
303	1580	75.81
303	1394	88.72
303	2683	72.91
303	920	76.62
303	1358	81.75
304	314	84.53
304	2571	98.96
304	2433	64.80
304	10	72.56
304	1376	77.62
304	480	87.28
304	1373	66.54
304	1777	73.93
304	1270	82.46
304	1517	85.66
304	151	86.70
304	356	87.60
304	208	62.33
304	474	78.85
304	1214	84.84
304	1375	77.24
304	640	65.40
304	1722	65.46
304	185	59.68
304	2701	57.68
305	74624	78.42
305	140627	78.42
305	87869	83.08
305	919	84.49
305	1197	96.19
305	106100	85.41
305	138210	73.35
305	788	51.40
305	7482	86.38
305	80590	66.82
305	103075	61.49
305	903	88.66
305	6537	72.36
305	93840	81.82
305	54736	77.99
305	592	79.34
305	2288	90.97
305	58803	80.97
305	55276	78.50
305	1272	90.78
306	5784	38.15
306	68954	68.57
306	69644	51.79
306	6377	69.66
306	95543	60.86
306	81847	64.43
306	111743	59.64
306	85367	76.36
306	168418	76.10
306	167018	73.48
306	72998	61.89
306	122904	74.89
306	69406	60.69
306	85788	43.47
306	4963	70.42
306	115664	64.59
306	134368	72.15
306	112852	73.34
306	161634	60.29
306	133419	68.20
307	2190	53.73
307	4181	53.73
307	31424	53.73
307	49314	53.73
307	5010	62.56
307	7845	59.71
307	3392	43.68
307	1220	62.63
307	6793	21.55
307	6483	0.55
307	2332	9.49
307	56003	40.34
307	1991	44.12
307	3273	33.02
307	4876	34.88
307	3421	60.99
307	1409	33.63
307	413	43.29
307	4447	44.67
307	52867	53.73
308	2959	57.79
308	45517	46.32
308	96821	54.93
308	72998	45.28
308	318	65.02
308	2	44.53
308	904	61.60
308	589	45.64
308	8961	55.69
308	56152	52.51
308	56367	53.80
308	5618	59.22
308	36	46.70
308	410	42.46
308	79132	50.50
308	4993	55.89
308	8464	45.49
308	1221	56.23
308	2248	52.83
308	6	55.65
309	2202	94.45
309	1645	69.08
309	898	91.98
309	1682	79.74
309	296	87.99
309	1089	87.90
309	1269	85.80
309	7153	89.18
309	6947	81.75
309	8340	80.20
309	1104	97.57
309	7218	77.16
309	25886	99.12
309	1219	89.90
309	8154	88.70
309	971	85.30
309	1944	81.81
309	6365	66.11
309	1262	92.66
309	2762	84.01
310	6863	70.46
310	6947	78.39
310	1101	75.14
310	6503	52.43
310	2524	76.95
310	2457	81.89
310	5899	63.24
310	733	69.48
310	246	88.19
310	3254	68.77
310	1223	90.04
310	1080	88.23
310	2671	75.17
311	6561	42.78
311	5992	58.46
311	1517	43.35
311	6461	35.10
311	1407	40.18
311	2706	40.37
312	5816	74.74
312	1375	70.97
312	3499	81.86
312	589	87.91
312	2454	71.30
312	1358	82.33
312	4878	89.70
312	4103	83.27
312	3793	74.15
312	2028	88.69
312	1371	68.33
312	4121	65.27
312	2366	76.80
312	2747	52.67
312	4105	78.51
312	5446	79.62
312	2699	65.07
312	2529	83.13
312	1350	79.99
312	1356	73.03
313	4980	60.86
313	170	65.18
313	3917	66.87
313	2455	69.20
313	5544	76.21
313	541	87.78
313	2193	74.14
313	2000	70.79
313	6	76.93
313	1968	77.10
313	1089	84.00
313	1301	65.86
313	1240	79.87
313	3175	72.33
313	4865	71.54
313	2005	72.65
313	2167	69.24
313	1375	66.86
313	2087	73.22
313	2530	57.41
314	7	61.25
314	1042	50.72
314	44	38.67
314	165	60.64
314	457	70.32
314	293	61.89
314	597	57.36
314	329	55.43
314	442	56.13
314	26	69.23
314	830	50.71
314	728	53.61
314	618	61.61
314	107	60.01
314	536	61.61
314	10	53.06
314	1376	63.91
314	153	49.09
314	208	43.88
314	150	67.87
315	1262	80.07
315	2729	69.41
315	2529	71.30
315	2067	73.95
315	2553	70.02
315	909	72.04
315	902	74.50
316	1748	72.22
316	253	64.80
316	3968	56.29
316	158	41.61
316	5445	61.82
316	3751	64.98
316	7438	72.28
316	6874	74.25
316	48	49.76
316	3882	44.84
316	2572	59.19
317	133115	75.29
317	73321	69.88
317	91529	82.92
317	74545	77.70
317	7445	75.60
317	1213	83.98
317	48774	77.58
317	4262	78.91
317	1884	87.88
317	5989	82.96
317	3578	85.83
317	4011	89.30
317	68358	77.91
317	1208	82.93
317	72011	75.45
317	3897	88.07
317	3499	81.59
317	96829	84.60
317	116797	79.47
317	56782	87.69
318	26713	75.01
318	81191	75.01
318	90245	75.01
318	111817	75.01
318	127180	75.01
318	145080	75.01
318	150696	75.01
318	7445	74.87
318	1090	84.45
318	116799	79.17
318	82459	82.15
318	48385	77.87
318	2294	71.95
318	64839	82.73
318	88125	79.91
318	109487	81.64
318	4021	97.76
318	33794	83.54
318	54286	80.05
318	89753	78.59
319	115617	95.85
319	6377	92.69
319	356	97.81
319	136864	60.66
319	1221	95.29
319	122904	90.02
319	110	90.78
320	72998	68.89
320	71535	76.99
320	31184	79.06
320	59315	67.88
320	1013	61.53
321	587	80.28
321	356	81.74
321	160	62.03
321	592	63.44
321	597	67.33
321	780	85.88
321	339	74.36
321	355	54.88
321	410	59.77
321	3	70.14
321	500	73.77
321	457	84.70
322	2882	43.71
322	1968	66.87
322	2542	73.35
322	58559	78.01
322	2788	80.65
322	2146	70.07
322	2617	61.89
322	2918	70.38
322	778	76.90
322	2599	61.33
322	4027	75.86
322	4993	78.64
322	1230	78.08
322	51540	72.19
322	1	75.98
322	1617	78.28
322	1923	64.73
322	4010	61.81
322	11	71.13
322	1035	75.62
323	377	62.47
323	480	71.65
323	356	75.78
323	1094	59.07
323	161	63.74
323	115569	67.81
323	1198	82.36
323	29	64.34
323	551	61.57
323	22	60.95
323	318	80.86
323	112183	60.73
323	253	57.73
323	111659	50.63
323	3257	55.64
323	260	79.17
323	150	73.82
323	329	56.11
323	342	56.59
323	266	57.38
324	2764	67.36
324	3972	65.22
324	3864	26.42
324	3949	61.35
324	3897	63.84
325	2848	70.20
325	235	73.62
325	2986	57.83
325	262	80.52
325	1573	61.21
325	2596	71.52
325	1584	68.84
325	1217	88.69
325	1676	55.76
325	4714	42.35
325	3770	49.11
325	3261	68.61
325	2894	70.20
325	2155	70.51
325	1279	80.09
325	1614	58.76
325	3994	67.77
325	2268	74.18
325	2915	67.56
325	5008	81.69
326	8665	82.54
326	47610	81.31
326	20	69.43
326	2858	87.00
326	86882	84.51
326	5418	78.67
326	4973	87.13
326	133771	89.98
326	48774	83.83
326	2324	88.91
326	1293	84.51
326	2692	89.31
326	72605	73.50
326	70159	71.03
326	54286	79.35
326	5446	83.33
326	6591	100.00
326	4226	88.55
326	105844	76.45
326	31410	86.42
327	3301	79.67
327	150	81.42
327	858	90.76
327	1923	76.47
327	51255	92.68
327	48516	91.07
327	1304	90.53
327	765	71.10
327	6888	51.56
327	2706	75.84
328	2687	63.39
328	112852	77.90
328	70286	72.92
328	1196	82.64
328	457	68.31
328	364	71.94
328	80463	72.67
328	3489	66.61
328	318	82.91
328	595	61.80
328	5349	66.57
328	2542	68.74
328	1219	75.48
328	35836	63.93
328	3751	65.99
328	79091	69.11
328	7153	76.00
328	596	64.34
328	2398	71.11
328	1148	75.00
329	130482	48.00
329	136850	48.00
329	858	50.63
329	1884	53.62
329	750	62.55
330	5378	63.46
330	316	70.74
330	1639	76.87
330	2918	77.54
330	919	79.09
330	3949	86.46
330	3535	78.47
330	5349	73.41
330	380	67.32
330	1676	63.46
330	2502	91.85
330	3703	80.75
330	1682	76.88
330	2683	65.15
330	1206	85.44
330	1721	61.08
330	2791	79.01
330	2081	75.36
330	8874	88.43
330	592	74.67
331	8874	75.43
331	6157	57.03
331	88125	76.76
331	6539	73.29
331	3897	85.42
331	4446	70.86
331	7361	82.84
331	50872	75.30
331	4995	81.44
331	4306	72.59
331	6874	79.80
331	5502	68.44
331	3911	76.40
331	608	81.25
331	4447	64.30
331	593	85.19
331	3751	70.08
331	8665	77.62
331	4367	59.58
331	2959	87.09
332	47	79.40
332	1653	85.43
332	1258	85.50
332	316	72.67
332	8983	76.12
332	431	79.35
332	97757	72.58
332	2291	77.42
332	1835	69.75
332	356	89.12
332	5502	70.94
332	4308	70.14
332	1203	85.27
332	1682	77.74
332	1249	83.24
332	76251	73.38
332	2905	87.15
332	318	89.96
332	2294	68.45
332	32	83.09
333	3785	36.79
333	3752	45.29
333	3616	43.99
333	3615	47.44
333	3646	24.50
334	55820	80.59
334	1196	82.38
334	1580	65.42
334	1291	78.43
334	3996	71.69
334	589	71.99
334	30810	69.58
334	4027	73.07
334	1	73.95
334	64957	69.12
334	1625	71.72
334	50601	51.29
334	44195	77.59
334	27416	76.63
334	6867	77.08
334	2997	74.76
334	293	79.19
334	480	69.86
334	5378	55.29
334	51935	73.98
335	780	68.03
335	592	63.04
335	356	79.89
335	296	79.51
335	2699	58.54
335	2001	69.00
336	1267	97.15
336	1	88.92
336	38798	84.23
336	33660	96.31
336	1784	93.34
336	2001	86.47
336	2268	92.81
336	293	95.13
336	1625	92.85
336	4886	88.89
336	50	100.00
336	150	92.92
337	318	100.00
337	47	91.16
337	16	93.51
337	805	92.82
337	1393	89.24
337	266	82.06
337	667	66.33
337	168	75.93
337	784	63.02
337	65	64.90
337	110	98.23
337	708	82.99
337	25	88.71
337	1356	92.39
337	277	79.66
337	786	80.04
338	189111	63.60
338	190207	63.60
338	190215	63.60
338	190219	63.60
338	7153	70.83
338	593	69.56
338	187541	32.90
338	185029	79.58
339	72641	82.02
339	5445	85.46
339	84152	86.44
339	96079	87.24
339	106072	77.51
339	69122	84.53
339	5617	89.81
339	41285	85.77
339	56869	81.46
339	48322	94.64
339	65216	92.58
339	91630	83.73
339	86504	83.61
339	91529	90.86
339	83613	70.92
339	4993	96.39
339	3470	94.23
339	102407	75.20
339	2028	95.98
339	5952	97.63
340	10	0.00
340	110	0.00
340	150	0.00
340	153	0.00
340	161	0.00
340	165	0.00
340	185	0.00
340	208	0.00
340	253	0.00
340	288	0.00
340	292	0.00
340	296	0.00
340	316	0.00
340	318	0.00
340	329	0.00
340	344	0.00
340	349	0.00
340	356	0.00
340	454	0.00
340	457	0.00
340	480	0.00
340	589	0.00
340	590	0.00
340	592	0.00
340	595	0.00
340	648	0.00
340	780	0.00
340	1356	0.00
341	2335	71.65
341	3624	68.01
341	130087	67.94
341	1370	79.63
341	135137	73.96
341	117529	69.04
341	5459	62.40
341	45672	70.31
341	1	76.25
341	47099	78.51
341	4025	68.58
342	2683	60.34
342	2598	38.09
342	2881	47.89
342	2369	43.40
342	1268	62.81
342	2605	44.77
342	2599	57.21
342	1198	69.56
342	3157	41.32
342	3826	31.63
342	2428	41.58
342	2827	27.72
342	3863	52.91
342	1959	62.40
343	858	98.84
343	3000	93.26
343	48394	83.16
343	4226	89.78
343	4878	86.96
343	3993	90.24
343	2571	88.12
343	1617	92.00
343	31658	89.87
343	55363	96.30
343	55820	95.10
343	296	91.90
344	111362	85.69
344	380	80.65
344	316	77.41
344	2628	62.42
344	4226	85.34
344	2571	87.67
344	4014	83.38
344	2012	79.22
344	4034	87.26
344	260	89.18
344	2541	78.05
344	4973	93.03
344	5418	83.04
344	2712	74.27
345	1019	85.25
345	2539	73.68
345	926	85.94
345	5902	89.21
345	8810	68.92
345	344	63.89
345	5707	70.21
345	2366	81.60
345	56949	76.71
345	3649	66.59
345	6658	79.10
345	3489	77.75
345	412	87.39
346	3174	72.67
346	778	82.23
346	608	87.95
346	6711	84.20
346	6286	86.45
346	306	84.49
346	7323	75.70
346	307	88.94
346	3535	77.12
346	1212	85.34
346	357	73.83
346	3949	85.35
346	714	74.65
346	7937	89.64
346	7396	82.19
346	5878	85.65
346	1120	74.57
346	1131	84.27
346	3627	78.86
346	7115	70.16
347	434	59.30
347	590	76.91
347	39	64.70
347	150	77.52
347	454	76.58
347	380	69.22
347	587	77.82
347	317	67.83
347	457	83.38
348	318	100.00
348	2324	100.00
348	4368	67.43
348	1213	100.00
348	6016	98.65
348	2959	100.00
348	6893	100.00
348	4973	100.00
348	1221	100.00
348	1960	96.13
348	2019	100.00
349	10	67.39
349	161	76.99
349	589	80.65
349	381	78.60
349	349	72.40
349	231	54.68
349	588	80.24
349	509	70.51
350	852	65.91
350	7	58.01
350	637	57.97
350	648	63.15
350	733	74.84
350	12	49.52
350	858	84.79
350	661	65.73
351	88932	73.20
351	87222	68.05
351	73344	80.28
351	52579	61.23
351	2231	79.09
351	88744	77.56
351	43836	53.93
351	79132	83.36
351	597	76.72
351	58559	85.73
351	12	59.13
351	8914	77.86
351	8950	79.60
351	63082	77.25
351	6214	78.33
351	90376	81.46
351	84152	76.78
351	480	76.17
351	4878	81.84
351	1193	80.92
352	72998	75.95
352	71745	61.81
352	1801	80.32
352	34319	70.62
352	2600	83.03
352	65682	75.65
352	1080	90.56
352	79695	68.05
352	110730	52.08
352	38038	80.14
352	130490	64.69
352	97752	76.73
352	1214	80.11
352	94864	67.28
352	41566	69.97
352	56587	73.20
352	44191	82.97
352	114935	82.07
352	59315	77.51
352	47610	80.41
353	552	61.52
353	25	69.58
353	267	64.27
353	216	74.95
353	367	58.78
353	288	63.14
353	144	60.30
353	186	61.16
353	333	73.68
353	266	70.48
353	112	64.92
353	198	67.11
353	234	54.76
353	145	62.10
353	293	66.27
353	158	65.74
353	163	63.22
353	296	74.61
354	1610	77.38
354	4306	85.35
354	2692	84.50
354	3147	82.87
354	47	81.44
354	903	86.00
354	733	76.39
354	3977	59.01
354	1225	83.39
354	35836	78.18
354	648	72.09
354	44191	86.24
354	8665	78.83
354	1917	67.60
354	7147	77.01
354	1923	78.55
354	589	83.22
354	2959	91.39
354	4718	63.03
354	1196	89.88
355	316	81.40
355	1580	82.86
355	3035	92.31
355	3175	89.41
355	317	77.07
355	916	95.28
356	2248	86.75
356	52435	95.28
356	52975	84.82
356	7122	80.74
356	44889	80.74
356	1641	84.57
356	2706	75.57
356	4011	93.65
356	802	73.90
356	7323	79.67
356	2502	99.04
356	56367	87.22
356	1223	98.84
356	55118	91.47
356	3949	92.16
356	3996	89.28
356	1246	90.82
356	1466	85.32
356	223	83.06
356	7153	91.39
357	4354	79.24
357	8998	79.24
357	27329	79.24
357	2804	92.70
357	595	84.57
357	529	83.87
357	4663	89.05
357	4091	81.64
357	1224	86.68
357	1242	95.63
357	34	76.23
357	208	68.95
357	58559	97.49
357	6296	92.93
357	30793	79.43
357	1042	69.06
357	2100	72.41
357	551	80.71
357	471	79.02
357	2067	88.49
358	26095	63.46
358	605	54.82
358	5066	67.44
358	52328	66.26
358	2226	63.46
358	42728	58.34
358	7361	73.09
358	69844	70.34
358	36525	48.55
359	405	45.27
359	1092	61.01
359	1101	63.30
359	51412	48.47
359	648	60.77
359	296	78.64
359	1097	71.60
359	2396	70.48
359	2424	64.04
359	593	76.75
359	2701	46.20
359	2942	48.37
359	1682	68.06
359	2530	54.17
359	4995	75.75
360	1422	54.04
360	1620	58.38
360	1488	65.79
360	1711	60.51
360	1414	52.62
361	47099	64.89
361	1580	62.64
361	377	57.95
361	1552	54.30
361	49272	74.12
361	1263	66.77
361	53125	64.04
361	589	72.74
361	49822	62.32
361	8360	67.44
361	318	86.44
361	2529	69.44
361	5218	66.30
361	6188	64.23
361	2422	35.30
361	3082	64.54
361	1732	70.26
361	1370	64.21
361	46972	56.03
361	7458	62.24
362	1945	99.68
362	592	91.00
362	6539	88.15
362	51540	90.05
362	5989	89.04
362	637	76.96
362	70	90.49
362	7153	98.21
362	1252	92.60
362	44665	86.76
362	407	76.75
362	6874	95.17
362	2959	100.00
362	1196	99.52
362	1208	94.02
362	8961	85.34
362	48516	99.24
362	7438	92.04
362	356	99.64
362	1201	96.99
363	1552	50.49
363	1732	73.76
363	1517	64.78
363	296	68.68
363	653	54.34
363	318	80.04
364	858	100.00
364	9	74.35
364	783	84.98
364	376	79.37
364	1	94.75
365	59315	60.30
365	81229	57.61
365	128975	46.02
365	6874	63.20
365	90345	52.10
365	158872	67.55
365	129354	47.91
365	103075	36.94
365	135536	47.21
365	70286	64.27
365	112852	69.24
365	76077	52.01
365	112818	77.06
365	1777	58.36
365	6502	64.14
365	155820	28.54
365	541	61.35
365	95720	43.55
365	93270	45.57
365	135569	53.72
366	116797	83.50
366	59315	74.31
366	33794	88.16
366	91529	88.07
366	2028	85.92
366	122882	81.64
366	7438	84.04
367	926	87.02
367	3061	85.00
367	1270	89.76
367	1287	88.17
367	486	67.49
367	3536	78.99
367	3824	52.89
367	2384	72.36
367	3072	76.49
367	898	95.15
367	3618	82.67
367	3225	72.18
367	2248	85.53
367	3157	66.78
367	3969	78.11
367	3717	70.91
367	1259	88.53
367	4023	66.81
367	1196	100.00
367	1258	92.17
368	3753	51.77
368	2112	42.40
368	1944	59.73
368	2986	43.04
368	3869	58.70
368	1214	65.89
368	2947	64.05
368	415	40.86
368	3035	71.01
368	832	51.64
368	50	74.13
368	2819	59.43
368	1801	59.63
368	2490	59.02
368	1917	40.08
368	1391	51.99
368	2193	61.59
368	225	52.47
368	161	61.26
368	2881	56.09
369	1256	83.53
369	785	69.59
369	47	81.34
369	2706	62.76
369	839	57.36
369	377	58.31
369	52973	69.95
369	743	49.60
369	4214	57.77
369	5418	72.16
369	3863	67.22
369	1372	63.26
369	27904	73.14
369	60069	83.31
369	2857	67.68
369	1967	80.71
369	150	70.51
369	2011	66.90
369	1580	64.26
369	3174	67.06
370	4011	75.90
370	4878	80.15
370	8961	75.87
370	6377	82.23
370	2628	54.78
370	1748	84.70
370	2116	71.77
370	589	78.90
370	2329	82.96
370	7438	80.38
370	3977	55.03
370	1676	65.76
370	593	80.13
370	4973	90.22
370	4226	85.29
370	1240	71.14
370	1089	78.06
370	8636	72.29
370	2716	72.71
371	2571	100.00
371	112512	88.85
371	1258	100.00
371	4090	85.79
371	56715	95.07
371	3000	100.00
371	4226	100.00
371	4993	100.00
371	1748	100.00
372	335	66.59
372	924	68.04
372	318	88.86
372	1603	48.78
372	1479	63.33
372	589	80.64
372	81	60.19
372	387	66.59
372	616	69.31
372	337	72.88
372	1220	72.13
372	1201	79.66
372	165	61.78
372	1243	82.43
372	1258	77.50
372	377	57.22
372	1401	65.08
372	450	63.55
372	1206	85.35
372	1306	74.57
373	216	70.47
373	60	61.46
373	169	51.74
373	350	63.57
373	585	53.07
373	44	41.02
373	371	68.57
373	163	58.77
373	616	65.55
373	198	64.90
373	265	65.90
373	25	67.25
373	6	67.57
373	733	67.93
373	47	71.47
373	2	70.31
373	736	64.51
373	305	49.33
373	357	66.01
373	141	69.88
374	296	71.10
374	208	54.31
374	1219	76.39
374	480	77.88
374	592	61.71
374	1258	78.99
374	1339	72.61
375	344	62.29
375	1027	68.43
375	32	87.65
375	2628	58.34
375	3256	75.10
375	4226	83.36
375	500	75.35
376	91535	72.32
376	2002	70.47
376	1214	88.51
376	1101	80.83
376	2916	85.20
376	33794	84.13
376	1198	96.66
376	349	82.22
376	1371	75.11
376	376	77.60
376	1240	84.08
376	1375	80.08
376	4993	93.53
376	858	96.21
376	457	86.87
376	4226	96.12
376	5952	94.61
376	344	68.69
376	2763	82.51
376	2797	85.92
377	4942	80.79
377	2793	52.87
377	1262	89.60
377	2791	87.51
377	748	77.83
377	1345	84.88
377	5027	73.13
377	5113	76.03
377	27692	80.79
377	3421	85.20
377	6021	80.79
377	3364	83.08
377	2072	74.73
377	8641	86.56
377	2163	63.59
377	92760	80.79
377	2858	96.93
377	1503	74.95
377	2124	77.98
377	2015	78.05
378	33794	81.98
378	7153	89.84
378	48516	91.04
378	3114	80.05
378	858	94.04
378	68954	82.42
378	91529	88.29
378	71535	89.84
378	90600	79.45
378	364	86.62
379	318	87.31
379	377	71.78
379	19	56.22
379	292	67.76
379	480	78.21
379	367	59.68
379	597	64.59
379	344	57.05
380	60818	73.39
380	172875	73.39
380	172881	73.39
380	172887	73.39
380	355	48.57
380	6979	69.97
380	5476	33.11
380	2735	57.10
380	68194	88.46
380	63433	52.75
380	72356	84.81
380	105731	48.79
380	1833	64.99
380	551	75.51
380	6731	75.00
380	27831	78.54
380	1665	70.06
380	393	60.59
380	140956	57.30
380	2791	84.31
381	2085	72.68
381	1088	68.97
381	3253	74.13
381	185	56.00
381	317	61.75
381	27808	67.91
381	1240	78.43
381	19	60.26
381	3753	69.94
381	4321	68.80
381	72011	71.87
381	3082	69.77
381	333	72.45
381	2140	78.10
381	1385	58.06
381	2273	62.15
381	1208	84.06
381	457	78.45
381	104	71.53
381	2716	77.41
382	1204	84.78
382	142372	52.18
382	135532	50.21
382	1201	83.33
382	112171	67.24
382	1198	84.36
382	912	75.89
382	81847	71.13
382	4638	60.84
382	63540	28.92
382	1681	51.66
382	170289	69.12
382	103042	61.21
382	72737	72.67
382	2496	63.16
382	357	70.79
382	81537	68.39
382	59501	67.54
382	101362	52.33
382	4890	61.65
383	2436	81.11
383	2541	68.75
383	2496	65.18
383	1584	78.94
383	2558	59.66
383	1246	84.24
383	903	85.44
384	3527	65.21
384	1388	49.00
384	2683	60.56
384	2502	75.03
384	4333	42.96
384	3098	65.37
384	4396	47.39
384	457	69.30
384	358	47.24
384	968	65.09
384	2724	45.38
384	296	80.98
384	3991	43.34
384	1204	72.31
385	736	58.86
385	1080	76.96
385	249	72.95
385	1219	72.35
385	1036	75.31
385	1136	87.45
385	282	58.77
385	1073	80.90
385	1200	80.47
385	1228	75.17
385	1022	65.93
385	1007	56.37
385	1201	80.92
385	1246	72.92
385	344	63.65
385	589	78.49
385	1023	68.21
385	1287	77.26
385	594	74.32
385	1303	74.88
386	110	68.79
386	410	45.76
386	112	50.17
386	165	55.72
386	223	66.91
386	648	60.36
386	185	47.08
386	608	67.88
386	485	40.60
386	305	39.24
386	44	31.62
386	585	42.65
386	349	51.45
386	10	46.52
387	4393	64.75
387	5156	64.75
387	5780	64.75
387	7336	64.75
387	26124	64.75
387	40966	64.75
387	2712	66.99
387	5062	74.74
387	1247	77.82
387	5489	64.75
387	4195	69.11
387	7132	77.04
387	2946	63.74
387	1387	77.43
387	3000	77.87
387	51939	55.08
387	4995	74.86
387	912	78.67
387	7938	64.75
387	1783	48.07
388	6158	69.47
388	63239	69.47
388	33615	66.89
388	86298	53.64
388	62999	67.98
388	8360	73.29
389	17	78.37
389	140	79.83
389	628	88.00
389	762	76.22
389	743	73.93
389	95	78.75
389	32	89.56
390	6344	74.04
390	64957	73.03
390	4239	77.33
390	5220	62.23
390	1193	81.71
390	2571	87.44
390	9010	75.63
390	2291	81.71
390	5296	50.28
390	4226	90.07
390	7254	76.74
390	6377	84.27
390	63062	74.37
390	1206	82.39
390	2329	83.54
390	4014	79.39
390	1784	81.10
391	5575	75.77
391	500	68.80
391	3994	72.62
391	1213	92.33
391	516	70.10
391	199	59.35
391	4027	88.30
391	150	78.45
391	1408	82.76
391	4014	75.17
391	1527	86.49
391	1059	83.05
391	2916	79.51
391	4973	96.90
391	357	79.26
391	555	83.11
391	5026	89.44
391	4936	73.99
391	1210	89.24
391	3067	84.27
392	3004	41.99
392	2858	77.37
392	707	49.76
392	1198	77.47
392	1125	62.90
393	91658	78.39
393	102125	76.34
393	48394	77.46
393	36517	79.28
393	8636	78.65
393	110102	85.18
393	44199	77.85
393	5388	74.59
393	54259	80.97
393	4848	88.78
393	5669	81.88
393	1291	90.79
393	68848	78.92
393	86190	74.77
393	2571	91.74
393	1206	84.45
393	122892	77.80
393	106642	100.00
393	1625	77.57
393	106489	76.16
394	588	59.51
394	316	50.01
394	344	47.79
394	225	62.84
394	457	70.62
395	329	56.51
395	1025	63.16
395	296	64.25
395	160	53.78
395	208	50.03
395	173	40.58
395	485	51.51
395	355	47.29
395	520	44.06
395	595	61.44
395	126	41.75
395	48	61.97
395	367	52.54
396	1276	76.61
396	1597	59.42
396	1777	62.13
396	44	38.84
396	204	45.30
396	2081	67.28
397	4017	83.37
397	8645	82.31
397	1701	84.88
397	8228	80.73
397	6993	85.65
398	6408	81.72
398	1197	98.18
398	5971	96.05
398	7022	86.09
398	1198	90.84
398	60069	90.58
398	2455	78.66
398	1136	94.12
398	48516	94.09
398	82459	86.20
399	1198	85.07
399	110	82.59
399	5445	80.95
399	1196	85.43
399	593	85.23
399	480	75.91
399	1270	83.45
399	2194	83.06
400	608	94.96
400	356	96.91
400	2571	100.00
400	2959	100.00
400	7153	96.72
400	1221	99.78
400	3578	97.62
400	858	96.76
400	59615	78.23
401	5952	77.76
401	6297	75.57
401	55768	66.42
401	48982	74.78
401	166461	70.57
401	49274	55.03
401	50872	72.97
401	32031	65.18
401	79091	72.83
401	170939	71.09
401	38038	74.27
401	8360	72.51
401	3114	77.60
401	33615	67.40
401	1136	83.54
402	1084	80.33
402	597	70.52
402	52	72.38
402	329	69.32
402	296	82.12
402	586	66.34
402	315	69.79
402	1036	91.18
402	434	67.09
402	527	91.26
403	110	77.50
403	2427	68.25
403	3210	78.57
403	296	95.02
403	61465	59.18
403	1663	80.43
403	180	77.92
404	204	52.82
404	349	67.64
404	474	71.02
404	34	76.35
404	364	76.42
404	508	76.36
404	105	61.34
404	593	82.97
404	509	63.40
404	277	68.11
404	315	62.24
404	185	63.38
405	70708	80.50
405	293	94.89
405	7254	81.66
405	37731	78.86
405	2959	98.06
405	345	84.09
405	1213	86.39
405	7134	80.50
405	64614	89.71
405	6023	66.10
405	1241	94.55
405	2329	87.33
405	1247	90.01
405	3052	85.99
405	68237	88.89
405	1199	89.85
405	27592	79.07
405	27664	75.68
405	3418	85.33
405	1215	93.23
406	1586	48.22
406	135	48.18
406	56949	61.21
406	46972	62.99
406	724	53.23
407	7153	93.04
407	2959	97.85
407	6539	88.02
407	1240	80.64
407	54286	82.54
408	1198	98.54
408	122904	87.27
408	44840	73.99
408	165101	27.62
408	6618	87.73
408	1291	95.46
408	1210	98.49
408	89745	89.73
408	1278	94.26
408	7324	78.87
408	44	60.43
408	8641	87.57
408	115210	85.35
408	103596	54.11
408	68554	77.08
408	2571	98.50
408	109487	90.72
408	63131	81.93
408	80489	90.74
408	4649	87.87
409	2485	59.25
409	2490	77.35
409	2028	83.54
409	3812	77.15
409	1278	91.87
409	2997	92.66
409	296	94.30
409	1078	78.72
409	3016	75.31
409	1073	87.98
409	2683	72.66
409	2289	84.06
409	3846	92.59
409	912	99.64
409	2013	71.06
409	1911	62.63
409	2352	83.24
409	1230	92.96
409	2541	72.63
409	3174	76.70
410	389	80.51
410	3224	85.49
410	318	95.16
410	2302	73.75
410	4002	80.16
410	1060	84.88
410	4297	76.11
410	3263	69.97
410	1859	77.41
410	111	96.47
410	58	83.04
410	2145	75.81
410	3255	80.29
410	2321	82.31
410	3504	89.64
410	3948	72.07
410	11	78.26
410	4019	88.77
410	3	77.37
410	597	77.04
411	508	73.27
411	261	69.70
411	586	52.32
411	432	53.30
411	353	65.11
411	431	70.87
411	194	61.86
411	318	86.50
411	272	66.73
411	515	68.90
411	356	81.49
411	266	64.92
411	257	73.33
411	349	70.98
411	10	60.42
411	31	60.99
411	344	48.87
411	227	51.67
411	455	42.34
411	122	54.19
412	2828	33.26
412	2384	73.32
412	2915	76.85
412	903	92.21
412	608	94.89
412	2720	52.19
412	2858	87.64
412	1883	77.36
412	1307	88.05
412	1214	87.89
412	1784	76.49
412	2239	100.00
412	1	86.08
412	930	93.85
412	1136	94.91
412	2710	70.21
412	915	81.06
412	2398	86.88
412	17	86.09
412	1079	95.89
413	2706	86.05
413	1198	96.93
413	3753	84.88
413	2424	78.43
413	593	98.69
413	128360	93.16
413	4993	98.31
413	16	98.80
413	5574	86.71
413	3948	88.83
413	64957	87.55
413	2959	100.00
414	4458	67.85
414	4666	67.85
414	5285	67.85
414	5635	67.85
414	6033	67.85
414	6493	67.85
414	6563	67.85
414	6628	67.85
414	6797	67.85
414	48319	67.85
414	58879	67.85
414	169992	67.85
414	3802	49.87
414	3599	78.82
414	1600	75.35
414	8666	28.87
414	4975	68.55
414	7444	63.53
414	4081	38.32
414	177593	89.33
415	296	89.92
415	1213	87.81
415	4321	78.55
415	3507	89.48
415	4308	81.03
415	47	85.68
415	1021	63.82
415	111	85.72
415	2617	77.11
415	1276	93.12
415	3861	70.03
415	4369	69.36
415	99114	86.30
415	1221	88.00
415	63082	89.27
415	1234	85.93
415	45722	73.27
415	1197	93.84
415	175	90.34
416	5952	62.87
416	5951	45.64
416	531	55.83
416	1296	60.70
416	1199	70.17
416	1721	51.03
416	830	47.68
416	1206	72.38
416	7323	61.73
416	4848	72.83
416	3677	96.43
417	778	100.00
417	4995	97.01
417	4975	92.45
417	7254	92.30
417	1198	97.53
417	106782	96.40
417	27773	96.96
417	168250	93.87
417	1625	95.07
417	7153	100.00
417	74458	99.19
417	110102	93.84
417	48394	87.77
417	4878	99.46
418	356	86.59
418	296	87.28
418	63082	77.27
418	104374	83.64
418	1276	87.62
418	1136	83.30
418	117176	80.85
418	1573	66.56
418	137337	82.32
418	1682	76.89
418	5816	78.31
418	88125	82.95
418	74458	86.09
418	367	63.12
418	89745	77.23
418	45672	71.27
418	87869	84.32
418	7361	87.01
418	54001	76.97
419	4093	74.91
419	111	80.22
419	46976	79.76
419	27822	56.20
419	2858	82.27
419	319	77.27
419	6287	65.99
419	3578	85.21
419	1213	86.33
419	64969	79.73
419	47	85.72
419	79592	67.68
419	34319	73.63
419	89580	74.91
419	60756	73.60
419	27704	74.91
419	90943	74.91
419	2412	52.26
419	1240	80.06
419	52245	71.28
420	1161	93.26
420	4993	89.22
420	45499	76.02
420	923	80.70
420	26693	77.42
420	48385	71.77
420	1927	84.97
420	5608	84.08
420	2052	65.41
420	6934	68.25
420	7022	86.41
420	3979	63.29
420	59295	77.42
420	2329	86.93
420	54259	80.82
420	1131	85.92
420	2762	82.77
420	4973	94.01
420	5669	82.05
420	527	92.03
421	2858	86.94
421	909	87.32
421	5008	89.63
421	953	95.59
421	1178	94.53
421	2313	90.87
421	2478	74.37
421	1203	93.26
422	2539	62.83
422	2710	54.71
422	4947	73.38
422	4971	62.21
422	5039	77.69
422	4925	67.67
422	2581	55.20
422	4916	64.77
422	1265	73.52
422	2804	84.41
422	3053	76.28
422	2665	67.67
422	1283	82.50
422	4835	70.35
422	2908	72.91
422	3943	61.84
422	1213	75.95
422	2670	71.23
422	858	78.65
423	1653	87.91
423	110	89.68
423	2194	81.74
423	5349	71.17
423	1320	63.71
424	1193	82.18
424	141	75.27
424	2804	90.03
424	40278	81.41
424	608	84.17
424	108729	76.68
424	293	84.28
424	69122	74.40
424	1092	68.53
424	54503	82.82
424	58559	83.42
424	3186	75.84
424	66097	77.51
424	778	85.68
424	5679	71.75
424	3176	76.80
424	2288	90.11
424	2174	79.04
424	71668	97.50
424	112556	77.55
425	45517	72.02
425	377	65.17
425	2329	85.43
425	733	72.29
425	6	81.91
425	1645	73.05
425	8368	79.43
425	2081	71.39
425	4306	82.62
425	1680	71.65
425	1909	69.73
425	367	54.07
425	46723	71.52
425	1625	73.38
425	1036	79.77
425	4901	66.75
425	750	89.62
425	2353	65.94
425	1342	62.02
425	145	62.89
426	59784	68.25
426	150	74.47
426	471	74.56
426	337	71.52
426	54001	81.89
426	1197	85.57
426	6378	75.43
426	72641	73.25
426	4886	76.98
426	8644	71.79
426	37729	72.03
426	597	79.27
426	5444	77.62
426	91325	70.18
426	588	75.47
426	3247	59.65
426	4022	69.65
426	79091	72.22
427	4887	56.14
427	5463	49.36
427	5015	63.14
427	110	74.52
427	58	68.41
427	5528	66.57
427	6348	53.98
427	5312	53.64
427	2710	48.22
427	5696	50.30
427	4993	71.39
427	5266	52.88
427	2683	57.24
427	5400	56.56
427	5816	60.01
427	1208	74.13
427	5574	62.02
428	2471	33.14
428	2762	61.77
428	3827	42.06
428	1089	65.54
428	2953	36.00
428	2916	55.07
428	1380	44.46
428	1997	62.42
428	3440	22.08
428	4022	56.55
428	317	40.19
428	4255	39.80
428	1208	69.83
428	1391	48.52
428	6377	66.26
428	2581	41.24
428	260	67.04
428	3285	43.87
428	588	61.56
428	653	44.74
429	339	80.57
429	421	74.87
429	150	89.53
429	225	84.66
429	165	79.73
429	266	74.51
429	329	72.56
429	252	80.01
429	279	68.38
429	317	75.04
429	237	79.03
429	204	59.46
430	923	80.22
430	2987	71.14
430	3745	72.62
430	6287	64.58
430	2858	82.22
430	6365	60.66
430	2571	83.74
430	4447	63.83
430	4014	75.66
430	329	73.35
430	2076	75.50
430	4446	73.12
431	172	48.56
431	1625	55.08
431	1376	57.69
431	3948	51.44
431	802	53.72
432	1831	56.12
432	5630	74.62
432	6870	75.98
432	8640	61.72
432	6539	79.32
432	3916	73.19
432	5989	81.57
432	84189	73.80
432	110	82.78
432	35836	75.29
432	4886	80.53
432	2762	83.08
432	1206	82.66
432	49272	85.33
432	19	59.91
432	318	91.80
432	58559	89.70
432	69481	81.83
432	7158	84.08
432	33660	83.02
433	91529	80.03
433	1089	80.03
433	50	86.89
433	5299	65.64
433	110	81.08
434	1136	88.81
434	3147	81.59
434	1090	83.76
434	1265	81.07
434	5989	79.45
434	1101	69.55
434	1779	63.17
434	586	66.80
434	344	71.04
434	3863	70.29
434	1208	85.29
434	3160	81.05
434	589	81.06
434	780	75.83
434	6796	77.44
434	2791	81.66
434	4226	91.82
434	2194	78.92
434	8665	80.75
434	1291	86.41
435	2353	83.86
435	44191	88.30
435	485	76.43
435	3510	82.80
435	34405	97.55
435	2302	80.57
435	158	73.24
435	82459	92.43
435	48780	91.94
436	204	45.74
436	435	43.61
436	440	65.83
436	432	54.08
436	161	64.97
436	480	72.70
436	377	65.76
436	531	57.77
436	536	63.19
436	502	54.43
436	364	71.78
436	235	63.89
436	371	68.84
436	344	49.15
436	2	71.11
436	585	52.20
436	450	65.65
436	587	72.42
436	437	50.03
436	227	50.78
437	748	72.47
437	318	97.19
437	5	69.55
437	640	69.15
437	1299	90.96
437	1120	79.38
437	1396	76.19
437	1246	84.75
437	454	80.02
437	1171	76.32
437	1225	89.08
437	1183	80.57
437	1097	75.49
437	1307	89.15
437	1268	77.14
437	592	73.52
437	198	78.58
437	155	63.05
437	112	71.76
437	246	89.91
438	7154	54.96
438	2501	72.30
438	8966	61.16
438	27801	76.14
438	1527	77.86
438	6711	78.76
438	3898	29.37
438	1784	74.80
438	8644	67.83
438	6367	58.50
438	2424	62.49
438	3889	42.76
438	223	73.42
438	1517	72.32
438	7361	83.80
438	2641	63.25
438	5009	67.27
438	2617	67.97
438	3753	67.39
438	2393	64.76
439	356	93.91
439	4022	85.53
439	7153	91.29
439	78499	90.37
439	1240	81.69
440	8690	75.24
440	541	87.59
440	29	82.31
440	1653	83.37
440	1274	83.91
440	3174	72.06
440	1235	90.02
441	589	89.52
441	2683	80.97
441	2959	100.00
441	4306	88.10
441	260	100.00
441	296	100.00
441	51255	100.00
441	47	100.00
441	68358	94.69
442	2908	28.65
442	2881	27.18
442	1186	23.57
442	3752	26.19
442	4361	31.70
443	2329	91.87
443	79132	89.32
443	296	89.36
443	48394	78.81
443	106487	80.25
443	108190	70.62
443	7153	90.28
443	63082	88.97
444	356	89.30
444	592	67.60
444	208	58.17
444	21	71.18
444	111	78.51
444	110	87.70
444	235	74.94
444	296	76.34
444	344	58.83
445	2028	82.31
445	590	83.95
445	34405	87.08
445	47	84.77
445	116897	85.68
445	780	74.34
445	4011	86.04
445	899	88.32
445	593	88.00
445	33794	87.05
445	1080	96.81
445	45722	76.44
445	17	80.12
445	1230	89.94
445	306	94.48
445	2710	62.41
446	237	63.06
446	339	65.32
446	300	66.66
446	296	70.89
446	480	72.19
446	368	59.91
446	288	54.57
446	172	48.00
446	17	62.41
446	16	72.38
446	357	63.49
446	150	67.86
446	434	51.09
446	153	53.21
446	648	72.28
446	593	77.04
446	337	67.18
447	257	86.11
447	293	76.57
447	337	83.41
447	531	72.73
447	382	69.63
447	589	82.51
447	552	71.37
447	253	76.19
447	362	79.36
447	532	71.62
447	292	78.33
447	31	72.60
447	474	80.64
447	540	62.82
447	442	72.31
447	160	67.65
448	2368	56.94
448	3284	56.94
448	3933	56.94
448	6302	56.94
448	6476	56.94
448	7245	56.94
448	48262	56.94
448	49688	56.94
448	75803	56.94
448	75816	56.94
448	78116	56.94
448	79590	56.94
448	86593	56.94
448	92198	56.94
448	98908	56.94
448	100326	56.94
448	102819	56.94
448	104760	56.94
448	108715	56.94
448	109191	56.94
448	111680	56.94
448	113416	56.94
448	116207	56.94
448	116985	56.94
448	129657	56.94
448	130083	56.94
448	133377	56.94
448	136654	56.94
448	138546	56.94
448	142424	56.94
448	151777	56.94
448	152658	56.94
448	157130	56.94
448	158022	56.94
448	161290	56.94
448	164375	56.94
448	53996	57.78
448	136778	56.94
448	5418	67.24
448	288	60.71
448	88356	35.21
448	2580	65.12
448	155358	56.94
448	2889	64.39
448	4034	62.06
448	148888	41.28
448	81156	77.46
448	2713	41.94
448	103335	57.32
448	95441	50.02
448	34048	49.12
448	80126	44.41
448	3057	56.94
448	1057	57.62
448	2794	42.43
448	33830	78.84
448	8665	62.10
448	6059	55.23
448	110553	43.72
448	90374	56.94
448	151501	56.94
448	3764	48.43
448	6143	56.94
448	103819	56.94
448	4361	64.27
448	104913	63.65
448	3986	43.23
448	5528	59.09
448	1196	81.02
448	105351	42.92
448	83349	49.76
448	3276	56.94
448	1090	69.04
448	5349	66.42
448	587	51.24
448	106330	24.94
448	4677	47.29
448	95508	56.94
448	109895	24.77
448	110611	56.94
448	671	55.48
448	2289	62.19
448	152077	58.49
448	80693	46.99
448	111360	44.04
448	170	54.79
448	87444	51.93
448	94323	44.94
448	8493	51.26
448	3671	66.43
448	91653	69.14
448	4981	56.94
448	2991	63.47
448	78034	56.94
448	119145	68.66
448	5099	49.74
448	4299	52.56
448	2567	45.53
448	6996	18.22
448	109864	56.94
448	6582	59.09
448	73017	61.03
448	370	43.57
448	543	61.25
448	115617	62.29
448	590	68.32
448	154065	56.94
448	5553	54.38
448	41569	56.85
448	3286	31.16
448	6645	69.52
448	589	73.87
448	1920	49.27
448	2857	57.20
448	111663	56.94
448	78499	72.82
448	2657	53.18
448	6537	51.50
448	1148	66.99
448	46974	43.40
448	48516	72.65
448	80241	60.22
448	445	43.87
448	4262	69.82
448	3689	21.55
448	114935	64.47
448	6428	56.30
448	127194	56.94
448	109673	55.92
448	127096	56.80
448	89388	56.94
448	4156	56.94
448	3793	63.98
448	33679	53.07
448	2014	46.92
448	64285	76.55
448	3968	51.55
448	49530	60.15
448	3450	55.66
448	160563	51.53
448	5502	54.56
448	8169	63.45
448	6314	29.09
448	122490	56.94
448	3386	59.82
448	140725	56.94
448	4896	58.00
448	2642	35.98
448	127136	68.89
448	2763	58.33
448	2520	56.94
448	457	69.71
448	48783	57.93
448	3263	47.36
448	5400	50.29
448	5541	55.82
448	4011	68.83
448	58351	56.94
448	127132	56.94
448	152091	49.43
448	3698	54.50
448	435	29.91
448	4799	47.67
448	84152	61.41
448	3401	42.96
448	2858	68.69
448	3174	54.78
448	7076	71.33
448	106542	56.94
448	6218	52.22
448	2860	44.87
448	1283	71.86
448	3618	57.38
448	2616	48.43
448	90439	51.40
448	2404	37.43
448	4660	56.94
448	2530	46.10
448	26386	56.94
448	4327	61.37
448	3030	66.41
448	71464	57.70
448	32	71.00
448	91529	66.26
448	4158	42.06
448	99114	64.55
448	98585	56.94
448	93326	48.15
448	2268	66.01
448	80489	65.65
448	130576	35.23
448	105504	67.72
448	2791	66.70
448	50601	41.27
448	7007	53.89
448	4234	52.43
448	3623	48.28
448	80727	68.84
448	78467	21.20
448	8641	64.75
448	4128	59.87
448	106782	63.76
448	2537	26.67
448	112138	62.32
448	3247	43.31
448	112818	78.52
448	2027	27.27
448	3101	52.46
448	5779	56.94
448	82202	45.29
448	1704	69.21
448	98296	56.94
448	6863	61.61
448	89305	52.94
448	4203	52.82
448	1201	75.69
448	6212	34.00
448	637	51.72
448	84954	50.17
448	6814	56.94
448	94864	48.77
448	67695	39.05
448	159077	56.94
448	92439	56.94
448	6812	56.94
448	3156	48.91
448	802	50.24
448	118354	56.94
448	134130	61.47
448	138036	55.42
448	65135	56.94
448	52975	60.94
448	4368	30.66
448	90717	56.03
448	45722	57.50
448	79259	56.94
448	68157	70.99
448	4233	27.89
448	74458	68.36
448	3258	44.65
448	1262	68.58
448	3949	72.17
448	101025	39.04
448	69526	37.77
448	1831	37.41
448	1083	46.77
448	1884	67.47
448	1476	59.45
448	156609	41.81
448	3755	50.57
448	111659	42.89
448	4734	50.38
448	161	57.85
448	95201	56.94
448	135887	55.42
448	2598	45.95
448	87232	65.74
448	4634	83.77
448	5334	44.17
448	5459	47.01
448	146730	56.94
448	72694	56.94
448	157432	56.94
448	132488	56.94
448	4558	46.30
448	1375	58.36
448	6424	56.94
448	71518	61.46
448	2716	68.68
448	94780	39.29
448	3593	17.62
448	129354	47.88
448	158	38.88
448	1409	36.84
448	6514	56.94
448	2881	52.36
448	51662	66.56
448	90522	48.68
448	68554	50.28
448	2126	49.14
448	122932	56.94
448	93510	62.09
448	137857	63.05
448	125916	1.62
448	2953	41.53
448	2090	58.88
448	1760	17.36
448	480	68.02
448	58803	59.14
448	2109	61.91
448	50792	29.09
448	46062	22.47
448	85510	52.89
448	80864	56.94
448	112171	54.33
448	122900	59.04
448	2587	71.21
448	1527	69.71
448	117529	53.80
448	4993	72.92
448	92264	50.33
448	5247	37.17
448	533	50.40
448	912	67.67
448	26464	56.94
448	2249	51.23
448	4678	42.08
448	103772	54.10
448	114601	60.68
448	96861	46.25
448	420	42.01
448	59615	48.62
448	2349	60.55
448	109372	44.94
448	95207	43.80
448	348	60.31
448	19	47.60
448	136020	55.34
448	4502	26.97
448	91094	51.61
448	138208	51.34
448	3511	40.64
448	79428	56.83
448	2643	28.88
448	109183	56.94
448	2139	59.57
448	4212	56.94
448	5942	49.10
448	96417	57.10
448	112852	72.22
448	99728	58.12
448	89470	60.06
448	142448	53.39
448	64983	52.86
448	2640	58.72
448	2046	50.51
448	4881	64.83
448	3882	45.48
448	3744	43.01
448	1032	59.27
448	116799	61.43
448	5	43.18
448	4040	33.21
448	157407	56.94
448	2115	65.88
448	1617	70.74
448	4367	45.64
448	105254	61.93
448	3388	36.92
448	3760	42.73
448	2146	56.56
448	2968	66.64
448	6281	50.93
448	466	42.91
448	96448	35.01
448	86332	59.76
448	64969	64.60
448	115170	56.94
448	1036	66.53
448	3397	57.15
448	2474	62.39
448	1408	68.79
448	155743	56.94
448	106920	64.98
448	8542	60.62
448	120466	54.18
448	2051	22.51
448	7143	64.60
448	7150	46.61
448	89087	37.11
448	34150	40.99
448	2253	42.73
448	2973	64.40
449	1917	51.13
449	2502	82.15
449	4034	73.07
449	1222	79.23
449	2770	53.31
449	762	43.70
449	2011	64.49
449	2324	84.48
450	3977	68.73
450	589	88.42
450	110	89.12
450	3363	81.76
450	3535	85.29
450	3948	76.62
450	3409	69.88
450	1035	90.29
450	3568	81.25
450	358	66.61
450	1259	91.36
451	733	85.48
451	593	90.51
451	7	69.53
451	5	69.06
451	494	76.13
451	25	77.74
451	17	70.53
452	4025	77.75
452	2858	100.00
452	2617	88.45
452	5292	96.67
452	1206	100.00
452	1676	82.05
452	3219	80.36
452	47	100.00
452	3101	85.62
452	163	97.89
452	1092	85.62
452	1917	76.35
452	2126	83.81
452	1356	90.70
452	552	81.95
452	2628	81.97
452	1200	100.00
452	608	100.00
452	2707	82.25
452	3273	73.40
453	208	71.71
453	858	95.58
453	2335	76.13
453	4022	83.71
453	3618	79.79
453	1617	92.00
453	3452	71.58
453	1357	89.00
453	112	73.84
453	2671	74.01
453	1884	89.69
453	1894	70.79
453	2294	75.11
453	318	100.00
453	1614	67.46
453	3534	71.34
453	2959	97.48
453	798	63.16
453	5266	65.38
453	780	69.89
454	7361	91.45
454	2692	84.12
454	7116	75.24
454	55820	84.25
454	6016	84.94
454	27773	82.59
454	2160	90.56
454	2858	87.57
454	26131	97.01
455	272	70.95
455	432	59.87
455	367	58.46
455	590	81.63
455	253	66.38
455	364	81.22
455	555	69.48
455	252	72.27
455	110	89.85
455	225	73.18
455	588	74.60
455	597	68.52
456	1407	61.60
456	634	44.10
456	135	60.29
456	5	65.60
456	724	68.47
456	780	79.33
456	733	82.30
456	260	87.00
456	706	73.57
457	329	61.90
457	3593	25.15
457	2692	74.69
457	1356	69.51
457	223	75.61
457	2394	64.38
457	2701	43.66
457	3608	61.49
457	733	67.51
457	2094	58.40
458	597	75.73
458	185	75.84
458	10	74.25
458	380	76.24
458	95	75.93
458	454	83.71
458	300	76.56
458	595	84.52
458	153	73.44
458	587	86.91
458	150	88.08
458	552	73.45
459	79132	88.75
459	5618	95.89
459	8961	94.22
459	48780	91.91
459	50872	89.03
459	260	88.37
460	89039	83.85
460	4886	90.30
460	4703	92.36
460	3831	85.49
460	1441	86.41
460	4878	94.70
460	3483	72.59
460	8970	89.52
460	1	92.19
460	49272	92.24
460	40815	84.36
460	85414	81.06
460	68237	92.10
460	76093	88.23
460	47610	84.75
460	63082	89.88
460	2571	96.58
461	74458	69.86
461	2762	61.11
461	1036	70.43
461	91500	60.40
461	3578	68.82
461	539	65.78
462	26838	68.05
462	89090	68.05
462	164655	68.05
462	188189	68.05
462	1136	86.92
462	1219	82.76
462	158966	79.41
462	1248	85.40
462	508	69.41
462	1653	78.22
462	1674	71.02
462	8917	67.97
462	8620	68.05
462	3424	76.38
462	2146	68.57
462	7044	73.39
462	3814	77.79
462	1213	83.12
462	82857	68.05
462	26131	90.07
463	6377	85.42
463	2028	85.42
463	4310	62.35
463	3753	76.54
463	2006	67.47
463	1092	70.06
463	5995	85.46
464	1370	70.51
464	58025	65.69
464	63853	54.62
464	296	89.25
464	2019	88.23
464	3527	81.58
464	5254	68.67
464	7007	69.38
464	1101	68.92
464	1779	62.15
464	377	67.09
464	1653	89.03
464	55820	82.31
464	648	71.08
464	33493	72.54
464	1610	79.13
464	65088	75.91
464	74727	82.01
464	1617	82.23
464	62374	73.26
465	2941	85.27
465	2987	80.31
465	1200	89.05
465	3448	86.68
465	5060	87.03
465	1299	95.79
465	3703	87.50
465	3649	66.14
465	1625	87.40
465	292	82.84
465	904	96.86
465	3101	74.44
465	1754	82.55
465	750	100.00
465	1256	96.93
465	593	96.54
465	3732	79.27
465	3740	90.32
465	3334	83.93
465	377	78.61
466	5418	84.16
466	30793	70.34
466	79091	80.21
466	92259	84.61
466	5989	81.74
466	5459	67.31
466	318	95.41
466	63082	81.87
466	59784	76.02
466	5010	85.08
466	74458	75.67
466	6281	71.81
466	5952	84.58
466	8529	75.65
466	64716	85.08
466	68954	81.31
466	4993	91.38
466	45447	70.61
466	81845	84.23
466	55247	82.73
467	41	0.00
467	58	0.00
467	389	0.00
467	466	0.00
467	527	0.00
467	593	0.00
467	780	0.00
467	1183	0.00
467	1233	0.00
467	1357	0.00
467	1365	0.00
467	1408	0.00
467	1721	0.00
467	2028	0.00
467	2125	0.00
467	2324	0.00
467	2334	0.00
467	2384	0.00
467	2390	0.00
467	2393	0.00
467	2394	0.00
467	2493	0.00
468	592	58.79
468	349	69.31
468	1	78.63
468	317	65.41
468	296	69.47
468	32	82.20
468	165	74.66
469	3658	74.21
469	3832	74.21
469	3507	83.17
469	3032	87.89
469	2736	85.63
469	2132	86.80
469	1958	79.01
469	910	83.44
469	1090	90.58
469	1485	60.13
469	1388	58.37
469	2321	75.08
469	1234	85.88
469	2081	76.93
469	1193	91.79
469	36	78.30
469	2908	81.34
469	909	84.32
469	2023	72.06
469	3255	74.37
470	253	67.81
470	318	89.02
470	110	86.87
470	588	73.54
470	282	65.05
470	5	65.14
470	597	70.23
470	32	79.30
470	595	73.30
470	592	62.52
470	500	72.21
470	26	79.28
470	356	84.49
470	357	71.24
470	434	61.04
470	300	71.56
471	2571	83.87
471	8874	82.69
471	527	87.08
471	1	79.55
471	8360	68.75
471	7147	79.55
472	58559	93.05
472	3450	78.42
472	3298	86.22
472	2840	70.64
472	1221	85.94
472	858	94.97
473	4979	70.51
473	2959	79.61
473	60	58.94
473	7147	72.95
473	6281	60.11
473	3897	79.96
473	48322	78.10
473	2596	66.48
474	638	68.04
474	2179	68.04
474	2697	68.04
474	4046	68.04
474	5114	68.04
474	5311	68.04
474	5353	68.04
474	5455	68.04
474	5601	68.04
474	6201	68.04
474	6273	68.04
474	6382	68.04
474	6407	68.04
474	6592	68.04
474	6912	68.04
474	7702	68.04
474	7826	68.04
474	7832	68.04
474	7839	68.04
474	8057	68.04
474	8446	68.04
474	8458	68.04
474	8459	68.04
474	8611	68.04
474	8650	68.04
474	8774	68.04
474	8938	68.04
474	1466	71.76
474	6708	72.17
474	2940	76.42
474	2616	56.87
474	2334	61.36
474	7139	76.50
474	4218	68.04
474	371	72.11
474	750	90.58
474	2935	80.94
474	8645	77.92
474	5481	59.54
474	6370	72.27
474	25865	68.04
474	2553	72.21
474	912	86.12
474	2467	74.13
474	5548	67.26
474	7301	77.12
474	52967	63.21
474	5945	67.01
474	480	70.26
474	1983	52.51
474	3462	72.03
474	1068	68.04
474	8600	80.63
474	6650	86.70
474	8482	68.04
474	6791	81.58
474	4016	70.88
474	1784	71.79
474	3668	70.53
474	3977	55.76
474	8961	77.23
474	4160	81.57
474	30820	67.54
474	6984	68.04
474	2750	64.80
474	5034	39.21
474	7716	68.04
474	2612	68.04
474	4419	91.16
474	1300	72.34
474	4187	78.45
474	1187	59.38
474	6565	75.24
474	272	67.99
474	5440	68.04
474	25937	63.72
474	1099	61.55
474	3125	68.04
474	5826	68.04
474	5649	68.04
474	7256	73.81
474	4912	72.33
474	6016	79.24
474	1208	87.19
474	2083	74.64
474	3385	66.42
474	2310	63.33
474	3360	73.81
474	3163	75.49
474	1413	77.84
474	4081	38.51
474	1643	71.63
474	968	70.83
474	2116	66.22
474	26965	83.22
474	5954	75.49
474	1263	76.93
474	5116	68.04
474	3536	68.20
474	8778	67.98
474	63433	47.41
474	2952	67.43
474	318	86.88
474	3394	54.90
474	1200	81.29
474	3384	81.76
474	4356	75.64
474	932	83.18
474	7698	66.00
474	516	62.82
474	4873	75.13
474	48385	63.01
474	39869	77.11
474	1902	68.04
474	2641	63.31
474	7036	57.45
474	2181	69.52
474	4638	52.35
474	31116	81.42
474	2455	69.11
474	2146	68.21
474	628	72.10
474	3897	80.70
474	1030	54.85
474	4022	71.49
474	344	64.17
474	3196	80.51
474	92	50.11
474	237	62.69
474	6770	68.04
474	3259	67.70
474	3368	65.14
474	26151	73.29
474	1293	72.33
474	34072	73.92
474	3044	71.50
474	1639	72.05
474	5944	60.98
474	6539	70.36
474	477	66.91
474	7361	85.94
474	55687	68.04
474	58	70.79
474	4014	70.45
474	3467	70.44
474	8154	79.31
474	4191	44.00
474	2134	63.71
474	4644	76.99
474	4293	76.91
474	5013	75.72
474	1399	62.16
474	1196	84.92
474	2918	81.42
474	5899	57.87
474	4465	66.84
474	100	58.64
474	361	57.77
474	3341	85.37
474	8921	68.04
474	195	63.22
474	3789	68.04
474	4709	67.55
474	1588	63.60
474	3468	83.05
474	4678	55.30
474	2723	68.25
474	2118	71.12
474	1939	76.78
474	7019	55.28
474	3147	75.17
474	1792	59.50
474	33903	73.79
474	1682	77.16
474	41566	62.92
474	1693	64.97
474	1957	71.97
474	5021	65.99
474	2313	79.51
474	3870	68.04
474	948	78.51
474	47099	71.68
474	3447	80.38
474	6614	58.91
474	216	65.29
474	5619	66.53
474	3987	47.83
474	5060	74.60
474	3111	86.07
474	45950	68.84
474	32584	58.12
474	5525	68.04
474	2567	55.94
474	5956	72.39
474	7	59.88
474	1172	77.73
474	3217	55.54
474	8331	68.04
474	587	58.96
474	5238	68.04
474	1189	75.00
474	2416	64.53
474	832	61.64
474	3095	76.02
474	7386	76.35
474	1223	85.33
474	7058	68.04
474	5246	41.95
474	5418	75.35
474	27803	74.05
474	26	71.62
474	4002	72.17
474	1135	63.53
474	45	62.63
474	6945	100.00
474	2411	49.59
474	2520	68.04
474	7347	68.68
474	5375	68.04
474	5673	76.59
474	3039	68.16
474	7833	68.04
474	33781	68.04
474	720	87.55
474	2103	40.19
474	33154	78.01
474	608	83.14
474	1327	47.30
474	101	81.03
474	7061	68.04
474	5451	56.98
474	5682	57.41
474	5434	66.71
474	6609	68.04
474	31658	76.79
474	4578	68.04
474	2009	65.30
474	4704	68.04
474	7572	68.04
474	4929	44.13
474	3306	72.18
474	6334	66.67
474	5379	87.16
474	5437	63.61
474	42418	67.41
474	4128	71.25
474	7451	73.08
474	2786	35.37
474	2243	67.63
474	27846	74.60
474	6197	53.03
474	3264	58.55
474	3608	63.77
474	5603	86.87
474	6124	68.04
474	1222	80.95
474	1663	72.37
474	3566	58.51
474	3755	61.37
474	2628	54.24
474	4815	71.77
474	2089	69.27
474	7102	56.19
474	27706	65.64
474	7013	74.11
474	1348	65.44
474	45666	51.87
474	5755	42.12
474	4055	100.00
474	2058	64.61
474	4462	68.04
474	1544	51.43
474	2405	57.70
474	4998	68.04
474	273	57.78
474	1977	47.37
474	1732	77.66
474	7822	68.04
474	7073	68.04
474	41527	80.19
474	4787	68.40
474	1676	62.23
474	3708	61.74
474	6669	64.57
474	317	54.95
474	25940	68.04
474	971	80.94
474	7366	53.64
474	3115	75.51
474	7026	51.43
474	2710	54.97
474	50685	80.64
474	2114	74.45
474	3809	67.00
474	3516	65.86
474	2770	56.33
474	535	70.17
474	4878	84.12
474	5992	75.75
474	41997	70.76
474	1083	57.87
474	4487	67.75
474	7293	66.95
474	1016	66.55
474	2006	62.69
474	1007	57.80
474	4993	82.94
474	3412	75.28
474	5007	68.04
474	3929	52.33
474	6639	62.48
474	8712	68.04
474	1876	55.85
474	3546	68.04
474	34359	68.04
474	7579	94.62
474	7325	66.91
474	6837	68.04
474	2634	57.45
474	7753	68.04
474	8943	18.85
474	8385	68.04
474	4308	65.76
474	3246	78.95
474	3745	66.10
474	1148	82.67
474	42002	63.07
474	50740	73.39
474	3952	57.10
474	1927	78.08
474	7581	68.04
474	910	79.81
474	3948	60.67
474	54881	79.89
474	1284	77.70
474	4007	72.92
474	5341	61.69
474	3675	81.62
474	52975	72.63
474	6244	61.69
474	965	78.43
474	454	63.97
474	1247	81.35
474	7215	63.73
474	1282	75.99
474	8207	81.27
474	6242	63.03
474	6502	79.03
474	4509	67.79
474	3528	71.00
474	2391	73.68
474	4262	78.40
474	4039	65.52
474	42018	13.39
474	3271	74.22
474	976	68.04
474	48394	73.36
474	5384	68.04
474	5168	68.04
474	1358	74.32
474	6534	57.26
474	8773	68.04
474	2384	60.47
474	48780	76.40
474	1269	78.79
474	4600	80.19
474	2642	46.07
474	111	81.07
474	933	80.22
474	3578	71.70
474	5297	40.19
474	944	72.55
474	6020	68.04
474	2123	56.28
474	748	62.67
474	4896	73.03
474	5380	78.49
474	53953	64.57
474	3712	60.19
474	25996	68.04
474	1997	71.90
474	4464	74.41
474	4085	69.72
474	51540	72.68
474	2707	60.93
474	2069	68.04
474	6710	76.25
474	1488	60.01
474	6378	71.80
474	928	79.89
474	3038	73.20
474	7116	50.85
474	44511	68.04
474	594	70.89
474	1962	66.79
474	421	61.38
474	4316	30.21
474	2761	79.22
474	4823	57.20
474	892	71.93
474	1345	70.28
474	5294	72.23
474	1408	78.96
474	6579	87.85
474	3272	67.03
474	3421	72.82
474	3844	64.86
474	6787	76.42
474	37736	74.29
474	2249	61.19
474	1610	75.87
474	2468	47.80
474	3498	75.29
474	4902	66.14
474	6268	80.19
474	5225	74.45
474	5404	94.70
474	929	68.04
474	25999	68.04
474	7835	68.04
474	805	68.40
474	4126	65.02
475	6539	98.28
475	4993	98.74
475	87232	97.69
475	40815	90.61
475	5816	95.66
475	8644	85.21
475	81564	90.28
475	4701	84.17
475	81834	98.15
475	6564	70.31
475	68791	88.52
475	111759	95.51
475	7153	100.00
475	1527	91.71
475	71530	79.01
475	4896	90.77
475	106487	83.25
475	112852	98.02
475	3578	97.92
475	82461	79.03
476	594	82.82
476	34	85.01
476	380	71.62
476	158	70.49
476	153	66.37
476	586	66.70
476	440	77.20
476	364	83.27
476	378	69.97
476	357	75.20
476	224	74.91
476	165	76.66
476	296	82.77
476	11	90.16
477	34	69.35
477	913	84.08
477	3100	84.05
477	2105	72.15
477	1271	74.82
477	1207	82.54
477	70687	30.98
477	2174	77.35
477	45672	67.11
477	4571	77.14
477	3973	50.20
477	4226	95.83
477	1103	87.18
477	5291	78.92
477	348	78.25
477	3593	34.52
477	1	81.98
477	1274	89.24
477	6502	84.37
477	59615	64.24
478	1917	47.02
478	3114	57.45
478	594	57.70
478	1584	50.32
478	1101	53.76
479	5365	65.89
479	4488	67.65
479	524	64.95
479	1025	67.71
479	3707	50.07
479	1220	67.57
479	4010	55.57
479	3244	67.23
479	3526	67.37
479	4092	48.05
479	1968	75.80
479	4700	62.86
479	4003	76.36
479	3671	69.53
479	2671	67.71
479	341	65.89
479	2012	59.95
479	2542	72.41
479	454	62.87
479	2384	60.03
480	43914	64.82
480	2700	73.53
480	8533	70.91
480	2193	70.56
480	2797	70.62
480	3484	51.84
480	2571	84.69
480	1210	83.73
480	2596	67.25
480	8866	53.51
480	47610	67.69
480	6306	78.88
480	5379	82.72
480	2018	65.22
480	7153	77.41
480	3911	69.49
480	44191	76.57
480	38061	76.84
480	5673	74.07
480	380	67.34
481	1608	60.51
481	1687	64.95
481	1629	26.96
481	1729	55.79
481	1620	41.67
481	1597	44.09
481	1485	49.25
482	2068	69.20
482	8985	56.63
482	1036	78.09
482	474	75.23
482	1042	59.24
482	4389	67.87
482	780	72.02
482	27706	67.82
482	3211	81.15
482	1610	77.68
482	4367	60.97
482	1374	84.90
482	1220	75.67
482	1602	49.21
482	653	63.90
482	592	71.52
482	30812	69.50
482	4862	56.12
482	8361	60.45
482	8529	63.44
483	105325	72.45
483	783	63.97
483	2541	70.47
483	2959	90.22
483	109971	72.45
483	45722	73.39
483	1199	81.81
483	50872	79.68
483	2000	75.75
483	4306	81.08
483	69757	81.78
483	2683	70.94
483	2273	64.12
483	1588	67.61
483	109487	79.86
483	66934	79.41
483	1721	63.57
483	2328	55.96
483	68522	72.45
483	8972	74.79
484	93320	76.72
484	1438	61.46
484	6155	72.27
484	6944	74.44
484	2706	73.34
484	33166	84.71
484	6874	89.61
484	3697	69.72
484	1059	81.82
484	76293	69.55
484	919	83.55
484	2762	80.37
484	1821	65.47
484	837	79.34
484	5810	77.35
484	1753	83.05
484	3254	75.47
484	4718	69.16
484	2413	80.82
484	3646	52.06
485	588	78.21
485	161	82.31
485	253	77.78
485	292	77.16
485	231	71.54
486	653	69.50
486	47	82.45
486	110	95.51
486	153	74.85
486	474	81.57
486	95	75.60
486	288	68.53
486	329	76.71
486	161	81.84
486	318	96.53
486	292	79.11
486	6	86.55
487	27611	63.01
487	8961	64.49
487	318	78.83
487	1198	67.86
487	31658	69.12
487	1197	71.47
487	6539	64.66
487	5445	54.64
487	116797	64.43
487	4027	60.80
487	8874	65.41
487	86377	82.89
488	720	92.51
488	838	85.71
488	608	89.01
488	1223	92.98
488	26	82.88
488	5135	90.33
488	2109	79.59
488	7720	68.77
488	7303	83.68
488	4014	77.83
488	5995	87.72
488	457	77.12
488	105	73.63
488	1136	88.44
488	272	78.58
488	1269	85.60
488	3176	81.58
488	1278	86.52
488	1125	80.28
488	910	89.04
489	79536	60.83
489	86000	60.83
489	4848	74.33
489	736	49.92
489	8387	19.06
489	4700	56.30
489	45666	43.92
489	4720	67.16
489	2683	60.28
489	2021	61.92
489	2389	24.48
489	1619	54.32
489	950	68.60
489	58559	81.50
489	2236	62.90
489	2167	61.97
489	1616	51.79
489	247	69.77
489	376	54.67
489	2717	50.41
490	46578	69.99
490	89492	64.20
490	81591	64.52
490	91077	72.28
490	60074	53.18
490	5816	65.25
490	4144	75.91
490	54001	65.60
490	1	65.20
490	1784	66.63
490	7153	68.59
490	4993	72.89
490	89759	80.35
490	86320	58.47
490	60128	63.88
490	76251	62.08
490	8368	67.50
490	69122	64.33
490	2006	54.27
490	78499	73.40
491	106782	85.30
491	69757	96.52
491	7293	90.24
491	27808	80.52
491	4246	90.48
491	3948	87.68
491	104374	89.43
491	86833	88.92
491	140110	84.62
491	8529	83.59
491	180231	83.66
491	4306	93.36
491	88405	75.85
492	736	81.71
492	784	61.14
492	628	80.56
492	858	99.07
492	852	77.12
492	64	63.36
492	990	65.30
492	830	68.84
492	743	66.51
492	62	81.01
492	52	77.71
492	1499	52.54
492	66	67.51
492	1210	91.18
492	881	59.72
492	1474	52.39
492	1405	78.98
492	724	74.81
492	1047	71.37
492	65	60.30
493	2985	65.36
493	4444	74.43
493	2916	71.48
493	1275	82.38
493	2571	85.73
493	1527	76.95
493	2028	85.67
493	3793	69.99
493	2167	71.24
493	1215	82.74
493	4701	65.17
493	2924	74.93
493	260	87.98
494	1196	93.87
494	4498	80.63
494	3578	90.60
494	2028	98.83
494	1210	96.46
495	140523	79.64
495	115149	85.61
495	1259	87.41
495	1721	71.53
495	136562	70.68
495	80489	87.09
495	19	69.70
495	50872	84.98
495	231	68.92
495	102123	76.14
495	52319	83.67
495	7254	78.22
495	7360	87.93
495	8528	88.28
495	1645	80.98
495	46578	88.44
495	30810	78.05
495	2918	88.32
495	148626	87.84
495	56775	74.91
496	1221	70.32
496	99149	71.15
496	858	77.43
496	904	80.21
496	8865	59.96
496	114713	68.24
497	1193	80.60
497	112556	75.63
497	112290	84.36
497	1916	75.26
497	92259	81.41
497	2329	83.57
497	112552	81.73
497	1258	78.89
497	2762	76.15
497	5349	62.65
497	111362	80.63
498	344	70.39
498	231	70.01
498	648	90.84
498	10	78.95
498	300	78.30
498	356	97.18
498	316	74.51
499	1202	87.38
499	2337	71.56
499	38304	100.00
499	327	64.62
499	56286	81.76
499	1304	86.40
500	2599	58.54
500	2987	64.25
500	543	65.48
500	2700	71.91
500	2542	69.42
500	1265	71.79
500	2916	67.21
500	356	71.85
500	3301	60.34
500	1784	65.12
500	1914	60.07
500	595	67.50
500	2355	68.48
500	3536	60.27
500	1885	57.44
500	322	58.06
500	838	68.82
500	720	78.45
501	6	65.57
501	62	62.88
501	93	59.16
501	45	60.56
501	3	60.12
501	637	53.22
501	11	75.06
501	18	65.49
501	662	54.55
502	7236	76.38
502	1077	70.54
502	4412	66.96
502	3469	65.97
502	2001	63.10
502	2520	66.96
502	1777	63.00
503	7455	67.70
503	7361	79.23
503	4878	77.39
503	356	78.45
503	91500	71.62
503	593	79.91
503	527	74.67
503	858	78.40
503	4226	82.59
503	1259	75.84
503	1342	60.12
503	2877	43.48
503	92509	62.66
503	90866	70.23
503	500	57.42
503	441	79.46
503	48516	81.75
503	2858	69.76
503	48394	67.56
504	4995	88.10
504	5812	81.22
504	2321	77.02
504	1	81.12
504	3556	87.56
504	7153	85.24
504	6708	79.17
504	1288	84.71
504	6927	75.89
504	4033	87.55
504	4700	71.91
504	6565	82.61
504	342	75.80
504	3408	73.02
504	6879	76.53
504	4361	81.24
504	5952	84.76
504	5955	77.16
505	1241	96.59
505	4105	88.50
505	1029	81.29
505	74685	82.12
505	273	71.40
505	6502	92.90
505	54999	83.41
506	59258	57.83
506	54272	65.29
506	37741	72.80
506	56782	78.74
506	62293	76.66
506	51834	60.08
506	49286	67.67
506	112556	66.70
506	61024	69.40
507	165	66.93
507	266	66.53
507	253	63.11
507	377	69.35
507	593	80.76
508	2872	52.07
508	2011	50.38
508	1952	59.73
508	1175	56.77
508	898	61.61
509	26958	64.47
509	130073	64.47
509	2028	75.64
509	87232	73.86
509	33830	86.37
509	5313	46.51
509	48	54.43
509	2090	65.85
509	2080	62.43
509	6942	76.12
509	8907	47.70
509	6156	56.66
509	5816	65.51
509	39	66.93
509	3988	57.79
509	6807	76.91
509	7458	59.50
509	1196	80.21
509	45447	59.19
509	616	67.73
510	1882	32.43
510	7026	39.92
510	35836	59.12
510	494	60.14
510	1198	69.17
510	514	57.05
510	457	63.00
510	2935	70.25
510	858	73.97
510	2699	43.86
510	317	39.20
510	8949	60.48
510	2918	64.50
510	145	47.75
510	1262	64.31
510	6787	65.47
510	1208	71.19
510	372	50.59
510	1242	73.61
510	40819	60.03
511	2959	92.47
511	53953	80.94
511	115149	90.50
511	164179	85.31
511	6534	67.98
511	99114	89.86
511	92259	88.41
511	318	92.64
511	2324	89.98
511	1653	86.04
511	56757	81.03
512	480	85.36
512	150	83.29
512	349	73.44
512	47	85.42
512	350	77.37
512	442	71.96
512	457	90.85
512	50	87.81
512	317	70.56
512	593	94.75
513	5952	87.89
513	318	96.00
513	2174	72.27
513	235	80.13
513	1304	88.08
513	1220	82.02
513	1080	83.49
514	1335	65.93
514	5704	65.93
514	62586	65.93
514	168358	65.93
514	180263	65.93
514	1704	76.27
514	2005	72.63
514	2792	61.04
514	2013	61.54
514	1673	75.82
514	134130	69.50
514	76093	72.74
514	1333	73.41
514	58998	73.94
514	68157	78.40
514	2406	65.41
514	3210	70.79
514	54503	74.75
514	4855	71.64
514	1644	43.20
515	33794	95.84
515	2028	98.72
515	527	100.00
515	91529	100.00
515	58559	100.00
515	2959	100.00
516	260	0.00
516	457	0.00
516	480	0.00
516	647	0.00
516	708	0.00
516	1042	0.00
516	1090	0.00
516	1197	0.00
516	1198	0.00
516	1954	0.00
516	1958	0.00
516	2021	0.00
516	2259	0.00
516	2268	0.00
516	3052	0.00
516	3471	0.00
516	4027	0.00
516	4291	0.00
516	4306	0.00
516	4321	0.00
516	4322	0.00
516	4333	0.00
516	4337	0.00
516	4349	0.00
516	4361	0.00
516	4429	0.00
517	4306	59.53
517	53125	48.46
517	1265	55.28
517	165489	47.80
517	97938	51.71
517	88744	51.80
517	86880	42.70
517	4148	42.87
517	26761	47.80
517	3398	53.54
517	1293	52.31
517	3988	40.34
517	2858	58.84
517	4963	50.83
517	1204	63.82
517	1704	60.25
517	47629	53.36
517	7669	60.55
517	1206	60.29
517	46578	58.35
518	3101	59.29
518	2657	61.30
518	783	59.23
518	1876	54.21
518	6365	60.29
519	1704	96.80
519	356	97.43
519	140110	90.10
519	6378	91.29
519	7445	88.96
519	1968	92.86
520	7266	77.97
520	318	95.72
520	1049	77.66
520	59315	89.52
520	4995	86.78
520	32	94.58
520	2716	85.92
520	4333	63.33
520	1291	95.44
520	1732	94.59
520	4085	82.16
520	2723	77.15
520	3081	82.54
520	3994	77.94
520	33493	74.14
520	135	67.05
520	2393	76.55
520	60516	49.55
520	2406	79.72
520	1584	75.58
521	661	64.45
521	112	68.65
521	86	75.94
521	104	68.22
521	58	83.63
521	79	58.55
521	52	73.12
521	852	71.36
522	99114	81.32
522	81932	81.20
522	89492	79.81
522	63113	72.72
522	2959	93.47
522	1193	79.95
522	1375	75.16
522	4993	88.59
522	223	79.10
522	27611	78.41
522	76060	77.48
522	180	77.94
522	59315	78.63
522	1617	84.02
522	10	78.96
522	67255	83.87
522	2023	76.20
522	6187	85.17
522	318	91.97
522	127098	85.60
523	168252	100.00
523	8970	98.02
523	5989	97.73
523	318	100.00
523	91529	98.62
523	1721	82.73
523	293	100.00
523	65261	100.00
523	4270	87.04
523	3147	100.00
523	27731	97.18
523	134130	94.69
523	31696	86.60
523	527	100.00
523	101962	89.87
524	1356	71.15
524	150	80.22
524	552	59.34
524	748	61.03
524	344	56.19
524	442	59.43
524	253	69.30
524	1225	76.83
524	20	52.02
524	589	82.21
524	1242	85.49
524	544	60.47
524	173	49.87
524	1302	72.86
524	380	74.02
524	457	84.11
524	1020	62.73
524	788	50.25
524	193	39.54
524	466	57.72
525	120807	71.43
525	317	61.90
525	6863	74.66
525	8622	74.54
525	33004	69.35
525	7147	74.98
525	2396	73.92
525	40815	74.57
525	137337	76.42
525	1639	78.97
525	1968	80.57
525	91869	71.43
525	45880	70.55
525	2100	64.86
525	339	64.61
525	4886	79.13
525	50872	76.64
525	86332	74.35
525	8983	75.53
525	3996	78.22
526	593	93.69
526	55247	88.25
526	46578	92.33
526	176415	82.70
526	1295	77.93
526	90430	91.44
526	4014	86.00
526	2352	87.34
526	176413	82.70
526	215	93.93
526	81845	89.44
526	51255	89.61
527	2137	85.04
527	3114	89.96
527	3210	83.42
527	3016	79.99
527	2161	80.41
527	4571	86.68
527	2118	84.79
527	3421	87.44
527	455	59.71
527	2867	93.57
527	2450	50.10
527	1909	82.85
527	1214	90.37
527	4299	75.63
527	736	72.76
527	2477	79.36
527	588	86.63
527	4016	86.08
527	1259	90.43
527	2533	73.76
528	4886	71.09
528	2278	64.94
528	80906	76.46
528	4037	70.43
528	1240	61.64
528	64614	67.95
528	3821	43.18
528	150	69.09
528	1291	71.09
528	80463	74.14
528	593	73.70
528	99813	72.39
528	85342	71.72
528	48516	77.05
528	58559	73.88
529	653	55.20
529	135	47.81
529	65	42.31
529	62	61.25
529	733	67.05
530	292	73.28
530	500	80.49
530	300	75.51
530	586	67.98
530	593	90.50
530	11	91.92
531	593	89.07
531	590	89.67
531	919	82.17
531	480	82.54
531	1215	93.39
532	1721	77.76
532	4863	100.00
532	457	85.36
532	290	91.13
532	1245	100.00
532	1242	100.00
532	2023	84.39
532	2329	91.69
532	1304	93.46
532	517	82.44
533	1200	100.00
533	6502	99.36
533	79132	97.40
533	46578	96.90
533	93840	95.92
533	4973	100.00
533	2455	92.09
533	66934	98.99
534	116724	75.80
534	97913	81.90
534	94953	73.65
534	2003	78.46
534	2167	78.38
534	7569	82.20
534	153	60.32
534	1485	66.70
534	65514	74.11
534	104218	53.04
534	344	79.91
534	2571	91.64
534	5445	81.04
534	95875	61.89
534	112818	97.38
534	82461	69.04
534	96610	80.97
534	2987	80.23
534	138036	74.84
534	1566	78.29
535	2571	59.55
535	2581	36.09
535	2700	59.81
535	2688	37.64
535	2583	60.32
535	2882	24.43
536	232	79.58
536	272	65.09
536	356	82.02
536	335	66.15
536	225	65.87
536	150	70.88
536	434	57.52
536	589	69.44
537	80906	95.26
537	367	72.37
537	7153	96.80
537	53322	84.38
537	104218	59.09
537	97304	86.38
537	6539	84.23
537	318	95.34
537	89745	85.11
537	105504	93.24
538	595	93.38
538	3671	98.95
538	80549	100.00
538	4039	90.89
538	69757	100.00
538	5047	92.92
538	44889	88.75
538	66934	96.74
539	4306	83.88
539	6753	75.87
539	5218	73.12
539	50872	76.04
539	88	57.58
539	3301	74.50
539	4886	81.70
539	69122	74.59
540	2598	70.58
540	2959	100.00
540	1073	92.32
540	8874	91.22
540	1681	58.73
540	2183	88.42
540	2841	81.81
540	2747	58.85
540	1196	91.88
541	590	74.16
541	457	82.82
541	413	56.04
541	15	66.27
541	110	84.15
541	595	74.55
541	597	64.91
541	480	80.24
541	356	80.75
541	203	65.99
541	529	74.36
541	357	65.98
541	22	70.79
541	345	72.29
541	546	42.48
541	586	59.40
541	281	75.30
541	350	70.46
542	6539	72.21
542	30793	65.47
542	5299	68.92
542	2542	74.77
542	34319	69.85
542	33679	69.90
542	4963	74.79
542	5481	61.22
542	1997	73.77
542	4025	59.89
542	3623	57.38
542	924	67.98
542	4369	58.05
542	6378	73.29
542	2571	85.03
542	7254	70.63
542	41566	63.70
542	37733	71.10
542	7361	83.62
542	45517	71.32
543	73881	93.84
543	1702	73.62
543	595	86.19
543	3301	86.28
543	231	75.93
543	2378	75.29
543	2379	63.74
543	86882	93.12
543	6377	96.79
543	588	91.36
543	377	81.50
543	48385	80.91
543	2571	97.24
543	4526	70.96
543	4388	68.05
543	92259	95.02
544	1	0.00
544	3	0.00
544	14	0.00
544	32	0.00
544	40	0.00
544	62	0.00
544	68	0.00
544	95	0.00
544	116	0.00
544	619	0.00
544	626	0.00
544	648	0.00
544	650	0.00
544	694	0.00
544	736	0.00
544	780	0.00
544	839	0.00
544	1042	0.00
544	1047	0.00
544	1059	0.00
544	1105	0.00
544	1356	0.00
545	1438	49.54
545	1267	77.41
545	2763	69.25
545	1367	59.60
545	44	48.43
546	1270	70.01
546	3328	84.64
546	480	68.77
546	1970	56.63
546	2456	43.17
546	1976	39.83
546	589	82.76
546	2657	67.64
546	1673	76.24
546	3941	67.32
546	3959	68.19
546	3566	51.99
546	1977	50.81
547	1211	84.87
547	2859	78.42
547	2917	88.76
547	1394	89.93
547	1288	84.71
548	69	0.00
548	260	0.00
548	356	0.00
548	733	0.00
548	1196	0.00
548	1393	0.00
548	1477	0.00
548	1621	0.00
548	2571	0.00
548	2716	0.00
548	3263	0.00
548	3578	0.00
548	3916	0.00
548	4776	0.00
548	4899	0.00
548	5955	0.00
548	6874	0.00
548	7458	0.00
548	8531	0.00
548	49910	0.00
548	58559	0.00
548	74532	0.00
548	80862	0.00
548	122904	0.00
548	125916	0.00
548	168712	0.00
549	2571	84.40
549	2028	79.42
549	4226	79.85
549	1210	82.83
549	589	76.08
550	167296	87.78
550	102125	86.85
550	106782	95.71
550	116797	94.03
550	112852	92.43
550	122882	87.57
551	5010	78.45
551	34162	74.38
551	60069	82.94
551	1544	65.34
551	45186	73.82
551	103772	71.49
551	51935	77.78
551	4226	80.01
551	2353	71.66
551	7153	83.04
551	5989	76.42
551	135569	70.89
551	115149	79.53
551	88129	79.24
551	134130	73.39
551	6934	63.56
551	47	82.38
551	4701	70.21
551	2959	83.24
551	98809	81.74
552	2916	64.63
552	3317	72.79
552	1405	56.14
552	2953	47.06
552	2245	56.75
552	2944	67.96
552	2890	69.84
552	2125	66.24
552	508	63.76
552	3948	59.66
552	5349	70.38
552	2959	83.26
552	2857	61.77
552	173	46.83
552	2991	67.98
552	2871	71.75
552	2628	56.79
552	4308	61.74
552	4878	75.42
552	3101	57.22
553	55765	92.76
553	3481	90.80
553	1923	87.70
553	2571	100.00
553	4011	100.00
553	50	100.00
553	3949	94.53
553	1089	96.25
553	44199	87.13
553	5513	85.28
553	2231	91.80
553	2395	82.64
553	3052	86.32
553	61257	85.28
553	1221	100.00
553	33166	94.22
553	2959	100.00
554	1196	94.58
554	1022	83.67
554	2820	82.81
554	1207	96.25
554	1517	84.31
554	1282	90.69
554	1210	90.95
554	1760	44.69
554	2282	60.21
554	1225	92.16
554	907	74.76
554	1358	89.67
554	2096	86.89
554	1028	95.91
554	593	93.11
554	608	96.63
554	953	94.94
554	2324	91.14
555	790	69.53
555	3664	69.53
555	1	79.36
555	3111	89.66
555	3395	69.53
555	104	66.73
555	1334	63.18
555	2506	58.67
555	2072	63.52
555	4002	76.25
555	1266	83.70
555	2641	61.86
555	2256	59.33
555	2791	75.89
555	2701	49.19
555	1333	78.07
555	1320	63.93
555	337	74.72
555	1393	70.65
555	3526	68.95
556	162600	80.53
556	122890	74.13
556	3081	78.95
556	88125	87.67
556	588	87.55
556	72998	73.19
556	74789	67.99
557	648	85.34
557	231	73.41
557	1291	86.47
557	260	86.48
557	1210	91.72
557	150	89.95
558	5329	69.28
558	5064	81.99
558	4903	81.13
558	2297	73.89
558	2568	75.86
558	4993	89.13
558	4306	83.52
558	367	63.34
558	5283	66.75
558	1097	76.73
558	4164	86.96
558	5294	82.77
559	552	58.82
559	608	76.76
559	355	49.67
559	329	61.58
559	544	57.26
559	1527	70.03
559	173	48.72
559	377	66.29
559	745	81.65
559	174	55.55
559	529	71.62
559	350	66.29
559	349	63.83
559	533	58.50
559	836	58.39
559	1210	78.34
559	420	52.48
559	786	59.84
559	227	52.92
559	253	61.28
560	5839	71.97
560	91535	63.27
560	136018	55.81
560	67997	85.26
560	79132	85.90
560	3253	76.13
560	142558	71.97
560	2355	71.62
560	39435	64.12
560	1527	82.88
560	40414	82.63
560	64614	83.33
560	48744	75.42
560	56587	68.44
560	593	85.65
560	76251	73.93
560	84944	72.58
560	109313	71.97
560	5878	83.08
560	40819	75.20
561	168174	67.24
561	5308	57.65
561	78469	61.70
561	3703	75.24
561	60069	86.26
561	91535	58.62
561	2105	65.45
561	73017	69.08
561	5445	72.27
561	2000	72.33
561	83134	76.71
561	79132	83.12
561	79592	61.18
561	80463	75.44
561	89745	73.35
561	527	80.09
561	8972	69.08
561	353	80.18
561	33162	71.64
561	68157	80.51
562	27140	82.60
562	6870	86.13
562	6377	93.89
562	2580	88.48
562	1249	93.66
562	4776	93.11
562	36529	84.14
562	1259	91.17
562	1982	86.78
562	2268	87.50
562	2133	83.23
562	83134	91.77
562	3210	84.00
562	48394	85.34
562	30707	95.44
562	33836	64.24
562	2692	90.03
562	88163	91.06
562	99191	82.60
562	1240	82.27
563	61071	66.26
563	70932	66.26
563	80858	66.26
563	919	76.70
563	74450	59.85
563	588	76.26
563	5943	56.24
563	118997	56.01
563	86833	70.60
563	1197	83.51
563	128832	66.26
563	85397	59.99
563	45221	44.67
563	33499	55.47
563	7380	73.20
563	96821	75.40
563	81784	60.56
563	95307	50.75
563	65585	69.16
563	55250	49.32
564	50942	72.00
564	356	85.82
564	31685	65.71
564	131013	76.92
564	61024	80.17
564	79224	68.55
564	87869	76.63
564	500	74.26
564	108156	69.55
564	81784	67.05
564	93270	58.45
564	6188	75.80
564	106918	81.18
564	65230	68.35
564	67087	73.83
564	80693	59.76
564	94677	67.14
564	8984	70.11
564	73266	52.40
564	2671	69.21
565	590	79.51
565	231	55.44
565	19	55.46
565	21	69.97
565	50	80.92
565	539	77.36
566	648	81.80
566	10	65.50
566	231	56.62
566	329	64.77
566	342	69.21
566	141	76.44
566	203	67.83
566	345	73.95
566	39	66.61
566	497	80.11
566	265	73.00
566	588	76.02
566	708	71.24
566	353	67.36
566	2	77.04
567	8189	44.90
567	26743	44.90
567	92681	44.90
567	109897	44.90
567	152071	44.90
567	5690	55.31
567	136602	50.66
567	122888	44.90
567	6333	47.91
567	1274	61.35
567	122922	49.77
567	153070	44.90
567	151687	44.90
567	117877	44.90
567	108928	35.39
567	954	57.51
567	122924	38.25
567	27773	56.88
567	648	44.26
567	135887	43.22
568	50	0.00
568	147	0.00
568	296	0.00
568	356	0.00
568	480	0.00
568	593	0.00
568	765	0.00
568	1103	0.00
568	1104	0.00
568	1257	0.00
568	1298	0.00
568	1895	0.00
568	2313	0.00
568	2359	0.00
568	2863	0.00
568	3053	0.00
568	3148	0.00
568	3261	0.00
568	3363	0.00
568	8169	0.00
568	46723	0.00
568	63853	0.00
568	65088	0.00
569	231	78.53
569	50	90.66
569	380	80.82
569	588	80.25
569	592	77.41
570	208	53.95
570	8636	76.24
570	48516	80.27
570	1225	77.10
570	586	61.95
570	2683	62.27
570	457	74.35
570	1196	87.19
570	110	83.08
570	4993	81.52
570	7361	80.96
570	1198	86.42
570	1079	78.22
570	10	63.42
570	3793	69.45
570	1391	57.93
570	589	83.00
570	380	67.27
570	527	84.46
570	185	53.16
571	1331	52.16
571	2982	52.16
571	2366	55.72
571	1128	41.35
571	610	57.38
571	2902	41.96
571	1998	52.16
571	3696	63.05
571	1980	52.16
571	1987	52.16
571	70	54.42
571	1924	30.16
571	2279	35.15
571	1327	36.46
571	3732	46.39
571	1972	29.18
571	1278	63.64
571	1644	30.10
571	2327	74.87
571	1978	26.24
572	1961	89.25
572	2570	69.34
572	2788	94.03
572	2321	82.49
572	111	94.92
572	904	94.70
572	2987	74.09
572	2302	75.54
572	1834	93.00
572	2539	77.66
572	2917	94.35
572	1307	92.24
572	1	87.28
572	161	84.71
572	3421	85.53
572	838	89.32
572	1356	84.41
572	2006	74.66
572	3167	78.77
572	1953	88.67
573	89745	90.86
573	72998	87.37
573	3752	81.32
573	356	100.00
573	7293	83.39
573	6754	83.55
573	8665	91.52
573	32587	100.00
573	1073	96.42
573	88744	89.27
573	1127	89.07
573	68954	95.34
573	98809	91.42
573	2640	88.51
573	48516	100.00
573	71535	92.19
573	59369	84.36
573	60069	97.88
573	88140	89.00
573	1562	62.96
574	47	0.00
574	110	0.00
574	150	0.00
574	153	0.00
574	161	0.00
574	185	0.00
574	225	0.00
574	231	0.00
574	292	0.00
574	296	0.00
574	300	0.00
574	316	0.00
574	318	0.00
574	329	0.00
574	339	0.00
574	344	0.00
574	380	0.00
574	410	0.00
574	434	0.00
574	588	0.00
574	592	0.00
574	593	0.00
574	595	0.00
575	2566	60.87
575	2580	68.68
575	296	72.69
575	2581	54.46
575	2572	65.60
575	2542	66.15
575	2574	35.26
575	2598	46.29
576	849	46.97
576	1321	54.69
576	1373	44.63
576	1479	54.85
576	2289	61.34
577	2415	70.44
577	1183	74.15
577	1288	81.33
577	1129	63.92
577	2944	76.60
577	2194	83.93
577	733	65.83
577	1213	86.38
577	2076	75.58
577	2020	77.96
577	1262	82.35
577	1931	79.19
577	1391	60.84
577	2987	71.33
577	952	80.62
577	1909	69.63
577	260	90.23
577	919	76.03
577	2248	75.75
577	1270	77.44
578	6751	80.00
578	52668	92.15
578	45668	74.62
578	830	68.50
578	72407	66.00
578	75446	80.00
579	3174	79.21
579	2485	62.81
579	1022	80.51
579	2018	81.86
579	838	85.36
579	1917	67.95
579	1391	69.71
579	596	80.72
579	1573	73.15
579	2965	78.72
579	1653	93.95
579	2599	73.86
579	892	81.96
579	2687	77.20
579	595	82.39
580	5767	70.51
580	6583	70.51
580	480	72.47
580	8844	70.51
580	6989	69.55
580	3809	69.71
580	41569	65.98
580	3699	64.83
580	4041	65.61
580	33166	78.48
580	356	88.45
580	508	71.94
580	8376	60.76
580	3578	80.87
580	608	77.65
580	3785	54.50
580	3089	81.85
580	1320	66.01
580	54286	78.12
580	1201	88.00
581	7153	97.29
581	5995	91.47
581	4973	100.00
581	116797	90.49
581	3949	89.05
581	4306	88.08
581	109487	92.05
581	6377	98.16
582	91529	92.68
582	2959	93.49
582	116797	85.05
582	4993	86.39
582	5618	88.83
582	2571	86.91
582	76251	80.08
582	69844	86.26
582	104841	83.21
582	48516	90.93
582	97752	82.14
582	76093	79.84
583	8533	74.41
583	88405	60.76
583	2706	64.03
583	117590	75.80
583	317	61.62
583	60756	69.54
583	6942	79.39
583	595	69.89
583	46578	76.30
583	104	67.72
583	2694	61.36
583	7451	76.78
584	288	71.38
584	22	84.42
584	203	78.81
584	315	75.67
584	500	87.95
584	316	75.27
584	539	83.20
584	234	65.39
584	296	84.28
584	257	90.46
584	434	73.91
584	586	66.13
584	338	73.48
584	349	81.05
584	282	74.30
584	480	92.30
584	590	88.85
585	3173	81.34
585	1228	96.83
585	54503	94.84
585	2959	100.00
585	428	92.43
585	1405	82.25
585	7254	83.91
585	441	100.00
585	1805	81.85
585	296	100.00
585	27373	86.67
585	5325	89.59
585	79132	94.11
586	34332	71.62
586	4016	93.15
586	111659	78.40
586	106002	84.10
586	149406	85.71
586	167036	90.93
586	45499	83.82
586	136556	87.81
586	5445	89.73
586	117851	81.82
586	1291	99.97
586	71264	88.25
586	106489	86.05
586	135436	81.40
586	3753	88.69
586	2640	94.12
586	3147	99.12
586	122916	92.81
586	3793	93.47
586	101362	70.99
587	1234	98.90
587	628	84.24
587	2012	76.05
587	534	85.12
587	2002	68.00
587	1641	84.20
587	236	75.50
587	1376	82.07
587	2622	82.17
587	1541	64.60
587	3260	89.98
587	497	90.03
587	3082	73.08
587	445	68.73
587	3448	88.67
587	2574	53.86
587	765	71.09
587	691	68.79
587	329	77.86
587	3406	71.73
588	50	77.16
588	16	74.83
588	20	52.02
588	356	78.62
588	350	64.39
588	198	62.03
588	593	80.59
588	364	72.53
588	163	63.27
588	253	62.59
588	223	72.58
588	3	66.62
589	1092	75.35
589	318	100.00
589	590	93.92
589	373	75.29
589	586	71.26
589	587	86.84
589	527	100.00
589	337	84.53
590	924	67.01
590	8807	71.37
590	2371	58.81
590	38061	79.52
590	81834	76.23
590	40815	71.12
590	4890	61.06
590	903	81.62
590	5	52.68
590	3624	60.56
590	555	74.35
590	4047	72.70
590	51662	75.38
590	2085	70.10
590	419	50.84
590	595	67.26
590	329	63.53
590	2376	63.74
590	3635	72.96
590	2398	72.51
591	2908	67.45
591	2706	65.26
591	2712	59.70
591	2355	67.81
591	3615	60.06
591	3578	77.25
591	2394	61.77
591	3798	63.23
591	356	77.25
591	223	69.36
591	2724	50.89
592	514	77.74
592	2	81.39
592	153	68.90
592	415	61.86
592	110	89.34
592	177	61.02
592	420	58.37
592	380	69.18
592	44	50.36
592	788	53.49
592	588	74.01
592	163	65.78
592	204	55.84
592	610	79.29
592	39	67.77
592	419	61.61
592	253	69.01
592	432	61.07
592	240	62.46
593	1196	69.63
593	1073	74.23
593	1086	74.80
593	1617	73.81
593	4034	69.89
593	41566	62.31
593	1197	75.29
593	344	53.25
593	8368	70.26
593	339	54.62
593	2959	78.98
593	8961	69.82
593	5816	66.77
593	2797	69.83
593	4896	67.01
593	588	67.70
593	595	58.56
593	5952	73.32
593	377	59.67
593	141	64.60
594	7031	80.06
594	2671	83.36
594	7115	75.82
594	1616	73.98
594	5943	67.96
594	1188	78.73
594	2269	65.35
594	1733	97.92
594	4902	80.33
594	6996	42.23
594	780	82.97
594	1429	81.62
594	6140	80.06
594	7046	72.55
594	39	75.73
594	595	87.91
594	799	86.74
594	2028	98.32
594	8482	80.06
594	7169	80.26
595	265	77.99
595	50	91.54
595	1186	93.31
595	1199	94.90
595	1966	77.26
596	33649	69.97
596	43744	69.97
596	182793	69.97
596	129397	69.97
596	128908	69.97
596	1	79.13
596	142488	84.06
596	122922	73.81
596	4310	54.21
596	71838	61.89
596	4025	59.73
596	2501	75.73
596	110102	76.82
596	149406	67.31
596	2774	69.97
596	5502	65.76
596	8665	74.83
596	6537	64.63
596	2571	81.27
596	345	70.95
597	1799	82.16
597	490	69.55
597	3040	70.21
597	2529	88.07
597	2858	99.44
597	903	95.30
597	3039	79.72
597	2000	82.22
597	1291	91.64
597	357	77.37
597	1228	87.59
597	1845	91.25
597	2411	59.25
597	1580	77.98
597	1148	95.11
597	1198	100.00
597	2723	78.70
597	485	66.89
597	592	77.67
597	2692	94.22
598	56367	88.39
598	8360	77.52
598	593	82.74
598	114265	76.15
598	103543	59.21
599	26142	52.77
599	26567	52.77
599	26590	52.77
599	26676	52.77
599	26854	52.77
599	27595	52.77
599	34800	52.77
599	53450	52.77
599	60803	52.77
599	69131	52.77
599	74696	52.77
599	79895	52.77
599	84523	52.77
599	87960	52.77
599	92674	52.77
599	98799	52.77
599	102735	52.77
599	102852	52.77
599	104017	52.77
599	105020	52.77
599	122433	52.77
599	157865	52.77
599	158874	52.77
599	160978	52.77
599	161044	52.77
599	174727	52.77
599	179053	52.77
599	1801	55.52
599	6035	68.02
599	3387	44.37
599	33437	54.94
599	112	49.47
599	5995	62.49
599	167706	52.77
599	4394	52.77
599	836	40.56
599	7235	61.27
599	8809	64.72
599	102749	52.77
599	89087	30.83
599	42011	33.16
599	432	31.85
599	471	52.96
599	5628	43.12
599	1015	44.92
599	2	47.59
599	2269	37.07
599	69	55.46
599	3947	48.87
599	79091	54.02
599	104837	52.77
599	4037	57.89
599	7587	61.15
599	6881	59.12
599	1449	58.00
599	7225	61.42
599	81229	53.09
599	68952	68.53
599	4728	40.29
599	5081	47.46
599	33966	52.77
599	1779	39.23
599	3669	52.77
599	87197	52.77
599	170297	52.77
599	79057	52.03
599	95965	52.77
599	55207	52.77
599	4007	58.54
599	1220	64.53
599	80831	45.46
599	46723	52.73
599	71282	62.56
599	7757	52.57
599	3259	52.80
599	92309	58.53
599	1376	50.26
599	7192	52.77
599	4654	43.82
599	101423	52.77
599	53468	48.04
599	62662	52.77
599	3174	50.37
599	3698	49.10
599	2882	28.20
599	2359	49.37
599	1183	56.13
599	2792	47.77
599	1095	59.11
599	8387	12.18
599	53125	49.79
599	115713	56.11
599	2949	55.92
599	2471	31.60
599	3	50.33
599	1231	65.28
599	3861	42.20
599	240	43.65
599	1480	48.75
599	2301	59.62
599	1445	31.97
599	8045	52.77
599	586	41.30
599	2942	37.25
599	1185	54.13
599	4594	52.77
599	2474	59.24
599	3671	58.86
599	3196	65.47
599	64839	61.88
599	98697	52.77
599	2606	40.72
599	1777	54.39
599	5309	32.81
599	7022	62.30
599	4873	60.68
599	541	66.89
599	27311	68.77
599	43921	57.00
599	67734	50.99
599	4240	52.77
599	5026	66.08
599	168	38.50
599	33493	52.64
599	4125	4.92
599	7354	48.39
599	207	49.70
599	1094	44.84
599	742	43.03
599	1609	59.75
599	1042	41.36
599	3362	63.84
599	4553	61.16
599	4632	53.64
599	2278	57.07
599	468	47.62
599	122904	58.18
599	75416	52.77
599	42718	67.71
599	4285	59.34
599	79274	79.38
599	1794	52.77
599	45081	45.60
599	108192	52.77
599	3489	51.81
599	3503	58.27
599	89804	51.78
599	163809	52.77
599	577	32.65
599	3071	49.52
599	1204	69.22
599	3981	28.22
599	95771	52.77
599	45382	64.72
599	6548	50.21
599	59387	58.17
599	166528	61.75
599	168492	71.71
599	6691	52.77
599	605	41.76
599	424	29.76
599	2991	58.11
599	248	41.47
599	97950	52.77
599	3865	57.12
599	1216	50.89
599	342	51.21
599	35836	58.29
599	27772	40.78
599	176419	52.77
599	151781	52.77
599	277	42.58
599	6320	3.57
599	39381	59.42
599	5111	52.77
599	4090	49.82
599	2450	17.84
599	2676	50.00
599	2356	42.88
599	79702	61.64
599	1597	47.37
599	410	48.59
599	1721	44.43
599	3702	50.80
599	183301	52.77
599	1387	66.06
599	2072	46.40
599	26729	61.83
599	2393	50.65
599	4247	34.60
599	4591	42.58
599	1032	54.51
599	3087	46.81
599	1895	51.45
599	634	23.29
599	210	44.92
599	2074	68.02
599	51575	37.80
599	3505	59.60
599	5247	32.16
599	481	46.70
599	4215	30.49
599	1355	52.77
599	2657	52.68
599	2028	67.96
599	4011	66.98
599	420	37.22
599	552	44.87
599	1196	75.58
599	2395	55.37
599	5303	48.08
599	1752	34.73
599	3186	51.08
599	4310	40.47
599	1784	63.28
599	3200	70.93
599	7254	54.84
599	688	43.44
599	473	32.18
599	1079	69.42
599	1552	38.06
599	1148	66.02
599	1544	38.88
599	63113	51.68
599	2325	43.55
599	26649	72.13
599	6804	52.77
599	161	52.27
599	4109	48.63
599	34332	35.85
599	1653	67.10
599	4808	36.98
599	7707	52.77
599	3468	67.78
599	502	34.07
599	1221	72.35
599	1792	44.42
599	68319	44.46
599	6787	61.61
599	2119	24.29
599	3884	0.00
599	4254	22.26
599	3973	28.53
599	103609	52.77
599	8934	52.77
599	5377	60.37
599	42632	53.62
599	55290	58.14
599	4506	49.34
599	7840	55.95
599	5568	44.45
599	1689	38.78
599	7005	52.77
599	103228	57.27
599	59947	52.77
599	786	39.49
599	4351	53.02
599	172253	52.77
599	4679	48.46
599	1411	69.19
599	117630	52.77
599	1590	43.20
599	112623	58.82
599	3146	38.70
599	8984	45.24
599	1920	45.42
599	519	27.59
599	179817	65.12
599	3979	39.65
599	3741	54.74
599	44020	39.38
599	26630	52.77
599	7285	59.29
599	3030	61.96
599	1021	33.45
599	8638	60.86
599	87	51.35
599	7153	69.00
599	2877	33.82
599	2018	54.65
599	3173	44.53
599	5198	52.77
599	7101	49.39
599	7701	21.43
599	3213	66.98
599	26159	58.53
599	2339	52.77
599	33896	57.38
599	2000	60.87
599	4006	52.01
599	136562	48.87
599	37382	43.91
599	6645	66.01
599	171763	70.28
599	8528	59.87
599	27008	52.77
599	4017	57.80
599	4167	40.10
599	86142	57.55
599	1249	65.15
599	3255	53.61
599	736	40.49
599	2779	51.96
599	84414	79.38
599	27773	64.02
599	2083	59.99
599	98499	38.53
599	4034	58.78
599	119828	52.77
599	1993	43.76
599	94864	45.17
599	6631	14.92
599	2321	54.21
599	26242	52.47
599	3703	60.16
599	41566	45.36
599	2529	61.81
599	1968	64.30
599	8914	61.12
599	3257	43.66
599	159403	52.77
599	1036	59.73
599	76093	62.03
599	5103	44.67
599	6947	57.39
599	1952	65.26
599	2124	48.81
599	4084	44.12
599	6016	64.51
599	778	68.54
599	81	43.78
599	2171	46.22
599	1253	56.01
599	4275	47.35
599	7982	56.68
599	3723	57.33
599	849	38.50
599	2681	50.06
599	6565	59.63
599	39414	47.30
599	122916	63.43
599	6440	62.58
599	8917	53.13
599	72011	54.36
599	1605	37.77
599	1240	63.73
599	923	69.17
599	68157	67.09
599	5961	52.77
599	5053	52.77
599	3571	62.56
599	2403	57.51
599	3871	68.54
599	44238	52.77
599	72226	60.24
599	7004	38.88
599	2054	43.85
599	62970	49.10
599	5159	48.60
599	354	53.05
599	122924	45.97
599	48774	64.64
599	1394	62.18
599	3763	51.89
599	70286	64.75
599	1904	49.75
599	3969	51.67
599	81562	53.85
599	102590	52.77
599	233	57.66
599	4155	40.74
599	1031	56.37
599	76	51.51
599	459	33.53
599	1097	59.24
599	1178	68.29
599	60291	68.29
599	3328	65.02
599	1232	60.72
599	3036	53.70
599	5283	43.72
599	4327	57.18
599	610	55.16
599	2726	61.15
599	4732	31.17
599	5970	51.18
599	2396	59.42
599	594	57.53
599	1247	66.83
599	45499	51.08
599	3476	49.22
599	2399	30.57
599	137218	52.77
599	1997	57.80
599	3271	60.54
599	27801	61.23
599	6365	49.26
599	1799	57.58
599	580	25.02
599	122900	55.24
599	2803	44.11
599	80219	50.87
599	466	39.03
599	110882	58.75
599	3997	25.58
599	26176	52.77
599	2378	43.28
599	117895	25.36
599	26662	61.92
599	90603	65.79
599	119218	52.77
599	44	32.39
599	809	39.92
599	1960	55.43
599	4519	45.68
599	1959	53.67
599	414	35.07
599	1073	68.25
599	61236	42.56
599	1479	50.79
599	4019	60.01
599	1245	68.01
599	37857	64.61
599	161032	52.77
599	371	57.65
599	3020	59.46
599	88593	52.77
599	6774	65.63
599	2005	58.94
599	90405	48.14
599	26285	52.77
599	6793	20.70
599	627	44.83
599	1617	67.57
599	6734	52.77
599	108090	52.77
599	2427	54.28
599	51024	57.81
599	122922	56.60
599	3440	19.97
599	6874	69.54
599	4919	52.77
599	338	37.87
599	81591	59.12
599	1704	64.90
599	1499	25.19
599	357	51.09
599	62155	54.55
599	144	48.41
599	34148	56.43
599	53519	49.82
599	4504	52.77
599	2796	45.48
599	216	49.90
599	6827	13.36
599	1429	52.87
599	7445	52.89
599	1385	39.46
599	90471	49.57
599	8425	52.77
599	10	54.90
599	26542	48.53
599	7387	57.33
599	72998	60.86
599	89470	56.03
599	3629	65.71
599	1297	57.41
599	3424	61.44
599	1672	55.44
599	44761	65.41
599	196	36.88
599	70703	52.77
599	2383	27.48
599	180	55.17
599	4040	28.14
599	6333	58.94
599	4440	68.42
599	5291	57.00
599	88235	56.31
599	1639	60.24
599	4580	0.00
599	153236	52.77
599	86190	46.14
599	4477	35.36
599	103027	52.77
599	32291	59.03
599	34811	52.77
599	5171	38.39
599	122260	52.77
599	8784	60.35
599	5954	61.40
599	8798	55.96
599	707	37.83
599	880	36.91
599	314	55.88
599	61323	56.28
600	3269	49.04
600	1394	68.27
600	3785	43.03
600	2717	50.23
600	5569	65.79
600	4306	69.58
600	1206	75.53
600	56775	54.19
600	2015	57.62
600	7	52.31
600	2013	55.75
600	262	70.55
600	1210	75.19
600	1060	67.03
600	2431	59.49
600	2077	69.93
600	2423	62.29
600	4641	66.35
600	527	80.17
600	5076	51.77
601	141846	88.46
601	68157	97.55
601	1262	96.08
601	106782	90.81
601	60069	100.00
601	49272	97.02
601	5445	86.22
601	1193	94.22
601	1207	94.41
601	79132	92.54
601	904	100.00
601	166024	100.00
601	1917	78.35
601	7153	94.99
601	2324	94.62
601	170697	92.29
601	31658	95.31
601	5989	92.22
601	88810	96.61
601	2571	92.78
602	161	69.95
602	19	49.48
602	350	66.49
602	494	67.43
602	14	68.30
602	471	65.13
602	125	60.86
602	434	57.78
602	235	65.91
602	481	60.49
602	315	59.90
602	371	70.93
602	474	68.44
602	527	85.76
602	21	62.13
602	349	65.12
602	440	68.04
602	339	66.50
602	480	78.35
602	163	61.45
603	602	70.20
603	803	70.20
603	2008	70.20
603	2577	70.20
603	3459	70.20
603	4787	68.68
603	2912	77.06
603	1769	57.19
603	485	57.74
603	4420	70.20
603	920	74.13
603	1	77.71
603	2706	63.62
603	1844	78.17
603	3787	91.66
603	1222	85.64
603	190	44.51
603	2716	81.06
603	3983	84.38
603	101	82.98
604	220	69.06
604	292	72.28
604	151	80.05
604	329	61.71
604	410	60.15
604	426	65.40
604	435	48.89
604	316	61.37
604	22	72.05
604	235	70.33
604	181	45.82
604	332	64.73
604	273	62.31
604	637	66.15
604	285	69.06
604	173	55.90
604	588	68.92
604	23	69.15
604	553	75.69
604	1	76.52
605	35347	63.66
605	6787	72.13
605	1197	84.43
605	5667	63.66
605	42738	55.35
605	51662	71.53
605	7373	66.01
605	596	57.10
605	780	65.97
605	4571	68.38
605	2316	64.68
605	7454	49.60
605	150	68.25
605	60040	61.44
605	8977	40.25
605	3269	52.78
605	72982	63.66
605	1210	74.16
605	62376	35.24
605	60937	47.07
606	263	73.42
606	563	73.42
606	583	73.42
606	3808	73.42
606	4671	73.42
606	4840	73.42
606	5856	73.42
606	6111	73.42
606	6573	73.42
606	8685	73.42
606	32728	73.42
606	55805	73.42
606	3147	81.40
606	4392	78.67
606	2311	74.49
606	6308	53.16
606	50842	86.99
606	6591	94.90
606	8270	78.67
606	2025	82.80
607	891	76.05
607	1610	81.07
607	448	78.33
607	3147	88.19
607	1094	69.96
607	1307	88.44
607	592	77.50
607	204	60.18
607	1552	65.63
607	527	88.68
607	3476	71.44
607	296	92.31
607	2313	87.08
607	3440	44.77
607	423	69.27
607	1518	71.38
607	2118	77.70
607	2193	79.58
607	380	76.73
607	2028	93.92
608	52245	59.96
608	2997	78.15
608	3793	68.02
608	2763	66.21
608	174	46.91
608	2000	69.36
608	1214	73.65
608	919	67.03
608	2700	76.49
608	4161	59.38
608	5146	63.95
608	1639	72.84
608	541	75.27
608	473	43.78
608	2529	69.46
608	522	72.14
608	4343	56.67
608	1909	61.08
608	2431	62.84
608	1220	72.44
609	296	65.57
609	833	31.79
609	356	76.66
609	339	66.25
609	454	65.81
609	318	82.47
609	208	48.55
609	292	59.30
610	5953	74.24
610	58975	74.24
610	70206	74.24
610	78626	74.24
610	82765	74.24
610	97988	74.24
610	107447	74.24
610	107462	74.24
610	110591	74.24
610	110746	74.24
610	118082	74.24
610	139655	74.24
610	160341	74.24
610	86644	67.06
610	56801	55.89
610	61024	78.23
610	77561	75.08
610	4816	83.10
610	62434	75.56
610	3972	80.93
