1	260	99.04
1	1927	100.00
1	804	77.94
1	3	85.37
1	1009	74.62
1	2406	81.85
1	1587	77.47
1	3671	93.07
1	2617	75.71
1	3053	97.95
1	2571	96.36
1	1222	100.00
1	2137	89.97
1	1377	76.65
1	2395	88.18
1	2761	100.00
1	2641	74.66
1	2872	91.64
1	1258	96.52
1	2700	85.94
2	333	74.88
2	122882	74.63
2	71535	76.11
2	46970	62.09
2	58559	80.91
2	80489	76.97
3	5764	69.90
3	647	32.40
3	6835	69.90
3	5919	87.46
3	2851	32.11
3	2288	55.82
3	5048	42.64
3	4518	49.34
4	106	69.90
4	1291	79.20
4	3408	52.82
4	265	63.13
4	52	66.46
4	4347	76.38
4	2467	74.82
4	908	87.16
4	345	69.56
4	1304	84.17
4	1923	62.93
4	2959	75.66
4	368	56.92
4	1219	80.06
4	4765	73.17
4	1199	74.41
4	4166	41.33
4	1732	74.13
4	21	59.83
4	2858	70.33
5	515	66.08
5	1	77.67
5	364	76.83
5	608	79.47
5	290	76.80
5	261	70.89
5	34	66.17
5	318	89.00
5	21	61.03
6	349	74.84
6	318	88.27
6	775	69.90
6	141	74.23
6	348	71.69
6	104	71.22
6	327	62.64
6	410	62.96
6	165	78.08
6	87	67.66
6	366	63.86
6	17	81.40
6	1084	86.62
6	222	80.66
6	16	70.64
6	416	50.76
6	277	70.07
6	460	60.54
6	867	16.11
6	316	68.63
7	8528	69.69
7	3623	54.52
7	8636	66.35
7	8360	73.20
7	1517	60.83
7	466	50.33
7	8373	42.85
7	1220	81.89
7	7155	43.20
7	8808	46.50
7	6863	59.78
7	31878	73.28
7	1610	70.24
7	1219	88.28
7	4700	59.97
7	45668	56.11
7	8970	66.80
7	27741	73.79
7	6333	71.02
7	8865	44.42
8	356	85.09
8	47	84.65
8	231	60.12
8	318	89.90
8	454	74.51
8	292	67.99
8	32	78.25
8	141	68.09
8	380	72.10
8	252	64.83
9	5451	60.39
9	923	88.10
9	5890	69.90
9	2901	66.56
9	922	91.42
9	6044	69.90
9	1987	69.90
9	5378	68.60
9	3735	80.48
9	5447	63.82
10	597	69.78
10	33679	65.79
10	8533	75.60
10	8969	56.56
10	72720	77.08
10	88810	72.25
10	136020	60.28
10	6377	74.99
10	5943	48.39
10	109374	69.32
10	113394	69.90
10	61250	46.29
10	82167	58.12
10	140110	63.96
10	5377	72.51
10	77841	69.90
10	6942	75.67
10	1028	72.10
10	72330	69.90
10	66203	51.46
11	733	74.87
11	1584	78.14
11	1210	89.88
11	170	67.30
11	1438	61.08
11	648	72.35
11	1918	64.01
11	493	78.39
11	10	71.48
11	457	84.23
11	1693	78.00
11	150	85.74
11	1923	81.95
12	2717	76.75
12	2100	78.97
12	838	97.61
12	2072	84.14
12	1876	75.47
12	2581	80.32
12	6942	97.26
13	3717	70.68
13	3624	74.12
13	3798	67.44
13	2174	78.35
13	47	90.07
13	3893	74.50
13	305	61.97
14	344	58.74
14	477	70.28
14	110	76.45
14	540	52.26
14	597	72.21
14	153	59.62
14	592	69.09
14	4	46.92
14	539	71.76
14	105	69.67
15	91529	63.50
15	7438	59.63
15	111759	55.86
15	2329	82.57
15	1	79.95
15	1909	78.46
15	1240	85.06
15	115713	68.29
15	1200	82.62
15	293	73.77
15	2571	80.95
15	3949	70.79
15	120466	60.34
15	1198	85.99
15	2028	90.35
15	2011	73.04
15	158	45.15
15	160980	50.58
15	4306	77.86
15	4022	71.24
16	1230	71.29
16	78499	72.80
16	913	75.09
16	1136	72.85
16	1299	78.10
16	1617	75.89
16	1203	73.24
16	3429	83.09
16	2858	72.21
16	608	74.13
16	3683	74.44
16	4002	67.54
16	1199	79.51
16	912	77.38
16	2707	56.65
16	5782	68.98
16	1260	64.24
16	319	73.95
16	27773	75.64
16	2109	59.54
17	260	90.56
17	64839	76.99
17	296	89.50
17	5952	88.12
17	527	90.11
17	1193	86.68
17	3681	87.15
17	1240	83.90
17	2717	63.67
17	2858	85.41
17	1093	70.27
17	81932	74.38
17	5618	88.38
17	50	89.57
17	5971	85.65
17	2959	89.13
17	1201	87.21
17	541	87.38
17	82459	78.05
17	1	86.15
18	8117	69.90
18	65596	69.90
18	88094	69.90
18	145283	69.90
18	157110	69.90
18	166015	69.90
18	171023	69.90
18	103253	67.93
18	60684	77.26
18	44199	73.74
18	2	63.19
18	86628	80.02
18	59784	70.39
18	2918	79.30
18	109374	75.11
18	4226	85.91
18	53129	89.29
18	139385	72.42
18	47	80.01
18	1291	81.53
19	3692	69.90
19	3662	48.88
19	54	69.02
19	2733	28.47
19	1702	45.44
19	1240	69.87
19	1270	73.44
19	3712	54.26
19	1881	50.80
19	216	55.07
19	3	50.18
19	1834	65.89
19	2184	60.24
19	3017	54.71
19	2044	34.26
19	2354	41.56
19	2005	57.57
19	3146	46.12
19	3387	54.14
19	2694	52.41
20	1566	77.63
20	5419	57.37
20	4014	75.20
20	2140	73.55
20	586	68.49
20	661	75.04
20	3189	70.74
20	5014	87.60
20	1333	88.95
20	4161	67.37
20	3784	60.18
20	1030	65.44
20	5313	32.55
20	2804	91.10
20	2054	60.91
20	34	82.26
20	1097	88.43
20	6358	69.90
20	4519	65.48
20	1722	56.37
21	107013	69.90
21	117922	69.90
21	140301	69.90
21	57640	79.51
21	2985	62.60
21	2990	77.03
21	2717	60.28
21	5418	73.31
21	31433	54.97
21	112175	76.49
21	7153	73.11
21	30793	61.26
21	4446	69.20
21	52973	68.61
21	45186	73.76
21	2023	70.31
21	79185	74.32
21	1721	71.10
21	102125	69.57
21	5459	64.78
22	8961	51.23
22	2723	44.88
22	60950	30.73
22	64575	33.02
22	1193	58.03
22	70286	45.85
22	4993	56.10
22	2160	69.14
22	39183	45.08
22	7147	46.32
22	3996	61.72
22	3481	58.23
22	55765	37.16
22	48780	51.69
22	7361	53.67
22	51540	40.31
22	6711	56.77
22	2968	54.03
22	3949	50.47
22	48394	42.06
23	6234	69.90
23	3996	66.76
23	293	71.31
23	1206	74.19
23	1136	69.99
23	1960	65.69
23	7587	78.56
23	3424	72.69
23	3181	77.19
23	2467	70.22
23	1248	76.69
23	1617	76.67
23	6807	66.37
23	1952	75.21
23	6440	68.77
23	1258	74.67
23	1243	70.88
23	1080	69.85
23	8228	59.64
23	1711	50.13
24	1784	66.78
24	2617	63.83
24	111759	77.88
24	134853	77.26
24	58998	74.83
24	1265	77.65
24	1198	87.93
24	3147	80.48
24	1197	81.14
24	1220	74.62
24	2424	61.96
24	5418	75.05
24	72011	70.70
24	54286	73.08
24	27773	78.92
24	64957	66.74
24	356	81.32
24	44191	75.27
24	1682	73.40
24	68358	76.66
25	58559	99.20
25	60069	96.60
25	74458	95.66
25	79132	96.54
25	527	100.00
25	260	99.58
26	10	69.90
26	34	69.90
26	47	69.90
26	150	69.90
26	153	69.90
26	165	69.90
26	185	69.90
26	208	69.90
26	225	69.90
26	288	69.90
26	296	69.90
26	300	69.90
26	344	69.90
26	349	69.90
26	356	69.90
26	380	69.90
26	434	69.90
26	454	69.90
26	457	69.90
26	592	69.90
26	593	69.90
27	1196	82.17
27	2478	60.71
27	2640	67.00
27	3508	76.50
27	3555	67.01
27	1201	74.90
27	3519	55.44
27	969	76.05
27	2080	73.94
27	673	54.44
27	2886	21.67
27	2529	73.60
27	1387	72.95
27	1101	61.03
27	1947	70.76
27	1250	82.88
27	1276	86.10
27	3114	74.52
27	1083	70.64
27	3809	71.53
28	27450	69.90
28	60943	69.90
28	61011	69.90
28	63033	69.90
28	5617	65.61
28	59369	66.70
28	60046	69.90
28	507	53.16
28	3300	59.57
28	55094	47.16
28	59018	69.90
28	26695	69.90
28	2951	70.77
28	3006	65.55
28	2231	64.67
28	5418	70.75
28	26812	36.83
28	2058	51.58
28	353	57.17
28	61167	69.90
29	98961	87.89
29	7379	72.87
29	1250	88.09
29	1201	88.41
29	111362	81.17
29	48516	92.87
29	1100	55.45
29	26554	69.90
29	3441	74.65
29	4327	77.51
29	2872	82.49
29	2301	79.70
29	1617	87.36
29	3681	90.55
29	55820	84.33
29	4223	72.40
29	99114	82.18
30	5952	96.54
30	108932	95.92
30	1200	91.43
30	91529	99.54
30	116823	95.14
30	112852	100.00
30	1198	100.00
31	1198	91.39
31	1200	86.10
31	648	76.79
31	1363	73.21
31	1073	89.25
31	1036	83.06
31	1197	91.94
31	377	73.23
31	1246	84.63
31	1270	88.62
32	236	74.47
32	314	78.43
32	1356	76.16
32	357	77.44
32	224	79.99
32	627	77.82
32	1079	80.53
32	1084	82.44
32	318	93.45
32	761	56.39
32	1197	88.10
32	849	61.68
32	912	89.60
32	880	59.33
32	1198	89.62
32	58	93.25
32	203	69.11
32	608	86.79
32	497	86.80
32	410	63.21
33	110	90.35
33	17	85.87
33	2396	75.70
33	2272	54.90
33	448	66.26
33	428	73.26
33	265	77.68
33	1280	90.20
33	1177	91.26
33	1617	86.41
33	50	84.70
33	261	83.31
33	11	78.25
33	452	49.51
33	345	77.62
33	608	87.54
33	150	86.10
33	1188	73.93
33	800	78.70
33	2690	88.03
34	780	69.72
34	2273	63.00
34	3717	64.02
34	26606	69.90
34	45499	64.78
34	3996	75.96
34	4310	58.32
34	3624	69.43
34	31685	59.99
34	1721	60.56
34	5146	69.85
34	7090	78.04
34	70	70.10
34	2006	57.26
34	3000	75.37
34	4306	76.61
34	27728	1.69
34	3997	51.67
35	11	80.90
35	185	70.88
35	595	83.90
35	21	73.67
35	300	82.54
36	5171	38.92
36	3066	66.24
36	552	45.34
36	4025	38.03
36	1262	55.14
36	2735	37.98
36	2359	61.23
36	1372	51.03
36	1278	56.81
36	2194	55.83
36	3347	66.29
36	1704	57.61
37	344	79.74
37	356	100.00
37	661	87.30
37	329	81.37
37	457	95.14
38	434	52.13
38	39	59.69
38	223	62.36
38	161	67.21
38	246	85.43
38	168	53.87
38	273	54.07
38	480	68.75
38	356	81.19
38	457	66.04
38	364	72.39
38	50	81.24
38	500	65.61
38	300	70.55
38	551	64.63
38	21	63.94
39	2571	95.03
39	2391	84.68
39	1921	89.08
39	1862	42.31
39	1219	84.21
39	1907	67.37
39	2081	62.98
39	2459	74.76
39	924	82.99
39	2529	78.73
39	1729	72.11
39	47	84.03
39	260	90.62
39	2080	61.84
39	592	69.22
39	296	90.79
39	3213	85.17
39	610	68.61
39	589	84.48
39	596	60.71
40	440	81.11
40	454	77.25
40	588	81.42
40	339	73.96
40	158	58.99
40	432	50.19
40	431	85.18
40	186	50.76
40	616	72.72
40	514	76.18
40	21	75.06
40	592	68.29
40	1	83.23
40	223	79.76
40	585	55.64
40	216	69.59
40	104	73.52
40	371	78.28
40	111	92.74
40	267	66.68
41	96829	74.74
41	64839	68.98
41	122882	54.12
41	6287	59.45
41	1569	55.07
41	106920	68.92
41	86781	86.97
41	3160	69.25
41	1721	59.20
41	2028	61.90
41	6763	36.41
41	5418	66.95
41	53519	53.42
41	122904	59.53
41	55247	73.69
41	924	52.73
41	4011	70.68
41	2324	79.98
41	35836	65.77
41	5995	81.32
42	3869	74.98
42	4654	67.35
42	1021	51.46
42	2423	80.64
42	3248	40.40
42	4477	50.92
42	2500	41.94
42	1431	52.41
42	195	75.78
42	3326	100.00
42	2407	73.60
42	1090	83.43
42	2735	59.95
42	3693	51.81
42	1020	63.52
42	4545	70.78
42	4132	53.84
42	2263	65.62
42	3535	82.01
42	2805	59.31
43	225	86.55
43	296	97.50
43	596	95.45
43	588	94.45
43	587	84.05
43	420	73.20
43	158	82.08
43	631	97.33
43	5	83.83
43	597	92.94
43	168	82.99
43	355	72.09
43	47	95.16
43	367	79.74
43	519	70.84
43	594	97.54
43	236	90.14
43	1	100.00
43	60	94.44
43	259	87.01
44	36	76.53
44	663	66.34
44	12	47.71
44	661	65.59
44	94	80.40
44	1	78.85
44	104	73.43
44	112	69.53
44	494	67.73
44	889	69.90
45	2718	68.13
45	1036	90.10
45	2028	92.87
45	1653	85.80
45	1682	91.19
45	2396	77.60
45	3249	63.07
45	261	77.79
45	4308	81.91
45	329	70.98
45	1367	69.41
45	2890	77.66
45	593	90.83
45	1127	79.70
45	2431	75.76
45	6377	94.61
45	569	58.16
45	1197	91.93
45	1060	84.43
45	2858	90.87
46	590	87.99
46	588	84.29
46	315	72.89
46	208	71.62
46	1	87.73
46	432	62.60
46	225	77.07
46	434	70.35
46	339	81.74
47	508	59.57
47	68932	68.77
47	72395	63.93
47	2420	59.80
47	597	58.45
47	148626	66.91
47	5989	61.41
47	96588	66.34
47	69122	57.21
47	6155	54.72
47	4975	49.01
47	30749	60.39
47	106100	68.18
47	45950	67.21
47	2028	65.82
47	4018	47.14
47	1259	59.48
47	6373	58.35
47	33166	59.22
47	2407	51.08
48	4886	86.46
48	1320	75.44
48	1527	84.97
48	1193	94.36
48	3793	83.52
48	48	78.48
48	1653	90.15
49	2028	86.67
49	1214	83.68
49	139385	79.91
49	318	93.23
49	527	88.28
50	8143	69.90
50	114335	69.90
50	136564	69.90
50	142074	69.90
50	171759	69.90
50	175693	69.90
50	179073	69.90
50	175707	69.90
50	71264	47.30
50	82848	69.90
50	1377	43.57
50	44555	69.47
50	8157	58.58
50	6807	65.31
50	95543	42.66
50	8253	56.59
50	96610	45.31
50	924	72.26
50	32875	69.90
50	4896	54.31
51	7040	69.90
51	5620	62.55
51	2613	56.88
51	4437	84.58
51	2023	78.16
51	1500	86.97
51	522	77.94
51	858	100.00
51	4508	82.13
51	2951	84.63
51	1014	93.86
51	1407	68.85
51	2282	69.78
51	2420	84.44
51	3388	58.97
51	260	89.39
51	3186	76.49
51	3994	64.88
51	3501	48.04
51	2371	71.29
52	152081	92.23
52	51255	95.28
52	74458	96.76
52	1923	85.01
52	7438	94.02
52	40583	78.92
52	59784	81.36
52	55765	100.00
52	112852	98.58
52	86892	69.90
52	55363	96.20
52	112138	82.39
52	49272	93.22
52	52245	78.20
52	69481	96.31
52	50794	72.79
52	1704	95.75
52	54736	90.64
52	44665	95.51
52	47200	83.47
53	481	93.40
53	1100	84.13
53	249	100.00
53	1125	100.00
53	916	100.00
54	296	69.02
54	593	69.65
54	639	47.51
54	1	65.08
54	205	52.06
54	161	59.05
54	500	53.24
55	2407	46.33
55	673	49.82
55	3275	78.17
55	2890	60.19
55	4011	75.80
56	786	71.67
56	253	84.35
56	165	88.92
56	110	89.77
56	589	91.50
56	370	73.59
56	434	69.64
56	410	73.70
56	69	83.42
56	185	71.93
57	2140	69.90
57	942	91.94
57	920	75.47
57	3175	73.08
57	1784	69.98
57	3429	81.61
57	933	94.89
57	1193	95.71
57	3446	69.90
57	160	50.55
57	1499	27.29
57	2640	68.99
57	892	65.53
57	11	69.60
57	2947	69.05
57	6	70.97
57	2478	51.33
57	2291	78.60
57	1688	70.45
57	2301	67.20
58	588	83.64
58	282	70.20
58	185	61.63
58	419	62.67
58	367	68.20
58	277	68.02
58	48	75.90
58	280	88.62
58	337	81.30
58	345	82.41
58	3	71.63
58	357	76.05
58	527	94.59
58	587	75.10
58	218	71.32
58	500	76.84
58	508	80.91
58	368	74.13
58	364	86.43
58	353	78.16
59	1696	68.00
59	6460	100.00
59	3489	65.87
59	1188	82.48
59	1222	84.13
59	2076	86.25
59	3448	83.23
59	1263	89.85
59	1247	86.05
59	527	97.82
59	1244	93.83
59	904	94.17
59	903	91.86
59	965	82.88
59	2616	64.90
59	1953	86.91
59	608	89.04
59	105	72.58
59	912	98.83
59	3471	82.47
60	832	68.51
60	58559	81.12
60	805	71.55
60	455	48.91
60	858	83.66
61	266	71.41
61	1101	69.67
61	7438	83.22
61	173	57.65
61	555	81.89
61	2012	72.35
61	4878	84.21
61	3949	82.36
62	99114	87.11
62	176371	81.47
62	3793	80.32
62	56757	83.20
62	73017	89.35
62	30793	71.57
62	179819	64.37
62	68554	72.71
62	185135	100.00
62	168248	88.70
62	5903	85.37
62	4878	94.86
62	2028	97.44
62	5502	76.13
62	6058	63.17
62	344	71.34
62	1721	75.77
62	45499	72.59
62	41566	79.56
62	78105	58.58
63	5669	71.86
63	4246	62.39
63	48780	76.94
63	500	64.22
63	6016	83.87
63	31658	79.47
63	2858	74.02
63	64285	73.35
63	85414	73.01
63	1221	77.24
63	106696	70.08
63	4963	67.90
63	50	78.87
63	1097	68.33
63	260	80.49
63	110	71.53
63	1222	69.42
63	4979	60.20
63	5952	72.04
63	77561	70.76
64	5878	86.63
64	3101	73.93
64	2640	73.30
64	2959	89.81
64	8784	78.54
64	2054	54.48
64	4239	82.29
64	4025	62.01
64	5026	87.63
64	40819	81.28
64	266	69.34
64	2699	57.04
64	27266	85.87
64	3969	77.89
64	1805	68.24
64	6296	79.47
64	4776	85.50
64	3148	76.94
64	4262	84.00
64	356	87.59
65	1246	79.46
65	33660	82.30
65	7458	70.37
65	2329	85.77
65	4993	84.38
65	91542	73.63
65	3147	82.82
66	593	82.33
66	47	87.34
66	5418	89.61
66	922	92.24
66	2139	76.61
66	2956	65.31
66	3745	76.88
66	1956	90.26
66	4581	69.90
66	5349	80.24
66	1210	81.13
66	1094	77.77
66	2001	65.98
66	380	76.61
66	6539	85.76
66	671	72.35
66	1	77.44
66	6378	83.24
66	7766	84.34
66	296	89.80
67	99114	77.51
67	4306	75.12
67	27193	66.47
67	79132	78.82
67	60069	79.27
67	2012	68.10
67	4886	74.55
67	4993	78.30
68	47978	69.90
68	95218	69.90
68	6534	49.28
68	48696	65.06
68	67267	59.16
68	30825	60.35
68	1799	64.45
68	3556	69.19
68	8622	71.23
68	4351	55.68
68	63113	72.88
68	58295	68.20
68	7151	62.07
68	2413	59.23
68	6287	65.89
68	653	65.39
68	41566	66.31
68	5541	55.24
68	260	74.57
68	48043	68.16
69	4370	83.42
69	4848	95.40
69	3671	94.37
69	2476	97.31
69	1193	100.00
69	356	97.84
69	553	94.95
69	4022	90.12
69	260	100.00
69	3994	83.58
70	1193	87.71
70	1097	81.69
70	1914	85.52
70	1269	82.19
70	4995	85.09
70	318	93.16
70	8949	79.96
70	1968	82.44
70	1210	88.65
70	89492	83.87
70	1250	92.14
70	1235	94.41
70	2366	75.82
71	494	72.00
71	647	73.78
71	736	70.62
71	95	63.47
71	733	79.59
71	589	83.67
71	7	67.05
72	1047	70.51
72	150	84.25
72	858	93.84
72	2490	77.58
72	1357	84.60
72	260	90.19
72	50	91.31
72	1198	93.72
72	1196	91.67
73	1193	91.11
73	45720	74.04
73	105037	41.94
73	6333	88.26
73	59315	86.27
73	76293	70.05
73	138204	78.39
73	2706	65.49
73	152081	89.51
73	45221	49.89
73	68135	75.69
73	150	80.64
73	8376	69.22
73	93510	79.60
73	59784	71.88
73	116823	83.15
73	106072	78.92
73	1682	78.20
73	52245	66.39
73	35836	76.50
74	31522	69.90
74	2594	81.69
74	2908	77.96
74	30749	82.05
74	6870	82.47
74	3006	84.10
74	52281	74.47
74	49772	85.21
74	55118	88.08
74	2997	89.39
74	6305	79.70
74	608	91.95
74	4546	83.13
74	41863	85.30
74	27773	87.86
74	6001	90.60
74	1251	93.44
74	6552	80.23
74	46976	78.43
74	44555	93.05
75	5445	69.55
75	1240	68.36
75	5952	81.44
75	2193	64.78
75	6870	72.50
75	2529	75.04
75	168	50.12
75	541	71.95
75	3176	56.81
75	1962	61.44
75	2078	70.82
75	1889	71.07
75	1266	69.34
75	1374	75.67
76	48877	48.56
76	5956	57.94
76	2918	72.18
76	58803	58.73
76	1247	73.58
76	74458	71.24
76	7669	61.99
76	79132	67.52
76	8957	53.40
76	858	84.73
76	55820	68.88
76	1258	79.12
76	63436	49.36
76	1201	76.57
76	1208	82.84
76	48	37.48
76	288	57.38
76	34405	67.48
76	1	61.23
76	1196	72.96
77	3996	70.55
77	4973	76.66
77	7361	74.68
77	8636	72.82
77	3578	72.44
77	33794	73.39
78	296	81.58
78	165	73.91
78	3809	64.78
78	589	80.32
78	546	34.95
78	27904	72.14
78	260	81.87
78	590	74.58
78	480	74.47
78	68791	64.79
78	344	61.01
78	44974	61.66
78	380	67.95
79	3266	95.35
79	3029	72.75
79	589	87.27
79	1916	85.80
79	307	92.81
79	4005	74.68
79	260	91.86
79	1189	91.23
79	1345	73.61
79	2000	81.85
79	1374	87.20
79	2659	69.90
79	2076	88.37
80	7445	83.28
80	96691	78.61
80	84189	69.90
80	91630	82.98
80	49530	88.68
80	8950	95.11
80	6539	89.86
80	4223	83.04
80	5630	81.27
80	3527	82.91
80	76251	85.98
80	80363	71.74
80	52604	88.79
80	6502	90.57
80	34048	78.37
80	1221	95.18
80	60684	92.98
80	6952	67.40
80	5989	91.21
80	77561	88.22
81	10	69.90
81	32	69.90
81	47	69.90
81	110	69.90
81	150	69.90
81	153	69.90
81	161	69.90
81	165	69.90
81	208	69.90
81	231	69.90
81	288	69.90
81	296	69.90
81	316	69.90
81	318	69.90
81	329	69.90
81	344	69.90
81	356	69.90
81	364	69.90
81	367	69.90
81	377	69.90
81	380	69.90
81	457	69.90
81	480	69.90
81	588	69.90
81	589	69.90
81	592	69.90
82	6886	69.90
82	2381	54.91
82	2378	58.84
82	6566	74.19
82	368	73.03
82	6536	79.84
82	3253	69.88
82	4310	66.33
82	1608	71.77
82	1372	67.89
82	145	71.68
82	356	82.88
82	6708	87.38
82	1485	63.57
82	4369	74.20
82	6564	56.95
82	6888	59.92
82	5803	56.25
82	4015	65.04
82	364	75.59
83	56367	63.04
83	7143	65.19
83	7323	68.37
83	6539	60.84
83	161	59.27
83	586	53.08
83	2115	60.54
83	1270	74.92
83	6874	64.71
83	2324	80.85
83	1537	68.68
83	7153	69.27
83	68954	66.64
83	48774	65.11
83	30749	59.28
83	8014	85.99
83	1222	74.82
83	3753	50.49
83	1223	73.77
83	64983	46.52
84	55	69.90
84	987	69.90
84	912	83.32
84	1096	81.21
84	420	58.66
84	1227	82.76
84	113	59.01
84	580	75.53
84	5060	76.76
84	1293	84.71
84	900	73.57
84	1097	73.40
84	62	78.35
84	368	69.71
84	1305	85.96
84	1247	79.25
84	1296	75.59
84	11	79.70
84	1073	76.67
84	1094	72.88
85	1519	69.90
85	1624	54.93
85	1140	69.90
85	1694	42.01
85	1643	67.64
85	1747	68.11
85	1635	77.52
86	4993	84.81
86	4310	58.03
86	6947	76.82
86	2411	58.71
86	457	81.76
86	5418	77.93
86	3996	78.30
86	4901	67.19
86	1835	69.49
86	33794	78.60
86	1196	84.66
86	3555	69.23
86	1097	78.94
86	2687	65.66
87	4023	73.10
87	2009	81.78
87	3504	90.80
87	671	75.49
87	2139	80.24
88	7312	69.90
88	74795	79.85
88	4993	93.87
88	68157	94.57
88	5952	90.02
88	1193	94.41
88	223	85.75
88	8665	84.57
88	4262	88.38
88	56782	94.62
88	8677	51.53
88	58559	93.95
89	26645	69.90
89	32060	69.90
89	44851	69.90
89	53280	69.90
89	53578	69.90
89	67888	69.90
89	69211	69.90
89	81087	69.90
89	84246	69.90
89	103602	69.90
89	108078	69.90
89	109596	69.90
89	118894	69.90
89	121007	69.90
89	128089	69.90
89	128944	69.90
89	131098	69.90
89	131439	69.90
89	134847	69.90
89	140481	69.90
89	146684	69.90
89	148632	69.90
89	150554	69.90
89	164226	69.90
89	30793	53.51
89	169912	44.10
89	87869	62.70
89	1923	47.11
89	4015	46.14
89	950	58.49
89	173253	69.90
89	2324	58.10
89	27826	69.90
89	92259	76.50
89	11	47.35
89	3977	34.81
89	86298	51.32
89	8154	63.91
89	77688	69.90
89	2997	39.51
89	170837	69.90
89	49274	41.09
89	157775	69.90
89	1	51.54
89	142196	69.90
89	99117	55.73
89	62008	69.90
89	72624	69.90
89	108156	50.27
89	3752	56.46
89	2059	52.09
89	128520	79.04
89	3175	42.18
89	133879	69.90
89	48649	69.90
89	126088	69.90
89	5529	69.90
89	65588	69.90
89	99130	69.90
89	40962	69.90
89	1732	48.85
89	68659	62.60
89	91666	69.90
89	2683	41.99
89	3751	62.17
89	750	44.92
89	6650	69.90
89	149508	69.90
89	2395	40.61
89	51575	48.45
89	65230	43.19
89	171751	69.90
89	85881	70.82
89	139157	69.90
89	6863	57.98
89	4246	52.81
89	108949	64.09
89	1230	41.64
89	160567	84.10
89	73319	54.07
89	177185	69.90
89	130520	67.71
89	5220	50.95
89	121338	69.90
89	153386	69.90
89	50872	73.70
89	149566	69.90
89	145491	69.90
89	4890	50.72
89	129354	56.48
89	32243	69.90
89	84944	72.27
89	6402	69.90
89	1288	43.40
89	140133	69.90
89	119141	60.38
89	947	68.16
89	176621	69.90
89	4973	56.64
89	158398	69.90
89	69469	69.90
89	54503	57.98
89	141928	69.90
89	102481	64.15
90	1137	69.90
90	1144	69.90
90	581	90.00
90	81	72.55
90	892	79.77
90	1073	82.72
90	116	68.04
90	896	55.87
90	17	79.84
90	7	68.50
90	613	74.17
91	3013	69.90
91	6395	69.90
91	8147	69.90
91	7153	88.70
91	3360	72.60
91	2791	81.84
91	3897	66.82
91	1080	79.56
91	4850	59.28
91	3429	81.17
91	7000	68.23
91	2060	56.58
91	2916	77.43
91	1391	67.57
91	2100	55.80
91	318	91.87
91	2146	67.99
91	1225	74.05
91	1246	76.06
91	8501	74.38
92	2572	85.04
92	2114	87.55
92	1015	74.79
92	2454	82.14
92	1801	92.40
93	736	84.19
93	1917	80.03
93	552	84.12
93	1721	84.97
93	539	86.75
93	480	91.66
93	1372	89.27
93	368	89.92
93	2355	86.93
93	1923	87.72
93	2193	92.34
93	2006	77.54
93	339	89.31
93	1097	92.35
93	1591	69.95
93	260	98.18
93	2968	97.36
93	1676	88.41
93	593	98.64
93	558	79.73
94	231	57.62
94	377	60.11
94	367	61.41
94	364	75.59
94	288	52.64
94	19	49.80
94	10	67.29
94	586	48.72
94	590	73.39
94	380	69.53
94	589	76.92
94	318	81.81
95	18	86.62
95	4878	91.29
95	6979	74.86
95	4732	48.51
95	3019	89.09
95	5246	47.90
95	32	92.13
95	2952	75.93
95	1247	88.81
95	1198	99.93
95	5283	71.71
95	3361	80.97
95	1513	65.99
95	2009	79.75
95	539	80.17
95	122	62.15
95	1584	84.25
95	1240	91.34
95	4262	93.44
95	5349	82.64
96	527	89.15
96	1094	78.36
96	272	65.72
96	3819	92.92
96	150	81.97
96	2021	75.68
96	2571	88.47
96	1214	84.19
96	2058	62.19
96	1220	87.70
96	733	73.42
96	2340	62.23
96	1721	68.76
96	2396	87.45
96	367	68.86
96	1291	84.52
97	4701	83.00
97	4306	91.62
97	3578	92.34
97	4993	97.88
97	4963	90.71
97	4299	80.80
97	3981	67.51
97	4161	79.60
98	81845	85.55
98	8961	78.47
98	122912	81.19
98	5299	72.56
98	63992	56.84
98	187541	97.59
98	56152	83.78
98	134853	88.81
98	69644	59.70
98	6863	69.23
98	5618	92.77
98	56801	56.05
98	3499	86.70
98	134130	93.06
98	74789	70.44
98	82461	69.91
98	1258	90.13
98	88810	83.54
98	79132	90.16
99	318	100.00
99	161	89.41
99	420	72.49
99	592	83.57
99	196	69.92
99	122	68.73
99	145	75.42
99	150	95.26
99	316	87.17
99	236	83.62
99	588	95.02
100	497	81.22
100	296	84.65
100	1393	77.96
100	95	64.43
100	592	76.14
100	605	67.01
100	6059	74.76
100	28	94.39
100	2245	71.71
100	62	84.34
100	4308	80.43
100	1777	73.98
100	838	87.74
100	2125	85.86
100	1288	81.56
100	234	66.15
100	1197	87.99
100	2005	81.35
100	4014	76.96
100	4623	75.81
101	2580	76.50
101	3285	64.37
101	2723	61.22
101	2700	72.23
101	2908	78.72
101	2390	83.92
101	3175	69.19
101	2395	78.46
101	358	61.11
101	2702	71.89
101	3394	57.96
101	2997	84.42
101	2502	81.51
102	158	53.03
102	588	72.77
102	150	73.83
102	592	65.93
102	253	72.29
102	480	74.30
102	344	62.71
102	539	68.15
102	553	76.26
102	593	82.36
102	586	57.37
102	223	77.77
103	86014	69.90
103	1954	86.79
103	60040	60.15
103	1968	86.95
103	77206	69.90
103	2161	81.04
103	1732	91.45
103	81834	64.77
103	608	89.30
103	2384	55.27
103	4254	46.29
103	104	81.90
103	139642	57.45
103	56782	91.17
103	2096	77.72
103	101	87.73
103	6534	51.04
103	374	54.20
103	60069	66.67
103	30793	62.25
104	4740	69.90
104	743	49.36
104	5218	80.65
104	8643	76.36
104	1288	73.59
104	47997	78.76
104	468	64.66
104	76251	70.52
104	8533	78.93
104	4018	72.40
104	38038	78.14
104	1566	70.53
104	7361	84.20
104	6060	69.90
104	3034	74.78
104	1641	73.02
104	4641	66.12
104	108190	59.25
104	616	72.52
104	7034	83.09
105	4788	69.90
105	69685	69.90
105	95311	69.90
105	95313	69.90
105	110586	69.90
105	141816	69.90
105	141818	69.90
105	170597	69.90
105	172587	69.90
105	172793	69.90
105	173351	69.90
105	173535	69.90
105	6433	57.00
105	4974	63.68
105	70286	82.45
105	108981	69.90
105	95175	69.90
105	69122	73.84
105	1243	87.29
105	3916	82.88
106	69844	93.26
106	72998	83.59
106	59501	86.68
106	86880	74.38
106	5349	86.27
106	53125	84.90
106	59784	80.60
107	231	73.84
107	253	83.71
107	590	90.14
107	165	86.49
107	434	71.22
107	208	72.03
107	318	96.50
108	800	91.69
108	6022	68.56
108	4995	86.10
108	2585	69.90
108	5316	65.32
108	4975	76.91
108	3978	64.84
108	5349	79.96
108	2926	70.16
108	4246	84.32
108	4878	89.67
108	4994	70.14
108	1968	88.71
108	1684	66.05
108	497	83.11
108	5380	78.51
109	380	62.06
109	1033	66.14
109	231	58.48
109	364	72.74
109	589	74.90
109	480	68.07
109	62	69.03
109	31	58.85
109	587	62.88
109	1032	62.29
109	586	56.15
109	778	82.77
109	540	44.49
109	256	51.18
109	163	70.12
109	252	62.66
109	223	74.22
109	553	71.92
109	537	57.35
109	168	54.29
110	26171	48.08
110	2468	53.87
110	1198	82.72
110	1089	82.27
110	1222	81.12
110	1208	83.68
110	4881	77.19
110	47	78.76
110	527	82.84
110	1193	83.20
110	2428	44.79
111	100194	69.90
111	162602	69.90
111	171251	69.90
111	2145	61.13
111	96588	77.48
111	65088	68.95
111	66203	51.50
111	84772	62.53
111	2081	75.84
111	91529	73.26
111	6365	53.05
111	45666	52.81
111	3255	70.15
111	1282	65.45
111	6539	65.15
111	86833	81.89
111	122882	66.82
111	59143	88.68
111	86911	69.20
111	5283	54.27
112	788	49.84
112	161	61.97
112	1917	67.83
112	16	79.17
112	21	52.33
112	208	50.56
112	434	50.26
112	39	55.95
112	3717	64.49
112	19	52.39
112	110	81.22
112	32	75.18
112	70286	87.37
113	4083	69.90
113	39	68.71
113	3168	71.55
113	932	84.94
113	2331	50.04
113	3359	85.48
113	1086	88.99
113	3504	83.98
113	1339	69.50
113	904	86.16
113	3546	69.90
113	4063	44.39
113	4062	65.08
113	1077	77.51
113	1589	66.62
113	2475	62.17
113	3831	78.88
113	46	60.54
113	1733	100.00
113	4007	71.54
114	141718	69.90
114	54001	64.12
114	2291	62.99
114	167732	69.90
114	122886	63.93
114	8961	65.50
114	3147	70.50
115	1580	70.07
115	2804	91.67
115	1387	90.15
115	2792	78.97
115	3146	57.67
115	3273	56.87
115	3052	80.72
115	2841	79.80
115	2719	45.89
115	595	78.50
115	2700	80.19
115	383	70.66
115	2027	42.91
115	2148	63.20
115	2770	61.79
115	3785	61.40
115	2916	75.79
115	3175	71.56
115	588	80.57
115	1377	67.10
116	2716	74.36
116	858	77.40
116	1299	76.01
116	62383	26.38
116	1339	63.39
116	1276	74.98
116	597	71.07
116	1029	70.31
116	1101	60.20
116	2797	69.22
116	2657	61.32
116	1961	73.15
116	1407	59.02
116	5995	80.02
116	1704	73.25
116	165	69.10
116	2115	66.99
116	8360	73.36
117	708	64.65
117	587	67.86
117	589	76.22
117	151	67.85
117	36	74.41
117	1036	73.61
117	595	73.89
117	288	61.07
117	596	71.82
117	48	65.20
117	315	58.26
117	454	70.88
117	353	69.34
117	474	72.59
117	10	67.31
117	60	64.02
117	805	67.96
117	491	66.32
117	616	69.57
117	485	55.08
118	1221	84.22
118	1625	72.39
118	153	50.76
118	1961	69.06
118	1810	63.21
119	95441	76.27
119	117176	76.60
119	1092	71.26
119	91529	87.93
119	74458	90.99
119	4387	88.89
119	79132	92.06
119	168252	96.34
119	44022	76.38
119	78499	86.40
119	122904	83.48
119	106782	88.33
119	442	74.50
119	4993	92.34
119	31685	77.68
119	6365	77.79
119	141004	53.51
119	4148	73.33
119	88744	81.24
119	8644	84.91
120	260	79.45
120	32	75.93
120	5	49.91
120	631	58.30
120	52	66.77
121	497	70.15
121	440	64.86
121	161	65.58
121	527	78.17
121	292	63.31
121	344	53.63
121	186	48.56
121	316	64.75
121	1	77.58
121	19	52.62
121	163	69.28
121	337	68.66
122	27660	91.99
122	69784	87.69
122	7022	92.77
122	148652	69.90
122	4816	88.83
122	56174	87.51
122	94959	90.07
122	81591	83.55
122	71535	92.19
122	30810	85.30
122	2997	96.92
122	1732	98.47
122	108932	88.83
122	780	88.58
122	1090	96.86
122	3253	85.27
122	106782	93.17
122	72226	94.18
122	1200	96.27
122	1214	97.71
123	68554	68.13
123	115569	88.54
123	79132	85.38
123	109487	81.33
123	1196	86.35
123	4226	84.83
123	296	82.05
123	7153	84.15
123	143458	69.90
123	47	81.45
123	96829	90.39
123	2858	82.44
124	56145	73.60
124	2161	79.93
124	260	88.85
124	175	88.68
124	1358	84.69
124	6377	83.01
124	4226	88.29
124	3147	90.14
124	608	90.80
124	1223	86.50
125	5088	69.90
125	86721	69.90
125	110330	69.90
125	54503	78.59
125	72011	75.00
125	162578	88.84
125	119145	78.68
125	176371	76.58
125	55247	76.00
125	1240	81.98
125	86332	79.04
125	68157	84.69
125	112623	68.02
125	4082	45.89
125	160567	92.49
125	3342	63.29
125	109487	80.70
125	88140	73.34
125	98607	69.90
125	81562	87.29
126	364	75.11
126	349	66.48
126	231	55.53
126	380	67.88
126	410	55.87
126	300	68.14
126	253	67.47
126	457	72.26
127	2915	57.91
127	903	73.24
127	55276	56.86
127	5060	70.02
127	272	59.25
128	904	86.74
128	965	69.04
128	926	94.24
128	1066	87.07
128	1721	68.83
128	1080	84.14
128	1198	88.41
129	4370	77.00
129	480	80.30
129	3698	70.61
129	2692	84.44
129	2138	94.35
129	1968	79.29
129	8368	87.03
129	653	72.58
129	7143	88.08
129	316	77.21
129	6874	83.51
129	239	71.35
129	2916	80.69
129	733	81.26
129	4896	80.37
129	2028	87.52
129	3977	64.56
129	3000	82.47
129	1907	83.10
129	31658	88.30
130	208	57.59
130	316	65.22
130	292	69.39
130	110	75.72
130	590	74.76
130	296	81.50
131	2273	54.89
131	6947	65.10
131	58559	73.20
131	908	78.09
131	4878	71.56
131	89745	69.07
131	7256	78.77
131	68237	73.08
131	2722	51.04
131	2028	74.51
131	48516	76.42
131	3178	64.57
131	64614	69.45
131	969	74.82
132	6251	69.90
132	3275	74.85
132	4995	71.98
132	2987	60.82
132	7444	59.53
132	3262	55.31
132	4168	46.29
132	31658	64.83
132	44191	68.61
132	1089	71.60
132	3967	70.75
132	5502	55.64
132	50	72.71
132	58559	72.66
132	5992	61.47
132	2108	50.76
132	1844	70.95
132	2657	56.25
132	47	74.81
132	2470	50.88
133	454	55.29
133	356	67.82
133	589	64.76
133	150	60.72
133	153	41.70
133	380	55.32
133	527	69.29
134	442	63.46
134	595	75.20
134	349	76.78
134	380	74.39
134	367	65.47
134	509	74.99
134	296	86.81
135	592	69.52
135	4084	60.61
135	893	62.99
135	3994	79.49
135	2004	67.31
135	608	88.85
135	1358	80.42
135	3852	66.52
135	3489	69.35
135	1614	59.64
135	1198	97.03
135	4128	76.47
135	1883	61.37
135	2302	61.67
135	1291	88.68
135	410	59.86
135	1261	85.20
135	4022	80.42
135	4881	77.71
135	1077	79.97
136	161	72.92
136	193	50.98
136	585	58.54
136	338	55.31
136	277	59.72
136	380	65.03
136	181	43.13
136	337	79.49
136	437	34.37
136	165	66.17
136	611	47.34
136	151	72.55
136	340	74.23
136	252	75.13
136	432	44.10
136	552	66.51
136	350	72.25
136	280	85.60
136	273	62.44
136	150	71.08
137	6787	89.17
137	2716	76.91
137	1198	88.01
137	750	92.41
137	919	77.02
137	1270	80.38
137	318	88.68
137	150	75.59
137	2997	83.08
137	1200	79.91
137	6986	69.90
137	7153	83.47
137	1242	84.24
137	110	76.71
137	33493	67.65
137	1197	87.39
137	2959	85.38
137	1237	81.57
137	903	87.01
137	7762	74.73
138	2707	69.37
138	1960	84.86
138	1959	86.27
138	849	67.15
138	3996	78.33
139	4025	31.03
139	7445	38.01
139	60684	45.24
139	4865	43.48
139	68319	34.18
139	7090	51.92
139	5502	33.08
139	260	64.44
139	8371	38.74
139	53953	30.13
139	58025	38.63
139	106782	52.19
139	6957	30.85
139	7163	27.71
139	3827	30.52
139	3624	41.15
139	52722	35.88
139	54259	41.11
139	4367	38.54
139	115617	49.16
140	5699	69.90
140	5299	64.17
140	1393	67.74
140	356	81.44
140	609	74.41
140	32596	59.56
140	4795	54.92
140	34072	70.61
140	1617	73.02
140	5256	69.90
140	5943	46.58
140	1084	72.59
140	4337	69.90
140	3108	67.51
140	43396	76.04
140	4719	44.51
140	1005	52.95
140	4321	59.75
140	5812	76.84
140	4259	61.51
141	5418	68.14
141	54503	74.83
141	4963	69.05
141	2478	61.57
141	71535	79.36
141	317	61.36
141	68954	79.59
141	54286	70.14
141	6365	57.95
141	54272	70.06
141	4447	66.08
141	5502	62.91
141	6377	70.63
141	6373	64.72
141	1265	72.44
141	91529	82.31
141	2502	75.11
141	441	78.50
141	1517	67.85
141	48516	78.91
142	434	62.83
142	384	73.57
142	588	80.10
142	50	87.40
142	527	89.02
142	356	85.97
142	337	79.45
142	377	71.31
143	1721	57.07
143	61250	40.20
143	6942	63.67
143	7169	48.93
143	8533	63.55
143	106696	67.63
143	3421	51.84
143	87232	62.12
143	78316	69.90
143	69069	47.30
143	59421	44.56
143	2144	64.34
143	96821	71.57
143	7173	54.87
143	500	54.57
144	589	78.04
144	541	79.33
144	8368	83.71
144	597	74.14
144	590	77.03
144	410	62.36
144	1246	78.14
144	527	81.97
144	356	80.50
144	500	68.43
144	19	55.89
144	2700	74.29
144	434	62.01
144	733	71.60
144	780	63.14
144	1036	73.89
144	5377	76.84
144	552	66.99
144	586	64.43
144	2081	71.45
145	344	55.22
145	339	65.17
145	380	64.04
145	318	83.11
145	588	71.05
146	7293	64.98
146	3257	61.44
146	32	72.97
146	1367	57.74
146	3686	51.86
146	410	55.30
146	47610	67.44
147	1234	85.27
147	168	56.00
147	552	60.22
147	555	78.35
147	2395	80.97
148	88125	76.25
148	5618	81.06
148	108932	74.17
148	81847	74.40
148	72998	66.54
148	5816	68.07
148	8368	76.96
148	7153	78.13
148	81834	77.05
148	4993	76.56
149	1097	63.82
149	1374	62.44
149	1831	36.22
149	1527	63.62
149	260	69.97
149	173	43.87
149	1206	70.30
149	1200	65.49
149	2021	55.47
149	1580	58.44
149	1391	50.65
149	1375	52.42
150	3	66.02
150	1356	81.21
150	5	60.01
150	95	59.54
150	733	75.11
150	1073	80.75
151	786	73.14
151	562	87.41
151	780	81.45
151	837	71.45
151	747	69.11
151	1265	93.50
151	828	81.97
151	1073	89.63
151	1	90.93
151	648	84.43
151	1393	86.81
151	1359	55.01
152	50	83.76
152	2959	87.49
152	116897	89.41
152	89492	77.75
152	1193	84.63
152	69481	80.60
152	85774	71.08
152	115713	81.96
152	111	82.76
152	92259	87.04
152	1234	76.59
152	79132	83.43
152	318	91.52
153	134853	52.93
153	1732	50.12
153	8533	41.40
153	4014	48.74
153	81456	20.16
153	106782	47.94
153	8528	31.91
153	6863	39.04
153	87194	55.90
153	2617	17.51
153	1246	61.88
153	106100	51.81
153	1954	41.11
153	7458	42.39
153	4226	55.11
153	89904	53.91
153	72998	39.99
153	133780	69.90
153	586	27.11
153	36535	56.98
154	114662	89.11
154	119145	92.47
154	81834	93.14
154	122904	92.39
154	106072	79.71
154	76093	96.09
154	77561	91.97
155	153	60.41
155	3286	42.80
155	1200	83.75
155	260	88.89
155	141	72.39
155	2355	76.20
155	2384	56.37
155	2948	83.34
155	432	54.75
155	2959	90.41
156	26313	69.90
156	31038	69.90
156	1230	71.48
156	1711	56.14
156	3341	79.19
156	6296	71.51
156	762	47.47
156	2361	50.07
156	2076	73.11
156	4784	55.34
156	661	63.93
156	2926	63.39
156	8571	69.90
156	47	83.48
156	3176	68.70
156	58	79.50
156	848	59.70
156	866	76.87
156	1485	52.45
156	923	79.31
157	785	66.11
157	3617	66.52
157	2720	41.44
157	2770	59.56
157	527	81.36
158	1093	67.27
158	2605	63.35
158	2872	81.60
158	2723	72.03
158	2428	54.56
158	66320	69.90
159	2959	68.94
159	60069	72.21
159	45720	64.45
159	597	68.34
159	4022	70.09
159	89864	57.74
159	49286	69.21
159	140110	66.17
159	84954	56.78
159	4447	66.91
159	1197	83.88
159	68954	74.16
159	6942	76.48
159	1961	62.76
159	106696	72.82
159	480	70.02
159	539	63.52
159	166643	73.70
159	40819	59.00
159	63082	63.69
160	126	45.67
160	1371	38.25
160	1198	73.73
160	196	38.11
160	3408	56.34
160	5349	62.83
160	3213	64.98
160	2408	26.89
160	839	37.11
160	3593	14.50
160	2748	69.90
160	533	45.62
160	1975	31.81
160	1676	50.87
160	3745	55.47
160	2011	65.22
160	733	47.56
160	3826	32.90
160	778	81.31
160	2840	35.37
161	4980	69.09
161	7247	71.83
161	47610	74.18
161	1223	89.25
161	38038	77.52
161	3429	97.94
161	2144	79.30
161	2336	79.06
162	150	88.82
162	225	79.14
162	168	70.34
162	50	94.57
162	300	80.63
162	266	76.09
162	31	77.80
162	62	87.02
163	1608	56.35
163	1810	60.75
163	1747	59.37
163	1777	63.03
163	1837	43.00
164	1036	90.08
164	2916	84.36
164	110	92.25
164	589	90.91
164	3527	82.38
164	1101	76.82
164	1201	95.37
164	2167	77.01
165	2353	68.57
165	3624	64.48
165	110	79.09
165	5505	61.68
165	5527	62.19
165	3256	67.08
165	5956	69.89
165	5418	75.41
165	5530	39.98
165	5450	64.53
165	1127	67.75
165	3409	58.19
165	5881	66.76
166	33794	86.72
166	1721	74.53
166	4011	83.68
166	5378	72.24
166	3481	76.57
166	49530	81.21
166	2353	76.70
166	47644	69.14
166	54272	82.23
166	8961	84.72
166	1198	90.69
166	2542	85.70
166	1036	78.77
166	608	84.72
166	434	62.00
166	5219	71.67
166	5418	86.30
166	2396	76.05
166	349	71.80
166	2324	86.66
167	33493	72.89
167	4886	81.53
167	778	73.89
167	3052	76.06
167	7147	82.15
167	6857	78.05
167	45501	48.85
167	6480	69.90
167	1682	77.46
167	2231	69.57
167	784	55.69
167	33794	80.82
167	2083	79.09
167	2413	65.36
167	6333	79.48
167	8961	81.43
167	2139	70.78
167	150	65.35
167	6773	84.06
167	35836	74.39
168	3730	91.48
168	1248	94.60
168	1201	94.97
168	1089	93.60
168	296	91.96
168	923	94.66
168	1222	96.42
168	5291	83.84
168	3543	90.14
168	1302	78.46
168	3362	89.78
168	1148	90.61
168	3101	70.41
168	57669	96.47
168	2076	86.76
168	1729	83.30
168	908	96.22
168	85354	69.25
168	80463	91.47
169	3536	83.68
169	2028	95.34
169	364	97.13
169	953	90.17
169	4886	89.63
169	5400	71.11
169	8644	85.18
169	524	85.35
169	2795	81.48
169	1022	89.07
169	3114	92.69
169	3967	93.13
169	1517	88.43
169	1035	95.84
169	8641	91.09
169	6365	78.73
169	661	79.94
169	457	91.80
169	3287	55.59
169	1416	83.44
170	318	82.21
170	296	76.36
170	586	54.62
170	377	66.08
170	34	68.59
170	592	62.38
170	277	60.43
170	500	60.66
170	266	64.93
170	588	68.93
171	485	76.27
171	1220	92.38
171	1025	91.76
171	801	74.73
171	1259	93.09
171	1079	93.37
171	828	96.33
171	317	81.92
171	869	85.87
171	380	84.80
171	1136	97.01
171	1225	97.79
171	661	82.90
171	318	100.00
171	47	94.33
171	1198	100.00
171	1208	100.00
172	3087	61.25
172	3578	79.32
172	7438	78.39
172	2072	62.35
172	3793	75.88
172	2762	76.40
173	10	71.66
173	329	66.29
173	586	63.76
173	597	75.71
173	588	76.43
174	553	87.21
174	520	72.48
174	224	79.54
174	648	78.13
174	161	85.11
174	317	73.89
174	158	60.07
174	780	73.01
174	315	63.78
174	485	65.62
174	282	68.96
174	440	75.05
174	350	78.81
174	10	79.23
175	531	75.17
175	8911	69.90
175	43904	21.86
175	38388	69.90
175	8362	55.92
176	165	76.62
176	434	64.49
176	39	71.80
176	368	74.05
176	380	75.29
176	780	76.11
176	47	84.56
176	471	80.48
177	42002	70.29
177	91542	75.97
177	6332	49.20
177	3668	71.01
177	45672	53.97
177	783	66.85
177	27706	66.29
177	2657	65.52
177	114662	76.31
177	1206	75.28
177	83132	83.21
177	5218	73.08
177	508	74.26
177	3114	75.86
177	1321	67.53
177	2176	70.64
177	8798	70.11
177	88140	75.07
177	2012	64.88
177	339	71.69
178	7361	90.39
178	527	94.30
178	2329	91.60
178	5995	90.71
178	6502	86.14
178	4235	87.62
178	1198	90.91
178	208	62.19
178	6539	82.46
178	296	89.12
178	349	78.27
178	10	74.36
178	4226	89.42
178	1240	83.32
178	2579	86.26
178	318	95.49
179	367	71.46
179	589	87.58
179	161	78.38
179	231	70.45
179	288	70.03
179	743	56.01
179	1061	77.41
179	317	71.59
179	786	70.38
179	592	76.19
179	671	71.85
179	296	90.11
179	434	65.92
179	364	87.18
180	1261	78.82
180	260	82.84
180	1748	81.22
180	1242	83.46
180	2140	71.94
181	157	54.50
181	593	71.95
181	596	59.34
181	353	62.29
181	539	71.50
181	516	59.14
181	132	54.93
181	169	44.72
181	25	65.35
181	31	56.20
181	542	52.55
181	6	66.67
181	707	57.52
181	185	58.77
181	464	48.84
181	502	45.64
181	415	49.13
181	480	71.52
181	592	60.28
181	344	54.72
182	4879	69.90
182	6969	69.90
182	3911	70.67
182	2728	71.70
182	4313	69.90
182	8042	76.72
182	1291	67.69
182	3113	53.06
182	3578	65.43
182	1590	55.45
182	161	63.91
182	4452	48.20
182	224	76.37
182	4980	48.77
182	4262	81.94
182	2353	64.51
182	2890	71.25
182	1127	59.41
182	541	76.33
182	6041	74.73
183	480	77.39
183	380	75.35
183	1196	82.62
183	2951	74.80
183	2534	30.84
183	4085	71.13
183	1287	82.10
183	2194	77.00
183	3247	59.24
183	1233	82.25
183	2662	53.65
183	1408	82.13
184	158035	69.90
184	181413	69.90
184	193565	69.90
184	97304	82.21
184	74754	64.48
184	168250	69.71
184	191005	69.90
184	106072	71.20
184	166291	71.30
184	127152	69.90
184	86332	79.57
184	80463	87.82
184	5816	73.96
184	122898	55.16
184	81845	86.47
184	5810	66.31
184	170813	73.79
184	174479	69.90
184	112852	90.82
184	148626	84.90
185	1685	69.90
185	2396	73.03
185	5377	76.44
185	1721	67.24
185	5952	79.26
185	1393	68.59
185	595	73.51
185	2085	69.17
185	4995	80.86
185	899	81.24
186	2605	71.44
186	1214	89.84
186	1291	91.36
186	3745	81.74
186	1269	83.58
186	2527	77.49
186	2532	70.42
186	4361	76.87
186	1307	86.48
186	2968	81.94
186	4306	87.76
186	2541	76.99
186	1702	74.40
186	480	88.09
186	1097	88.69
186	3977	66.87
186	919	88.70
186	3527	78.57
186	593	90.19
186	1196	92.23
187	26122	69.90
187	3949	74.18
187	49272	69.46
187	231	44.75
187	1206	84.59
187	6874	74.21
187	1729	73.31
187	1209	90.47
187	48394	75.67
187	6502	75.22
187	2701	33.61
187	4027	77.22
187	288	59.61
187	2542	75.18
187	7153	72.29
187	39427	31.68
187	6890	81.45
187	1222	82.75
187	8949	75.64
187	1748	85.91
188	2346	80.00
188	1212	96.60
188	594	89.51
188	1282	89.78
188	3469	82.60
188	2396	84.18
188	1091	63.84
188	3341	98.18
188	1264	91.87
188	2206	100.00
189	48516	85.57
189	4993	83.20
189	79132	81.68
189	2959	85.99
189	58559	83.75
190	6711	83.01
190	4776	75.75
190	8784	75.53
190	4995	79.16
190	5630	67.16
190	4306	78.43
190	30749	70.74
190	1221	85.70
190	4975	69.01
190	8961	78.02
190	858	84.56
190	8464	76.68
190	69844	84.33
190	7438	78.14
191	496	69.90
191	21	73.49
191	72	56.25
191	175	90.19
191	494	69.54
191	417	85.85
191	17	83.15
191	6	91.47
191	85	87.56
191	292	57.86
191	314	70.34
191	58	98.23
191	235	81.19
191	213	100.00
191	161	63.37
191	160	44.34
191	162	90.53
192	356	94.81
192	288	74.58
192	316	83.23
192	349	85.51
192	432	66.11
193	44555	69.68
193	55442	77.19
193	4878	68.04
193	6016	71.12
193	307	66.35
193	1270	67.09
193	5618	69.46
194	163	76.46
194	1396	70.85
194	1500	75.49
194	1288	82.88
194	5060	80.82
195	3424	72.25
195	2770	56.79
195	1041	88.38
195	1653	77.26
195	1923	62.96
195	3160	68.94
195	4723	40.07
195	1863	45.26
195	2336	61.70
195	2166	42.98
195	4308	68.92
195	1909	65.92
195	260	83.23
195	2028	82.79
195	3252	76.66
195	2908	68.72
195	1392	78.08
195	1365	83.46
195	70	70.78
195	190	61.70
196	70286	76.23
196	3578	73.65
196	59315	71.89
196	58559	79.72
196	364	78.31
196	1214	74.66
196	110	78.70
197	1513	56.53
197	1240	78.82
197	1882	47.14
197	786	69.60
197	2167	70.22
197	153	71.91
197	1784	71.03
198	3894	69.90
198	3499	64.40
198	920	70.26
198	1213	73.26
198	3949	72.35
198	1994	64.17
198	1485	47.33
198	2572	58.45
198	4019	73.29
198	1089	75.22
198	110	71.72
198	593	79.28
198	4128	64.38
198	1270	72.69
198	4886	72.32
198	1079	69.31
198	2117	71.24
198	912	81.61
198	1573	58.60
198	1682	62.88
199	5464	64.16
199	2165	69.90
199	2280	69.90
199	736	59.16
199	5673	68.22
199	349	66.73
199	5502	57.17
199	482	76.20
199	8532	69.90
199	1172	78.29
199	300	71.54
199	50068	72.24
199	4881	69.99
199	3175	62.99
199	7445	60.32
199	2973	74.63
199	34338	71.08
199	41997	72.02
199	1956	78.47
199	377	58.05
200	3809	72.76
200	7022	84.23
200	50802	69.77
200	3968	70.54
200	2485	69.13
200	500	73.27
200	5610	38.67
200	590	82.27
200	1029	76.63
200	53996	82.75
200	2572	89.02
200	4993	91.13
200	4041	74.97
200	57640	90.69
200	1302	77.02
200	1784	75.10
200	6383	57.84
200	1653	83.82
200	1569	84.52
200	1517	78.44
201	1748	94.39
201	1527	85.93
201	1584	85.11
201	2858	92.28
201	339	79.10
201	589	92.58
201	2717	66.41
201	994	93.74
201	788	68.71
201	1196	99.13
201	2797	92.93
201	733	82.59
201	1259	97.94
201	2174	82.87
201	1198	98.51
201	2455	79.20
201	1569	86.19
201	1213	94.86
201	160	66.18
201	24	71.43
202	3329	69.90
202	924	83.72
202	29	84.80
202	2289	83.26
202	1197	90.62
202	1196	85.59
202	2966	78.36
202	161	73.17
202	608	85.12
202	1209	86.81
202	1296	77.87
202	3194	68.93
202	1784	77.63
202	469	75.05
202	923	83.81
202	2000	73.54
202	1587	58.05
202	1719	92.24
202	3147	82.62
202	32	83.11
203	56174	75.99
203	8665	80.83
203	2407	66.91
203	5952	83.17
203	590	81.64
203	49272	84.02
203	40815	79.27
203	333	76.43
203	296	85.74
204	1136	87.74
204	3949	84.57
204	33794	85.98
204	48394	82.94
204	27075	69.90
204	1080	89.61
204	79008	89.18
204	6104	91.45
204	8874	86.17
204	81591	78.47
204	4878	86.49
204	91658	78.14
204	711	74.18
204	2313	85.76
204	86320	72.10
204	55820	87.12
204	5218	77.99
205	912	91.65
205	99114	77.99
205	91542	74.78
205	5816	74.33
205	95167	73.80
205	96079	80.29
206	36	89.55
206	608	91.56
206	733	80.43
206	140	79.57
206	141	79.87
207	2991	73.44
207	2428	42.80
207	2707	55.89
207	3740	73.04
207	100	21.63
208	1210	83.36
208	2628	63.31
208	380	64.81
208	2353	68.73
208	2278	70.23
208	2762	77.07
209	60684	85.68
209	1291	87.94
209	68157	91.04
209	74458	86.15
209	185029	89.78
209	122886	83.14
209	88125	84.04
210	123553	69.90
210	34405	90.78
210	166203	69.90
210	3147	91.99
210	31696	80.25
210	7649	61.64
210	58559	94.22
210	2105	81.66
210	6365	77.78
210	34397	69.90
210	4625	50.43
210	84772	71.07
210	122926	95.14
210	76093	90.01
210	62836	69.90
210	33493	81.01
210	1584	84.09
210	47610	80.87
210	108932	84.76
210	122918	91.72
211	58559	82.34
211	63113	65.38
211	90405	63.41
211	57669	80.64
211	60684	75.71
211	7153	85.22
211	73017	79.61
211	2105	67.02
211	4367	63.41
211	356	89.02
211	2642	46.71
211	1556	31.60
211	318	92.13
211	44665	73.98
211	85414	72.37
211	1198	84.98
211	1136	83.85
211	260	84.72
212	170697	73.12
212	122920	74.44
212	122892	65.06
212	2571	72.33
212	5218	68.07
212	48394	68.78
212	3578	70.95
212	1196	74.91
212	135143	69.14
212	74795	70.88
212	179401	81.32
212	79132	75.59
212	77800	75.49
212	108932	76.10
212	110102	73.04
212	96821	78.00
212	8874	74.43
212	65261	74.09
212	59784	64.73
212	2291	69.06
213	3285	67.46
213	87520	51.35
213	80363	66.56
213	76251	81.91
213	8957	71.28
213	2860	60.63
213	1234	84.45
213	5419	68.04
213	51935	82.56
213	69844	87.33
213	39446	59.36
213	4132	55.47
213	858	90.24
213	69526	59.64
213	4558	62.15
213	49530	83.84
213	58559	89.57
214	83	69.90
214	628	59.96
214	743	37.50
214	1363	50.36
214	802	56.00
215	1172	85.50
215	4973	85.83
215	63082	80.33
215	1291	80.40
215	2028	80.18
215	3252	76.12
215	3210	67.00
215	1968	82.96
215	1247	81.85
215	49272	80.17
215	1089	81.69
215	72407	62.41
215	5650	75.74
215	318	90.37
215	1208	84.18
215	2000	73.77
215	1197	88.38
215	1196	85.27
215	1297	75.46
215	4019	83.82
216	104	63.32
216	21	67.22
216	3996	81.62
216	3946	42.78
216	2946	55.47
216	3993	61.89
216	3897	73.01
216	2599	74.21
216	34	67.58
216	3994	67.78
216	4034	76.61
216	3363	78.18
216	1965	67.73
216	3422	60.00
216	3555	70.78
216	3253	65.10
216	2087	71.79
216	3986	58.53
216	2018	60.56
216	1923	65.24
217	1867	69.90
217	3434	69.90
217	1275	65.09
217	2468	47.77
217	3197	51.11
217	1912	69.13
217	2302	49.70
217	1876	52.20
217	380	63.98
217	1221	69.73
217	2471	49.52
217	1918	52.50
217	1385	53.89
217	3165	71.99
217	1590	45.53
217	1562	41.58
217	1703	54.40
217	2056	69.90
217	1831	40.95
217	160	49.77
218	2657	63.45
218	2692	75.89
218	1380	65.31
218	1198	82.73
218	6934	57.45
218	5349	69.11
219	60072	57.49
219	2115	68.28
219	59315	74.12
219	6539	72.48
219	442	53.73
219	30707	74.55
219	1704	80.18
219	180	62.31
219	1219	71.50
219	1005	43.54
219	27773	80.17
219	56156	62.82
219	6188	74.55
219	6721	62.99
219	30825	59.40
219	2997	70.28
219	1552	55.01
219	1500	65.24
219	2890	62.72
219	1921	71.75
220	3996	88.62
220	733	77.98
220	1198	97.01
220	3994	80.97
220	6539	91.40
220	1258	90.29
220	1917	71.37
220	4545	69.58
220	33794	88.99
220	165	74.89
220	71264	78.79
220	4623	75.08
220	53464	61.31
220	5218	84.31
220	6365	76.65
220	3751	89.87
220	32	87.39
220	1036	89.79
220	5502	73.45
220	1591	54.38
221	4338	69.90
221	7013	85.75
221	8529	69.51
221	1080	83.21
221	3246	95.79
221	2871	84.36
221	1208	92.25
221	7063	90.25
221	2702	72.48
221	4029	88.73
221	5954	86.63
221	2352	81.08
221	922	88.57
221	2997	77.68
221	1278	84.48
221	2858	89.23
221	1212	94.84
221	1959	83.40
221	1961	80.90
221	3671	80.82
222	81831	69.90
222	100498	34.66
222	48516	84.58
222	1249	72.92
222	99813	65.40
222	91529	78.88
222	59900	49.04
222	93287	78.10
222	1721	60.89
222	2706	62.33
222	3273	49.18
222	2411	43.18
222	64622	66.51
222	7143	72.43
222	87869	70.17
222	778	70.70
222	30825	62.55
222	42011	40.75
222	673	56.11
222	64839	72.65
223	55854	69.90
223	6711	77.37
223	1	73.51
223	736	56.75
223	1961	69.93
223	457	66.88
223	2716	70.33
223	48394	70.46
223	608	70.99
223	8784	69.83
223	48516	77.89
223	3863	50.15
223	4306	74.20
223	260	76.26
223	2683	58.37
224	3496	69.90
224	3044	84.44
224	356	90.85
224	2915	83.78
224	289	71.81
224	3668	72.19
224	1270	90.50
224	2797	90.54
224	1721	75.83
224	2716	86.58
224	1259	88.87
225	2423	73.67
225	1285	79.35
225	588	84.33
225	1717	65.67
225	2791	88.59
225	1321	79.21
225	1136	85.97
225	1197	95.02
225	1753	67.96
225	2004	68.35
225	2371	65.31
225	1407	64.18
225	785	70.20
225	1060	79.28
225	3024	51.83
226	6938	69.90
226	32666	69.90
226	3552	85.16
226	542	52.04
226	1240	74.88
226	3098	73.72
226	2804	83.77
226	3668	78.70
226	3653	97.36
226	2231	78.41
226	145	63.79
226	2253	56.76
226	3052	74.88
226	2628	64.37
226	762	48.44
226	53129	86.52
226	4816	71.02
226	16	81.02
226	2144	75.11
226	46948	63.95
227	46976	78.52
227	52319	82.78
227	81845	86.06
227	109487	85.62
227	134130	89.81
227	215	86.27
227	48738	80.48
227	47099	85.06
227	1196	87.69
227	32587	81.97
227	912	90.94
227	55721	96.25
227	1682	81.30
227	750	91.97
227	778	85.76
227	40629	82.97
227	97913	80.30
227	70286	84.50
227	150	83.80
228	2571	84.47
228	1373	62.40
228	362	75.57
228	318	89.09
228	3113	57.30
229	34	76.16
229	589	80.49
229	377	71.14
229	45	70.93
229	587	71.29
229	5	66.39
229	475	90.59
229	442	61.20
229	597	74.54
229	364	83.81
229	213	93.88
229	110	80.91
229	527	86.83
230	34330	69.90
230	52715	69.90
230	47	72.66
230	7438	71.67
230	527	62.55
230	3147	70.66
230	45499	71.88
230	6537	68.13
230	2291	56.35
230	1387	63.87
230	6863	68.85
230	1485	49.68
230	595	51.39
230	4022	63.36
230	2096	53.62
230	588	63.03
230	4034	64.45
230	1676	66.59
230	8644	77.62
230	2641	45.50
231	92259	87.13
231	858	85.47
231	593	79.82
231	1198	87.42
231	109487	79.57
232	31867	69.90
232	41769	69.90
232	57526	69.90
232	70336	61.17
232	8644	76.18
232	1586	54.12
232	44972	49.87
232	4019	80.78
232	43928	37.64
232	30883	69.90
232	65802	55.97
232	8376	66.03
232	39292	76.11
232	1035	70.74
232	66198	58.65
232	66097	71.01
232	32011	42.10
232	6564	46.83
232	7451	75.23
232	33164	38.53
233	48394	68.19
233	3751	65.58
233	48516	78.72
233	1721	62.17
233	356	77.75
233	106100	63.81
233	162600	69.90
233	608	71.63
233	7153	75.20
233	134214	72.46
233	57669	72.31
233	122920	60.40
233	2329	75.68
233	4239	68.34
233	7371	72.48
233	3977	46.07
233	3147	77.93
233	3948	60.54
233	49272	70.85
233	5418	67.77
234	2616	61.68
234	2140	75.83
234	172	57.74
234	126	60.06
234	1562	56.30
234	4519	68.24
234	153	68.27
234	2710	64.76
234	3624	75.53
234	3483	67.23
234	1391	67.42
234	438	60.53
234	1460	79.50
234	2987	79.75
234	65	50.44
234	260	89.67
234	1359	53.31
234	3175	75.36
234	588	87.72
234	2080	82.08
235	480	75.83
235	736	67.63
235	500	67.68
235	454	68.97
235	592	67.05
235	235	76.93
235	595	74.43
235	32	80.93
235	527	90.32
235	648	72.14
235	223	80.19
235	588	70.89
235	377	67.89
236	1214	69.90
236	1278	69.90
236	1345	69.90
236	1350	69.90
236	1387	69.90
236	1388	69.90
236	1982	69.90
236	1997	69.90
236	1998	69.90
236	2447	69.90
236	2459	69.90
236	2490	69.90
236	2496	69.90
236	2502	69.90
236	2505	69.90
236	2542	69.90
236	2572	69.90
236	2580	69.90
236	2596	69.90
236	2598	69.90
236	2606	69.90
236	2657	69.90
236	2683	69.90
236	2694	69.90
236	2718	69.90
236	2770	69.90
236	2806	69.90
236	2858	69.90
236	3024	69.90
236	3052	69.90
237	32	72.42
237	4254	36.18
237	94959	59.41
237	293	68.46
237	1371	49.64
237	1193	76.82
237	7361	74.17
237	7980	71.57
237	43936	51.29
237	1374	70.64
238	4954	82.02
238	3528	80.13
238	4265	64.69
238	4901	67.36
238	4238	64.82
238	593	84.10
238	4499	80.88
238	4957	48.16
238	1193	84.26
239	58559	91.40
239	5459	64.09
239	4085	73.80
239	380	77.20
239	95	63.70
239	7445	79.27
239	608	88.93
239	7147	83.54
239	6378	85.59
239	2115	79.33
239	4896	81.49
239	36529	86.39
239	3994	71.81
239	33679	77.93
239	47	86.22
239	590	83.96
239	4022	88.46
239	208	68.24
239	733	77.66
239	51662	83.10
240	368	81.97
240	543	74.69
240	480	85.94
240	367	79.21
240	810	56.50
240	500	76.65
240	546	54.65
240	110	88.60
240	173	68.70
240	1	92.30
240	542	70.97
240	104	90.57
240	34	82.90
240	174	72.38
240	204	64.19
240	225	84.29
240	383	74.72
240	262	87.45
240	434	71.91
240	420	71.91
241	81786	69.90
241	71899	88.07
241	527	79.98
241	1206	84.91
241	1193	80.80
241	99114	78.77
241	100714	61.29
241	8981	76.53
241	53123	80.97
241	116897	91.29
241	56367	74.82
241	3910	82.75
241	106782	82.52
241	115569	86.39
241	4235	81.40
241	48780	74.14
242	39	69.13
242	380	70.31
242	231	63.47
242	457	81.36
242	592	69.43
242	454	73.71
242	111	91.12
243	112	82.55
243	353	90.39
243	62	89.90
243	588	89.46
243	193	68.43
243	586	73.00
243	181	62.65
243	376	78.83
244	3090	88.50
244	1049	74.37
244	110	78.91
244	257	68.62
244	165	73.36
244	151	63.14
244	1090	80.94
244	3755	72.83
244	2278	76.88
244	648	78.07
244	1580	77.10
244	1957	81.77
244	1610	81.94
244	1196	90.88
244	3256	73.27
244	1573	72.71
244	1242	89.99
244	3753	79.86
244	2243	66.65
245	3196	55.90
245	2739	64.47
245	3114	50.21
245	3274	48.45
245	1361	60.96
246	1304	83.43
246	616	83.43
246	1680	81.51
246	6016	91.95
246	3081	79.76
246	44191	88.41
246	60684	91.36
246	4973	90.16
246	1732	89.90
246	1298	79.04
246	53125	81.53
246	2291	83.86
246	2692	89.24
246	293	89.97
246	4011	94.12
246	5013	86.01
246	60069	92.88
246	48082	88.61
246	82202	78.26
246	95167	88.92
247	48516	82.73
247	593	78.03
247	2858	75.46
247	49272	76.71
247	1961	67.65
247	44191	74.17
247	527	80.14
247	116797	79.44
247	68358	75.09
247	122886	74.94
247	480	69.01
247	223	68.04
247	1265	69.28
247	2078	66.73
247	1198	76.85
247	1682	71.59
247	6377	71.12
247	1089	79.28
247	953	67.20
247	919	65.67
248	4886	75.44
248	1198	84.36
248	166528	80.30
248	176371	74.62
248	316	65.87
248	147374	88.06
248	102903	68.96
248	189333	69.95
248	122912	74.08
248	58559	83.93
248	5218	72.50
249	110350	69.90
249	102903	73.05
249	2167	73.73
249	94959	85.75
249	84601	68.74
249	2395	74.18
249	97306	76.16
249	3408	76.35
249	89047	69.90
249	91500	76.40
249	91542	81.88
249	40815	81.23
249	69844	82.31
249	904	84.30
249	46723	76.24
249	3826	55.35
249	68791	76.75
249	88812	57.90
249	67695	57.21
249	50	89.28
250	1282	88.82
250	2407	78.72
250	318	97.56
250	1597	72.06
250	1246	92.61
250	8880	83.30
251	142115	100.00
251	293	94.38
251	356	96.39
251	318	100.00
251	1089	99.66
252	164179	84.45
252	89745	86.31
252	6377	90.30
252	164909	65.89
252	1682	88.05
252	166643	85.32
252	143355	71.23
252	78499	87.15
253	44555	91.79
253	916	95.77
253	608	93.73
253	2300	85.88
253	7099	91.92
253	4217	69.90
253	26366	69.90
253	1192	100.00
253	4642	95.78
253	3363	89.25
254	46578	83.72
254	44195	85.49
254	207	75.05
254	49278	70.60
254	6333	74.56
254	780	66.26
254	110	83.27
254	1210	81.50
254	49272	77.39
254	27846	86.66
254	32587	80.50
254	2571	87.20
254	44929	78.32
254	47	87.30
254	293	85.72
254	1580	71.70
254	5995	86.56
254	32	80.98
254	592	66.66
254	48394	80.18
255	1270	59.70
255	4467	54.77
255	2023	43.44
255	3501	26.25
255	1663	55.42
255	1394	55.42
255	3392	46.97
255	2542	58.58
255	2915	44.81
256	3247	72.89
256	88744	76.34
256	377	82.54
256	4973	82.66
256	53972	77.93
256	118696	74.31
256	95441	69.33
256	104841	76.96
256	71535	81.55
256	2953	62.61
256	81229	80.66
256	53121	73.30
256	30707	84.45
256	2571	88.11
256	68791	74.14
256	170	78.91
256	6942	81.77
256	90405	75.25
256	6537	76.25
256	33493	77.01
257	1500	63.24
257	594	69.38
257	2502	82.28
257	494	54.97
257	2406	63.04
258	4995	84.13
258	7147	90.27
258	72641	67.58
258	76093	77.57
258	47099	80.35
259	508	62.90
259	5945	54.56
259	1784	63.04
259	4886	66.45
259	1356	75.52
259	1584	62.15
260	7361	81.87
260	3556	74.35
260	162	75.83
260	903	80.86
260	5690	78.48
260	6337	73.41
260	4878	81.88
260	5617	80.01
260	342	66.74
260	5219	57.66
260	2997	82.77
260	8011	75.22
260	1206	87.39
260	3317	77.59
260	6709	57.48
260	8874	78.47
260	2348	75.61
260	3822	76.22
260	2959	85.72
260	8645	77.26
261	3897	74.46
261	16	73.48
261	2060	61.11
261	296	84.53
261	2723	60.88
261	1682	76.03
261	4085	65.06
261	2194	72.13
261	7361	82.16
261	4238	60.52
261	58559	86.57
262	708	58.79
262	539	57.83
262	457	70.36
262	322	57.01
262	339	60.61
262	85	73.21
262	26	65.16
262	17	66.83
262	213	69.91
262	273	50.82
262	593	73.15
262	728	68.87
263	223	78.80
263	150	81.25
263	500	68.02
263	2987	76.07
263	2953	48.90
263	110	81.45
263	4226	83.06
263	8370	80.29
263	1197	86.85
263	7458	69.12
263	708	71.55
263	1111	83.78
263	2125	74.82
263	6942	77.93
263	5013	82.84
263	163	69.10
263	457	83.11
263	8636	75.44
263	1967	76.28
263	2085	67.56
264	7841	91.43
264	1376	67.65
264	151	61.30
264	5816	77.54
264	1907	78.76
264	1320	60.84
264	1917	62.34
264	150	74.83
264	3578	79.20
264	1090	68.43
264	253	63.73
264	1876	58.28
265	3807	69.90
265	316	67.83
265	253	69.60
265	1302	67.85
265	724	55.81
265	1240	75.81
265	3504	75.98
265	230	65.80
265	3831	72.38
265	1956	71.21
265	3098	72.59
265	529	74.06
265	1270	77.83
265	3791	59.95
265	1177	79.67
265	2322	59.15
265	1488	65.18
265	2474	62.95
265	1198	89.86
265	1962	66.59
266	476	69.90
266	2812	69.90
266	2700	75.50
266	2278	80.50
266	24	54.07
266	2770	63.40
266	2702	66.37
266	64	32.56
266	1405	59.16
266	2580	79.78
266	1527	77.02
266	2167	65.51
266	457	78.09
266	1580	71.63
266	2300	80.49
266	1923	66.82
266	2094	58.43
266	132	60.80
266	2571	86.05
266	2097	47.75
267	2858	88.12
267	593	91.95
267	1175	93.99
267	3006	78.45
267	1302	85.47
267	3999	66.53
267	3113	63.02
267	1093	69.38
267	589	91.17
267	2571	86.45
267	923	89.02
267	3996	79.94
268	1641	68.22
268	587	52.72
268	1125	66.49
268	1911	41.71
268	2802	48.98
268	1036	58.09
268	1370	50.13
268	50	70.24
268	2064	73.54
268	1784	58.35
268	1912	71.22
268	1966	67.03
268	454	59.31
268	1234	71.41
268	2247	49.07
268	1394	77.27
268	2829	67.51
268	802	53.08
268	260	70.56
268	2858	69.10
269	724	66.88
269	743	53.39
269	95	62.00
269	1	84.78
269	63	66.50
269	648	75.29
270	661	57.63
270	62	63.35
270	79	48.05
270	628	66.66
270	14	69.09
270	1356	71.32
270	141	62.32
270	25	72.29
271	3897	67.86
271	32	71.70
271	2791	71.35
271	969	72.78
271	6787	78.27
271	2858	72.06
271	55765	73.68
271	1320	52.69
271	2288	67.60
272	177765	68.02
272	1240	77.67
272	51662	73.27
272	122922	78.53
272	49272	78.61
272	158238	78.07
272	6365	66.15
273	440	80.84
273	593	89.66
273	500	69.78
273	608	91.13
273	223	85.18
273	111	93.69
273	150	84.40
273	21	73.71
273	466	64.25
273	235	80.83
273	520	73.51
274	50147	69.90
274	2947	74.24
274	3037	78.00
274	1645	70.79
274	4951	70.28
274	2036	44.52
274	1359	56.34
274	35957	62.93
274	553	74.23
274	76293	67.87
274	3918	71.25
274	1503	50.75
274	45431	64.16
274	4816	67.40
274	54999	63.38
274	5667	69.90
274	4876	54.69
274	56805	66.70
274	1921	75.06
274	54004	59.80
275	1784	76.45
275	2289	89.16
275	5884	69.90
275	1171	78.42
275	357	77.33
275	1912	88.14
275	2539	64.89
275	235	81.34
275	4886	71.78
275	2572	72.64
275	2355	72.14
275	3253	78.54
275	1192	100.00
275	926	91.18
275	111	84.04
275	2100	69.27
275	3089	90.29
275	1393	73.57
275	1719	93.39
275	1392	92.75
276	673	75.11
276	356	100.00
276	466	78.91
276	104	90.59
276	631	82.28
276	648	89.28
276	2	87.40
276	1367	80.04
276	344	84.23
277	637	67.76
277	736	74.73
277	656	70.12
277	1	89.99
277	780	80.48
277	260	98.23
278	2371	59.58
278	1347	56.00
278	4002	80.97
278	318	100.00
278	2369	56.89
279	134130	82.31
279	1101	65.55
279	166528	76.49
279	90405	62.76
279	61132	59.97
279	79132	77.03
279	56782	82.69
279	97913	72.13
279	1608	65.82
279	4226	75.97
279	59315	69.55
279	88129	75.69
279	54286	70.76
279	1258	72.50
279	8665	70.46
279	58559	81.41
279	4993	73.04
279	8376	62.05
279	107406	69.19
279	1200	83.10
280	92535	91.79
280	344	66.93
280	262	91.63
280	3146	56.54
280	4239	88.12
280	4447	72.82
280	8638	91.49
280	919	80.34
280	72641	80.20
280	86817	60.17
280	8368	84.79
280	49530	84.75
280	6863	76.31
280	35836	79.52
280	55052	78.79
280	54503	85.90
280	4246	78.33
280	48516	94.88
280	1911	57.41
280	3916	84.61
281	46578	78.27
281	8361	57.94
281	35836	69.44
281	3897	71.51
281	3861	47.99
282	5995	93.41
282	3977	61.49
282	3263	67.03
282	25	78.10
282	6708	75.24
282	2683	75.61
282	4718	63.51
282	6711	85.62
282	5481	60.82
282	6863	70.05
282	5669	87.00
282	3752	67.06
282	588	79.68
282	80463	84.25
282	1921	84.10
282	1193	89.51
282	4369	70.64
282	48322	91.84
282	1194	77.51
282	784	66.29
283	1580	61.34
283	39	60.35
283	1704	74.93
283	356	77.68
283	586	53.71
283	2082	47.56
283	805	70.71
284	474	82.43
284	173	64.11
284	2	79.63
284	296	93.89
284	15	69.66
284	348	80.96
284	248	66.94
284	318	100.00
284	47	93.63
284	353	88.24
284	275	45.82
284	44	60.25
284	339	75.34
284	367	75.42
284	276	71.89
284	165	80.60
284	637	67.85
284	235	79.07
285	1193	85.47
285	949	79.29
285	1247	83.39
285	6978	61.27
285	113207	69.90
285	4447	63.75
285	441	72.58
285	296	82.92
286	454	78.56
286	778	81.48
286	5989	75.45
286	1333	69.50
286	165	72.92
286	500	67.21
286	7438	79.09
286	2294	64.71
286	4993	86.93
286	4995	83.11
286	7361	86.69
286	70	73.09
286	4980	58.95
286	1258	84.86
286	4963	73.69
286	1097	72.59
286	4848	85.00
286	539	73.30
286	377	69.94
286	110	82.41
287	3160	65.21
287	3578	56.53
287	223	72.94
287	2633	75.77
287	1059	65.31
287	586	42.32
287	3005	38.61
287	532	56.88
287	1193	79.30
287	2599	69.44
287	2028	64.59
287	1485	41.43
287	3826	29.59
287	2081	47.55
287	8949	70.56
287	2012	51.78
287	101	62.83
287	4034	74.95
287	2422	26.01
287	2115	59.41
288	4473	69.90
288	4966	69.90
288	1008	69.90
288	2867	56.45
288	42015	63.41
288	141	55.93
288	2571	81.41
288	13	57.13
288	53519	63.24
288	2407	59.73
288	5418	75.11
288	3916	73.84
288	2347	31.01
288	2528	55.11
288	30810	67.63
288	575	38.07
288	32587	81.49
288	587	64.41
288	2517	50.08
288	8361	56.64
289	3	69.90
289	16	69.90
289	235	69.90
289	266	69.90
289	594	69.90
289	708	69.90
289	750	69.90
289	1080	69.90
289	1101	69.90
289	1208	69.90
289	1220	69.90
289	1258	69.90
289	1917	69.90
289	2012	69.90
289	2174	69.90
289	2710	69.90
289	2797	69.90
289	4322	69.90
289	6125	69.90
289	6327	69.90
289	6453	69.90
289	7025	69.90
289	7028	69.90
289	26704	69.90
290	1228	89.85
290	1299	92.56
290	2494	88.68
290	2739	89.50
290	608	89.47
290	2130	77.38
290	908	92.55
290	341	69.90
290	1447	70.43
290	342	79.04
290	1056	60.10
290	1719	91.71
290	953	84.34
290	928	90.45
290	1394	90.81
290	2648	80.05
290	475	92.88
290	2731	77.60
290	1357	85.10
290	2385	41.65
291	40815	92.63
291	122892	80.60
291	106489	83.98
291	134853	96.03
291	7153	96.42
291	88125	95.75
291	1	93.81
292	520	53.18
292	103339	69.16
292	122900	75.77
292	4896	73.76
292	2291	66.70
292	474	75.47
292	85056	66.59
292	46972	66.28
292	95167	76.08
292	164909	59.64
292	3176	65.49
292	3476	63.86
292	1608	63.83
292	31221	34.84
292	1101	68.34
292	3985	71.58
292	3984	74.40
292	1017	73.25
292	69844	79.46
292	231	57.99
293	1682	64.79
293	1673	72.95
293	344	51.86
293	1617	70.02
293	1097	65.82
294	416	41.08
294	3869	61.97
294	1064	47.25
294	2794	45.10
294	610	59.22
294	2133	61.33
294	1391	56.54
294	3868	49.50
294	1129	62.58
294	520	50.59
294	3387	54.70
294	355	29.26
294	2378	42.32
294	3693	42.24
294	785	54.70
294	2193	58.04
294	2367	41.63
294	2458	39.47
294	348	57.07
294	3501	40.23
295	1221	90.12
295	3198	75.71
295	1287	87.46
295	1213	85.88
295	4351	68.47
295	1198	85.72
295	858	89.29
295	318	97.16
295	2329	87.61
296	160848	69.90
296	2028	80.02
296	169034	69.90
296	4144	81.14
296	50	84.85
296	2324	80.84
297	832	39.65
297	543	50.48
297	1645	54.33
297	111	74.82
297	454	51.91
297	1089	77.16
297	6	66.54
297	1249	72.13
297	1047	41.03
297	1370	48.53
297	1488	43.90
297	150	55.44
297	170	47.67
297	1092	52.79
297	866	69.15
298	57640	63.81
298	95510	52.07
298	6811	33.83
298	8370	61.92
298	8807	58.53
298	63131	49.41
298	6881	55.45
298	3785	37.62
298	122900	58.44
298	103042	48.93
298	6294	33.65
298	2167	51.33
298	2005	59.38
298	6006	37.63
298	653	44.03
298	55995	29.76
298	3018	46.22
298	69757	55.05
298	103772	41.74
298	3825	33.94
299	3793	80.51
299	1387	87.26
299	188	74.69
299	1198	93.39
299	1214	84.82
300	318	69.90
300	356	69.90
300	527	69.90
300	593	69.90
300	1172	69.90
300	1704	69.90
300	2028	69.90
300	2324	69.90
300	2329	69.90
300	2571	69.90
300	2762	69.90
300	2858	69.90
300	2959	69.90
300	4848	69.90
300	4973	69.90
300	5995	69.90
300	6016	69.90
300	6711	69.90
300	7361	69.90
300	8950	69.90
300	48394	69.90
300	56174	69.90
300	63082	69.90
300	79132	69.90
300	81591	69.90
300	92259	69.90
300	99114	69.90
300	109487	69.90
300	112183	69.90
300	112290	69.90
300	112552	69.90
300	112556	69.90
301	21	65.94
301	357	63.79
301	2490	48.15
301	6711	79.23
301	589	67.83
301	8949	68.36
301	837	49.08
301	3948	60.33
301	364	73.48
301	527	85.18
301	5989	80.34
301	4963	78.38
301	608	69.64
301	292	62.68
301	3578	72.15
301	3897	77.37
301	4226	81.20
301	3753	49.55
301	1393	56.66
301	1792	46.31
302	480	79.06
302	14	79.02
302	3	67.69
302	25	78.15
302	648	75.38
302	707	58.65
302	110	84.66
303	5378	71.60
303	3703	81.85
303	1127	75.45
303	5544	74.30
303	1196	89.57
303	3471	75.27
303	1580	72.09
303	1394	75.01
303	2683	63.62
303	920	65.37
303	1358	71.72
304	314	77.41
304	2571	91.18
304	2433	73.70
304	10	77.28
304	1376	79.08
304	480	83.58
304	1373	73.79
304	1777	72.31
304	1270	89.36
304	1517	76.44
304	151	81.36
304	356	85.73
304	208	59.72
304	474	77.96
304	1214	82.95
304	1375	77.73
304	640	63.56
304	1722	71.02
304	185	69.70
304	2701	49.73
305	74624	69.90
305	140627	69.90
305	87869	75.80
305	919	83.80
305	1197	88.99
305	106100	76.65
305	138210	68.05
305	788	59.77
305	7482	81.12
305	80590	64.85
305	103075	70.04
305	903	93.12
305	6537	69.45
305	93840	83.46
305	54736	79.37
305	592	70.51
305	2288	85.57
305	58803	74.62
305	55276	79.41
305	1272	87.46
306	5784	35.58
306	68954	68.19
306	69644	48.56
306	6377	62.73
306	95543	73.46
306	81847	68.96
306	111743	53.32
306	85367	56.92
306	168418	73.39
306	167018	70.30
306	72998	58.88
306	122904	66.41
306	69406	69.27
306	85788	53.22
306	4963	62.53
306	115664	59.84
306	134368	68.58
306	112852	72.83
306	161634	64.22
306	133419	69.29
307	2190	69.90
307	4181	69.90
307	31424	69.90
307	49314	69.90
307	5010	75.73
307	7845	46.43
307	3392	39.49
307	1220	64.18
307	6793	27.14
307	6483	0.78
307	2332	18.41
307	56003	41.91
307	1991	40.51
307	3273	35.08
307	4876	40.40
307	3421	60.21
307	1409	34.95
307	413	44.72
307	4447	50.09
307	52867	69.90
308	2959	61.12
308	45517	55.30
308	96821	68.67
308	72998	56.75
308	318	59.67
308	2	55.83
308	904	41.48
308	589	35.48
308	8961	56.36
308	56152	68.94
308	56367	62.47
308	5618	67.40
308	36	39.29
308	410	32.06
308	79132	61.95
308	4993	64.70
308	8464	50.47
308	1221	45.43
308	2248	53.87
308	6	39.96
309	2202	90.38
309	1645	65.44
309	898	91.25
309	1682	70.44
309	296	75.32
309	1089	76.31
309	1269	68.91
309	7153	78.92
309	6947	70.64
309	8340	68.46
309	1104	78.83
309	7218	69.90
309	25886	86.28
309	1219	72.78
309	8154	79.34
309	971	85.01
309	1944	74.62
309	6365	60.02
309	1262	78.51
309	2762	72.15
310	6863	61.43
310	6947	72.62
310	1101	64.73
310	6503	39.75
310	2524	64.71
310	2457	79.38
310	5899	80.74
310	733	69.56
310	246	84.20
310	3254	58.14
310	1223	88.63
310	1080	81.28
310	2671	80.86
311	6561	69.90
311	5992	42.48
311	1517	42.70
311	6461	47.82
311	1407	37.39
311	2706	39.19
312	5816	77.03
312	1375	70.47
312	3499	81.78
312	589	78.45
312	2454	74.85
312	1358	79.87
312	4878	84.78
312	4103	79.94
312	3793	75.58
312	2028	85.94
312	1371	62.97
312	4121	66.21
312	2366	81.39
312	2747	56.12
312	4105	75.65
312	5446	67.96
312	2699	64.41
312	2529	87.27
312	1350	85.02
312	1356	78.32
313	4980	57.39
313	170	64.38
313	3917	76.74
313	2455	61.07
313	5544	86.33
313	541	79.27
313	2193	55.09
313	2000	64.44
313	6	75.10
313	1968	58.56
313	1089	79.35
313	1301	72.69
313	1240	71.76
313	3175	60.08
313	4865	77.57
313	2005	51.48
313	2167	66.18
313	1375	62.69
313	2087	49.43
313	2530	59.13
314	7	63.87
314	1042	57.88
314	44	39.73
314	165	59.18
314	457	67.80
314	293	70.04
314	597	66.56
314	329	51.25
314	442	52.38
314	26	72.80
314	830	57.84
314	728	71.52
314	618	69.90
314	107	61.52
314	536	57.68
314	10	58.15
314	1376	59.26
314	153	42.46
314	208	47.82
314	150	63.44
315	1262	71.05
315	2729	62.66
315	2529	66.92
315	2067	72.88
315	2553	61.11
315	909	65.10
315	902	68.46
316	1748	71.86
316	253	65.63
316	3968	56.18
316	158	49.64
316	5445	64.80
316	3751	63.89
316	7438	70.26
316	6874	70.89
316	48	61.19
316	3882	47.46
316	2572	67.08
317	133115	69.90
317	73321	64.79
317	91529	70.01
317	74545	79.33
317	7445	64.73
317	1213	89.08
317	48774	82.93
317	4262	74.60
317	1884	77.42
317	5989	75.90
317	3578	73.64
317	4011	86.98
317	68358	71.63
317	1208	86.34
317	72011	67.74
317	3897	79.84
317	3499	74.56
317	96829	86.03
317	116797	70.18
317	56782	78.70
318	26713	69.90
318	81191	69.90
318	90245	69.90
318	111817	69.90
318	127180	69.90
318	145080	69.90
318	150696	69.90
318	7445	67.24
318	1090	76.78
318	116799	81.36
318	82459	73.96
318	48385	63.33
318	2294	67.48
318	64839	77.21
318	88125	73.82
318	109487	76.23
318	4021	89.88
318	33794	74.73
318	54286	72.12
318	89753	83.20
319	115617	87.17
319	6377	89.78
319	356	94.91
319	136864	53.28
319	1221	95.42
319	122904	86.19
319	110	92.37
320	72998	70.86
320	71535	79.64
320	31184	73.37
320	59315	75.91
320	1013	69.11
321	587	68.72
321	356	84.67
321	160	68.26
321	592	73.37
321	597	77.02
321	780	75.45
321	339	75.66
321	355	53.30
321	410	69.86
321	3	74.90
321	500	73.95
321	457	79.19
322	2882	24.68
322	1968	61.06
322	2542	66.39
322	58559	70.34
322	2788	68.71
322	2146	53.97
322	2617	51.51
322	2918	65.31
322	778	65.22
322	2599	53.81
322	4027	63.42
322	4993	73.22
322	1230	59.46
322	51540	60.76
322	1	65.17
322	1617	68.62
322	1923	55.89
322	4010	49.99
322	11	70.31
322	1035	68.42
323	377	59.47
323	480	64.01
323	356	72.70
323	1094	60.35
323	161	61.70
323	115569	69.68
323	1198	73.87
323	29	73.64
323	551	67.28
323	22	52.78
323	318	75.52
323	112183	51.13
323	253	63.72
323	111659	37.58
323	3257	54.55
323	260	72.60
323	150	66.89
323	329	56.24
323	342	63.40
323	266	53.58
324	2764	90.63
324	3972	78.77
324	3864	30.08
324	3949	70.84
324	3897	72.13
325	2848	69.90
325	235	78.32
325	2986	52.76
325	262	80.42
325	1573	66.37
325	2596	67.72
325	1584	72.50
325	1217	89.65
325	1676	62.55
325	4714	38.63
325	3770	49.81
325	3261	66.66
325	2894	69.90
325	2155	73.89
325	1279	81.62
325	1614	51.88
325	3994	66.32
325	2268	68.84
325	2915	67.36
325	5008	93.12
326	8665	77.80
326	47610	80.71
326	20	48.30
326	2858	84.89
326	86882	69.85
326	5418	76.08
326	4973	93.08
326	133771	79.23
326	48774	82.23
326	2324	81.87
326	1293	83.62
326	2692	81.98
326	72605	65.89
326	70159	65.31
326	54286	75.60
326	5446	72.05
326	6591	95.05
326	4226	88.23
326	105844	70.86
326	31410	80.13
327	3301	85.45
327	150	95.53
327	858	98.54
327	1923	88.23
327	51255	97.65
327	48516	100.00
327	1304	82.59
327	765	82.73
327	6888	67.96
327	2706	84.19
328	2687	53.27
328	112852	68.93
328	70286	62.10
328	1196	81.32
328	457	68.69
328	364	75.94
328	80463	48.45
328	3489	58.05
328	318	75.42
328	595	64.95
328	5349	62.17
328	2542	76.15
328	1219	72.26
328	35836	45.05
328	3751	61.60
328	79091	56.42
328	7153	75.09
328	596	63.28
328	2398	74.24
328	1148	78.75
329	130482	69.90
329	136850	69.90
329	858	48.87
329	1884	38.86
329	750	47.96
330	5378	60.46
330	316	56.74
330	1639	74.54
330	2918	82.09
330	919	79.92
330	3949	79.94
330	3535	74.98
330	5349	75.25
330	380	55.34
330	1676	61.29
330	2502	83.70
330	3703	64.64
330	1682	84.61
330	2683	63.93
330	1206	75.85
330	1721	61.37
330	2791	79.43
330	2081	72.34
330	8874	80.98
330	592	55.10
331	8874	79.52
331	6157	37.23
331	88125	78.15
331	6539	71.07
331	3897	69.91
331	4446	62.65
331	7361	88.41
331	50872	70.21
331	4995	76.76
331	4306	66.83
331	6874	73.31
331	5502	59.87
331	3911	71.13
331	608	88.81
331	4447	60.23
331	593	85.12
331	3751	68.15
331	8665	67.83
331	4367	54.56
331	2959	88.60
332	47	78.12
332	1653	73.32
332	1258	83.34
332	316	60.10
332	8983	68.62
332	431	71.65
332	97757	69.90
332	2291	72.81
332	1835	66.68
332	356	80.97
332	5502	60.02
332	4308	71.15
332	1203	81.92
332	1682	72.17
332	1249	78.43
332	76251	64.03
332	2905	83.82
332	318	88.28
332	2294	60.21
332	32	70.86
333	3785	45.01
333	3752	47.34
333	3616	45.89
333	3615	49.16
333	3646	21.59
334	55820	68.74
334	1196	76.65
334	1580	65.57
334	1291	72.99
334	3996	69.53
334	589	71.28
334	30810	57.25
334	4027	67.04
334	1	73.77
334	64957	62.86
334	1625	62.27
334	50601	43.21
334	44195	75.26
334	27416	74.90
334	6867	63.33
334	2997	71.30
334	293	69.09
334	480	69.06
334	5378	54.93
334	51935	66.07
335	780	71.69
335	592	70.05
335	356	88.14
335	296	86.79
335	2699	58.78
335	2001	67.40
336	1267	95.34
336	1	89.37
336	38798	71.15
336	33660	91.09
336	1784	81.81
336	2001	77.49
336	2268	88.33
336	293	89.94
336	1625	85.97
336	4886	87.22
336	50	93.32
336	150	90.87
337	318	96.65
337	47	93.69
337	16	84.79
337	805	86.50
337	1393	83.00
337	266	76.83
337	667	74.56
337	168	74.64
337	784	72.74
337	65	66.49
337	110	92.94
337	708	81.03
337	25	77.53
337	1356	93.97
337	277	74.13
337	786	81.44
338	189111	69.90
338	190207	69.90
338	190215	69.90
338	190219	69.90
338	7153	71.27
338	593	82.83
338	187541	30.71
338	185029	52.04
339	72641	75.80
339	5445	80.50
339	84152	86.35
339	96079	73.76
339	106072	65.26
339	69122	72.14
339	5617	83.56
339	41285	76.04
339	56869	69.90
339	48322	93.03
339	65216	85.70
339	91630	69.03
339	86504	89.45
339	91529	77.70
339	83613	64.68
339	4993	77.92
339	3470	93.87
339	102407	66.48
339	2028	92.98
339	5952	79.58
340	10	69.90
340	110	69.90
340	150	69.90
340	153	69.90
340	161	69.90
340	165	69.90
340	185	69.90
340	208	69.90
340	253	69.90
340	288	69.90
340	292	69.90
340	296	69.90
340	316	69.90
340	318	69.90
340	329	69.90
340	344	69.90
340	349	69.90
340	356	69.90
340	454	69.90
340	457	69.90
340	480	69.90
340	589	69.90
340	590	69.90
340	592	69.90
340	595	69.90
340	648	69.90
340	780	69.90
340	1356	69.90
341	2335	66.54
341	3624	69.01
341	130087	60.58
341	1370	77.84
341	135137	61.88
341	117529	72.86
341	5459	63.89
341	45672	67.04
341	1	82.87
341	47099	82.77
341	4025	66.63
342	2683	65.69
342	2598	59.05
342	2881	63.81
342	2369	54.69
342	1268	75.54
342	2605	61.21
342	2599	68.69
342	1198	86.35
342	3157	48.93
342	3826	46.75
342	2428	49.34
342	2827	44.34
342	3863	59.98
342	1959	74.74
343	858	86.60
343	3000	80.85
343	48394	82.06
343	4226	89.08
343	4878	84.48
343	3993	72.55
343	2571	85.85
343	1617	85.01
343	31658	82.83
343	55363	89.07
343	55820	82.32
343	296	87.50
344	111362	84.59
344	380	71.61
344	316	64.34
344	2628	59.67
344	4226	66.80
344	2571	79.44
344	4014	64.43
344	2012	70.37
344	4034	68.67
344	260	85.42
344	2541	68.12
344	4973	74.72
344	5418	66.82
344	2712	65.93
345	1019	74.53
345	2539	65.87
345	926	91.05
345	5902	86.34
345	8810	64.07
345	344	69.60
345	5707	60.87
345	2366	78.23
345	56949	79.51
345	3649	51.44
345	6658	69.90
345	3489	72.18
345	412	69.25
346	3174	67.21
346	778	77.20
346	608	79.45
346	6711	80.03
346	6286	79.22
346	306	83.56
346	7323	76.00
346	307	79.14
346	3535	74.50
346	1212	86.80
346	357	62.29
346	3949	77.76
346	714	84.04
346	7937	69.90
346	7396	83.66
346	5878	81.62
346	1120	68.17
346	1131	79.85
346	3627	74.31
346	7115	68.47
347	434	61.26
347	590	77.22
347	39	69.07
347	150	79.63
347	454	74.53
347	380	69.92
347	587	67.97
347	317	66.31
347	457	78.86
348	318	100.00
348	2324	95.72
348	4368	53.94
348	1213	97.95
348	6016	97.14
348	2959	100.00
348	6893	91.61
348	4973	97.52
348	1221	98.68
348	1960	86.56
348	2019	97.39
349	10	73.46
349	161	75.64
349	589	82.10
349	381	82.16
349	349	73.31
349	231	64.64
349	588	79.26
349	509	75.49
350	852	58.42
350	7	61.72
350	637	57.77
350	648	67.44
350	733	71.50
350	12	47.37
350	858	80.50
350	661	67.03
351	88932	69.90
351	87222	66.54
351	73344	91.79
351	52579	63.05
351	2231	78.78
351	88744	69.07
351	43836	63.89
351	79132	80.20
351	597	74.81
351	58559	83.66
351	12	47.06
351	8914	80.50
351	8950	81.29
351	63082	74.71
351	6214	79.47
351	90376	72.23
351	84152	85.16
351	480	75.58
351	4878	80.35
351	1193	83.85
352	72998	69.97
352	71745	57.23
352	1801	75.82
352	34319	63.04
352	2600	79.36
352	65682	70.58
352	1080	78.13
352	79695	57.17
352	110730	45.85
352	38038	67.99
352	130490	58.82
352	97752	73.04
352	1214	85.53
352	94864	63.32
352	41566	68.98
352	56587	72.58
352	44191	78.66
352	114935	76.40
352	59315	77.78
352	47610	73.30
353	552	65.63
353	25	79.97
353	267	54.65
353	216	70.52
353	367	69.93
353	288	71.04
353	144	63.86
353	186	49.87
353	333	75.26
353	266	66.73
353	112	70.52
353	198	68.03
353	234	51.74
353	145	60.52
353	293	80.97
353	158	51.76
353	163	79.03
353	296	88.71
354	1610	78.73
354	4306	77.39
354	2692	81.01
354	3147	81.94
354	47	81.60
354	903	77.78
354	733	75.92
354	3977	57.89
354	1225	78.42
354	35836	74.68
354	648	74.16
354	44191	80.06
354	8665	76.23
354	1917	64.31
354	7147	77.66
354	1923	76.13
354	589	82.42
354	2959	87.05
354	4718	58.51
354	1196	82.45
355	316	75.71
355	1580	81.18
355	3035	93.87
355	3175	83.00
355	317	68.43
355	916	93.64
356	2248	84.73
356	52435	86.78
356	52975	75.72
356	7122	69.90
356	44889	69.90
356	1641	79.20
356	2706	69.96
356	4011	87.11
356	802	74.93
356	7323	79.71
356	2502	91.00
356	56367	79.09
356	1223	91.04
356	55118	83.70
356	3949	82.50
356	3996	82.55
356	1246	86.14
356	1466	81.08
356	223	86.77
356	7153	85.31
357	4354	69.90
357	8998	69.90
357	27329	69.90
357	2804	86.97
357	595	79.72
357	529	82.80
357	4663	62.27
357	4091	73.90
357	1224	81.40
357	1242	85.56
357	34	75.83
357	208	56.46
357	58559	88.65
357	6296	78.49
357	30793	67.86
357	1042	69.91
357	2100	67.79
357	551	78.07
357	471	74.58
357	2067	81.28
358	26095	69.90
358	605	63.99
358	5066	63.31
358	52328	63.09
358	2226	69.90
358	42728	70.20
358	7361	82.68
358	69844	76.01
358	36525	60.48
359	405	37.01
359	1092	54.70
359	1101	58.03
359	51412	46.98
359	648	65.47
359	296	75.05
359	1097	67.85
359	2396	71.76
359	2424	59.24
359	593	75.19
359	2701	34.41
359	2942	61.57
359	1682	68.03
359	2530	47.77
359	4995	77.32
360	1422	63.96
360	1620	63.92
360	1488	62.42
360	1711	60.54
360	1414	63.98
361	47099	76.12
361	1580	57.02
361	377	63.14
361	1552	58.63
361	49272	67.50
361	1263	55.60
361	53125	69.36
361	589	62.86
361	49822	65.47
361	8360	67.18
361	318	72.22
361	2529	63.66
361	5218	63.80
361	6188	66.29
361	2422	17.83
361	3082	62.73
361	1732	59.02
361	1370	58.97
361	46972	66.37
361	7458	70.55
362	1945	91.31
362	592	78.91
362	6539	85.89
362	51540	81.19
362	5989	84.80
362	637	70.75
362	70	81.92
362	7153	91.19
362	1252	95.24
362	44665	85.75
362	407	75.03
362	6874	85.68
362	2959	93.63
362	1196	95.12
362	1208	95.08
362	8961	86.18
362	48516	92.28
362	7438	86.77
362	356	89.88
362	1201	93.04
363	1552	47.92
363	1732	66.86
363	1517	59.99
363	296	70.16
363	653	49.39
363	318	74.34
364	858	87.03
364	9	79.06
364	783	80.33
364	376	77.23
364	1	83.20
365	59315	51.12
365	81229	66.28
365	128975	46.53
365	6874	61.89
365	90345	67.34
365	158872	51.86
365	129354	64.65
365	103075	47.26
365	135536	45.47
365	70286	56.81
365	112852	58.02
365	76077	57.67
365	112818	58.68
365	1777	64.47
365	6502	58.38
365	155820	69.90
365	541	56.69
365	95720	59.93
365	93270	44.08
365	135569	58.13
366	116797	84.98
366	59315	77.57
366	33794	78.12
366	91529	83.43
366	2028	85.32
366	122882	78.78
366	7438	80.08
367	926	98.76
367	3061	65.77
367	1270	91.18
367	1287	96.43
367	486	55.19
367	3536	69.06
367	3824	39.80
367	2384	60.94
367	3072	80.48
367	898	91.39
367	3618	75.46
367	3225	58.48
367	2248	91.26
367	3157	64.93
367	3969	86.16
367	3717	77.82
367	1259	91.02
367	4023	77.25
367	1196	88.40
367	1258	87.78
368	3753	54.55
368	2112	54.15
368	1944	68.73
368	2986	42.72
368	3869	64.07
368	1214	69.30
368	2947	63.42
368	415	43.06
368	3035	79.09
368	832	58.20
368	50	82.53
368	2819	71.25
368	1801	57.93
368	2490	56.40
368	1917	52.36
368	1391	51.50
368	2193	58.29
368	225	61.98
368	161	66.05
368	2881	48.38
369	1256	71.23
369	785	58.87
369	47	77.65
369	2706	62.23
369	839	43.37
369	377	64.41
369	52973	67.59
369	743	40.12
369	4214	52.01
369	5418	73.70
369	3863	57.95
369	1372	62.91
369	27904	72.61
369	60069	79.58
369	2857	55.74
369	1967	72.76
369	150	69.06
369	2011	62.27
369	1580	60.02
369	3174	71.32
370	4011	73.49
370	4878	70.50
370	8961	72.55
370	6377	71.43
370	2628	53.21
370	1748	73.50
370	2116	44.91
370	589	72.24
370	2329	73.22
370	7438	71.03
370	3977	45.11
370	1676	56.66
370	593	72.43
370	4973	81.39
370	4226	78.56
370	1240	64.51
370	1089	69.20
370	8636	69.08
370	2716	61.66
371	2571	100.00
371	112512	69.90
371	1258	99.15
371	4090	91.63
371	56715	98.41
371	3000	95.19
371	4226	99.83
371	4993	100.00
371	1748	97.68
372	335	69.90
372	924	71.71
372	318	86.75
372	1603	42.55
372	1479	56.58
372	589	86.32
372	81	61.11
372	387	38.27
372	616	61.46
372	337	67.03
372	1220	73.16
372	1201	73.79
372	165	78.43
372	1243	68.96
372	1258	77.06
372	377	75.20
372	1401	57.97
372	450	55.40
372	1206	72.53
372	1306	50.75
373	216	58.80
373	60	55.71
373	169	34.98
373	350	56.22
373	585	44.85
373	44	36.56
373	371	64.63
373	163	59.21
373	616	58.68
373	198	60.35
373	265	75.57
373	25	73.94
373	6	74.43
373	733	61.23
373	47	76.79
373	2	61.84
373	736	55.08
373	305	42.80
373	357	65.87
373	141	60.50
374	296	82.40
374	208	59.91
374	1219	88.41
374	480	76.88
374	592	70.97
374	1258	86.81
374	1339	81.10
375	344	68.38
375	1027	58.15
375	32	90.83
375	2628	75.15
375	3256	81.33
375	4226	94.94
375	500	72.67
376	91535	69.15
376	2002	62.72
376	1214	82.20
376	1101	70.43
376	2916	77.30
376	33794	83.58
376	1198	92.32
376	349	82.01
376	1371	67.70
376	376	74.64
376	1240	86.22
376	1375	71.41
376	4993	85.79
376	858	86.50
376	457	87.09
376	4226	80.96
376	5952	79.36
376	344	69.69
376	2763	82.05
376	2797	77.51
377	4942	69.90
377	2793	52.25
377	1262	85.49
377	2791	91.06
377	748	75.94
377	1345	71.87
377	5027	53.09
377	5113	68.44
377	27692	69.90
377	3421	80.66
377	6021	69.90
377	3364	71.10
377	2072	73.12
377	8641	83.49
377	2163	51.05
377	92760	69.90
377	2858	91.05
377	1503	56.58
377	2124	77.41
377	2015	81.20
378	33794	78.37
378	7153	84.50
378	48516	87.88
378	3114	78.90
378	858	88.36
378	68954	78.65
378	91529	81.39
378	71535	79.34
378	90600	72.59
378	364	80.79
379	318	83.52
379	377	66.69
379	19	52.56
379	292	69.64
379	480	75.03
379	367	61.48
379	597	69.24
379	344	60.79
380	60818	69.90
380	172875	69.90
380	172881	69.90
380	172887	69.90
380	355	53.68
380	6979	81.86
380	5476	29.69
380	2735	61.96
380	68194	91.82
380	63433	61.41
380	72356	90.87
380	105731	69.90
380	1833	58.25
380	551	80.63
380	6731	79.46
380	27831	80.34
380	1665	60.01
380	393	61.60
380	140956	76.48
380	2791	89.80
381	2085	69.27
381	1088	70.05
381	3253	68.28
381	185	59.43
381	317	55.11
381	27808	65.86
381	1240	70.50
381	19	51.48
381	3753	68.88
381	4321	56.39
381	72011	79.91
381	3082	71.19
381	333	75.62
381	2140	66.47
381	1385	55.24
381	2273	60.67
381	1208	82.41
381	457	71.91
381	104	70.80
381	2716	72.92
382	1204	97.76
382	142372	39.91
382	135532	71.71
382	1201	92.88
382	112171	74.85
382	1198	100.00
382	912	96.60
382	81847	85.52
382	4638	60.47
382	63540	37.09
382	1681	40.17
382	170289	69.90
382	103042	81.61
382	72737	81.20
382	2496	71.99
382	357	79.90
382	81537	56.32
382	59501	84.39
382	101362	55.22
382	4890	66.49
383	2436	86.41
383	2541	69.67
383	2496	60.18
383	1584	71.02
383	2558	51.93
383	1246	80.98
383	903	83.18
384	3527	68.07
384	1388	52.07
384	2683	61.21
384	2502	78.28
384	4333	41.68
384	3098	66.31
384	4396	50.60
384	457	70.22
384	358	50.36
384	968	74.58
384	2724	49.71
384	296	78.14
384	3991	53.27
384	1204	79.09
385	736	63.22
385	1080	82.30
385	249	71.72
385	1219	74.73
385	1036	80.37
385	1136	81.93
385	282	58.68
385	1073	73.88
385	1200	78.05
385	1228	76.68
385	1022	62.93
385	1007	55.20
385	1201	83.20
385	1246	73.08
385	344	57.49
385	589	77.83
385	1023	56.54
385	1287	76.50
385	594	65.66
385	1303	76.39
386	110	61.17
386	410	41.43
386	112	50.97
386	165	52.45
386	223	66.09
386	648	52.36
386	185	42.83
386	608	71.86
386	485	43.75
386	305	40.00
386	44	33.09
386	585	47.22
386	349	56.41
386	10	51.70
387	4393	69.90
387	5156	69.90
387	5780	69.90
387	7336	69.90
387	26124	69.90
387	40966	69.90
387	2712	71.48
387	5062	77.74
387	1247	82.77
387	5489	69.90
387	4195	65.37
387	7132	74.73
387	2946	60.57
387	1387	71.13
387	3000	73.73
387	51939	47.30
387	4995	75.47
387	912	83.59
387	7938	69.90
387	1783	49.98
388	6158	69.90
388	63239	69.90
388	33615	82.99
388	86298	68.02
388	62999	80.30
388	8360	85.09
389	17	93.33
389	140	85.82
389	628	89.25
389	762	65.12
389	743	65.43
389	95	74.21
389	32	95.40
390	6344	69.90
390	64957	65.66
390	4239	72.84
390	5220	52.60
390	1193	81.05
390	2571	77.61
390	9010	84.45
390	2291	67.28
390	5296	51.32
390	4226	79.86
390	7254	69.58
390	6377	71.98
390	63062	71.72
390	1206	81.67
390	2329	79.85
390	4014	67.19
390	1784	65.35
391	5575	69.90
391	500	61.30
391	3994	63.53
391	1213	86.99
391	516	63.04
391	199	85.39
391	4027	83.73
391	150	68.34
391	1408	78.40
391	4014	59.81
391	1527	65.91
391	1059	72.64
391	2916	63.02
391	4973	81.30
391	357	60.23
391	555	73.63
391	5026	75.11
391	4936	68.97
391	1210	75.94
391	3067	84.92
392	3004	53.70
392	2858	83.43
392	707	50.76
392	1198	82.97
392	1125	72.47
393	91658	65.27
393	102125	77.42
393	48394	83.97
393	36517	57.81
393	8636	79.14
393	110102	73.07
393	44199	70.24
393	5388	62.74
393	54259	70.83
393	4848	63.79
393	5669	73.58
393	1291	73.09
393	68848	84.30
393	86190	67.47
393	2571	89.76
393	1206	78.21
393	122892	70.97
393	106642	97.71
393	1625	68.43
393	106489	74.06
394	588	62.15
394	316	55.84
394	344	48.50
394	225	56.51
394	457	66.46
395	329	63.50
395	1025	62.15
395	296	75.30
395	160	56.41
395	208	57.07
395	173	51.64
395	485	58.32
395	355	40.43
395	520	64.45
395	595	65.57
395	126	45.85
395	48	57.82
395	367	57.48
396	1276	75.28
396	1597	44.68
396	1777	58.84
396	44	33.15
396	204	53.21
396	2081	62.10
397	4017	67.03
397	8645	76.32
397	1701	86.08
397	8228	76.84
397	6993	85.67
398	6408	69.90
398	1197	93.75
398	5971	90.50
398	7022	78.94
398	1198	92.44
398	60069	87.13
398	2455	76.66
398	1136	90.25
398	48516	86.36
398	82459	75.13
399	1198	82.94
399	110	76.61
399	5445	72.62
399	1196	82.49
399	593	76.92
399	480	72.02
399	1270	77.19
399	2194	73.36
400	608	93.29
400	356	93.25
400	2571	93.49
400	2959	96.87
400	7153	90.13
400	1221	94.30
400	3578	85.81
400	858	97.32
400	59615	64.66
401	5952	72.74
401	6297	71.36
401	55768	63.21
401	48982	67.51
401	166461	64.45
401	49274	48.51
401	50872	74.05
401	32031	61.71
401	79091	74.49
401	170939	69.90
401	38038	67.70
401	8360	71.17
401	3114	70.25
401	33615	68.68
401	1136	75.55
402	1084	87.86
402	597	82.12
402	52	79.51
402	329	76.48
402	296	86.79
402	586	70.14
402	315	66.27
402	1036	86.71
402	434	68.87
402	527	90.78
403	110	83.37
403	2427	72.26
403	3210	68.55
403	296	86.30
403	61465	65.35
403	1663	74.04
403	180	69.64
404	204	51.59
404	349	67.43
404	474	68.67
404	34	70.87
404	364	77.12
404	508	68.66
404	105	61.03
404	593	78.29
404	509	64.07
404	277	58.35
404	315	56.13
404	185	58.44
405	70708	69.90
405	293	82.43
405	7254	76.07
405	37731	81.30
405	2959	87.22
405	345	73.00
405	1213	86.04
405	7134	69.90
405	64614	81.47
405	6023	67.78
405	1241	81.94
405	2329	85.31
405	1247	82.29
405	3052	78.52
405	68237	83.30
405	1199	88.72
405	27592	86.38
405	27664	69.90
405	3418	71.23
405	1215	88.04
406	1586	38.94
406	135	43.32
406	56949	79.45
406	46972	63.03
406	724	54.48
407	7153	87.37
407	2959	91.25
407	6539	81.43
407	1240	81.33
407	54286	78.49
408	1198	99.16
408	122904	83.10
408	44840	71.50
408	165101	81.31
408	6618	89.50
408	1291	94.69
408	1210	96.20
408	89745	87.39
408	1278	95.47
408	7324	80.30
408	44	66.70
408	8641	89.46
408	115210	85.81
408	103596	30.78
408	68554	78.70
408	2571	92.24
408	109487	83.30
408	63131	81.30
408	80489	92.91
408	4649	85.22
409	2485	51.57
409	2490	73.38
409	2028	84.72
409	3812	63.70
409	1278	88.14
409	2997	84.62
409	296	86.11
409	1078	72.05
409	3016	60.80
409	1073	83.14
409	2683	67.30
409	2289	90.30
409	3846	62.83
409	912	93.48
409	2013	64.05
409	1911	46.91
409	2352	81.90
409	1230	82.74
409	2541	58.78
409	3174	69.26
410	389	69.90
410	3224	100.00
410	318	81.02
410	2302	68.31
410	4002	87.01
410	1060	73.39
410	4297	71.35
410	3263	57.93
410	1859	73.21
410	111	86.66
410	58	86.28
410	2145	61.68
410	3255	74.21
410	2321	70.28
410	3504	89.87
410	3948	66.18
410	11	75.74
410	4019	74.97
410	3	71.04
410	597	67.45
411	508	65.30
411	261	69.16
411	586	58.08
411	432	50.35
411	353	71.26
411	431	71.03
411	194	73.70
411	318	90.35
411	272	60.66
411	515	63.11
411	356	80.95
411	266	61.69
411	257	70.12
411	349	74.10
411	10	72.85
411	31	60.40
411	344	63.63
411	227	60.97
411	455	44.70
411	122	50.09
412	2828	13.01
412	2384	63.08
412	2915	74.44
412	903	88.79
412	608	83.78
412	2720	29.52
412	2858	82.64
412	1883	55.20
412	1307	83.48
412	1214	80.75
412	1784	72.18
412	2239	100.00
412	1	76.83
412	930	93.11
412	1136	80.56
412	2710	55.94
412	915	84.47
412	2398	85.11
412	17	85.41
412	1079	85.94
413	2706	84.28
413	1198	100.00
413	3753	84.29
413	2424	81.18
413	593	100.00
413	128360	84.40
413	4993	100.00
413	16	97.56
413	5574	90.84
413	3948	84.62
413	64957	83.73
413	2959	100.00
414	4458	69.90
414	4666	69.90
414	5285	69.90
414	5635	69.90
414	6033	69.90
414	6493	69.90
414	6563	69.90
414	6628	69.90
414	6797	69.90
414	48319	69.90
414	58879	69.90
414	169992	69.90
414	3802	40.41
414	3599	58.96
414	1600	79.66
414	8666	29.12
414	4975	72.73
414	7444	69.26
414	4081	33.33
414	177593	98.07
415	296	87.73
415	1213	88.42
415	4321	69.10
415	3507	85.79
415	4308	73.82
415	47	83.96
415	1021	45.60
415	111	88.39
415	2617	64.81
415	1276	92.94
415	3861	58.29
415	4369	64.15
415	99114	82.05
415	1221	90.98
415	63082	80.37
415	1234	86.49
415	45722	72.39
415	1197	89.51
415	175	87.25
416	5952	55.53
416	5951	57.17
416	531	58.91
416	1296	59.04
416	1199	70.83
416	1721	38.45
416	830	51.94
416	1206	66.87
416	7323	65.43
416	4848	67.63
416	3677	78.34
417	778	92.88
417	4995	93.15
417	4975	80.35
417	7254	83.68
417	1198	94.86
417	106782	86.74
417	27773	91.62
417	168250	70.24
417	1625	85.10
417	7153	98.92
417	74458	90.06
417	110102	82.11
417	48394	91.14
417	4878	92.40
418	356	86.64
418	296	87.47
418	63082	77.71
418	104374	77.19
418	1276	90.10
418	1136	92.07
418	117176	70.97
418	1573	65.25
418	137337	72.49
418	1682	82.46
418	5816	71.86
418	88125	78.80
418	74458	87.49
418	367	58.85
418	89745	77.98
418	45672	61.85
418	87869	73.81
418	7361	91.15
418	54001	78.67
419	4093	69.90
419	111	82.80
419	46976	78.33
419	27822	55.63
419	2858	80.63
419	319	82.76
419	6287	66.10
419	3578	85.97
419	1213	85.18
419	64969	79.94
419	47	81.78
419	79592	77.43
419	34319	75.86
419	89580	69.90
419	60756	73.65
419	27704	69.90
419	90943	69.90
419	2412	41.72
419	1240	81.68
419	52245	67.20
420	1161	80.39
420	4993	83.77
420	45499	64.54
420	923	82.47
420	26693	69.90
420	48385	66.80
420	1927	90.71
420	5608	77.10
420	2052	58.12
420	6934	59.83
420	7022	78.39
420	3979	51.33
420	59295	69.90
420	2329	83.95
420	54259	73.68
420	1131	80.97
420	2762	78.61
420	4973	83.79
420	5669	79.61
420	527	83.33
421	2858	84.26
421	909	74.30
421	5008	97.68
421	953	79.71
421	1178	93.19
421	2313	79.24
421	2478	63.49
421	1203	87.07
422	2539	57.62
422	2710	51.77
422	4947	88.01
422	4971	53.47
422	5039	79.83
422	4925	69.90
422	2581	55.90
422	4916	61.69
422	1265	74.63
422	2804	73.61
422	3053	66.76
422	2665	69.90
422	1283	76.87
422	4835	82.40
422	2908	68.48
422	3943	52.28
422	1213	80.80
422	2670	68.44
422	858	85.21
423	1653	80.47
423	110	91.89
423	2194	79.36
423	5349	73.71
423	1320	66.82
424	1193	76.48
424	141	71.23
424	2804	76.04
424	40278	77.71
424	608	76.14
424	108729	67.49
424	293	67.65
424	69122	69.84
424	1092	64.68
424	54503	78.50
424	58559	77.82
424	3186	68.37
424	66097	71.12
424	778	74.89
424	5679	65.16
424	3176	66.65
424	2288	71.86
424	2174	71.18
424	71668	72.58
424	112556	74.45
425	45517	66.31
425	377	68.22
425	2329	83.73
425	733	69.17
425	6	81.71
425	1645	67.33
425	8368	76.70
425	2081	69.01
425	4306	76.97
425	1680	70.40
425	1909	67.36
425	367	61.44
425	46723	69.99
425	1625	70.79
425	1036	74.16
425	4901	67.58
425	750	77.77
425	2353	70.35
425	1342	51.18
425	145	64.86
426	59784	62.47
426	150	82.02
426	471	72.23
426	337	80.31
426	54001	81.81
426	1197	84.59
426	6378	64.76
426	72641	69.80
426	4886	72.84
426	8644	65.01
426	37729	70.85
426	597	76.13
426	5444	75.82
426	91325	31.31
426	588	79.25
426	3247	60.33
426	4022	67.79
426	79091	73.72
427	4887	54.50
427	5463	47.48
427	5015	60.93
427	110	78.36
427	58	84.32
427	5528	64.69
427	6348	34.29
427	5312	60.39
427	2710	58.41
427	5696	39.68
427	4993	82.78
427	5266	56.89
427	2683	64.91
427	5400	52.35
427	5816	68.83
427	1208	86.21
427	5574	64.66
428	2471	35.46
428	2762	57.27
428	3827	40.27
428	1089	74.29
428	2953	29.19
428	2916	50.71
428	1380	45.27
428	1997	60.15
428	3440	19.61
428	4022	59.82
428	317	44.01
428	4255	33.13
428	1208	77.10
428	1391	45.23
428	6377	58.20
428	2581	36.35
428	260	65.47
428	3285	54.96
428	588	54.95
428	653	46.51
429	339	89.91
429	421	76.63
429	150	94.00
429	225	86.11
429	165	89.85
429	266	81.22
429	329	81.70
429	252	85.21
429	279	72.74
429	317	81.87
429	237	80.58
429	204	71.08
430	923	81.85
430	2987	69.31
430	3745	68.00
430	6287	61.28
430	2858	82.07
430	6365	63.52
430	2571	81.45
430	4447	65.22
430	4014	68.45
430	329	62.68
430	2076	76.31
430	4446	66.27
431	172	38.61
431	1625	64.24
431	1376	57.35
431	3948	52.01
431	802	56.02
432	1831	52.70
432	5630	68.09
432	6870	71.17
432	8640	56.08
432	6539	80.11
432	3916	77.60
432	5989	81.90
432	84189	69.90
432	110	74.78
432	35836	71.39
432	4886	77.27
432	2762	67.00
432	1206	77.31
432	49272	77.28
432	19	57.06
432	318	81.86
432	58559	86.32
432	69481	84.15
432	7158	75.50
432	33660	80.16
433	91529	71.32
433	1089	77.00
433	50	77.71
433	5299	57.84
433	110	75.57
434	1136	86.32
434	3147	82.44
434	1090	84.26
434	1265	84.68
434	5989	73.58
434	1101	62.65
434	1779	53.96
434	586	47.80
434	344	60.79
434	3863	67.60
434	1208	92.74
434	3160	75.25
434	589	88.61
434	780	64.94
434	6796	78.34
434	2791	83.35
434	4226	88.05
434	2194	79.15
434	8665	71.32
434	1291	85.04
435	2353	77.30
435	44191	87.27
435	485	66.90
435	3510	75.01
435	34405	86.21
435	2302	70.35
435	158	63.66
435	82459	81.95
435	48780	88.67
436	204	52.01
436	435	41.99
436	440	67.64
436	432	49.42
436	161	65.72
436	480	69.52
436	377	66.77
436	531	57.52
436	536	60.69
436	502	46.36
436	364	76.48
436	235	73.20
436	371	67.57
436	344	55.84
436	2	66.96
436	585	54.20
436	450	65.88
436	587	62.45
436	437	35.99
436	227	53.95
437	748	60.88
437	318	96.45
437	5	60.01
437	640	50.23
437	1299	92.06
437	1120	82.55
437	1396	69.11
437	1246	85.92
437	454	73.63
437	1171	70.78
437	1225	90.11
437	1183	83.64
437	1097	82.36
437	1307	79.12
437	1268	82.46
437	592	65.78
437	198	71.03
437	155	44.82
437	112	66.39
437	246	96.14
438	7154	59.89
438	2501	71.67
438	8966	74.32
438	27801	83.40
438	1527	75.50
438	6711	82.56
438	3898	32.58
438	1784	70.80
438	8644	72.09
438	6367	46.30
438	2424	59.47
438	3889	45.73
438	223	80.52
438	1517	72.17
438	7361	84.96
438	2641	64.67
438	5009	60.50
438	2617	61.12
438	3753	68.05
438	2393	68.98
439	356	82.37
439	4022	74.87
439	7153	82.16
439	78499	77.74
439	1240	75.79
440	8690	69.90
440	541	87.56
440	29	81.88
440	1653	85.13
440	1274	80.32
440	3174	73.23
440	1235	90.20
441	589	92.91
441	2683	84.25
441	2959	97.29
441	4306	93.94
441	260	95.09
441	296	92.88
441	51255	93.44
441	47	91.50
441	68358	90.98
442	2908	28.30
442	2881	21.83
442	1186	27.54
442	3752	17.87
442	4361	24.52
443	2329	84.53
443	79132	86.11
443	296	84.11
443	48394	79.31
443	106487	79.85
443	108190	63.78
443	7153	85.45
443	63082	80.28
444	356	81.74
444	592	68.34
444	208	54.97
444	21	66.55
444	111	86.19
444	110	79.19
444	235	76.11
444	296	84.26
444	344	57.34
445	2028	85.37
445	590	76.37
445	34405	76.34
445	47	81.04
445	116897	87.57
445	780	70.42
445	4011	80.49
445	899	79.36
445	593	89.89
445	33794	76.81
445	1080	81.88
445	45722	66.54
445	17	72.51
445	1230	72.10
445	306	81.84
445	2710	56.47
446	237	60.30
446	339	63.29
446	300	67.13
446	296	72.14
446	480	65.14
446	368	64.28
446	288	52.86
446	172	44.04
446	17	71.61
446	16	75.45
446	357	64.24
446	150	71.03
446	434	50.67
446	153	46.44
446	648	64.16
446	593	77.22
446	337	69.75
447	257	79.53
447	293	90.50
447	337	80.17
447	531	74.95
447	382	73.99
447	589	86.37
447	552	73.74
447	253	78.02
447	362	79.05
447	532	68.57
447	292	73.04
447	31	70.94
447	474	78.67
447	540	56.77
447	442	68.70
447	160	64.78
448	2368	69.90
448	3284	69.90
448	3933	69.90
448	6302	69.90
448	6476	69.90
448	7245	69.90
448	48262	69.90
448	49688	69.90
448	75803	69.90
448	75816	69.90
448	78116	69.90
448	79590	69.90
448	86593	69.90
448	92198	69.90
448	98908	69.90
448	100326	69.90
448	102819	69.90
448	104760	69.90
448	108715	69.90
448	109191	69.90
448	111680	69.90
448	113416	69.90
448	116207	69.90
448	116985	69.90
448	129657	69.90
448	130083	69.90
448	133377	69.90
448	136654	69.90
448	138546	69.90
448	142424	69.90
448	151777	69.90
448	152658	69.90
448	157130	69.90
448	158022	69.90
448	161290	69.90
448	164375	69.90
448	53996	62.62
448	136778	69.90
448	5418	70.61
448	288	61.83
448	88356	25.96
448	2580	76.09
448	155358	69.90
448	2889	75.78
448	4034	74.62
448	148888	48.44
448	81156	59.82
448	2713	45.82
448	103335	54.72
448	95441	50.24
448	34048	51.46
448	80126	50.72
448	3057	69.90
448	1057	69.91
448	2794	53.87
448	33830	69.90
448	8665	70.08
448	6059	53.06
448	110553	33.53
448	90374	69.90
448	151501	69.90
448	3764	45.02
448	6143	69.90
448	103819	69.90
448	4361	67.36
448	104913	58.25
448	3986	43.44
448	5528	71.12
448	1196	79.37
448	105351	48.44
448	83349	47.22
448	3276	69.90
448	1090	76.75
448	5349	71.78
448	587	66.57
448	106330	32.26
448	4677	63.03
448	95508	69.90
448	109895	22.83
448	110611	69.90
448	671	62.63
448	2289	81.44
448	152077	62.50
448	80693	48.75
448	111360	44.91
448	170	54.73
448	87444	58.86
448	94323	52.26
448	8493	73.98
448	3671	71.56
448	91653	56.28
448	4981	69.90
448	2991	79.64
448	78034	69.90
448	119145	62.72
448	5099	45.14
448	4299	58.48
448	2567	56.05
448	6996	24.58
448	109864	69.90
448	6582	50.19
448	73017	63.99
448	370	61.50
448	543	67.74
448	115617	63.25
448	590	74.36
448	154065	69.90
448	5553	59.45
448	41569	56.24
448	3286	33.20
448	6645	83.32
448	589	71.66
448	1920	55.92
448	2857	59.17
448	111663	60.76
448	78499	66.16
448	2657	70.91
448	6537	46.69
448	1148	78.75
448	46974	60.00
448	48516	83.33
448	80241	59.87
448	445	65.52
448	4262	73.78
448	3689	24.81
448	114935	58.35
448	6428	56.20
448	127194	69.90
448	109673	40.35
448	127096	67.69
448	89388	69.90
448	4156	69.90
448	3793	70.33
448	33679	56.31
448	2014	56.24
448	64285	59.34
448	3968	56.82
448	49530	70.98
448	3450	65.44
448	160563	55.28
448	5502	60.52
448	8169	60.63
448	6314	39.76
448	122490	69.90
448	3386	66.86
448	140725	64.20
448	4896	76.20
448	2642	47.93
448	127136	80.16
448	2763	75.82
448	2520	69.90
448	457	73.38
448	48783	66.38
448	3263	56.68
448	5400	44.24
448	5541	63.07
448	4011	82.50
448	58351	69.90
448	127132	69.90
448	152091	57.86
448	3698	64.42
448	435	44.53
448	4799	58.12
448	84152	74.71
448	3401	43.04
448	2858	80.36
448	3174	61.44
448	7076	82.73
448	106542	69.90
448	6218	64.59
448	2860	42.31
448	1283	79.64
448	3618	66.62
448	2616	52.75
448	90439	68.55
448	2404	37.14
448	4660	69.90
448	2530	62.41
448	26386	69.90
448	4327	72.73
448	3030	84.72
448	71464	66.16
448	32	78.32
448	91529	74.31
448	4158	48.35
448	99114	69.15
448	98585	62.29
448	93326	44.09
448	2268	64.83
448	80489	66.90
448	130576	33.43
448	105504	72.50
448	2791	80.61
448	50601	37.87
448	7007	48.96
448	4234	73.26
448	3623	47.80
448	80727	69.90
448	78467	32.62
448	8641	70.47
448	4128	70.96
448	106782	73.39
448	2537	31.06
448	112138	57.43
448	3247	57.75
448	112818	63.23
448	2027	41.61
448	3101	65.97
448	5779	69.90
448	82202	56.54
448	1704	81.39
448	98296	69.90
448	6863	57.88
448	89305	54.51
448	4203	69.73
448	1201	88.67
448	6212	38.02
448	637	53.15
448	84954	57.74
448	6814	69.90
448	94864	51.93
448	67695	42.69
448	159077	69.90
448	92439	75.99
448	6812	39.76
448	3156	47.19
448	802	62.69
448	118354	69.90
448	134130	72.06
448	138036	58.76
448	65135	69.90
448	52975	63.03
448	4368	28.04
448	90717	67.41
448	45722	56.88
448	79259	69.90
448	68157	76.91
448	4233	37.36
448	74458	76.34
448	3258	57.29
448	1262	78.62
448	3949	76.10
448	101025	23.97
448	69526	38.50
448	1831	41.62
448	1083	63.40
448	1884	80.49
448	1476	66.45
448	156609	57.19
448	3755	55.00
448	111659	34.60
448	4734	60.23
448	161	70.28
448	95201	69.90
448	135887	56.01
448	2598	54.48
448	87232	62.50
448	4634	97.07
448	5334	69.90
448	5459	46.20
448	146730	69.90
448	72694	69.90
448	157432	69.90
448	132488	69.90
448	4558	44.56
448	1375	67.36
448	6424	69.90
448	71518	59.55
448	2716	76.00
448	94780	39.90
448	3593	16.12
448	129354	51.77
448	158	49.53
448	1409	45.09
448	6514	69.90
448	2881	54.91
448	51662	67.00
448	90522	53.39
448	68554	47.43
448	2126	48.24
448	122932	69.90
448	93510	69.21
448	137857	57.53
448	125916	8.73
448	2953	42.30
448	2090	61.27
448	1760	13.99
448	480	74.90
448	58803	64.71
448	2109	69.95
448	50792	39.76
448	46062	15.24
448	85510	49.50
448	80864	69.90
448	112171	52.75
448	122900	60.06
448	2587	48.34
448	1527	67.49
448	117529	49.40
448	4993	81.33
448	92264	44.80
448	5247	64.37
448	533	53.62
448	912	88.40
448	26464	69.90
448	2249	60.18
448	4678	56.78
448	103772	48.87
448	114601	62.60
448	96861	63.46
448	420	51.63
448	59615	44.24
448	2349	74.85
448	109372	52.26
448	95207	50.95
448	348	71.13
448	19	54.04
448	136020	48.18
448	4502	36.20
448	91094	37.32
448	138208	53.84
448	3511	33.33
448	79428	55.83
448	2643	35.43
448	109183	69.90
448	2139	71.15
448	4212	69.90
448	5942	47.42
448	96417	52.14
448	112852	69.87
448	99728	64.43
448	89470	62.23
448	142448	57.10
448	64983	52.68
448	2640	65.71
448	2046	56.42
448	4881	77.28
448	3882	47.88
448	3744	45.64
448	1032	63.31
448	116799	69.08
448	5	54.64
448	4040	41.58
448	157407	69.90
448	2115	75.88
448	1617	90.36
448	4367	46.76
448	105254	69.90
448	3388	51.58
448	3760	83.82
448	2146	66.79
448	2968	66.67
448	6281	55.65
448	466	55.93
448	96448	20.09
448	86332	58.58
448	64969	61.78
448	115170	69.90
448	1036	69.74
448	3397	69.98
448	2474	71.58
448	1408	77.99
448	155743	69.90
448	106920	68.54
448	8542	69.71
448	120466	61.74
448	2051	40.75
448	7143	74.05
448	7150	54.96
448	89087	21.95
448	34150	41.69
448	2253	52.15
448	2973	78.21
449	1917	57.73
449	2502	76.89
449	4034	75.17
449	1222	79.11
449	2770	53.53
449	762	38.93
449	2011	63.40
449	2324	77.71
450	3977	60.99
450	589	86.30
450	110	84.70
450	3363	84.97
450	3535	78.79
450	3948	78.40
450	3409	67.30
450	1035	84.86
450	3568	69.90
450	358	64.22
450	1259	85.23
451	733	76.64
451	593	87.65
451	7	70.69
451	5	63.21
451	494	76.38
451	25	76.15
451	17	82.00
452	4025	84.72
452	2858	96.67
452	2617	82.40
452	5292	88.23
452	1206	97.59
452	1676	85.98
452	3219	77.18
452	47	99.10
452	3101	87.06
452	163	90.70
452	1092	86.25
452	1917	81.14
452	2126	79.78
452	1356	96.24
452	552	85.33
452	2628	80.54
452	1200	91.71
452	608	99.84
452	2707	87.13
452	3273	77.33
453	208	76.01
453	858	91.83
453	2335	79.57
453	4022	81.41
453	3618	67.73
453	1617	92.20
453	3452	72.56
453	1357	83.70
453	112	79.51
453	2671	85.79
453	1884	88.34
453	1894	73.26
453	2294	79.31
453	318	97.59
453	1614	69.61
453	3534	78.33
453	2959	95.33
453	798	56.36
453	5266	67.83
453	780	77.26
454	7361	79.76
454	2692	76.72
454	7116	68.71
454	55820	71.92
454	6016	77.70
454	27773	76.63
454	2160	80.49
454	2858	77.12
454	26131	86.74
455	272	70.01
455	432	46.74
455	367	59.19
455	590	75.63
455	253	69.04
455	364	77.34
455	555	73.22
455	252	65.12
455	110	76.24
455	225	68.37
455	588	73.48
455	597	72.06
456	1407	75.03
456	634	59.35
456	135	63.57
456	5	66.82
456	724	68.95
456	780	77.51
456	733	83.12
456	260	94.57
456	706	69.90
457	329	64.11
457	3593	31.57
457	2692	80.38
457	1356	78.35
457	223	77.26
457	2394	72.11
457	2701	42.07
457	3608	55.71
457	733	70.29
457	2094	59.89
458	597	83.81
458	185	74.61
458	10	83.94
458	380	84.75
458	95	73.49
458	454	87.88
458	300	85.73
458	595	81.43
458	153	70.63
458	587	85.12
458	150	89.79
458	552	76.37
459	79132	89.07
459	5618	87.73
459	8961	82.95
459	48780	86.82
459	50872	86.35
459	260	87.16
460	89039	69.90
460	4886	88.27
460	4703	96.65
460	3831	84.00
460	1441	77.93
460	4878	90.84
460	3483	65.39
460	8970	82.56
460	1	87.55
460	49272	90.82
460	40815	88.40
460	85414	84.46
460	68237	92.36
460	76093	89.95
460	47610	81.69
460	63082	88.09
460	2571	92.97
461	74458	47.50
461	2762	55.33
461	1036	54.68
461	91500	40.59
461	3578	53.70
461	539	59.42
462	26838	69.90
462	89090	69.90
462	164655	69.90
462	188189	69.90
462	1136	71.99
462	1219	70.88
462	158966	73.66
462	1248	79.10
462	508	48.76
462	1653	66.01
462	1674	59.48
462	8917	68.29
462	8620	0.00
462	3424	79.76
462	2146	58.79
462	7044	73.93
462	3814	87.61
462	1213	73.06
462	82857	69.90
462	26131	92.21
463	6377	82.87
463	2028	87.96
463	4310	65.83
463	3753	72.43
463	2006	64.43
463	1092	69.62
463	5995	87.82
464	1370	77.74
464	58025	61.92
464	63853	50.01
464	296	90.05
464	2019	87.83
464	3527	75.65
464	5254	71.33
464	7007	72.27
464	1101	72.58
464	1779	55.09
464	377	75.88
464	1653	78.78
464	55820	83.56
464	648	75.33
464	33493	79.81
464	1610	82.38
464	65088	73.92
464	74727	95.25
464	1617	88.04
464	62374	73.62
465	2941	85.42
465	2987	79.90
465	1200	85.60
465	3448	77.36
465	5060	86.24
465	1299	95.10
465	3703	81.99
465	3649	64.51
465	1625	78.78
465	292	72.22
465	904	96.61
465	3101	68.50
465	1754	79.81
465	750	95.16
465	1256	83.27
465	593	95.25
465	3732	84.09
465	3740	83.45
465	3334	92.24
465	377	72.19
466	5418	80.83
466	30793	72.14
466	79091	78.25
466	92259	93.42
466	5989	84.30
466	5459	71.88
466	318	92.65
466	63082	85.23
466	59784	75.29
466	5010	84.04
466	74458	84.52
466	6281	72.40
466	5952	82.54
466	8529	77.22
466	64716	91.16
466	68954	81.00
466	4993	87.28
466	45447	73.15
466	81845	87.09
466	55247	84.76
467	41	69.90
467	58	69.90
467	389	69.90
467	466	69.90
467	527	69.90
467	593	69.90
467	780	69.90
467	1183	69.90
467	1233	69.90
467	1357	69.90
467	1365	69.90
467	1408	69.90
467	1721	69.90
467	2028	69.90
467	2125	69.90
467	2324	69.90
467	2334	69.90
467	2384	69.90
467	2390	69.90
467	2393	69.90
467	2394	69.90
467	2493	69.90
468	592	73.05
468	349	76.98
468	1	81.21
468	317	68.56
468	296	83.54
468	32	79.80
468	165	77.91
469	3658	69.90
469	3832	69.90
469	3507	80.89
469	3032	74.79
469	2736	76.26
469	2132	78.28
469	1958	82.12
469	910	87.37
469	1090	89.99
469	1485	59.04
469	1388	55.30
469	2321	68.66
469	1234	87.17
469	2081	72.80
469	1193	93.45
469	36	73.98
469	2908	76.92
469	909	76.83
469	2023	73.56
469	3255	72.05
470	253	76.00
470	318	86.84
470	110	87.56
470	588	81.90
470	282	70.89
470	5	60.93
470	597	78.03
470	32	81.80
470	595	80.72
470	592	77.64
470	500	72.53
470	26	76.71
470	356	85.30
470	357	77.01
470	434	63.57
470	300	73.05
471	2571	79.05
471	8874	74.84
471	527	81.60
471	1	73.70
471	8360	69.35
471	7147	74.64
472	58559	87.56
472	3450	73.05
472	3298	81.80
472	2840	61.77
472	1221	89.35
472	858	89.04
473	4979	75.97
473	2959	89.08
473	60	59.60
473	7147	81.22
473	6281	62.09
473	3897	77.08
473	48322	78.45
473	2596	73.65
474	638	69.90
474	2179	69.90
474	2697	69.90
474	4046	69.90
474	5114	69.90
474	5311	69.90
474	5353	69.90
474	5455	69.90
474	5601	69.90
474	6201	69.90
474	6273	69.90
474	6382	69.90
474	6407	69.90
474	6592	69.90
474	6912	69.90
474	7702	69.90
474	7826	69.90
474	7832	69.90
474	7839	69.90
474	8057	69.90
474	8446	69.90
474	8458	69.90
474	8459	69.90
474	8611	69.90
474	8650	69.90
474	8774	69.90
474	8938	69.90
474	1466	74.15
474	6708	75.58
474	2940	73.15
474	2616	49.48
474	2334	49.15
474	7139	76.94
474	4218	69.90
474	371	68.69
474	750	81.61
474	2935	76.45
474	8645	77.08
474	5481	57.98
474	6370	82.81
474	25865	69.90
474	2553	55.04
474	912	81.12
474	2467	79.03
474	5548	66.89
474	7301	69.90
474	52967	70.97
474	5945	58.35
474	480	73.04
474	1983	43.54
474	3462	70.50
474	1068	69.90
474	8600	69.90
474	6650	69.90
474	8482	69.90
474	6791	84.27
474	4016	73.30
474	1784	69.71
474	3668	71.12
474	3977	55.70
474	8961	77.91
474	4160	77.20
474	30820	64.42
474	6984	69.90
474	2750	56.60
474	5034	55.26
474	7716	69.90
474	2612	69.90
474	4419	88.94
474	1300	80.77
474	4187	75.41
474	1187	62.87
474	6565	77.12
474	272	71.02
474	5440	69.90
474	25937	59.44
474	1099	62.59
474	3125	69.90
474	5826	69.90
474	5649	69.90
474	7256	79.44
474	4912	77.95
474	6016	77.86
474	1208	80.23
474	2083	74.41
474	3385	51.41
474	2310	65.46
474	3360	71.53
474	3163	87.20
474	1413	79.04
474	4081	26.43
474	1643	63.06
474	968	72.32
474	2116	55.08
474	26965	81.84
474	5954	74.67
474	1263	77.28
474	5116	69.90
474	3536	60.71
474	8778	69.90
474	63433	60.76
474	2952	66.73
474	318	85.44
474	3394	38.03
474	1200	73.00
474	3384	83.55
474	4356	67.44
474	932	77.44
474	7698	69.69
474	516	52.08
474	4873	75.11
474	48385	66.72
474	39869	79.30
474	1902	69.90
474	2641	56.06
474	7036	65.76
474	2181	70.69
474	4638	51.22
474	31116	64.07
474	2455	64.75
474	2146	63.55
474	628	65.09
474	3897	77.58
474	1030	42.82
474	4022	75.48
474	344	55.62
474	3196	79.69
474	92	45.98
474	237	58.12
474	6770	73.03
474	3259	61.02
474	3368	59.91
474	26151	69.90
474	1293	77.84
474	34072	72.05
474	3044	70.39
474	1639	71.69
474	5944	54.42
474	6539	79.84
474	477	64.92
474	7361	83.39
474	55687	69.90
474	58	77.55
474	4014	69.47
474	3467	69.69
474	8154	82.51
474	4191	58.75
474	2134	49.74
474	4644	77.40
474	4293	49.13
474	5013	74.53
474	1399	77.95
474	1196	82.04
474	2918	76.01
474	5899	75.59
474	4465	70.09
474	100	47.22
474	361	56.77
474	3341	81.17
474	8921	69.90
474	195	59.96
474	3789	69.90
474	4709	53.23
474	1588	54.40
474	3468	82.60
474	4678	66.91
474	2723	57.11
474	2118	65.41
474	1939	80.13
474	7019	69.90
474	3147	81.14
474	1792	52.09
474	33903	84.17
474	1682	70.69
474	41566	69.98
474	1693	61.28
474	1957	78.19
474	5021	58.35
474	2313	73.91
474	3870	69.90
474	948	73.57
474	47099	79.08
474	3447	78.14
474	6614	57.16
474	216	67.49
474	5619	67.62
474	3987	44.17
474	5060	74.35
474	3111	83.75
474	45950	73.79
474	32584	51.98
474	5525	69.90
474	2567	53.67
474	5956	74.33
474	7	63.41
474	1172	77.33
474	3217	63.16
474	8331	69.90
474	587	65.29
474	5238	69.95
474	1189	71.94
474	2416	54.81
474	832	63.59
474	3095	75.36
474	7386	74.76
474	1223	78.48
474	7058	69.90
474	5246	26.30
474	5418	78.93
474	27803	76.93
474	26	65.10
474	4002	71.89
474	1135	59.11
474	45	65.09
474	6945	99.69
474	2411	42.40
474	2520	69.90
474	7347	71.54
474	5375	69.90
474	5673	69.00
474	3039	65.09
474	7833	69.90
474	33781	49.69
474	720	77.49
474	2103	53.67
474	33154	73.81
474	608	77.16
474	1327	32.49
474	101	70.03
474	7061	69.90
474	5451	52.54
474	5682	69.90
474	5434	73.87
474	6609	69.90
474	31658	80.32
474	4578	28.68
474	2009	67.82
474	4704	69.90
474	7572	69.90
474	4929	42.28
474	3306	76.69
474	6334	75.81
474	5379	84.04
474	5437	54.13
474	42418	68.09
474	4128	71.79
474	7451	72.50
474	2786	36.23
474	2243	58.28
474	27846	73.47
474	6197	60.71
474	3264	42.73
474	3608	51.15
474	5603	97.29
474	6124	65.75
474	1222	73.70
474	1663	67.43
474	3566	48.60
474	3755	62.14
474	2628	59.29
474	4815	59.15
474	2089	60.00
474	7102	43.33
474	27706	62.98
474	7013	75.56
474	1348	64.36
474	45666	50.11
474	5755	31.62
474	4055	69.90
474	2058	55.81
474	4462	15.81
474	1544	48.25
474	2405	51.31
474	4998	69.90
474	273	57.36
474	1977	37.64
474	1732	73.74
474	7822	69.90
474	7073	69.90
474	41527	75.81
474	4787	65.22
474	1676	67.14
474	3708	58.26
474	6669	63.41
474	317	59.24
474	25940	69.90
474	971	86.34
474	7366	58.08
474	3115	78.53
474	7026	42.91
474	2710	58.51
474	50685	68.99
474	2114	72.04
474	3809	64.95
474	3516	69.90
474	2770	57.28
474	535	57.86
474	4878	78.49
474	5992	73.16
474	41997	79.34
474	1083	61.58
474	4487	54.09
474	7293	73.16
474	1016	60.28
474	2006	53.27
474	1007	50.07
474	4993	86.12
474	3412	61.47
474	5007	69.90
474	3929	26.34
474	6639	73.33
474	8712	69.90
474	1876	51.40
474	3546	69.90
474	34359	69.90
474	7579	73.02
474	7325	64.86
474	6837	69.90
474	2634	70.55
474	7753	67.01
474	8943	69.90
474	8385	69.90
474	4308	72.58
474	3246	86.72
474	3745	71.44
474	1148	79.77
474	42002	67.16
474	50740	66.58
474	3952	49.60
474	1927	81.49
474	7581	58.81
474	910	76.60
474	3948	70.87
474	54881	71.69
474	1284	85.65
474	4007	68.96
474	5341	69.90
474	3675	81.57
474	52975	72.35
474	6244	77.50
474	965	69.46
474	454	72.49
474	1247	70.94
474	7215	63.57
474	1282	76.12
474	8207	82.43
474	6242	62.61
474	6502	79.06
474	4509	50.05
474	3528	77.95
474	2391	70.21
474	4262	69.87
474	4039	56.36
474	42018	6.58
474	3271	72.93
474	976	69.90
474	48394	77.91
474	5384	69.90
474	5168	69.90
474	1358	70.92
474	6534	48.68
474	8773	69.90
474	2384	49.04
474	48780	77.59
474	1269	71.43
474	4600	75.81
474	2642	37.70
474	111	84.10
474	933	81.76
474	3578	77.16
474	5297	69.90
474	944	75.11
474	6020	69.90
474	2123	52.80
474	748	55.42
474	4896	77.89
474	5380	70.28
474	53953	69.99
474	3712	55.81
474	25996	69.90
474	1997	75.97
474	4464	74.85
474	4085	60.67
474	51540	73.55
474	2707	57.83
474	2069	97.29
474	6710	65.87
474	1488	54.24
474	6378	67.49
474	928	81.12
474	3038	78.87
474	7116	68.81
474	44511	69.90
474	594	70.82
474	1962	72.99
474	421	56.22
474	4316	24.50
474	2761	75.81
474	4823	55.14
474	892	66.00
474	1345	62.14
474	5294	79.47
474	1408	75.64
474	6579	69.90
474	3272	65.01
474	3421	69.09
474	3844	63.43
474	6787	80.20
474	37736	67.15
474	2249	49.54
474	1610	73.92
474	2468	36.49
474	3498	81.08
474	4902	68.89
474	6268	75.81
474	5225	83.09
474	5404	81.48
474	929	69.90
474	25999	69.90
474	7835	69.90
474	805	66.37
474	4126	68.88
475	6539	92.59
475	4993	98.83
475	87232	87.68
475	40815	93.45
475	5816	89.14
475	8644	92.23
475	81564	87.08
475	4701	87.55
475	81834	90.02
475	6564	60.00
475	68791	88.30
475	111759	91.01
475	7153	97.72
475	1527	96.97
475	71530	72.16
475	4896	91.09
475	106487	79.56
475	112852	92.90
475	3578	95.01
475	82461	74.95
476	594	82.92
476	34	77.96
476	380	75.10
476	158	61.28
476	153	62.47
476	586	65.26
476	440	76.98
476	364	85.65
476	378	55.67
476	357	76.85
476	224	79.54
476	165	77.53
476	296	89.35
476	11	78.59
477	34	74.13
477	913	85.82
477	3100	80.78
477	2105	66.54
477	1271	73.88
477	1207	88.84
477	70687	37.33
477	2174	69.29
477	45672	74.71
477	4571	75.02
477	3973	41.94
477	4226	89.46
477	1103	85.82
477	5291	76.55
477	348	79.21
477	3593	23.14
477	1	82.53
477	1274	78.80
477	6502	85.24
477	59615	67.46
478	1917	52.05
478	3114	71.61
478	594	63.03
478	1584	61.18
478	1101	53.69
479	5365	69.90
479	4488	83.87
479	524	68.07
479	1025	75.65
479	3707	59.43
479	1220	79.40
479	4010	54.83
479	3244	76.60
479	3526	70.96
479	4092	49.47
479	1968	80.39
479	4700	68.51
479	4003	72.75
479	3671	79.60
479	2671	75.83
479	341	69.90
479	2012	63.79
479	2542	77.04
479	454	63.06
479	2384	46.86
480	43914	69.90
480	2700	66.56
480	8533	64.17
480	2193	69.33
480	2797	76.62
480	3484	52.08
480	2571	82.59
480	1210	87.00
480	2596	72.61
480	8866	62.25
480	47610	66.03
480	6306	87.89
480	5379	75.51
480	2018	57.46
480	7153	79.22
480	3911	69.07
480	44191	78.22
480	38061	78.81
480	5673	60.98
480	380	63.92
481	1608	54.80
481	1687	52.51
481	1629	44.99
481	1729	59.79
481	1620	47.93
481	1597	45.56
481	1485	48.34
482	2068	99.62
482	8985	59.96
482	1036	89.47
482	474	77.29
482	1042	61.93
482	4389	80.75
482	780	78.60
482	27706	67.75
482	3211	69.90
482	1610	83.82
482	4367	71.54
482	1374	88.01
482	1220	80.80
482	1602	50.40
482	653	71.19
482	592	84.29
482	30812	70.10
482	4862	38.62
482	8361	63.18
482	8529	69.95
483	105325	69.90
483	783	65.16
483	2541	70.95
483	2959	92.22
483	109971	69.90
483	45722	70.02
483	1199	87.71
483	50872	80.33
483	2000	69.71
483	4306	77.67
483	69757	82.96
483	2683	62.29
483	2273	60.14
483	1588	64.06
483	109487	85.71
483	66934	80.37
483	1721	66.89
483	2328	45.65
483	68522	69.90
483	8972	67.96
484	93320	69.90
484	1438	63.74
484	6155	74.30
484	6944	78.58
484	2706	76.09
484	33166	79.06
484	6874	77.04
484	3697	72.89
484	1059	85.00
484	76293	77.70
484	919	86.21
484	2762	80.50
484	1821	68.13
484	837	82.07
484	5810	68.37
484	1753	82.43
484	3254	77.03
484	4718	71.51
484	2413	74.01
484	3646	51.65
485	588	81.53
485	161	81.07
485	253	76.12
485	292	73.90
485	231	68.41
486	653	79.15
486	47	96.08
486	110	92.63
486	153	69.56
486	474	84.12
486	95	75.50
486	288	77.70
486	329	73.98
486	161	83.01
486	318	100.00
486	292	80.63
486	6	98.28
487	27611	61.94
487	8961	66.57
487	318	74.66
487	1198	73.85
487	31658	73.10
487	1197	72.98
487	6539	65.29
487	5445	60.44
487	116797	68.90
487	4027	65.47
487	8874	67.27
487	86377	64.34
488	720	84.33
488	838	72.10
488	608	77.87
488	1223	87.49
488	26	74.16
488	5135	79.48
488	2109	63.81
488	7720	46.86
488	7303	80.17
488	4014	79.20
488	5995	88.84
488	457	75.60
488	105	56.96
488	1136	87.73
488	272	61.18
488	1269	69.26
488	3176	72.03
488	1278	77.74
488	1125	70.01
488	910	75.70
489	79536	69.90
489	86000	69.90
489	4848	68.81
489	736	60.09
489	8387	2.73
489	4700	53.54
489	45666	35.30
489	4720	56.94
489	2683	48.71
489	2021	57.57
489	2389	22.70
489	1619	57.68
489	950	63.31
489	58559	79.82
489	2236	43.40
489	2167	51.09
489	1616	41.01
489	247	79.30
489	376	59.23
489	2717	48.68
490	46578	68.73
490	89492	67.38
490	81591	60.28
490	91077	72.70
490	60074	46.20
490	5816	56.70
490	4144	76.16
490	54001	62.29
490	1	64.03
490	1784	59.31
490	7153	69.43
490	4993	71.20
490	89759	81.00
490	86320	59.95
490	60128	59.42
490	76251	61.38
490	8368	64.68
490	69122	61.24
490	2006	41.24
490	78499	67.97
491	106782	88.35
491	69757	85.65
491	7293	87.19
491	27808	80.24
491	4246	86.08
491	3948	81.71
491	104374	88.77
491	86833	84.93
491	140110	77.68
491	8529	77.95
491	180231	69.90
491	4306	92.81
491	88405	73.57
492	736	77.56
492	784	68.24
492	628	80.03
492	858	91.64
492	852	76.81
492	64	54.37
492	990	61.54
492	830	69.43
492	743	62.22
492	62	88.51
492	52	80.81
492	1499	63.32
492	66	69.55
492	1210	92.53
492	881	51.63
492	1474	51.05
492	1405	69.74
492	724	80.60
492	1047	77.90
492	65	66.04
493	2985	66.30
493	4444	70.69
493	2916	68.35
493	1275	75.35
493	2571	82.71
493	1527	74.86
493	2028	82.48
493	3793	72.64
493	2167	63.50
493	1215	79.52
493	4701	63.71
493	2924	79.91
493	260	82.79
494	1196	96.15
494	4498	56.92
494	3578	89.58
494	2028	95.15
494	1210	95.75
495	140523	69.90
495	115149	91.12
495	1259	89.19
495	1721	70.91
495	136562	87.70
495	80489	90.97
495	19	64.95
495	50872	84.76
495	231	65.31
495	102123	75.91
495	52319	88.00
495	7254	76.77
495	7360	82.56
495	8528	95.82
495	1645	76.44
495	46578	88.74
495	30810	82.41
495	2918	85.66
495	148626	89.19
495	56775	62.27
496	1221	78.27
496	99149	65.90
496	858	80.51
496	904	75.50
496	8865	41.75
496	114713	61.25
497	1193	68.98
497	112556	73.21
497	112290	81.74
497	1916	64.04
497	92259	83.27
497	2329	67.78
497	112552	76.96
497	1258	70.70
497	2762	57.24
497	5349	53.38
497	111362	68.29
498	344	73.89
498	231	76.42
498	648	82.29
498	10	82.38
498	300	81.25
498	356	95.10
498	316	79.94
499	1202	73.60
499	2337	56.53
499	38304	100.00
499	327	59.58
499	56286	65.07
499	1304	83.84
500	2599	66.85
500	2987	69.47
500	543	59.15
500	2700	72.82
500	2542	78.80
500	1265	76.30
500	2916	70.34
500	356	78.55
500	3301	69.01
500	1784	70.31
500	1914	61.70
500	595	63.94
500	2355	65.65
500	3536	70.34
500	1885	63.58
500	322	56.73
500	838	65.15
500	720	77.67
501	6	77.61
501	62	73.05
501	93	48.75
501	45	65.39
501	3	67.27
501	637	56.59
501	11	70.76
501	18	64.54
501	662	70.31
502	7236	78.59
502	1077	77.38
502	4412	69.90
502	3469	83.12
502	2001	68.04
502	2520	69.90
502	1777	74.01
503	7455	69.90
503	7361	72.61
503	4878	70.79
503	356	76.61
503	91500	51.18
503	593	77.76
503	527	78.45
503	858	81.31
503	4226	71.75
503	1259	69.49
503	1342	56.63
503	2877	55.81
503	92509	54.80
503	90866	62.45
503	500	55.47
503	441	72.23
503	48516	72.95
503	2858	72.85
503	48394	61.66
504	4995	83.53
504	5812	79.94
504	2321	67.32
504	1	79.76
504	3556	74.17
504	7153	85.32
504	6708	75.10
504	1288	83.19
504	6927	69.90
504	4033	84.76
504	4700	65.46
504	6565	76.72
504	342	77.33
504	3408	74.28
504	6879	73.51
504	4361	73.96
504	5952	80.12
504	5955	74.53
505	1241	88.86
505	4105	84.09
505	1029	74.81
505	74685	79.30
505	273	65.88
505	6502	87.53
505	54999	69.09
506	59258	60.54
506	54272	69.45
506	37741	71.26
506	56782	80.70
506	62293	63.48
506	51834	59.69
506	49286	67.21
506	112556	74.24
506	61024	75.78
507	165	67.59
507	266	61.76
507	253	65.29
507	377	64.50
507	593	77.56
508	2872	47.88
508	2011	55.15
508	1952	46.61
508	1175	63.63
508	898	60.06
509	26958	69.90
509	130073	69.90
509	2028	77.45
509	87232	73.60
509	33830	69.90
509	5313	31.52
509	48	60.42
509	2090	54.23
509	2080	59.78
509	6942	66.84
509	8907	44.41
509	6156	54.70
509	5816	65.05
509	39	59.46
509	3988	53.69
509	6807	71.04
509	7458	60.53
509	1196	82.35
509	45447	56.58
509	616	63.06
510	1882	24.46
510	7026	34.46
510	35836	54.40
510	494	49.69
510	1198	66.68
510	514	54.07
510	457	56.49
510	2935	66.18
510	858	71.33
510	2699	42.93
510	317	35.98
510	8949	53.41
510	2918	66.90
510	145	41.15
510	1262	69.40
510	6787	65.24
510	1208	69.74
510	372	41.80
510	1242	66.76
510	40819	62.45
511	2959	93.78
511	53953	72.83
511	115149	81.41
511	164179	84.44
511	6534	54.74
511	99114	84.37
511	92259	92.80
511	318	98.02
511	2324	88.83
511	1653	87.07
511	56757	79.83
512	480	75.82
512	150	77.68
512	349	73.32
512	47	86.74
512	350	67.83
512	442	63.49
512	457	80.74
512	50	90.07
512	317	63.96
512	593	88.29
513	5952	77.68
513	318	87.26
513	2174	67.17
513	235	72.92
513	1304	80.15
513	1220	77.45
513	1080	79.77
514	1335	69.90
514	5704	69.90
514	62586	69.90
514	168358	69.90
514	180263	69.90
514	1704	79.49
514	2005	77.92
514	2792	62.31
514	2013	59.76
514	1673	84.35
514	134130	77.09
514	76093	71.99
514	1333	78.30
514	58998	72.09
514	68157	80.08
514	2406	72.98
514	3210	67.13
514	54503	74.52
514	4855	71.95
514	1644	43.73
515	33794	94.76
515	2028	98.75
515	527	100.00
515	91529	98.26
515	58559	100.00
515	2959	100.00
516	260	69.90
516	457	69.90
516	480	69.90
516	647	69.90
516	708	69.90
516	1042	69.90
516	1090	69.90
516	1197	69.90
516	1198	69.90
516	1954	69.90
516	1958	69.90
516	2021	69.90
516	2259	69.90
516	2268	69.90
516	3052	69.90
516	3471	69.90
516	4027	69.90
516	4291	69.90
516	4306	69.90
516	4321	69.90
516	4322	69.90
516	4333	69.90
516	4337	69.90
516	4349	69.90
516	4361	69.90
516	4429	69.90
517	4306	60.18
517	53125	44.42
517	1265	59.31
517	165489	69.90
517	97938	55.91
517	88744	43.01
517	86880	37.04
517	4148	30.59
517	26761	69.90
517	3398	55.86
517	1293	50.64
517	3988	47.37
517	2858	45.27
517	4963	51.03
517	1204	59.71
517	1704	58.70
517	47629	56.32
517	7669	51.59
517	1206	52.66
517	46578	54.22
518	3101	64.64
518	2657	65.56
518	783	66.28
518	1876	56.43
518	6365	73.76
519	1704	96.48
519	356	97.97
519	140110	77.63
519	6378	87.02
519	7445	83.28
519	1968	90.34
520	7266	69.90
520	318	88.18
520	1049	73.26
520	59315	79.80
520	4995	81.17
520	32	85.99
520	2716	76.73
520	4333	59.92
520	1291	84.34
520	1732	80.20
520	4085	76.53
520	2723	71.20
520	3081	71.02
520	3994	75.24
520	33493	69.23
520	135	65.45
520	2393	68.75
520	60516	58.56
520	2406	78.86
520	1584	71.88
521	661	71.66
521	112	71.74
521	86	87.06
521	104	74.08
521	58	83.17
521	79	60.82
521	52	77.06
521	852	69.07
522	99114	79.85
522	81932	70.05
522	89492	79.41
522	63113	66.86
522	2959	89.44
522	1193	85.71
522	1375	74.34
522	4993	84.16
522	223	80.70
522	27611	72.72
522	76060	57.68
522	180	66.71
522	59315	80.94
522	1617	90.97
522	10	71.93
522	67255	83.99
522	2023	73.71
522	6187	81.95
522	318	87.06
522	127098	92.73
523	168252	100.00
523	8970	87.42
523	5989	96.96
523	318	100.00
523	91529	97.48
523	1721	86.12
523	293	95.23
523	65261	93.31
523	4270	78.82
523	3147	100.00
523	27731	95.06
523	134130	100.00
523	31696	82.06
523	527	100.00
523	101962	87.58
524	1356	82.82
524	150	77.43
524	552	61.85
524	748	59.46
524	344	62.41
524	442	59.77
524	253	71.08
524	1225	73.34
524	20	47.35
524	589	83.93
524	1242	83.27
524	544	64.06
524	173	52.18
524	1302	72.08
524	380	73.47
524	457	81.12
524	1020	67.89
524	788	51.32
524	193	45.12
524	466	57.71
525	120807	69.90
525	317	60.41
525	6863	66.92
525	8622	70.86
525	33004	66.70
525	7147	80.20
525	2396	73.65
525	40815	73.61
525	137337	70.65
525	1639	74.40
525	1968	77.38
525	91869	69.90
525	45880	61.22
525	2100	60.99
525	339	69.06
525	4886	71.50
525	50872	71.89
525	86332	69.63
525	8983	69.48
525	3996	78.93
526	593	86.72
526	55247	80.82
526	46578	81.99
526	176415	69.90
526	1295	71.96
526	90430	77.16
526	4014	78.26
526	2352	83.74
526	176413	69.90
526	215	82.86
526	81845	85.83
526	51255	81.41
527	2137	80.29
527	3114	83.90
527	3210	72.76
527	3016	77.04
527	2161	83.60
527	4571	87.36
527	2118	78.47
527	3421	82.32
527	455	56.56
527	2867	74.48
527	2450	46.45
527	1909	79.25
527	1214	91.40
527	4299	72.41
527	736	77.36
527	2477	66.90
527	588	84.21
527	4016	85.31
527	1259	87.25
527	2533	69.49
528	4886	74.63
528	2278	73.48
528	80906	71.43
528	4037	71.11
528	1240	79.50
528	64614	70.36
528	3821	46.28
528	150	77.45
528	1291	79.43
528	80463	67.27
528	593	82.15
528	99813	64.52
528	85342	73.91
528	48516	78.62
528	58559	78.39
529	653	61.68
529	135	55.95
529	65	47.60
529	62	73.80
529	733	73.14
530	292	72.77
530	500	72.68
530	300	77.39
530	586	64.47
530	593	88.95
530	11	79.04
531	593	88.45
531	590	78.07
531	919	82.99
531	480	81.55
531	1215	81.35
532	1721	73.41
532	4863	98.83
532	457	87.52
532	290	87.58
532	1245	96.75
532	1242	92.85
532	2023	77.11
532	2329	88.06
532	1304	86.94
532	517	75.05
533	1200	89.90
533	6502	90.29
533	79132	96.78
533	46578	86.48
533	93840	94.76
533	4973	92.66
533	2455	78.30
533	66934	90.49
534	116724	69.90
534	97913	78.21
534	94953	64.48
534	2003	81.97
534	2167	82.43
534	7569	86.56
534	153	72.58
534	1485	72.29
534	65514	72.64
534	104218	62.06
534	344	75.52
534	2571	92.83
534	5445	81.10
534	95875	67.89
534	112818	81.06
534	82461	67.52
534	96610	75.36
534	2987	84.61
534	138036	68.34
534	1566	79.30
535	2571	66.32
535	2581	44.26
535	2700	56.85
535	2688	37.99
535	2583	62.93
535	2882	0.00
536	232	82.00
536	272	68.06
536	356	73.98
536	335	69.90
536	225	61.49
536	150	68.97
536	434	48.93
536	589	70.91
537	80906	87.62
537	367	70.92
537	7153	88.09
537	53322	78.19
537	104218	67.27
537	97304	77.11
537	6539	85.73
537	318	90.67
537	89745	83.63
537	105504	86.56
538	595	88.70
538	3671	92.51
538	80549	91.33
538	4039	78.42
538	69757	86.32
538	5047	73.35
538	44889	69.90
538	66934	93.47
539	4306	83.69
539	6753	73.65
539	5218	79.24
539	50872	86.00
539	88	71.02
539	3301	74.59
539	4886	83.66
539	69122	81.21
540	2598	69.19
540	2959	99.03
540	1073	91.82
540	8874	90.13
540	1681	51.82
540	2183	74.49
540	2841	81.01
540	2747	69.03
540	1196	97.38
541	590	80.28
541	457	75.70
541	413	62.53
541	15	62.50
541	110	75.82
541	595	68.56
541	597	69.05
541	480	69.10
541	356	74.15
541	203	67.82
541	529	79.99
541	357	67.92
541	22	62.97
541	345	63.21
541	546	30.51
541	586	51.60
541	281	79.49
541	350	65.81
542	6539	73.22
542	30793	56.05
542	5299	61.82
542	2542	74.76
542	34319	58.84
542	33679	62.57
542	4963	70.63
542	5481	52.57
542	1997	79.59
542	4025	56.82
542	3623	45.73
542	924	72.53
542	4369	55.89
542	6378	65.36
542	2571	75.75
542	7254	74.99
542	41566	63.40
542	37733	60.76
542	7361	73.75
542	45517	68.62
543	73881	99.88
543	1702	78.54
543	595	84.29
543	3301	87.83
543	231	75.31
543	2378	63.33
543	2379	62.35
543	86882	69.69
543	6377	90.21
543	588	86.91
543	377	84.46
543	48385	72.40
543	2571	98.27
543	4526	52.38
543	4388	68.63
543	92259	92.26
544	1	69.90
544	3	69.90
544	14	69.90
544	32	69.90
544	40	69.90
544	62	69.90
544	68	69.90
544	95	69.90
544	116	69.90
544	619	69.90
544	626	69.90
544	648	69.90
544	650	69.90
544	694	69.90
544	736	69.90
544	780	69.90
544	839	69.90
544	1042	69.90
544	1047	69.90
544	1059	69.90
544	1105	69.90
544	1356	69.90
545	1438	63.60
545	1267	87.11
545	2763	89.85
545	1367	64.61
545	44	58.80
546	1270	65.45
546	3328	75.33
546	480	62.47
546	1970	55.60
546	2456	53.28
546	1976	43.77
546	589	75.46
546	2657	55.46
546	1673	75.85
546	3941	69.90
546	3959	66.55
546	3566	49.34
546	1977	54.81
547	1211	79.99
547	2859	85.00
547	2917	72.87
547	1394	80.10
547	1288	74.88
548	69	69.90
548	260	69.90
548	356	69.90
548	733	69.90
548	1196	69.90
548	1393	69.90
548	1477	69.90
548	1621	69.90
548	2571	69.90
548	2716	69.90
548	3263	69.90
548	3578	69.90
548	3916	69.90
548	4776	69.90
548	4899	69.90
548	5955	69.90
548	6874	69.90
548	7458	69.90
548	8531	69.90
548	49910	69.90
548	58559	69.90
548	74532	69.90
548	80862	69.90
548	122904	69.90
548	125916	69.90
548	168712	69.90
549	2571	75.34
549	2028	70.23
549	4226	78.19
549	1210	69.91
549	589	68.65
550	167296	69.90
550	102125	79.59
550	106782	87.74
550	116797	91.29
550	112852	91.85
550	122882	84.36
551	5010	77.15
551	34162	71.14
551	60069	81.50
551	1544	55.20
551	45186	73.71
551	103772	69.44
551	51935	73.78
551	4226	72.11
551	2353	70.92
551	7153	74.49
551	5989	74.40
551	135569	74.94
551	115149	75.94
551	88129	72.57
551	134130	81.01
551	6934	56.28
551	47	73.18
551	4701	69.02
551	2959	78.89
551	98809	73.93
552	2916	69.86
552	3317	71.52
552	1405	46.63
552	2953	42.50
552	2245	56.90
552	2944	75.21
552	2890	74.28
552	2125	61.69
552	508	62.54
552	3948	67.01
552	5349	71.61
552	2959	87.43
552	2857	47.16
552	173	44.53
552	2991	70.13
552	2871	76.36
552	2628	60.64
552	4308	64.49
552	4878	81.61
552	3101	60.59
553	55765	93.54
553	3481	83.01
553	1923	82.59
553	2571	92.20
553	4011	91.20
553	50	92.49
553	3949	87.91
553	1089	92.81
553	44199	82.92
553	5513	69.90
553	2231	87.14
553	2395	79.57
553	3052	83.04
553	61257	69.90
553	1221	95.35
553	33166	83.41
553	2959	96.45
554	1196	89.42
554	1022	77.63
554	2820	69.90
554	1207	95.60
554	1517	72.95
554	1282	86.04
554	1210	94.45
554	1760	38.50
554	2282	71.17
554	1225	89.57
554	907	71.76
554	1358	83.08
554	2096	79.07
554	1028	87.30
554	593	90.95
554	608	83.64
554	953	81.61
554	2324	88.23
555	790	69.90
555	3664	69.90
555	1	84.95
555	3111	87.79
555	3395	57.46
555	104	74.21
555	1334	44.63
555	2506	68.30
555	2072	70.19
555	4002	82.48
555	1266	91.01
555	2641	65.11
555	2256	56.69
555	2791	80.79
555	2701	54.11
555	1333	79.27
555	1320	64.89
555	337	76.91
555	1393	68.40
555	3526	75.04
556	162600	69.90
556	122890	75.95
556	3081	78.10
556	88125	86.17
556	588	83.74
556	72998	80.30
556	74789	67.52
557	648	77.28
557	231	66.86
557	1291	84.83
557	260	86.61
557	1210	85.88
557	150	86.98
558	5329	78.60
558	5064	86.19
558	4903	66.87
558	2297	84.79
558	2568	71.08
558	4993	92.48
558	4306	90.19
558	367	72.60
558	5283	69.93
558	1097	83.67
558	4164	81.53
558	5294	89.85
559	552	57.79
559	608	79.41
559	355	39.50
559	329	62.07
559	544	59.55
559	1527	74.97
559	173	47.50
559	377	65.58
559	745	74.35
559	174	53.30
559	529	72.74
559	350	58.87
559	349	66.69
559	533	52.00
559	836	55.16
559	1210	83.45
559	420	50.17
559	786	61.04
559	227	57.92
559	253	64.57
560	5839	69.90
560	91535	56.73
560	136018	41.46
560	67997	87.58
560	79132	76.91
560	3253	71.16
560	142558	69.90
560	2355	69.95
560	39435	54.96
560	1527	77.90
560	40414	71.27
560	64614	73.42
560	48744	89.42
560	56587	64.69
560	593	82.71
560	76251	71.19
560	84944	76.95
560	109313	69.90
560	5878	78.45
560	40819	74.00
561	168174	69.90
561	5308	56.21
561	78469	55.03
561	3703	78.61
561	60069	68.34
561	91535	48.60
561	2105	65.40
561	73017	76.15
561	5445	68.76
561	2000	75.60
561	83134	67.02
561	79132	73.17
561	79592	62.62
561	80463	74.09
561	89745	69.81
561	527	87.53
561	8972	58.45
561	353	74.98
561	33162	63.94
561	68157	80.86
562	27140	69.90
562	6870	87.90
562	6377	87.42
562	2580	86.84
562	1249	93.00
562	4776	85.49
562	36529	78.57
562	1259	87.26
562	1982	76.21
562	2268	83.84
562	2133	83.46
562	83134	84.36
562	3210	79.13
562	48394	85.44
562	30707	87.75
562	33836	55.45
562	2692	90.06
562	88163	94.81
562	99191	69.90
562	1240	85.90
563	61071	69.90
563	70932	69.90
563	80858	69.90
563	919	77.00
563	74450	56.08
563	588	76.71
563	5943	46.54
563	118997	40.87
563	86833	74.90
563	1197	86.74
563	128832	69.90
563	85397	71.10
563	45221	41.76
563	33499	50.22
563	7380	66.33
563	96821	76.70
563	81784	49.41
563	95307	42.65
563	65585	64.62
563	55250	47.13
564	50942	69.90
564	356	78.79
564	31685	66.37
564	131013	69.55
564	61024	88.13
564	79224	48.50
564	87869	75.97
564	500	72.28
564	108156	62.96
564	81784	59.72
564	93270	54.27
564	6188	81.24
564	106918	78.25
564	65230	59.80
564	67087	77.74
564	80693	63.33
564	94677	69.27
564	8984	70.28
564	73266	60.77
564	2671	76.66
565	590	76.98
565	231	60.52
565	19	54.58
565	21	69.18
565	50	87.22
565	539	68.43
566	648	68.62
566	10	69.37
566	231	55.79
566	329	66.15
566	342	71.41
566	141	72.34
566	203	65.55
566	345	67.22
566	39	67.98
566	497	76.60
566	265	77.58
566	588	70.55
566	708	70.02
566	353	71.52
566	2	63.40
567	8189	69.90
567	26743	69.90
567	92681	69.90
567	109897	69.90
567	152071	69.90
567	5690	58.41
567	136602	59.55
567	122888	69.90
567	6333	50.14
567	1274	52.23
567	122922	56.62
567	153070	69.90
567	151687	69.90
567	117877	69.90
567	108928	42.78
567	954	57.96
567	122924	48.70
567	27773	63.69
567	648	43.99
567	135887	40.16
568	50	69.90
568	147	69.90
568	296	69.90
568	356	69.90
568	480	69.90
568	593	69.90
568	765	69.90
568	1103	69.90
568	1104	69.90
568	1257	69.90
568	1298	69.90
568	1895	69.90
568	2313	69.90
568	2359	69.90
568	2863	69.90
568	3053	69.90
568	3148	69.90
568	3261	69.90
568	3363	69.90
568	8169	69.90
568	46723	69.90
568	63853	69.90
568	65088	69.90
569	231	77.28
569	50	96.46
569	380	86.52
569	588	89.79
569	592	84.61
570	208	53.61
570	8636	74.92
570	48516	79.07
570	1225	72.85
570	586	55.05
570	2683	63.31
570	457	74.18
570	1196	83.44
570	110	77.06
570	4993	80.92
570	7361	79.81
570	1198	82.36
570	1079	75.05
570	10	65.29
570	3793	75.05
570	1391	56.09
570	589	78.55
570	380	64.20
570	527	78.60
570	185	56.39
571	1331	69.90
571	2982	69.90
571	2366	67.23
571	1128	55.50
571	610	63.27
571	2902	52.96
571	1998	69.90
571	3696	67.76
571	1980	69.90
571	1987	69.90
571	70	67.83
571	1924	55.44
571	2279	48.26
571	1327	36.85
571	3732	65.73
571	1972	34.06
571	1278	78.19
571	1644	43.97
571	2327	85.08
571	1978	45.48
572	1961	80.74
572	2570	66.88
572	2788	84.84
572	2321	74.73
572	111	95.06
572	904	97.97
572	2987	73.86
572	2302	71.05
572	1834	94.17
572	2539	68.83
572	2917	84.53
572	1307	80.54
572	1	76.82
572	161	82.44
572	3421	74.57
572	838	80.94
572	1356	83.97
572	2006	63.30
572	3167	70.35
572	1953	85.38
573	89745	97.90
573	72998	83.43
573	3752	77.63
573	356	97.30
573	7293	87.37
573	6754	83.79
573	8665	82.62
573	32587	89.95
573	1073	91.38
573	88744	79.29
573	1127	77.48
573	68954	94.79
573	98809	91.81
573	2640	82.66
573	48516	96.18
573	71535	91.63
573	59369	84.35
573	60069	95.28
573	88140	88.20
573	1562	57.80
574	47	69.90
574	110	69.90
574	150	69.90
574	153	69.90
574	161	69.90
574	185	69.90
574	225	69.90
574	231	69.90
574	292	69.90
574	296	69.90
574	300	69.90
574	316	69.90
574	318	69.90
574	329	69.90
574	339	69.90
574	344	69.90
574	380	69.90
574	410	69.90
574	434	69.90
574	588	69.90
574	592	69.90
574	593	69.90
574	595	69.90
575	2566	77.28
575	2580	78.08
575	296	84.76
575	2581	61.25
575	2572	72.46
575	2542	81.77
575	2574	42.67
575	2598	57.31
576	849	54.31
576	1321	61.72
576	1373	51.65
576	1479	56.59
576	2289	59.49
577	2415	69.90
577	1183	65.79
577	1288	77.14
577	1129	71.49
577	2944	80.37
577	2194	71.10
577	733	69.20
577	1213	82.49
577	2076	72.02
577	2020	79.98
577	1262	81.58
577	1931	85.07
577	1391	56.38
577	2987	65.51
577	952	70.45
577	1909	72.75
577	260	74.21
577	919	78.01
577	2248	72.45
577	1270	73.11
578	6751	69.90
578	52668	95.75
578	45668	81.24
578	830	74.66
578	72407	71.05
578	75446	69.90
579	3174	81.05
579	2485	71.82
579	1022	76.86
579	2018	71.95
579	838	88.93
579	1917	75.23
579	1391	77.80
579	596	73.76
579	1573	80.67
579	2965	69.90
579	1653	91.05
579	2599	80.68
579	892	75.85
579	2687	75.66
579	595	81.22
580	5767	69.90
580	6583	69.90
580	480	68.95
580	8844	69.90
580	6989	62.03
580	3809	66.45
580	41569	79.52
580	3699	53.62
580	4041	62.04
580	33166	84.99
580	356	85.39
580	508	68.85
580	8376	74.31
580	3578	89.47
580	608	84.90
580	3785	63.57
580	3089	71.91
580	1320	61.00
580	54286	83.77
580	1201	76.48
581	7153	89.52
581	5995	89.89
581	4973	90.62
581	116797	88.64
581	3949	84.29
581	4306	86.28
581	109487	83.68
581	6377	86.51
582	91529	84.99
582	2959	90.24
582	116797	86.21
582	4993	83.33
582	5618	86.30
582	2571	82.33
582	76251	73.74
582	69844	85.18
582	104841	75.28
582	48516	88.88
582	97752	76.23
582	76093	84.01
583	8533	71.13
583	88405	59.57
583	2706	63.06
583	117590	74.40
583	317	68.65
583	60756	63.58
583	6942	73.51
583	595	75.91
583	46578	74.14
583	104	67.14
583	2694	65.15
583	7451	74.08
584	288	68.13
584	22	78.88
584	203	74.68
584	315	78.98
584	500	79.67
584	316	78.34
584	539	83.42
584	234	70.93
584	296	89.12
584	257	87.59
584	434	72.66
584	586	69.94
584	338	69.68
584	349	85.38
584	282	74.46
584	480	88.50
584	590	90.40
585	3173	71.11
585	1228	92.32
585	54503	86.19
585	2959	91.65
585	428	81.96
585	1405	65.02
585	7254	77.98
585	441	86.33
585	1805	68.95
585	296	90.34
585	27373	69.90
585	5325	80.20
585	79132	90.30
586	34332	77.15
586	4016	89.75
586	111659	68.04
586	106002	85.06
586	149406	81.13
586	167036	90.71
586	45499	81.58
586	136556	69.90
586	5445	82.82
586	117851	73.44
586	1291	89.70
586	71264	93.48
586	106489	84.10
586	135436	77.85
586	3753	81.62
586	2640	83.93
586	3147	89.04
586	122916	97.13
586	3793	86.82
586	101362	65.38
587	1234	87.16
587	628	75.75
587	2012	73.53
587	534	85.08
587	2002	68.77
587	1641	83.62
587	236	82.66
587	1376	73.95
587	2622	66.68
587	1541	56.23
587	3260	90.07
587	497	89.23
587	3082	73.02
587	445	75.05
587	3448	83.31
587	2574	50.28
587	765	74.52
587	691	69.06
587	329	80.08
587	3406	74.35
588	50	76.04
588	16	68.13
588	20	45.65
588	356	74.87
588	350	55.21
588	198	56.94
588	593	75.76
588	364	69.00
588	163	66.43
588	253	62.27
588	223	67.48
588	3	59.26
589	1092	71.36
589	318	95.39
589	590	86.28
589	373	79.92
589	586	69.40
589	587	78.69
589	527	94.70
589	337	86.05
590	924	82.06
590	8807	58.03
590	2371	55.31
590	38061	71.95
590	81834	76.56
590	40815	71.86
590	4890	47.76
590	903	80.94
590	5	51.53
590	3624	54.55
590	555	74.92
590	4047	63.13
590	51662	65.01
590	2085	67.20
590	419	46.50
590	595	71.42
590	329	63.84
590	2376	60.58
590	3635	57.92
590	2398	83.34
591	2908	64.93
591	2706	67.96
591	2712	69.46
591	2355	71.90
591	3615	62.34
591	3578	76.00
591	2394	68.77
591	3798	64.22
591	356	82.41
591	223	74.21
591	2724	64.64
592	514	68.62
592	2	75.15
592	153	67.05
592	415	57.28
592	110	85.05
592	177	68.59
592	420	61.56
592	380	77.12
592	44	52.73
592	788	59.12
592	588	87.72
592	163	72.91
592	204	59.39
592	610	74.37
592	39	78.07
592	419	57.81
592	253	73.52
592	432	55.46
592	240	62.58
593	1196	72.21
593	1073	59.05
593	1086	87.08
593	1617	84.40
593	4034	67.26
593	41566	48.55
593	1197	72.48
593	344	45.93
593	8368	59.55
593	339	65.35
593	2959	70.48
593	8961	58.21
593	5816	53.46
593	2797	65.05
593	4896	55.67
593	588	61.21
593	595	60.01
593	5952	63.17
593	377	54.94
593	141	64.70
594	7031	69.90
594	2671	86.35
594	7115	52.53
594	1616	71.88
594	5943	72.78
594	1188	76.95
594	2269	71.31
594	1733	100.00
594	4902	64.41
594	6996	33.67
594	780	87.45
594	1429	76.20
594	6140	69.90
594	7046	69.86
594	39	82.57
594	595	92.29
594	799	80.20
594	2028	93.27
594	8482	69.90
594	7169	82.65
595	265	94.26
595	50	96.63
595	1186	87.00
595	1199	97.79
595	1966	74.34
596	33649	69.90
596	43744	69.90
596	182793	69.90
596	129397	44.81
596	128908	69.90
596	1	77.25
596	142488	82.91
596	122922	79.88
596	4310	51.86
596	71838	60.59
596	4025	55.91
596	2501	69.64
596	110102	71.31
596	149406	64.46
596	2774	69.90
596	5502	63.30
596	8665	70.49
596	6537	61.85
596	2571	77.52
596	345	68.07
597	1799	71.46
597	490	64.46
597	3040	64.23
597	2529	90.46
597	2858	99.30
597	903	94.92
597	3039	86.82
597	2000	82.13
597	1291	90.96
597	357	79.31
597	1228	98.66
597	1845	82.29
597	2411	64.49
597	1580	84.62
597	1148	89.25
597	1198	97.49
597	2723	68.15
597	485	58.29
597	592	72.62
597	2692	87.58
598	56367	81.23
598	8360	82.38
598	593	82.26
598	114265	69.90
598	103543	42.04
599	26142	69.90
599	26567	69.90
599	26590	69.90
599	26676	69.90
599	26854	69.90
599	27595	69.90
599	34800	69.90
599	53450	69.90
599	60803	69.90
599	69131	69.90
599	74696	69.90
599	79895	69.90
599	84523	69.90
599	87960	69.90
599	92674	69.90
599	98799	69.90
599	102735	69.90
599	102852	69.90
599	104017	69.90
599	105020	69.90
599	122433	69.90
599	157865	69.90
599	158874	69.90
599	160978	69.90
599	161044	69.90
599	174727	69.90
599	179053	69.90
599	1801	57.81
599	6035	67.81
599	3387	51.22
599	33437	56.32
599	112	50.96
599	5995	70.22
599	167706	69.90
599	4394	69.90
599	836	47.69
599	7235	55.30
599	8809	67.82
599	102749	69.90
599	89087	24.86
599	42011	31.14
599	432	33.65
599	471	58.54
599	5628	57.99
599	1015	48.11
599	2	53.57
599	2269	50.18
599	69	59.63
599	3947	52.04
599	79091	63.28
599	104837	69.90
599	4037	69.56
599	7587	66.11
599	6881	65.83
599	1449	66.32
599	7225	71.23
599	81229	57.42
599	68952	68.17
599	4728	46.21
599	5081	46.16
599	33966	69.90
599	1779	40.62
599	3669	69.90
599	87197	69.90
599	170297	69.90
599	79057	54.50
599	95965	69.90
599	55207	69.90
599	4007	59.69
599	1220	70.35
599	80831	60.47
599	46723	55.87
599	71282	67.00
599	7757	56.86
599	3259	49.67
599	92309	68.35
599	1376	57.77
599	7192	47.80
599	4654	47.18
599	101423	69.90
599	53468	52.51
599	62662	69.90
599	3174	52.45
599	3698	59.08
599	2882	32.07
599	2359	58.80
599	1183	59.18
599	2792	45.17
599	1095	61.01
599	8387	6.89
599	53125	50.15
599	115713	68.59
599	2949	65.03
599	2471	42.29
599	3	45.83
599	1231	60.35
599	3861	41.73
599	240	36.63
599	1480	58.84
599	2301	55.62
599	1445	34.60
599	8045	69.90
599	586	49.37
599	2942	41.96
599	1185	63.52
599	4594	69.90
599	2474	57.35
599	3671	69.82
599	3196	63.43
599	64839	62.02
599	98697	69.90
599	2606	43.50
599	1777	54.41
599	5309	37.27
599	7022	61.73
599	4873	65.01
599	541	83.25
599	27311	75.62
599	43921	58.23
599	67734	56.23
599	4240	69.90
599	5026	72.13
599	168	44.14
599	33493	59.16
599	4125	6.29
599	7354	46.29
599	207	53.44
599	1094	57.93
599	742	45.96
599	1609	26.29
599	1042	48.86
599	3362	69.07
599	4553	63.50
599	4632	55.68
599	2278	62.91
599	468	44.15
599	122904	65.31
599	75416	69.90
599	42718	62.55
599	4285	27.93
599	79274	75.62
599	1794	69.90
599	45081	32.76
599	108192	69.90
599	3489	58.67
599	3503	65.45
599	89804	49.57
599	163809	69.90
599	577	34.53
599	3071	48.55
599	1204	79.96
599	3981	40.15
599	95771	69.90
599	45382	64.34
599	6548	44.61
599	59387	66.53
599	166528	66.71
599	168492	69.90
599	6691	69.90
599	605	40.67
599	424	25.77
599	2991	62.42
599	248	48.87
599	97950	69.90
599	3865	57.69
599	1216	54.93
599	342	54.59
599	35836	54.81
599	27772	46.92
599	176419	69.90
599	151781	69.90
599	277	46.15
599	6320	8.80
599	39381	65.66
599	5111	69.90
599	4090	62.83
599	2450	30.21
599	2676	54.51
599	2356	35.56
599	79702	63.40
599	1597	50.44
599	410	46.64
599	1721	56.76
599	3702	68.25
599	183301	69.90
599	1387	80.09
599	2072	54.35
599	26729	69.96
599	2393	60.73
599	4247	37.34
599	4591	44.43
599	1032	57.85
599	3087	45.55
599	1895	47.31
599	634	29.25
599	210	47.88
599	2074	67.79
599	51575	39.60
599	3505	63.89
599	5247	47.84
599	481	48.02
599	4215	31.44
599	1355	21.13
599	2657	63.18
599	2028	82.56
599	4011	70.49
599	420	41.74
599	552	50.64
599	1196	83.25
599	2395	59.02
599	5303	58.94
599	1752	48.40
599	3186	51.51
599	4310	44.84
599	1784	60.21
599	3200	72.99
599	7254	58.64
599	688	38.78
599	473	27.23
599	1079	65.83
599	1552	48.80
599	1148	67.86
599	1544	52.82
599	63113	54.10
599	2325	55.37
599	26649	65.68
599	6804	69.90
599	161	60.71
599	4109	48.20
599	34332	41.62
599	1653	74.06
599	4808	32.84
599	7707	69.90
599	3468	73.13
599	502	27.51
599	1221	85.30
599	1792	47.00
599	68319	45.82
599	6787	69.97
599	2119	16.28
599	3884	18.78
599	4254	32.22
599	3973	23.35
599	103609	69.90
599	8934	69.90
599	5377	62.92
599	42632	68.32
599	55290	56.98
599	4506	52.04
599	7840	69.95
599	5568	49.47
599	1689	37.11
599	7005	69.90
599	103228	63.47
599	59947	69.90
599	786	49.60
599	4351	48.52
599	172253	69.90
599	4679	46.60
599	1411	67.05
599	117630	69.90
599	1590	44.90
599	112623	56.80
599	3146	38.54
599	8984	53.68
599	1920	47.86
599	519	38.53
599	179817	71.28
599	3979	36.82
599	3741	73.16
599	44020	51.23
599	26630	69.90
599	7285	59.41
599	3030	70.42
599	1021	29.17
599	8638	66.08
599	87	43.47
599	7153	71.09
599	2877	40.10
599	2018	54.60
599	3173	47.71
599	5198	69.90
599	7101	48.79
599	7701	22.91
599	3213	69.39
599	26159	69.90
599	2339	69.90
599	33896	65.36
599	2000	71.94
599	4006	59.78
599	136562	60.96
599	37382	53.94
599	6645	63.11
599	171763	75.54
599	8528	59.77
599	27008	69.90
599	4017	56.14
599	4167	47.90
599	86142	71.35
599	1249	70.68
599	3255	53.41
599	736	51.58
599	2779	52.83
599	84414	91.23
599	27773	72.55
599	2083	63.02
599	98499	48.35
599	4034	69.09
599	119828	69.90
599	1993	32.26
599	94864	51.18
599	6631	69.90
599	2321	52.10
599	26242	52.04
599	3703	72.88
599	41566	49.09
599	2529	72.96
599	1968	67.40
599	8914	66.81
599	3257	48.00
599	159403	69.90
599	1036	79.02
599	76093	61.96
599	5103	57.29
599	6947	60.30
599	1952	64.19
599	2124	62.52
599	4084	44.15
599	6016	76.17
599	778	79.27
599	81	53.40
599	2171	55.39
599	1253	63.82
599	4275	38.11
599	7982	51.46
599	3723	76.87
599	849	51.74
599	2681	54.17
599	6565	57.11
599	39414	52.77
599	122916	68.86
599	6440	66.90
599	8917	59.15
599	72011	57.62
599	1605	43.46
599	1240	77.47
599	923	73.18
599	68157	73.78
599	5961	69.90
599	5053	69.90
599	3571	67.79
599	2403	63.02
599	3871	66.43
599	44238	69.90
599	72226	66.82
599	7004	44.92
599	2054	49.26
599	62970	46.05
599	5159	41.92
599	354	59.59
599	122924	54.89
599	48774	67.98
599	1394	69.16
599	3763	49.59
599	70286	64.39
599	1904	27.93
599	3969	55.83
599	81562	70.18
599	102590	69.90
599	233	51.60
599	4155	50.94
599	1031	52.72
599	76	50.95
599	459	35.35
599	1097	67.51
599	1178	74.78
599	60291	66.76
599	3328	73.49
599	1232	66.10
599	3036	68.27
599	5283	44.68
599	4327	56.04
599	610	63.01
599	2726	66.79
599	4732	24.03
599	5970	49.47
599	2396	61.05
599	594	59.12
599	1247	71.79
599	45499	57.15
599	3476	58.45
599	2399	37.93
599	137218	69.90
599	1997	66.71
599	3271	64.78
599	27801	69.86
599	6365	55.10
599	1799	55.00
599	580	56.36
599	122900	62.54
599	2803	43.70
599	80219	49.65
599	466	48.40
599	110882	67.37
599	3997	23.51
599	26176	69.90
599	2378	39.68
599	117895	11.17
599	26662	69.98
599	90603	73.90
599	119218	69.90
599	44	39.56
599	809	31.94
599	1960	63.61
599	4519	54.48
599	1959	61.56
599	414	39.88
599	1073	72.43
599	61236	38.96
599	1479	51.61
599	4019	61.55
599	1245	71.24
599	37857	71.17
599	161032	69.90
599	371	54.33
599	3020	58.74
599	88593	69.90
599	6774	62.99
599	2005	62.82
599	90405	50.88
599	26285	69.90
599	6793	23.86
599	627	52.52
599	1617	75.19
599	6734	28.35
599	108090	69.90
599	2427	64.78
599	51024	65.77
599	122922	62.30
599	3440	34.97
599	6874	69.97
599	4919	55.97
599	338	46.83
599	81591	53.87
599	1704	73.03
599	1499	24.76
599	357	55.91
599	62155	50.08
599	144	42.36
599	34148	69.90
599	53519	53.58
599	4504	69.90
599	2796	37.65
599	216	59.18
599	6827	0.77
599	1429	58.25
599	7445	51.73
599	1385	49.70
599	90471	59.21
599	8425	69.90
599	10	61.66
599	26542	58.35
599	7387	66.41
599	72998	56.06
599	89470	60.18
599	3629	70.47
599	1297	58.02
599	3424	63.62
599	1672	52.51
599	44761	68.02
599	196	40.71
599	70703	69.90
599	2383	26.41
599	180	52.18
599	4040	29.65
599	6333	63.84
599	4440	97.98
599	5291	61.31
599	88235	67.18
599	1639	60.21
599	4580	0.00
599	153236	69.90
599	86190	62.89
599	4477	38.67
599	103027	69.90
599	32291	53.21
599	34811	69.90
599	5171	45.16
599	122260	69.90
599	8784	66.11
599	5954	63.62
599	8798	61.48
599	707	43.99
599	880	44.96
599	314	53.63
599	61323	57.31
600	3269	46.25
600	1394	73.67
600	3785	49.20
600	2717	41.13
600	5569	71.07
600	4306	73.93
600	1206	77.47
600	56775	47.29
600	2015	59.63
600	7	55.31
600	2013	61.63
600	262	70.03
600	1210	67.56
600	1060	69.07
600	2431	51.16
600	2077	58.11
600	2423	65.19
600	4641	68.19
600	527	66.73
600	5076	61.07
601	141846	69.90
601	68157	94.58
601	1262	88.84
601	106782	90.12
601	60069	92.77
601	49272	91.01
601	5445	85.63
601	1193	94.03
601	1207	92.61
601	79132	92.29
601	904	91.59
601	166024	99.91
601	1917	72.89
601	7153	97.82
601	2324	94.37
601	170697	89.28
601	31658	93.34
601	5989	90.99
601	88810	85.44
601	2571	94.81
602	161	70.75
602	19	58.42
602	350	60.66
602	494	70.99
602	14	63.39
602	471	64.82
602	125	65.48
602	434	56.08
602	235	67.34
602	481	57.39
602	315	56.72
602	371	64.34
602	474	73.43
602	527	78.71
602	21	63.25
602	349	68.80
602	440	66.09
602	339	60.91
602	480	74.65
602	163	70.30
603	602	69.90
603	803	69.90
603	2008	69.90
603	2577	69.90
603	3459	69.90
603	4787	63.35
603	2912	76.61
603	1769	59.11
603	485	49.84
603	4420	69.90
603	920	65.90
603	1	72.49
603	2706	64.38
603	1844	75.79
603	3787	95.80
603	1222	87.50
603	190	73.12
603	2716	63.40
603	3983	90.84
603	101	77.44
604	220	69.90
604	292	69.57
604	151	72.42
604	329	70.61
604	410	62.56
604	426	66.71
604	435	45.67
604	316	69.48
604	22	63.93
604	235	73.13
604	181	44.66
604	332	63.36
604	273	65.43
604	637	62.59
604	285	69.90
604	173	58.04
604	588	76.28
604	23	65.04
604	553	81.53
604	1	78.80
605	35347	69.90
605	6787	76.69
605	1197	83.02
605	5667	69.90
605	42738	60.08
605	51662	71.58
605	7373	62.65
605	596	60.16
605	780	66.78
605	4571	77.02
605	2316	69.77
605	7454	49.81
605	150	74.98
605	60040	60.24
605	8977	42.07
605	3269	53.18
605	72982	69.90
605	1210	83.55
605	62376	49.81
605	60937	48.83
606	263	69.90
606	563	69.90
606	583	69.90
606	3808	69.90
606	4671	69.90
606	4840	69.90
606	5856	69.90
606	6111	69.90
606	6573	69.90
606	8685	69.90
606	32728	69.90
606	55805	69.90
606	3147	84.42
606	4392	62.06
606	2311	79.81
606	6308	40.66
606	50842	90.79
606	6591	91.22
606	8270	72.61
606	2025	85.84
607	891	86.43
607	1610	74.86
607	448	73.87
607	3147	82.99
607	1094	71.51
607	1307	76.43
607	592	74.04
607	204	67.95
607	1552	59.85
607	527	87.62
607	3476	70.13
607	296	85.89
607	2313	80.95
607	3440	44.63
607	423	68.93
607	1518	75.63
607	2118	77.22
607	2193	74.15
607	380	76.05
607	2028	85.06
608	52245	63.56
608	2997	70.50
608	3793	81.37
608	2763	77.89
608	174	41.13
608	2000	68.16
608	1214	75.60
608	919	61.85
608	2700	77.31
608	4161	65.27
608	5146	62.77
608	1639	64.03
608	541	69.21
608	473	29.41
608	2529	60.88
608	522	82.54
608	4343	67.61
608	1909	59.23
608	2431	58.51
608	1220	69.54
609	296	76.39
609	833	32.56
609	356	75.08
609	339	64.33
609	454	67.46
609	318	80.50
609	208	52.61
609	292	62.64
610	5953	69.90
610	58975	69.90
610	70206	69.90
610	78626	69.90
610	82765	69.90
610	97988	69.90
610	107447	69.90
610	107462	69.90
610	110591	69.90
610	110746	69.90
610	118082	69.90
610	139655	69.90
610	160341	69.90
610	86644	52.80
610	56801	51.65
610	61024	83.81
610	77561	79.48
610	4816	78.67
610	62434	66.48
610	3972	79.67
