1	260	100.00
1	1927	97.70
1	804	78.20
1	3	84.68
1	1009	78.60
1	2406	88.74
1	1587	82.10
1	3671	96.16
1	2617	85.09
1	3053	97.18
1	2571	100.00
1	1222	100.00
1	2137	90.90
1	1377	78.41
1	2395	84.53
1	2761	99.42
1	2641	84.95
1	2872	91.88
1	1258	100.00
1	2700	95.84
2	333	79.23
2	122882	77.63
2	71535	80.82
2	46970	71.43
2	58559	85.42
2	80489	83.62
3	5764	69.90
3	647	47.58
3	6835	69.90
3	5919	47.42
3	2851	35.95
3	2288	51.17
3	5048	28.10
3	4518	45.16
4	106	69.90
4	1291	77.49
4	3408	68.54
4	265	73.44
4	52	72.81
4	4347	81.06
4	2467	78.84
4	908	83.69
4	345	68.76
4	1304	82.60
4	1923	72.78
4	2959	87.46
4	368	73.33
4	1219	81.42
4	4765	81.86
4	1199	87.26
4	4166	41.70
4	1732	81.44
4	21	73.89
4	2858	87.54
5	515	74.15
5	1	75.72
5	364	77.06
5	608	86.24
5	290	75.64
5	261	77.35
5	34	77.01
5	318	89.48
5	21	67.52
6	349	67.02
6	318	92.67
6	775	69.90
6	141	72.29
6	348	65.41
6	104	67.36
6	327	58.58
6	410	58.70
6	165	73.36
6	87	63.85
6	366	62.73
6	17	75.01
6	1084	74.47
6	222	69.91
6	16	82.13
6	416	48.00
6	277	65.77
6	460	65.24
6	867	26.46
6	316	68.59
7	8528	71.09
7	3623	50.80
7	8636	64.79
7	8360	69.67
7	1517	61.02
7	466	57.16
7	8373	45.03
7	1220	73.79
7	7155	46.59
7	8808	55.42
7	6863	62.76
7	31878	68.24
7	1610	70.83
7	1219	72.85
7	4700	59.15
7	45668	59.10
7	8970	71.02
7	27741	72.51
7	6333	70.96
7	8865	47.51
8	356	81.95
8	47	80.96
8	231	56.22
8	318	93.84
8	454	76.29
8	292	69.45
8	32	81.00
8	141	74.84
8	380	69.20
8	252	72.36
9	5451	63.34
9	923	75.27
9	5890	69.90
9	2901	59.82
9	922	80.15
9	6044	69.90
9	1987	69.90
9	5378	55.47
9	3735	80.51
9	5447	62.70
10	597	72.43
10	33679	68.52
10	8533	71.04
10	8969	62.76
10	72720	69.54
10	88810	77.87
10	136020	59.87
10	6377	79.76
10	5943	54.59
10	109374	73.65
10	113394	69.90
10	61250	49.75
10	82167	54.62
10	140110	66.65
10	5377	72.17
10	77841	69.90
10	6942	76.74
10	1028	80.28
10	72330	69.90
10	66203	50.80
11	733	75.54
11	1584	78.40
11	1210	86.44
11	170	70.99
11	1438	62.15
11	648	78.60
11	1918	63.79
11	493	75.34
11	10	74.43
11	457	75.69
11	1693	63.83
11	150	81.82
11	1923	81.24
12	2717	70.82
12	2100	75.45
12	838	92.91
12	2072	86.01
12	1876	76.42
12	2581	84.74
12	6942	97.69
13	3717	69.70
13	3624	75.88
13	3798	72.32
13	2174	71.01
13	47	86.85
13	3893	72.54
13	305	54.73
14	344	53.35
14	477	68.41
14	110	86.31
14	540	51.08
14	597	68.33
14	153	66.83
14	592	65.14
14	4	46.25
14	539	70.42
14	105	65.86
15	91529	79.30
15	7438	69.13
15	111759	76.74
15	2329	79.62
15	1	74.51
15	1909	63.29
15	1240	74.60
15	115713	78.09
15	1200	73.96
15	293	76.38
15	2571	80.34
15	3949	73.35
15	120466	65.07
15	1198	78.00
15	2028	81.23
15	2011	74.79
15	158	52.14
15	160980	72.84
15	4306	71.14
15	4022	71.57
16	1230	82.78
16	78499	76.01
16	913	83.14
16	1136	79.20
16	1299	87.82
16	1617	81.45
16	1203	79.90
16	3429	88.82
16	2858	80.12
16	608	81.01
16	3683	87.72
16	4002	79.25
16	1199	84.17
16	912	82.25
16	2707	64.53
16	5782	74.23
16	1260	70.40
16	319	79.69
16	27773	82.37
16	2109	78.47
17	260	93.93
17	64839	89.90
17	296	98.62
17	5952	86.62
17	527	95.26
17	1193	94.91
17	3681	96.06
17	1240	87.75
17	2717	77.84
17	2858	87.16
17	1093	81.55
17	81932	87.44
17	5618	98.78
17	50	98.13
17	5971	86.77
17	2959	99.89
17	1201	97.39
17	541	89.45
17	82459	88.29
17	1	85.99
18	8117	69.90
18	65596	69.90
18	88094	69.90
18	145283	69.90
18	157110	69.90
18	166015	69.90
18	171023	69.90
18	103253	65.41
18	60684	80.79
18	44199	76.11
18	2	69.43
18	86628	72.24
18	59784	76.70
18	2918	78.50
18	109374	83.27
18	4226	87.17
18	53129	93.65
18	139385	78.83
18	47	88.87
18	1291	88.10
19	3692	69.90
19	3662	42.46
19	54	62.47
19	2733	36.89
19	1702	39.02
19	1240	62.94
19	1270	58.93
19	3712	43.82
19	1881	47.27
19	216	51.73
19	3	46.54
19	1834	57.22
19	2184	41.38
19	3017	51.98
19	2044	23.82
19	2354	37.52
19	2005	60.10
19	3146	36.49
19	3387	51.89
19	2694	43.68
20	1566	71.76
20	5419	65.80
20	4014	74.47
20	2140	75.28
20	586	65.23
20	661	74.68
20	3189	75.23
20	5014	78.69
20	1333	77.24
20	4161	67.99
20	3784	68.57
20	1030	64.11
20	5313	52.46
20	2804	77.94
20	2054	59.81
20	34	77.89
20	1097	83.94
20	6358	69.90
20	4519	63.67
20	1722	60.21
21	107013	69.90
21	117922	69.90
21	140301	69.90
21	57640	73.73
21	2985	65.46
21	2990	66.55
21	2717	59.68
21	5418	71.57
21	31433	53.67
21	112175	71.77
21	7153	82.26
21	30793	55.85
21	4446	64.79
21	52973	67.88
21	45186	66.52
21	2023	63.59
21	79185	66.81
21	1721	55.98
21	102125	68.70
21	5459	55.87
22	8961	58.17
22	2723	51.09
22	60950	50.54
22	64575	43.17
22	1193	61.81
22	70286	57.95
22	4993	61.52
22	2160	67.26
22	39183	52.32
22	7147	59.87
22	3996	55.13
22	3481	59.43
22	55765	58.88
22	48780	55.95
22	7361	60.80
22	51540	53.90
22	6711	64.11
22	2968	56.43
22	3949	58.89
22	48394	48.84
23	6234	69.90
23	3996	79.36
23	293	83.23
23	1206	92.33
23	1136	86.28
23	1960	76.22
23	7587	81.21
23	3424	84.66
23	3181	86.50
23	2467	80.14
23	1248	90.45
23	1617	79.29
23	6807	77.08
23	1952	83.79
23	6440	80.40
23	1258	84.98
23	1243	88.16
23	1080	82.67
23	8228	72.43
23	1711	67.94
24	1784	71.83
24	2617	75.31
24	111759	79.15
24	134853	78.79
24	58998	80.71
24	1265	72.63
24	1198	81.48
24	3147	80.85
24	1197	80.26
24	1220	77.64
24	2424	65.39
24	5418	76.71
24	72011	70.02
24	54286	78.99
24	27773	77.91
24	64957	70.60
24	356	84.24
24	44191	79.39
24	1682	74.94
24	68358	72.08
25	58559	100.00
25	60069	100.00
25	74458	95.91
25	79132	100.00
25	527	98.34
25	260	100.00
26	10	69.90
26	34	69.90
26	47	69.90
26	150	69.90
26	153	69.90
26	165	69.90
26	185	69.90
26	208	69.90
26	225	69.90
26	288	69.90
26	296	69.90
26	300	69.90
26	344	69.90
26	349	69.90
26	356	69.90
26	380	69.90
26	434	69.90
26	454	69.90
26	457	69.90
26	592	69.90
26	593	69.90
27	1196	87.56
27	2478	67.38
27	2640	77.46
27	3508	85.06
27	3555	70.83
27	1201	84.94
27	3519	62.17
27	969	74.55
27	2080	71.76
27	673	56.86
27	2886	12.99
27	2529	80.52
27	1387	87.20
27	1101	70.12
27	1947	67.57
27	1250	83.97
27	1276	79.20
27	3114	79.32
27	1083	64.09
27	3809	69.06
28	27450	69.90
28	60943	69.90
28	61011	69.90
28	63033	69.90
28	5617	67.72
28	59369	58.62
28	60046	69.90
28	507	53.60
28	3300	64.33
28	55094	42.97
28	59018	69.90
28	26695	69.90
28	2951	71.49
28	3006	64.55
28	2231	64.45
28	5418	67.57
28	26812	57.56
28	2058	57.16
28	353	70.51
28	61167	69.90
29	98961	90.87
29	7379	76.67
29	1250	96.90
29	1201	95.84
29	111362	87.17
29	48516	96.39
29	1100	64.34
29	26554	69.90
29	3441	84.74
29	4327	84.08
29	2872	86.20
29	2301	83.01
29	1617	90.40
29	3681	93.73
29	55820	91.12
29	4223	81.28
29	99114	85.14
30	5952	100.00
30	108932	98.91
30	1200	98.23
30	91529	100.00
30	116823	95.54
30	112852	100.00
30	1198	100.00
31	1198	100.00
31	1200	86.08
31	648	72.49
31	1363	72.75
31	1073	76.93
31	1036	91.91
31	1197	92.17
31	377	80.09
31	1246	83.55
31	1270	86.41
32	236	71.50
32	314	85.20
32	1356	82.32
32	357	79.61
32	224	75.02
32	627	77.46
32	1079	85.46
32	1084	81.29
32	318	90.01
32	761	58.35
32	1197	88.65
32	849	64.03
32	912	88.03
32	880	65.65
32	1198	92.92
32	58	83.69
32	203	72.63
32	608	92.01
32	497	88.91
32	410	65.84
33	110	88.00
33	17	82.27
33	2396	83.17
33	2272	65.70
33	448	73.70
33	428	79.78
33	265	81.52
33	1280	90.98
33	1177	91.80
33	1617	89.49
33	50	89.53
33	261	80.33
33	11	78.54
33	452	54.04
33	345	74.69
33	608	92.48
33	150	75.27
33	1188	77.01
33	800	85.34
33	2690	84.26
34	780	66.15
34	2273	62.16
34	3717	59.98
34	26606	69.90
34	45499	60.79
34	3996	65.62
34	4310	57.10
34	3624	59.58
34	31685	63.44
34	1721	50.34
34	5146	71.53
34	7090	79.07
34	70	73.95
34	2006	56.19
34	3000	78.70
34	4306	74.95
34	27728	9.31
34	3997	37.51
35	11	90.55
35	185	78.01
35	595	83.47
35	21	74.45
35	300	77.60
36	5171	31.24
36	3066	63.28
36	552	40.11
36	4025	41.65
36	1262	61.29
36	2735	34.62
36	2359	49.45
36	1372	52.33
36	1278	57.28
36	2194	58.83
36	3347	63.71
36	1704	56.40
37	344	81.31
37	356	98.95
37	661	88.91
37	329	84.96
37	457	100.00
38	434	52.40
38	39	56.31
38	223	70.53
38	161	63.97
38	246	75.18
38	168	51.07
38	273	54.94
38	480	65.33
38	356	76.52
38	457	69.79
38	364	71.98
38	50	73.85
38	500	60.67
38	300	60.96
38	551	59.68
38	21	57.46
39	2571	92.75
39	2391	85.85
39	1921	91.91
39	1862	55.38
39	1219	85.79
39	1907	85.22
39	2081	85.66
39	2459	74.64
39	924	81.73
39	2529	90.69
39	1729	78.86
39	47	87.19
39	260	91.54
39	2080	78.66
39	592	82.89
39	296	96.50
39	3213	92.37
39	610	80.72
39	589	92.27
39	596	82.54
40	440	79.58
40	454	81.75
40	588	79.30
40	339	77.29
40	158	70.07
40	432	61.83
40	431	82.71
40	186	67.19
40	616	78.33
40	514	79.23
40	21	71.97
40	592	69.52
40	1	85.17
40	223	87.82
40	585	61.88
40	216	80.63
40	104	72.00
40	371	74.87
40	111	83.39
40	267	72.85
41	96829	73.34
41	64839	69.60
41	122882	67.80
41	6287	54.57
41	1569	65.02
41	106920	72.77
41	86781	77.65
41	3160	68.87
41	1721	56.29
41	2028	72.85
41	6763	46.65
41	5418	67.20
41	53519	61.05
41	122904	63.80
41	55247	70.46
41	924	67.76
41	4011	74.40
41	2324	75.49
41	35836	65.28
41	5995	76.17
42	3869	76.50
42	4654	65.34
42	1021	50.51
42	2423	73.66
42	3248	46.31
42	4477	55.82
42	2500	53.00
42	1431	53.98
42	195	71.61
42	3326	92.22
42	2407	68.87
42	1090	89.53
42	2735	59.13
42	3693	55.54
42	1020	71.11
42	4545	68.88
42	4132	56.16
42	2263	68.93
42	3535	75.98
42	2805	61.36
43	225	93.55
43	296	94.82
43	596	93.14
43	588	93.62
43	587	100.00
43	420	80.47
43	158	87.73
43	631	92.64
43	5	85.39
43	597	95.12
43	168	88.25
43	355	75.98
43	47	100.00
43	367	90.13
43	519	74.41
43	594	98.60
43	236	91.54
43	1	100.00
43	60	93.51
43	259	81.57
44	36	72.86
44	663	68.91
44	12	47.97
44	661	63.65
44	94	77.99
44	1	73.89
44	104	69.68
44	112	63.50
44	494	69.63
44	889	69.90
45	2718	78.20
45	1036	81.88
45	2028	93.22
45	1653	94.68
45	1682	87.15
45	2396	83.07
45	3249	76.25
45	261	79.64
45	4308	80.33
45	329	74.15
45	1367	70.50
45	2890	87.72
45	593	90.64
45	1127	80.02
45	2431	76.12
45	6377	88.07
45	569	67.23
45	1197	94.63
45	1060	84.27
45	2858	86.74
46	590	80.89
46	588	72.21
46	315	71.65
46	208	66.60
46	1	87.98
46	432	62.67
46	225	76.08
46	434	68.67
46	339	79.81
47	508	61.75
47	68932	65.01
47	72395	71.86
47	2420	69.60
47	597	68.22
47	148626	74.28
47	5989	77.11
47	96588	69.28
47	69122	65.52
47	6155	56.36
47	4975	63.23
47	30749	64.47
47	106100	72.67
47	45950	65.51
47	2028	68.56
47	4018	54.74
47	1259	69.56
47	6373	61.03
47	33166	67.58
47	2407	59.07
48	4886	90.77
48	1320	78.27
48	1527	84.27
48	1193	87.20
48	3793	86.70
48	48	76.70
48	1653	92.79
49	2028	87.34
49	1214	87.28
49	139385	89.90
49	318	97.73
49	527	86.03
50	8143	69.90
50	114335	69.90
50	136564	69.90
50	142074	69.90
50	171759	69.90
50	175693	69.90
50	179073	69.90
50	175707	69.90
50	71264	56.84
50	82848	69.90
50	1377	49.10
50	44555	65.38
50	8157	61.66
50	6807	64.71
50	95543	56.40
50	8253	52.89
50	96610	57.78
50	924	63.24
50	32875	69.90
50	4896	47.31
51	7040	69.90
51	5620	62.11
51	2613	57.38
51	4437	88.25
51	2023	69.84
51	1500	80.11
51	522	81.76
51	858	97.28
51	4508	74.09
51	2951	84.41
51	1014	87.75
51	1407	65.93
51	2282	78.72
51	2420	81.16
51	3388	59.63
51	260	96.04
51	3186	74.77
51	3994	79.28
51	3501	67.53
51	2371	71.39
52	152081	91.91
52	51255	95.80
52	74458	87.88
52	1923	88.72
52	7438	91.05
52	40583	87.79
52	59784	91.76
52	55765	94.37
52	112852	98.64
52	86892	69.90
52	55363	100.00
52	112138	88.39
52	49272	97.98
52	52245	82.83
52	69481	98.43
52	50794	74.83
52	1704	94.98
52	54736	91.87
52	44665	92.19
52	47200	86.99
53	481	100.00
53	1100	85.00
53	249	100.00
53	1125	100.00
53	916	100.00
54	296	62.23
54	593	75.42
54	639	42.65
54	1	68.09
54	205	58.95
54	161	65.91
54	500	56.98
55	2407	49.24
55	673	42.07
55	3275	69.52
55	2890	60.30
55	4011	64.51
56	786	74.33
56	253	81.57
56	165	82.39
56	110	97.06
56	589	84.11
56	370	73.69
56	434	71.49
56	410	67.34
56	69	80.06
56	185	77.05
57	2140	74.17
57	942	72.88
57	920	64.75
57	3175	73.32
57	1784	70.79
57	3429	82.39
57	933	82.42
57	1193	80.07
57	3446	69.90
57	160	52.42
57	1499	42.62
57	2640	67.62
57	892	73.59
57	11	72.04
57	2947	75.29
57	6	75.62
57	2478	65.02
57	2291	69.78
57	1688	66.03
57	2301	70.62
58	588	82.20
58	282	73.98
58	185	70.60
58	419	68.62
58	367	74.70
58	277	69.51
58	48	71.18
58	280	85.15
58	337	84.94
58	345	77.81
58	3	79.88
58	357	78.37
58	527	99.41
58	587	84.44
58	218	78.05
58	500	78.96
58	508	85.33
58	368	76.46
58	364	86.11
58	353	78.92
59	1696	48.36
59	6460	100.00
59	3489	78.46
59	1188	89.74
59	1222	100.00
59	2076	91.91
59	3448	88.91
59	1263	96.38
59	1247	89.49
59	527	100.00
59	1244	94.08
59	904	96.57
59	903	98.05
59	965	85.24
59	2616	69.99
59	1953	89.52
59	608	97.45
59	105	80.35
59	912	98.46
59	3471	91.90
60	832	72.98
60	58559	81.90
60	805	69.53
60	455	57.57
60	858	88.40
61	266	87.36
61	1101	76.95
61	7438	91.41
61	173	68.94
61	555	93.49
61	2012	77.97
61	4878	96.66
61	3949	90.57
62	99114	85.10
62	176371	85.70
62	3793	88.42
62	56757	81.04
62	73017	83.30
62	30793	71.92
62	179819	81.57
62	68554	76.23
62	185135	97.09
62	168248	94.78
62	5903	86.93
62	4878	89.44
62	2028	90.23
62	5502	76.72
62	6058	69.67
62	344	72.97
62	1721	74.58
62	45499	77.42
62	41566	76.60
62	78105	70.00
63	5669	76.57
63	4246	74.41
63	48780	79.21
63	500	66.22
63	6016	83.55
63	31658	82.41
63	2858	82.69
63	64285	86.73
63	85414	72.00
63	1221	86.30
63	106696	72.41
63	4963	76.95
63	50	88.45
63	1097	77.90
63	260	90.03
63	110	82.74
63	1222	89.72
63	4979	75.44
63	5952	81.21
63	77561	77.14
64	5878	88.03
64	3101	71.32
64	2640	75.89
64	2959	93.65
64	8784	84.21
64	2054	60.09
64	4239	82.44
64	4025	62.94
64	5026	87.18
64	40819	81.56
64	266	76.09
64	2699	60.12
64	27266	85.42
64	3969	78.04
64	1805	67.93
64	6296	83.51
64	4776	83.95
64	3148	87.05
64	4262	87.90
64	356	94.01
65	1246	88.40
65	33660	84.85
65	7458	79.64
65	2329	86.95
65	4993	82.49
65	91542	80.75
65	3147	90.67
66	593	93.90
66	47	91.69
66	5418	85.50
66	922	90.47
66	2139	81.75
66	2956	66.38
66	3745	79.81
66	1956	88.68
66	4581	69.90
66	5349	86.75
66	1210	92.86
66	1094	76.01
66	2001	74.06
66	380	76.19
66	6539	88.00
66	671	80.37
66	1	89.42
66	6378	80.35
66	7766	90.08
66	296	99.28
67	99114	80.72
67	4306	87.94
67	27193	68.19
67	79132	90.96
67	60069	77.97
67	2012	80.26
67	4886	86.34
67	4993	86.02
68	47978	69.90
68	95218	69.90
68	6534	50.82
68	48696	66.00
68	67267	67.12
68	30825	56.83
68	1799	70.97
68	3556	68.37
68	8622	67.62
68	4351	58.44
68	63113	62.88
68	58295	62.06
68	7151	65.44
68	2413	67.87
68	6287	57.12
68	653	55.74
68	41566	58.91
68	5541	61.98
68	260	82.01
68	48043	64.18
69	4370	85.47
69	4848	100.00
69	3671	94.85
69	2476	99.06
69	1193	95.24
69	356	98.01
69	553	95.94
69	4022	90.60
69	260	99.15
69	3994	92.59
70	1193	93.64
70	1097	90.63
70	1914	88.23
70	1269	86.97
70	4995	95.39
70	318	100.00
70	8949	91.87
70	1968	90.85
70	1210	86.37
70	89492	87.71
70	1250	99.71
70	1235	96.73
70	2366	85.18
71	494	78.31
71	647	76.19
71	736	72.75
71	95	67.57
71	733	81.67
71	589	84.54
71	7	66.83
72	1047	78.48
72	150	90.60
72	858	95.70
72	2490	86.79
72	1357	92.75
72	260	92.44
72	50	92.61
72	1198	93.76
72	1196	96.72
73	1193	83.32
73	45720	74.48
73	105037	61.62
73	6333	76.91
73	59315	74.85
73	76293	71.48
73	138204	78.22
73	2706	75.71
73	152081	75.22
73	45221	51.18
73	68135	72.90
73	150	73.01
73	8376	66.87
73	93510	74.24
73	59784	70.18
73	116823	75.31
73	106072	72.71
73	1682	79.48
73	52245	63.80
73	35836	72.29
74	31522	69.90
74	2594	93.61
74	2908	92.88
74	30749	85.90
74	6870	90.01
74	3006	88.80
74	52281	87.11
74	49772	98.77
74	55118	94.66
74	2997	86.92
74	6305	88.87
74	608	98.99
74	4546	91.99
74	41863	96.66
74	27773	95.77
74	6001	94.97
74	1251	100.00
74	6552	88.06
74	46976	92.33
74	44555	94.83
75	5445	69.31
75	1240	70.81
75	5952	74.15
75	2193	67.36
75	6870	69.57
75	2529	79.75
75	168	45.78
75	541	78.15
75	3176	68.18
75	1962	70.47
75	2078	71.21
75	1889	72.51
75	1266	83.73
75	1374	76.04
76	48877	52.36
76	5956	64.01
76	2918	65.95
76	58803	59.93
76	1247	69.29
76	74458	69.70
76	7669	74.51
76	79132	69.48
76	8957	56.87
76	858	78.52
76	55820	76.38
76	1258	73.55
76	63436	47.89
76	1201	74.21
76	1208	70.18
76	48	55.22
76	288	56.64
76	34405	68.64
76	1	64.76
76	1196	78.16
77	3996	69.66
77	4973	84.45
77	7361	81.41
77	8636	73.51
77	3578	78.61
77	33794	75.67
78	296	84.34
78	165	75.93
78	3809	64.78
78	589	77.97
78	546	41.13
78	27904	72.58
78	260	78.16
78	590	71.34
78	480	76.33
78	68791	66.54
78	344	47.68
78	44974	67.69
78	380	67.79
79	3266	100.00
79	3029	78.83
79	589	95.22
79	1916	94.47
79	307	90.51
79	4005	79.18
79	260	100.00
79	1189	93.67
79	1345	85.82
79	2000	90.63
79	1374	94.50
79	2659	69.90
79	2076	92.76
80	7445	81.91
80	96691	80.70
80	84189	69.90
80	91630	88.22
80	49530	87.32
80	8950	93.72
80	6539	95.36
80	4223	84.63
80	5630	83.92
80	3527	94.50
80	76251	81.05
80	80363	74.55
80	52604	86.22
80	6502	93.20
80	34048	81.15
80	1221	96.85
80	60684	92.36
80	6952	72.59
80	5989	90.91
80	77561	87.87
81	10	69.90
81	32	69.90
81	47	69.90
81	110	69.90
81	150	69.90
81	153	69.90
81	161	69.90
81	165	69.90
81	208	69.90
81	231	69.90
81	288	69.90
81	296	69.90
81	316	69.90
81	318	69.90
81	329	69.90
81	344	69.90
81	356	69.90
81	364	69.90
81	367	69.90
81	377	69.90
81	380	69.90
81	457	69.90
81	480	69.90
81	588	69.90
81	589	69.90
81	592	69.90
82	6886	69.90
82	2381	43.34
82	2378	60.91
82	6566	69.28
82	368	68.26
82	6536	71.55
82	3253	69.41
82	4310	53.16
82	1608	63.47
82	1372	71.52
82	145	64.02
82	356	85.05
82	6708	74.73
82	1485	60.24
82	4369	56.97
82	6564	47.02
82	6888	42.17
82	5803	42.01
82	4015	50.62
82	364	78.01
83	56367	68.89
83	7143	72.07
83	7323	67.68
83	6539	67.91
83	161	67.18
83	586	54.09
83	2115	62.13
83	1270	74.04
83	6874	70.97
83	2324	76.93
83	1537	71.34
83	7153	75.22
83	68954	66.78
83	48774	69.98
83	30749	63.47
83	8014	76.71
83	1222	78.77
83	3753	57.77
83	1223	83.33
83	64983	59.90
84	55	69.90
84	987	69.90
84	912	93.51
84	1096	81.78
84	420	55.21
84	1227	81.42
84	113	62.07
84	580	71.20
84	5060	77.98
84	1293	81.88
84	900	77.50
84	1097	81.38
84	62	72.02
84	368	72.62
84	1305	79.07
84	1247	81.38
84	1296	80.30
84	11	81.26
84	1073	81.19
84	1094	68.95
85	1519	69.90
85	1624	53.98
85	1140	69.90
85	1694	50.81
85	1643	64.93
85	1747	80.05
85	1635	83.46
86	4993	89.16
86	4310	65.13
86	6947	78.48
86	2411	65.61
86	457	79.57
86	5418	80.81
86	3996	77.01
86	4901	77.52
86	1835	80.35
86	33794	78.68
86	1196	86.99
86	3555	78.43
86	1097	82.22
86	2687	75.49
87	4023	58.91
87	2009	72.03
87	3504	86.53
87	671	88.08
87	2139	80.92
88	7312	69.90
88	74795	83.56
88	4993	94.20
88	68157	95.16
88	5952	91.37
88	1193	92.83
88	223	81.85
88	8665	84.63
88	4262	89.00
88	56782	95.24
88	8677	57.50
88	58559	90.05
89	26645	69.90
89	32060	69.90
89	44851	69.90
89	53280	69.90
89	53578	69.90
89	67888	69.90
89	69211	69.90
89	81087	69.90
89	84246	69.90
89	103602	69.90
89	108078	69.90
89	109596	69.90
89	118894	69.90
89	121007	69.90
89	128089	69.90
89	128944	69.90
89	131098	69.90
89	131439	69.90
89	134847	69.90
89	140481	69.90
89	146684	69.90
89	148632	69.90
89	150554	69.90
89	164226	69.90
89	30793	65.05
89	169912	52.40
89	87869	70.72
89	1923	66.95
89	4015	60.61
89	950	67.42
89	173253	69.90
89	2324	78.34
89	27826	69.90
89	92259	84.26
89	11	64.03
89	3977	59.57
89	86298	49.80
89	8154	69.90
89	77688	69.90
89	2997	79.88
89	170837	69.90
89	49274	48.74
89	157775	69.90
89	1	80.73
89	142196	69.90
89	99117	48.53
89	62008	69.90
89	72624	69.90
89	108156	68.04
89	3752	64.56
89	2059	62.57
89	128520	88.77
89	3175	62.50
89	133879	69.90
89	48649	69.90
89	126088	69.90
89	5529	69.90
89	65588	69.90
89	99130	69.90
89	40962	69.90
89	1732	72.20
89	68659	67.04
89	91666	69.90
89	2683	57.44
89	3751	71.64
89	750	74.31
89	6650	69.90
89	149508	69.90
89	2395	57.78
89	51575	62.40
89	65230	60.35
89	171751	69.90
89	85881	74.25
89	139157	69.90
89	6863	65.61
89	4246	76.31
89	108949	71.44
89	1230	71.84
89	160567	92.40
89	73319	66.52
89	177185	69.90
89	130520	62.77
89	5220	58.89
89	121338	69.90
89	153386	69.90
89	50872	74.48
89	149566	69.90
89	145491	69.90
89	4890	62.89
89	129354	60.54
89	32243	69.90
89	84944	64.29
89	6402	69.90
89	1288	77.21
89	140133	69.90
89	119141	67.67
89	947	95.68
89	176621	69.90
89	4973	76.29
89	158398	69.90
89	69469	69.90
89	54503	73.69
89	141928	69.90
89	102481	75.54
90	1137	69.90
90	1144	69.90
90	581	100.00
90	81	73.82
90	892	88.30
90	1073	83.64
90	116	71.80
90	896	47.00
90	17	82.60
90	7	74.88
90	613	87.70
91	3013	69.90
91	6395	69.90
91	8147	69.90
91	7153	85.35
91	3360	73.06
91	2791	81.11
91	3897	78.36
91	1080	80.30
91	4850	64.72
91	3429	83.45
91	7000	70.99
91	2060	71.36
91	2916	70.64
91	1391	65.40
91	2100	59.17
91	318	89.20
91	2146	64.82
91	1225	79.33
91	1246	75.93
91	8501	67.11
92	2572	87.06
92	2114	82.69
92	1015	80.63
92	2454	81.71
92	1801	86.87
93	736	87.22
93	1917	77.91
93	552	77.78
93	1721	83.97
93	539	90.14
93	480	95.56
93	1372	91.46
93	368	86.55
93	2355	84.37
93	1923	90.52
93	2193	88.36
93	2006	73.60
93	339	87.35
93	1097	97.06
93	1591	68.98
93	260	100.00
93	2968	92.05
93	1676	76.91
93	593	100.00
93	558	81.84
94	231	48.80
94	377	62.38
94	367	58.24
94	364	66.49
94	288	52.03
94	19	47.62
94	10	53.79
94	586	49.12
94	590	63.95
94	380	61.60
94	589	64.64
94	318	81.26
95	18	89.61
95	4878	100.00
95	6979	80.00
95	4732	58.27
95	3019	89.87
95	5246	54.99
95	32	94.26
95	2952	84.03
95	1247	88.56
95	1198	100.00
95	5283	71.95
95	3361	82.31
95	1513	70.97
95	2009	77.90
95	539	78.62
95	122	64.65
95	1584	79.15
95	1240	90.74
95	4262	91.28
95	5349	85.46
96	527	92.73
96	1094	70.91
96	272	77.73
96	3819	88.57
96	150	84.44
96	2021	71.76
96	2571	87.98
96	1214	86.94
96	2058	72.99
96	1220	79.37
96	733	74.60
96	2340	64.81
96	1721	71.05
96	2396	76.32
96	367	64.04
96	1291	84.45
97	4701	77.03
97	4306	85.25
97	3578	88.25
97	4993	89.81
97	4963	82.79
97	4299	74.95
97	3981	64.16
97	4161	78.42
98	81845	86.03
98	8961	84.71
98	122912	87.44
98	5299	74.06
98	63992	54.85
98	187541	67.00
98	56152	86.07
98	134853	86.72
98	69644	59.47
98	6863	76.84
98	5618	89.80
98	56801	63.54
98	3499	90.81
98	134130	89.26
98	74789	70.98
98	82461	78.58
98	1258	93.10
98	88810	92.62
98	79132	89.02
99	318	96.28
99	161	81.75
99	420	64.91
99	592	71.20
99	196	63.63
99	122	68.26
99	145	69.88
99	150	84.95
99	316	74.35
99	236	75.30
99	588	76.68
100	497	86.72
100	296	94.55
100	1393	81.71
100	95	66.33
100	592	80.20
100	605	66.01
100	6059	75.84
100	28	89.35
100	2245	76.52
100	62	77.12
100	4308	80.32
100	1777	83.09
100	838	82.33
100	2125	89.32
100	1288	89.69
100	234	67.83
100	1197	98.27
100	2005	84.37
100	4014	79.96
100	4623	76.92
101	2580	78.32
101	3285	52.60
101	2723	74.95
101	2700	78.78
101	2908	72.58
101	2390	67.77
101	3175	67.97
101	2395	64.34
101	358	55.07
101	2702	66.64
101	3394	60.97
101	2997	81.28
101	2502	84.52
102	158	58.26
102	588	64.10
102	150	75.03
102	592	55.36
102	253	63.57
102	480	70.41
102	344	45.95
102	539	68.78
102	553	69.24
102	593	85.26
102	586	55.80
102	223	74.81
103	86014	69.90
103	1954	87.91
103	60040	74.68
103	1968	84.85
103	77206	69.90
103	2161	81.22
103	1732	89.28
103	81834	88.17
103	608	89.80
103	2384	64.49
103	4254	52.43
103	104	80.38
103	139642	67.97
103	56782	91.33
103	2096	79.79
103	101	94.96
103	6534	63.70
103	374	53.99
103	60069	89.23
103	30793	70.60
104	4740	69.90
104	743	53.80
104	5218	74.05
104	8643	65.28
104	1288	80.19
104	47997	79.02
104	468	67.65
104	76251	75.44
104	8533	74.29
104	4018	62.11
104	38038	75.08
104	1566	68.50
104	7361	79.86
104	6060	69.90
104	3034	74.60
104	1641	78.44
104	4641	71.82
104	108190	58.17
104	616	76.06
104	7034	78.87
105	4788	69.90
105	69685	69.90
105	95311	69.90
105	95313	69.90
105	110586	69.90
105	141816	69.90
105	141818	69.90
105	170597	69.90
105	172587	69.90
105	172793	69.90
105	173351	69.90
105	173535	69.90
105	6433	70.20
105	4974	68.89
105	70286	85.65
105	108981	69.90
105	95175	69.90
105	69122	84.89
105	1243	86.73
105	3916	88.11
106	69844	93.22
106	72998	83.80
106	59501	87.85
106	86880	85.03
106	5349	89.49
106	53125	92.26
106	59784	88.33
107	231	70.15
107	253	81.20
107	590	88.27
107	165	85.27
107	434	72.49
107	208	64.98
107	318	99.61
108	800	90.11
108	6022	76.07
108	4995	87.71
108	2585	69.90
108	5316	72.63
108	4975	76.47
108	3978	70.56
108	5349	78.79
108	2926	85.29
108	4246	81.42
108	4878	91.39
108	4994	77.37
108	1968	88.17
108	1684	68.35
108	497	84.40
108	5380	83.66
109	380	58.81
109	1033	65.82
109	231	47.25
109	364	73.89
109	589	71.06
109	480	69.01
109	62	68.85
109	31	61.43
109	587	68.82
109	1032	64.10
109	586	53.45
109	778	71.69
109	540	46.97
109	256	54.43
109	163	61.84
109	252	64.73
109	223	74.62
109	553	67.53
109	537	57.03
109	168	54.95
110	26171	81.83
110	2468	52.12
110	1198	77.62
110	1089	81.81
110	1222	82.65
110	1208	83.51
110	4881	81.18
110	47	79.15
110	527	80.70
110	1193	84.80
110	2428	55.96
111	100194	69.90
111	162602	69.90
111	171251	69.90
111	2145	70.41
111	96588	72.00
111	65088	64.89
111	66203	56.01
111	84772	57.75
111	2081	69.45
111	91529	72.03
111	6365	62.82
111	45666	50.27
111	3255	69.66
111	1282	72.42
111	6539	77.20
111	86833	75.98
111	122882	70.49
111	59143	79.86
111	86911	68.80
111	5283	60.51
112	788	49.85
112	161	76.12
112	1917	59.63
112	16	81.29
112	21	69.95
112	208	52.45
112	434	58.30
112	39	64.89
112	3717	65.71
112	19	56.74
112	110	77.65
112	32	74.34
112	70286	78.15
113	4083	69.90
113	39	75.20
113	3168	70.74
113	932	85.43
113	2331	58.33
113	3359	81.61
113	1086	83.17
113	3504	81.32
113	1339	72.09
113	904	89.34
113	3546	69.90
113	4063	46.32
113	4062	67.13
113	1077	77.56
113	1589	72.47
113	2475	68.08
113	3831	74.88
113	46	62.35
113	1733	100.00
113	4007	77.26
114	141718	69.90
114	54001	73.59
114	2291	65.80
114	167732	69.90
114	122886	66.39
114	8961	69.31
114	3147	75.55
115	1580	81.41
115	2804	86.37
115	1387	84.37
115	2792	67.02
115	3146	56.86
115	3273	55.12
115	3052	74.64
115	2841	75.13
115	2719	55.55
115	595	78.48
115	2700	83.52
115	383	67.97
115	2027	49.35
115	2148	67.55
115	2770	66.00
115	3785	62.50
115	2916	77.24
115	3175	81.01
115	588	78.07
115	1377	62.42
116	2716	73.41
116	858	84.23
116	1299	80.43
116	62383	59.77
116	1339	70.92
116	1276	75.56
116	597	72.73
116	1029	65.47
116	1101	69.40
116	2797	73.55
116	2657	64.86
116	1961	78.62
116	1407	64.19
116	5995	81.25
116	1704	76.14
116	165	66.76
116	2115	74.43
116	8360	72.14
117	708	69.20
117	587	71.05
117	589	74.81
117	151	73.46
117	36	69.33
117	1036	76.16
117	595	70.19
117	288	61.18
117	596	70.63
117	48	61.32
117	315	60.10
117	454	71.21
117	353	68.75
117	474	71.53
117	10	60.19
117	60	68.82
117	805	70.45
117	491	67.62
117	616	70.15
117	485	57.95
118	1221	83.88
118	1625	69.15
118	153	47.86
118	1961	80.25
118	1810	73.15
119	95441	78.31
119	117176	84.32
119	1092	79.51
119	91529	85.90
119	74458	91.63
119	4387	88.04
119	79132	88.61
119	168252	93.90
119	44022	78.59
119	78499	90.16
119	122904	86.87
119	106782	89.69
119	442	69.24
119	4993	89.02
119	31685	74.82
119	6365	78.16
119	141004	65.68
119	4148	79.63
119	88744	86.39
119	8644	82.07
120	260	79.84
120	32	66.14
120	5	57.42
120	631	69.78
120	52	70.43
121	497	80.73
121	440	70.17
121	161	69.50
121	527	84.43
121	292	61.20
121	344	49.31
121	186	55.36
121	316	59.91
121	1	74.20
121	19	47.14
121	163	61.38
121	337	71.78
122	27660	92.36
122	69784	91.81
122	7022	97.28
122	148652	69.90
122	4816	92.74
122	56174	87.99
122	94959	99.22
122	81591	91.41
122	71535	100.00
122	30810	91.43
122	2997	94.27
122	1732	98.63
122	108932	93.87
122	780	88.79
122	1090	100.00
122	3253	90.48
122	106782	98.14
122	72226	96.87
122	1200	100.00
122	1214	100.00
123	68554	73.76
123	115569	86.97
123	79132	89.70
123	109487	86.54
123	1196	90.78
123	4226	94.27
123	296	86.93
123	7153	90.25
123	143458	69.90
123	47	93.74
123	96829	86.07
123	2858	87.44
124	56145	79.69
124	2161	82.53
124	260	88.98
124	175	90.27
124	1358	84.71
124	6377	86.67
124	4226	90.18
124	3147	91.15
124	608	91.66
124	1223	95.64
125	5088	69.90
125	86721	69.90
125	110330	69.90
125	54503	83.54
125	72011	76.18
125	162578	87.06
125	119145	84.26
125	176371	80.92
125	55247	82.12
125	1240	83.10
125	86332	81.51
125	68157	89.34
125	112623	79.35
125	4082	49.34
125	160567	100.00
125	3342	73.96
125	109487	83.11
125	88140	79.01
125	98607	69.90
125	81562	83.39
126	364	74.22
126	349	67.25
126	231	54.72
126	380	69.41
126	410	54.68
126	300	67.80
126	253	62.88
126	457	79.70
127	2915	61.10
127	903	76.26
127	55276	63.92
127	5060	66.88
127	272	56.74
128	904	93.36
128	965	91.89
128	926	100.00
128	1066	97.24
128	1721	84.88
128	1080	94.43
128	1198	95.93
129	4370	76.24
129	480	86.91
129	3698	74.89
129	2692	85.95
129	2138	91.04
129	1968	82.77
129	8368	88.99
129	653	71.40
129	7143	85.78
129	316	78.23
129	6874	93.18
129	239	72.31
129	2916	81.66
129	733	82.95
129	4896	80.07
129	2028	93.43
129	3977	67.84
129	3000	89.23
129	1907	82.58
129	31658	88.72
130	208	53.05
130	316	62.27
130	292	69.89
130	110	79.29
130	590	68.03
130	296	69.82
131	2273	60.02
131	6947	72.20
131	58559	78.62
131	908	79.67
131	4878	79.73
131	89745	73.29
131	7256	77.52
131	68237	81.60
131	2722	56.14
131	2028	80.60
131	48516	82.39
131	3178	71.17
131	64614	74.60
131	969	80.60
132	6251	69.90
132	3275	73.62
132	4995	69.16
132	2987	64.41
132	7444	56.50
132	3262	60.68
132	4168	55.33
132	31658	70.68
132	44191	74.24
132	1089	66.23
132	3967	65.31
132	5502	54.93
132	50	75.47
132	58559	73.41
132	5992	67.09
132	2108	53.31
132	1844	67.22
132	2657	60.64
132	47	66.21
132	2470	45.99
133	454	66.36
133	356	69.05
133	589	67.16
133	150	66.01
133	153	50.44
133	380	56.45
133	527	80.10
134	442	66.70
134	595	76.42
134	349	70.23
134	380	72.27
134	367	69.10
134	509	62.15
134	296	70.76
135	592	81.14
135	4084	65.75
135	893	79.09
135	3994	75.83
135	2004	72.66
135	608	87.39
135	1358	83.19
135	3852	65.48
135	3489	68.48
135	1614	59.93
135	1198	95.18
135	4128	76.62
135	1883	57.35
135	2302	66.50
135	1291	86.47
135	410	64.99
135	1261	85.81
135	4022	75.83
135	4881	79.45
135	1077	76.36
136	161	72.08
136	193	40.96
136	585	55.13
136	338	60.44
136	277	61.36
136	380	71.57
136	181	40.72
136	337	75.51
136	437	46.53
136	165	72.07
136	611	72.34
136	151	74.95
136	340	65.71
136	252	67.14
136	432	54.76
136	552	60.65
136	350	68.92
136	280	76.83
136	273	60.16
136	150	76.07
137	6787	89.26
137	2716	82.07
137	1198	90.94
137	750	96.44
137	919	87.73
137	1270	84.91
137	318	90.79
137	150	84.24
137	2997	84.91
137	1200	86.37
137	6986	69.90
137	7153	90.43
137	1242	94.50
137	110	79.97
137	33493	72.36
137	1197	90.74
137	2959	93.16
137	1237	86.64
137	903	91.44
137	7762	92.41
138	2707	70.09
138	1960	72.32
138	1959	79.99
138	849	74.75
138	3996	91.67
139	4025	31.15
139	7445	39.14
139	60684	47.35
139	4865	43.13
139	68319	31.12
139	7090	51.34
139	5502	39.53
139	260	50.45
139	8371	34.19
139	53953	38.96
139	58025	35.02
139	106782	46.26
139	6957	40.15
139	7163	28.47
139	3827	30.17
139	3624	34.10
139	52722	29.13
139	54259	44.63
139	4367	32.96
139	115617	51.49
140	5699	69.90
140	5299	71.32
140	1393	71.94
140	356	87.30
140	609	68.39
140	32596	67.25
140	4795	61.77
140	34072	72.70
140	1617	84.81
140	5256	69.90
140	5943	53.72
140	1084	77.66
140	4337	69.90
140	3108	78.43
140	43396	76.65
140	4719	59.90
140	1005	44.54
140	4321	69.16
140	5812	71.63
140	4259	72.73
141	5418	77.63
141	54503	80.33
141	4963	75.39
141	2478	69.71
141	71535	79.99
141	317	61.80
141	68954	74.69
141	54286	74.83
141	6365	63.82
141	54272	69.76
141	4447	70.46
141	5502	66.37
141	6377	79.30
141	6373	71.31
141	1265	74.57
141	91529	80.28
141	2502	87.71
141	441	81.38
141	1517	71.88
141	48516	82.84
142	434	63.26
142	384	74.62
142	588	69.59
142	50	86.24
142	527	94.27
142	356	84.78
142	337	81.87
142	377	72.58
143	1721	66.73
143	61250	49.92
143	6942	73.50
143	7169	57.24
143	8533	70.70
143	106696	68.57
143	3421	66.92
143	87232	70.53
143	78316	69.90
143	69069	75.91
143	59421	58.89
143	2144	71.73
143	96821	71.06
143	7173	60.22
143	500	66.16
144	589	79.65
144	541	79.35
144	8368	83.57
144	597	74.36
144	590	83.58
144	410	61.72
144	1246	81.56
144	527	90.38
144	356	89.98
144	500	62.53
144	19	61.62
144	2700	79.56
144	434	61.63
144	733	74.27
144	780	69.78
144	1036	81.57
144	5377	81.30
144	552	69.11
144	586	65.04
144	2081	79.73
145	344	52.30
145	339	69.54
145	380	64.17
145	318	83.94
145	588	64.38
146	7293	64.77
146	3257	51.01
146	32	71.86
146	1367	53.68
146	3686	49.56
146	410	58.21
146	47610	66.81
147	1234	82.26
147	168	67.50
147	552	63.27
147	555	77.85
147	2395	71.38
148	88125	84.64
148	5618	88.55
148	108932	80.71
148	81847	80.74
148	72998	72.60
148	5816	81.74
148	8368	88.34
148	7153	83.14
148	81834	85.64
148	4993	80.31
149	1097	57.27
149	1374	64.31
149	1831	34.36
149	1527	55.03
149	260	65.94
149	173	39.98
149	1206	67.58
149	1200	71.02
149	2021	53.53
149	1580	55.99
149	1391	53.18
149	1375	54.03
150	3	71.43
150	1356	78.33
150	5	64.17
150	95	62.76
150	733	76.32
150	1073	77.76
151	786	72.37
151	562	74.46
151	780	78.13
151	837	70.20
151	747	62.35
151	1265	71.80
151	828	65.99
151	1073	69.50
151	1	76.58
151	648	69.64
151	1393	75.55
151	1359	57.17
152	50	87.75
152	2959	92.65
152	116897	86.62
152	89492	75.13
152	1193	86.08
152	69481	90.55
152	85774	75.73
152	115713	86.72
152	111	85.05
152	92259	87.55
152	1234	89.45
152	79132	86.18
152	318	87.94
153	134853	50.46
153	1732	56.52
153	8533	48.63
153	4014	49.66
153	81456	36.85
153	106782	49.17
153	8528	53.58
153	6863	43.28
153	87194	37.20
153	2617	30.66
153	1246	57.42
153	106100	48.01
153	1954	53.07
153	7458	42.61
153	4226	50.86
153	89904	58.98
153	72998	41.30
153	133780	69.90
153	586	32.25
153	36535	52.93
154	114662	87.82
154	119145	93.95
154	81834	91.16
154	122904	86.03
154	106072	83.60
154	76093	89.81
154	77561	83.44
155	153	56.85
155	3286	40.24
155	1200	84.24
155	260	87.84
155	141	68.77
155	2355	77.12
155	2384	54.04
155	2948	78.12
155	432	55.73
155	2959	84.64
156	26313	69.90
156	31038	69.90
156	1230	90.39
156	1711	68.78
156	3341	86.96
156	6296	86.85
156	762	52.61
156	2361	62.95
156	2076	79.05
156	4784	63.04
156	661	78.42
156	2926	77.09
156	8571	69.90
156	47	79.20
156	3176	73.96
156	58	80.34
156	848	47.79
156	866	85.97
156	1485	60.06
156	923	89.12
157	785	63.73
157	3617	63.57
157	2720	35.45
157	2770	53.72
157	527	81.14
158	1093	62.89
158	2605	68.05
158	2872	74.49
158	2723	76.00
158	2428	60.21
158	66320	69.90
159	2959	70.61
159	60069	72.12
159	45720	60.49
159	597	66.20
159	4022	68.70
159	89864	70.76
159	49286	64.48
159	140110	63.39
159	84954	59.07
159	4447	66.04
159	1197	74.27
159	68954	73.25
159	6942	74.93
159	1961	73.71
159	106696	66.84
159	480	62.68
159	539	66.77
159	166643	68.38
159	40819	75.02
159	63082	68.10
160	126	34.90
160	1371	48.68
160	1198	76.99
160	196	41.51
160	3408	50.37
160	5349	60.68
160	3213	65.42
160	2408	46.50
160	839	37.02
160	3593	14.15
160	2748	69.90
160	533	43.77
160	1975	32.82
160	1676	47.35
160	3745	53.82
160	2011	52.23
160	733	52.73
160	3826	34.33
160	778	67.02
160	2840	38.71
161	4980	67.94
161	7247	79.19
161	47610	76.60
161	1223	92.83
161	38038	83.50
161	3429	93.21
161	2144	80.28
161	2336	80.25
162	150	87.63
162	225	80.77
162	168	74.40
162	50	96.00
162	300	89.05
162	266	80.87
162	31	82.60
162	62	92.90
163	1608	57.55
163	1810	51.07
163	1747	70.54
163	1777	57.60
163	1837	49.23
164	1036	96.26
164	2916	84.11
164	110	95.03
164	589	94.97
164	3527	90.16
164	1101	86.05
164	1201	100.00
164	2167	85.99
165	2353	66.37
165	3624	66.19
165	110	80.14
165	5505	68.79
165	5527	75.55
165	3256	73.27
165	5956	76.31
165	5418	81.47
165	5530	52.09
165	5450	71.56
165	1127	76.48
165	3409	57.73
165	5881	67.02
166	33794	85.23
166	1721	69.42
166	4011	90.68
166	5378	65.83
166	3481	88.03
166	49530	83.84
166	2353	72.73
166	47644	68.07
166	54272	83.48
166	8961	91.09
166	1198	92.69
166	2542	88.82
166	1036	82.26
166	608	85.92
166	434	65.93
166	5219	77.31
166	5418	86.84
166	2396	80.19
166	349	79.54
166	2324	89.97
167	33493	69.50
167	4886	80.26
167	778	83.54
167	3052	77.68
167	7147	78.87
167	6857	78.05
167	45501	58.42
167	6480	69.90
167	1682	74.89
167	2231	75.62
167	784	56.77
167	33794	71.96
167	2083	76.38
167	2413	73.35
167	6333	77.76
167	8961	79.80
167	2139	71.19
167	150	71.80
167	6773	74.64
167	35836	75.79
168	3730	98.41
168	1248	100.00
168	1201	100.00
168	1089	99.35
168	296	98.72
168	923	100.00
168	1222	100.00
168	5291	89.67
168	3543	95.20
168	1302	86.03
168	3362	95.15
168	1148	99.86
168	3101	77.42
168	57669	100.00
168	2076	95.43
168	1729	86.96
168	908	100.00
168	85354	76.28
168	80463	94.09
169	3536	89.35
169	2028	95.24
169	364	98.32
169	953	90.75
169	4886	94.07
169	5400	75.66
169	8644	84.48
169	524	84.10
169	2795	84.64
169	1022	87.54
169	3114	93.65
169	3967	94.79
169	1517	86.23
169	1035	96.74
169	8641	93.79
169	6365	79.71
169	661	87.70
169	457	91.00
169	3287	54.68
169	1416	75.84
170	318	86.24
170	296	67.71
170	586	54.81
170	377	67.96
170	34	77.01
170	592	60.77
170	277	61.30
170	500	61.25
170	266	63.74
170	588	68.33
171	485	87.19
171	1220	100.00
171	1025	96.14
171	801	88.24
171	1259	100.00
171	1079	100.00
171	828	84.97
171	317	78.20
171	869	94.43
171	380	89.29
171	1136	100.00
171	1225	100.00
171	661	94.88
171	318	100.00
171	47	100.00
171	1198	100.00
171	1208	100.00
172	3087	68.03
172	3578	74.74
172	7438	87.39
172	2072	74.81
172	3793	76.19
172	2762	84.81
173	10	73.77
173	329	71.61
173	586	64.52
173	597	77.41
173	588	76.61
174	553	77.27
174	520	56.38
174	224	72.38
174	648	82.08
174	161	77.30
174	317	71.37
174	158	68.39
174	780	81.84
174	315	66.05
174	485	63.20
174	282	67.07
174	440	75.35
174	350	72.75
174	10	68.60
175	531	59.19
175	8911	69.90
175	43904	69.90
175	38388	69.90
175	8362	52.66
176	165	78.63
176	434	66.76
176	39	68.56
176	368	75.29
176	380	78.92
176	780	85.06
176	47	87.37
176	471	80.98
177	42002	66.24
177	91542	70.59
177	6332	46.90
177	3668	70.76
177	45672	58.39
177	783	53.89
177	27706	62.77
177	2657	62.98
177	114662	69.97
177	1206	79.93
177	83132	74.08
177	5218	66.58
177	508	68.70
177	3114	75.38
177	1321	69.12
177	2176	71.57
177	8798	71.11
177	88140	70.54
177	2012	63.73
177	339	62.82
178	7361	86.12
178	527	96.14
178	2329	87.96
178	5995	91.51
178	6502	90.57
178	4235	87.05
178	1198	88.44
178	208	66.90
178	6539	84.29
178	296	86.63
178	349	80.03
178	10	78.72
178	4226	90.51
178	1240	84.01
178	2579	82.21
178	318	96.66
179	367	70.11
179	589	82.65
179	161	80.21
179	231	63.06
179	288	67.73
179	743	56.57
179	1061	79.48
179	317	71.90
179	786	70.21
179	592	67.73
179	671	74.42
179	296	80.84
179	434	64.40
179	364	82.52
180	1261	81.61
180	260	83.02
180	1748	88.07
180	1242	88.70
180	2140	80.02
181	157	57.51
181	593	76.79
181	596	60.08
181	353	57.94
181	539	63.97
181	516	63.67
181	132	59.45
181	169	44.91
181	25	58.86
181	31	55.08
181	542	54.74
181	6	66.39
181	707	50.52
181	185	55.96
181	464	43.39
181	502	44.53
181	415	49.08
181	480	68.31
181	592	53.00
181	344	45.14
182	4879	69.90
182	6969	69.90
182	3911	76.25
182	2728	73.14
182	4313	69.90
182	8042	85.18
182	1291	80.52
182	3113	57.55
182	3578	73.55
182	1590	57.89
182	161	68.13
182	4452	56.23
182	224	75.17
182	4980	60.51
182	4262	80.75
182	2353	59.55
182	2890	79.55
182	1127	75.90
182	541	84.23
182	6041	75.39
183	480	83.03
183	380	71.29
183	1196	90.12
183	2951	78.51
183	2534	49.96
183	4085	73.08
183	1287	86.54
183	2194	81.00
183	3247	60.09
183	1233	83.96
183	2662	63.45
183	1408	81.95
184	158035	69.90
184	181413	69.90
184	193565	69.90
184	97304	78.04
184	74754	78.27
184	168250	71.04
184	191005	69.90
184	106072	72.91
184	166291	88.70
184	127152	69.90
184	86332	77.23
184	80463	79.17
184	5816	74.79
184	122898	64.28
184	81845	77.34
184	5810	66.22
184	170813	64.86
184	174479	69.90
184	112852	84.96
184	148626	82.22
185	1685	69.90
185	2396	70.23
185	5377	72.93
185	1721	61.49
185	5952	79.09
185	1393	67.40
185	595	76.38
185	2085	67.61
185	4995	74.15
185	899	86.33
186	2605	70.52
186	1214	93.14
186	1291	93.53
186	3745	81.38
186	1269	91.59
186	2527	78.40
186	2532	70.99
186	4361	88.24
186	1307	87.88
186	2968	86.91
186	4306	97.66
186	2541	75.81
186	1702	69.29
186	480	88.74
186	1097	94.43
186	3977	70.50
186	919	84.29
186	3527	85.39
186	593	100.00
186	1196	99.36
187	26122	69.90
187	3949	87.05
187	49272	83.63
187	231	64.62
187	1206	93.89
187	6874	90.07
187	1729	75.92
187	1209	82.45
187	48394	83.90
187	6502	85.55
187	2701	51.39
187	4027	85.46
187	288	76.44
187	2542	83.10
187	7153	87.39
187	39427	80.72
187	6890	86.67
187	1222	90.02
187	8949	80.93
187	1748	90.46
188	2346	88.98
188	1212	100.00
188	594	94.60
188	1282	96.91
188	3469	87.77
188	2396	93.74
188	1091	76.96
188	3341	100.00
188	1264	93.59
188	2206	100.00
189	48516	89.12
189	4993	91.52
189	79132	90.66
189	2959	90.76
189	58559	88.62
190	6711	91.41
190	4776	87.95
190	8784	87.18
190	4995	83.94
190	5630	75.56
190	4306	73.25
190	30749	75.69
190	1221	91.35
190	4975	77.98
190	8961	83.11
190	858	85.93
190	8464	77.45
190	69844	84.79
190	7438	92.92
191	496	69.90
191	21	73.64
191	72	65.00
191	175	92.76
191	494	72.26
191	417	73.13
191	17	81.74
191	6	79.91
191	85	80.82
191	292	72.07
191	314	79.29
191	58	82.17
191	235	70.35
191	213	81.01
191	161	72.87
191	160	63.81
191	162	85.38
192	356	97.41
192	288	74.89
192	316	77.53
192	349	83.54
192	432	68.77
193	44555	78.45
193	55442	76.55
193	4878	77.04
193	6016	73.11
193	307	77.91
193	1270	74.98
193	5618	80.46
194	163	70.63
194	1396	68.29
194	1500	72.20
194	1288	84.43
194	5060	78.98
195	3424	82.01
195	2770	63.03
195	1041	87.33
195	1653	89.23
195	1923	77.49
195	3160	78.91
195	4723	49.05
195	1863	44.83
195	2336	71.73
195	2166	55.92
195	4308	70.52
195	1909	68.76
195	260	85.23
195	2028	83.75
195	3252	77.76
195	2908	74.60
195	1392	87.09
195	1365	80.77
195	70	67.84
195	190	63.35
196	70286	79.98
196	3578	85.21
196	59315	76.79
196	58559	83.19
196	364	80.33
196	1214	80.00
196	110	89.78
197	1513	68.56
197	1240	88.75
197	1882	52.29
197	786	68.90
197	2167	75.44
197	153	67.51
197	1784	81.07
198	3894	69.90
198	3499	70.94
198	920	70.09
198	1213	83.96
198	3949	82.52
198	1994	69.89
198	1485	58.58
198	2572	68.39
198	4019	73.35
198	1089	81.98
198	110	86.95
198	593	77.49
198	4128	72.04
198	1270	76.27
198	4886	76.78
198	1079	81.43
198	2117	76.18
198	912	83.41
198	1573	62.80
198	1682	75.37
199	5464	70.86
199	2165	69.90
199	2280	69.90
199	736	53.85
199	5673	70.99
199	349	66.50
199	5502	64.64
199	482	80.84
199	8532	69.90
199	1172	76.46
199	300	66.78
199	50068	69.59
199	4881	73.65
199	3175	64.31
199	7445	60.95
199	2973	72.45
199	34338	81.84
199	41997	69.91
199	1956	77.11
199	377	53.03
200	3809	75.71
200	7022	80.43
200	50802	75.80
200	3968	72.42
200	2485	63.38
200	500	72.75
200	5610	49.36
200	590	86.68
200	1029	73.48
200	53996	84.63
200	2572	78.77
200	4993	93.05
200	4041	81.08
200	57640	87.48
200	1302	76.07
200	1784	76.99
200	6383	55.76
200	1653	89.05
200	1569	78.16
200	1517	80.29
201	1748	91.74
201	1527	83.08
201	1584	82.55
201	2858	91.14
201	339	80.87
201	589	93.03
201	2717	71.38
201	994	91.08
201	788	60.54
201	1196	95.08
201	2797	87.62
201	733	73.22
201	1259	92.27
201	2174	85.75
201	1198	100.00
201	2455	74.20
201	1569	80.01
201	1213	92.72
201	160	65.29
201	24	77.34
202	3329	69.90
202	924	87.39
202	29	84.49
202	2289	79.85
202	1197	96.12
202	1196	93.44
202	2966	84.80
202	161	79.99
202	608	92.86
202	1209	85.43
202	1296	83.80
202	3194	67.86
202	1784	78.51
202	469	80.60
202	923	85.36
202	2000	78.73
202	1587	69.95
202	1719	93.47
202	3147	87.41
202	32	87.10
203	56174	70.18
203	8665	82.52
203	2407	68.63
203	5952	87.53
203	590	82.67
203	49272	88.74
203	40815	81.06
203	333	83.15
203	296	85.10
204	1136	84.91
204	3949	87.04
204	33794	83.37
204	48394	74.85
204	27075	69.90
204	1080	92.14
204	79008	95.89
204	6104	92.08
204	8874	84.58
204	81591	87.13
204	4878	91.45
204	91658	73.60
204	711	65.46
204	2313	88.40
204	86320	73.72
204	55820	91.36
204	5218	80.01
205	912	93.06
205	99114	89.16
205	91542	85.59
205	5816	92.00
205	95167	84.19
205	96079	85.91
206	36	91.36
206	608	98.58
206	733	86.50
206	140	77.32
206	141	82.78
207	2991	56.39
207	2428	39.53
207	2707	42.16
207	3740	62.06
207	100	37.98
208	1210	79.77
208	2628	61.08
208	380	69.85
208	2353	58.33
208	2278	73.30
208	2762	70.85
209	60684	94.94
209	1291	89.53
209	68157	94.21
209	74458	90.70
209	185029	100.00
209	122886	88.37
209	88125	88.82
210	123553	69.90
210	34405	92.11
210	166203	69.90
210	3147	92.36
210	31696	75.05
210	7649	73.09
210	58559	86.54
210	2105	77.01
210	6365	78.26
210	34397	69.90
210	4625	68.51
210	84772	73.33
210	122926	93.33
210	76093	88.82
210	62836	69.90
210	33493	79.83
210	1584	82.94
210	47610	80.73
210	108932	84.52
210	122918	88.46
211	58559	87.85
211	63113	77.54
211	90405	70.78
211	57669	92.28
211	60684	79.59
211	7153	89.96
211	73017	78.72
211	2105	72.12
211	4367	67.96
211	356	90.67
211	2642	58.08
211	1556	43.17
211	318	92.01
211	44665	80.08
211	85414	73.66
211	1198	82.60
211	1136	81.42
211	260	88.48
212	170697	74.07
212	122920	76.98
212	122892	67.99
212	2571	86.85
212	5218	66.58
212	48394	72.24
212	3578	79.67
212	1196	86.49
212	135143	72.44
212	74795	72.87
212	179401	81.34
212	79132	78.36
212	77800	86.44
212	108932	73.79
212	110102	78.48
212	96821	79.80
212	8874	81.43
212	65261	80.15
212	59784	72.79
212	2291	74.59
213	3285	65.14
213	87520	56.55
213	80363	67.82
213	76251	77.35
213	8957	72.68
213	2860	64.24
213	1234	87.29
213	5419	68.91
213	51935	83.81
213	69844	89.26
213	39446	70.68
213	4132	66.03
213	858	88.76
213	69526	62.27
213	4558	68.65
213	49530	79.60
213	58559	90.06
214	83	69.90
214	628	58.44
214	743	45.34
214	1363	55.16
214	802	63.46
215	1172	88.55
215	4973	93.05
215	63082	81.36
215	1291	83.80
215	2028	80.79
215	3252	82.52
215	3210	81.02
215	1968	83.15
215	1247	88.16
215	49272	85.01
215	1089	84.10
215	72407	58.09
215	5650	88.42
215	318	89.95
215	1208	86.18
215	2000	78.39
215	1197	91.59
215	1196	84.29
215	1297	78.23
215	4019	83.52
216	104	67.09
216	21	83.86
216	3996	82.71
216	3946	60.06
216	2946	67.28
216	3993	64.46
216	3897	79.12
216	2599	79.03
216	34	79.82
216	3994	69.59
216	4034	80.52
216	3363	78.62
216	1965	74.48
216	3422	74.76
216	3555	68.58
216	3253	67.39
216	2087	79.25
216	3986	57.13
216	2018	74.18
216	1923	67.20
217	1867	69.90
217	3434	69.90
217	1275	69.32
217	2468	33.89
217	3197	46.93
217	1912	59.49
217	2302	51.07
217	1876	45.16
217	380	56.56
217	1221	73.46
217	2471	41.29
217	1918	49.20
217	1385	44.32
217	3165	64.53
217	1590	39.27
217	1562	30.68
217	1703	43.77
217	2056	69.90
217	1831	33.58
217	160	44.22
218	2657	63.42
218	2692	80.05
218	1380	64.41
218	1198	81.89
218	6934	50.32
218	5349	75.59
219	60072	54.07
219	2115	67.76
219	59315	75.17
219	6539	74.04
219	442	47.51
219	30707	72.78
219	1704	78.15
219	180	68.99
219	1219	77.14
219	1005	43.65
219	27773	71.62
219	56156	56.31
219	6188	65.07
219	6721	67.41
219	30825	55.81
219	2997	68.81
219	1552	53.84
219	1500	63.23
219	2890	70.65
219	1921	73.13
220	3996	84.96
220	733	81.84
220	1198	92.77
220	3994	84.88
220	6539	91.45
220	1258	91.71
220	1917	69.97
220	4545	77.23
220	33794	81.04
220	165	85.99
220	71264	80.07
220	4623	79.83
220	53464	57.50
220	5218	79.96
220	6365	75.99
220	3751	83.09
220	32	84.94
220	1036	81.84
220	5502	78.52
220	1591	65.85
221	4338	69.90
221	7013	87.45
221	8529	74.42
221	1080	95.99
221	3246	93.85
221	2871	93.20
221	1208	100.00
221	7063	96.11
221	2702	70.03
221	4029	93.16
221	5954	89.36
221	2352	79.61
221	922	93.43
221	2997	94.45
221	1278	90.67
221	2858	96.37
221	1212	98.85
221	1959	86.02
221	1961	88.61
221	3671	86.80
222	81831	69.90
222	100498	39.95
222	48516	75.95
222	1249	75.30
222	99813	70.93
222	91529	70.57
222	59900	45.08
222	93287	78.72
222	1721	51.46
222	2706	57.89
222	3273	38.99
222	2411	50.86
222	64622	72.66
222	7143	66.92
222	87869	62.92
222	778	77.71
222	30825	54.48
222	42011	44.87
222	673	49.84
222	64839	69.23
223	55854	69.90
223	6711	75.21
223	1	67.76
223	736	51.52
223	1961	73.05
223	457	65.10
223	2716	67.87
223	48394	63.03
223	608	68.23
223	8784	69.00
223	48516	73.46
223	3863	58.68
223	4306	67.50
223	260	75.30
223	2683	54.53
224	3496	69.90
224	3044	86.99
224	356	95.30
224	2915	79.55
224	289	69.87
224	3668	87.15
224	1270	89.54
224	2797	89.45
224	1721	78.68
224	2716	88.54
224	1259	93.03
225	2423	77.32
225	1285	84.86
225	588	78.11
225	1717	67.84
225	2791	80.37
225	1321	74.70
225	1136	85.84
225	1197	95.52
225	1753	76.50
225	2004	72.80
225	2371	70.55
225	1407	72.56
225	785	70.32
225	1060	79.25
225	3024	56.14
226	6938	69.90
226	32666	69.90
226	3552	75.91
226	542	54.24
226	1240	77.75
226	3098	74.73
226	2804	77.26
226	3668	70.93
226	3653	83.74
226	2231	74.00
226	145	66.09
226	2253	51.36
226	3052	72.47
226	2628	59.06
226	762	49.94
226	53129	89.98
226	4816	70.99
226	16	78.88
226	2144	76.65
226	46948	72.99
227	46976	88.72
227	52319	100.00
227	81845	90.37
227	109487	87.12
227	134130	89.66
227	215	86.60
227	48738	89.36
227	47099	87.23
227	1196	94.33
227	32587	83.75
227	912	92.79
227	55721	96.28
227	1682	89.26
227	750	94.97
227	778	93.35
227	40629	85.05
227	97913	85.73
227	70286	87.04
227	150	80.95
228	2571	79.80
228	1373	69.28
228	362	81.90
228	318	84.30
228	3113	61.41
229	34	81.33
229	589	79.40
229	377	74.95
229	45	81.07
229	587	78.29
229	5	66.44
229	475	94.31
229	442	66.90
229	597	74.51
229	364	82.98
229	213	81.45
229	110	83.46
229	527	94.76
230	34330	69.90
230	52715	69.90
230	47	63.40
230	7438	68.04
230	527	75.86
230	3147	68.73
230	45499	55.52
230	6537	53.73
230	2291	63.01
230	1387	60.52
230	6863	57.45
230	1485	48.72
230	595	56.31
230	4022	57.94
230	2096	59.42
230	588	61.96
230	4034	64.56
230	1676	56.94
230	8644	61.70
230	2641	52.87
231	92259	89.21
231	858	88.57
231	593	85.76
231	1198	91.11
231	109487	87.57
232	31867	69.90
232	41769	69.90
232	57526	69.90
232	70336	47.64
232	8644	71.57
232	1586	53.88
232	44972	39.70
232	4019	71.75
232	43928	36.95
232	30883	69.90
232	65802	53.64
232	8376	58.39
232	39292	70.43
232	1035	73.83
232	66198	60.96
232	66097	67.98
232	32011	43.76
232	6564	46.91
232	7451	67.94
232	33164	33.86
233	48394	61.62
233	3751	65.19
233	48516	80.23
233	1721	53.11
233	356	72.98
233	106100	67.27
233	162600	69.90
233	608	71.40
233	7153	77.49
233	134214	73.08
233	57669	77.45
233	122920	70.44
233	2329	74.03
233	4239	71.91
233	7371	76.26
233	3977	48.02
233	3147	77.30
233	3948	61.69
233	49272	70.17
233	5418	63.66
234	2616	57.86
234	2140	77.22
234	172	60.20
234	126	47.27
234	1562	47.32
234	4519	62.81
234	153	53.07
234	2710	56.67
234	3624	65.49
234	3483	60.28
234	1391	67.97
234	438	66.15
234	1460	75.11
234	2987	72.99
234	65	48.16
234	260	87.29
234	1359	55.98
234	3175	71.13
234	588	76.14
234	2080	64.76
235	480	75.33
235	736	78.08
235	500	70.56
235	454	77.80
235	592	64.07
235	235	67.83
235	595	77.75
235	32	83.13
235	527	93.92
235	648	80.17
235	223	81.13
235	588	73.31
235	377	72.43
236	1214	69.90
236	1278	69.90
236	1345	69.90
236	1350	69.90
236	1387	69.90
236	1388	69.90
236	1982	69.90
236	1997	69.90
236	1998	69.90
236	2447	69.90
236	2459	69.90
236	2490	69.90
236	2496	69.90
236	2502	69.90
236	2505	69.90
236	2542	69.90
236	2572	69.90
236	2580	69.90
236	2596	69.90
236	2598	69.90
236	2606	69.90
236	2657	69.90
236	2683	69.90
236	2694	69.90
236	2718	69.90
236	2770	69.90
236	2806	69.90
236	2858	69.90
236	3024	69.90
236	3052	69.90
237	32	70.89
237	4254	37.02
237	94959	72.88
237	293	68.10
237	1371	53.77
237	1193	73.94
237	7361	70.87
237	7980	70.37
237	43936	55.14
237	1374	73.98
238	4954	70.47
238	3528	78.98
238	4265	49.98
238	4901	65.08
238	4238	68.64
238	593	82.33
238	4499	81.58
238	4957	59.48
238	1193	87.85
239	58559	100.00
239	5459	67.98
239	4085	82.25
239	380	78.00
239	95	62.76
239	7445	76.99
239	608	85.17
239	7147	87.90
239	6378	79.70
239	2115	84.48
239	4896	82.77
239	36529	83.76
239	3994	85.06
239	33679	81.90
239	47	87.71
239	590	88.58
239	4022	81.49
239	208	69.26
239	733	80.98
239	51662	90.68
240	368	78.46
240	543	72.83
240	480	90.19
240	367	76.17
240	810	58.80
240	500	80.06
240	546	51.48
240	110	95.19
240	173	62.95
240	1	89.44
240	542	72.48
240	104	79.48
240	34	89.04
240	174	70.52
240	204	65.82
240	225	79.47
240	383	70.29
240	262	88.77
240	434	72.58
240	420	67.70
241	81786	69.90
241	71899	92.88
241	527	86.05
241	1206	90.00
241	1193	90.86
241	99114	80.46
241	100714	62.83
241	8981	85.16
241	53123	94.36
241	116897	89.14
241	56367	84.57
241	3910	83.12
241	106782	86.32
241	115569	86.17
241	4235	87.82
241	48780	84.90
242	39	65.05
242	380	75.77
242	231	59.05
242	457	86.04
242	592	65.40
242	454	81.27
242	111	77.18
243	112	78.98
243	353	89.22
243	62	87.81
243	588	80.52
243	193	54.69
243	586	74.76
243	181	56.91
243	376	80.97
244	3090	86.06
244	1049	72.61
244	110	92.00
244	257	73.59
244	165	69.75
244	151	77.23
244	1090	90.03
244	3755	68.83
244	2278	78.78
244	648	72.85
244	1580	73.27
244	1957	82.19
244	1610	85.67
244	1196	88.36
244	3256	76.36
244	1573	72.91
244	1242	91.25
244	3753	72.39
244	2243	74.83
245	3196	60.73
245	2739	52.93
245	3114	57.20
245	3274	42.58
245	1361	59.55
246	1304	98.18
246	616	86.53
246	1680	84.84
246	6016	91.43
246	3081	84.29
246	44191	90.20
246	60684	90.16
246	4973	95.60
246	1732	91.21
246	1298	89.11
246	53125	89.01
246	2291	88.27
246	2692	92.12
246	293	93.34
246	4011	95.75
246	5013	98.97
246	60069	89.05
246	48082	92.16
246	82202	79.19
246	95167	87.79
247	48516	86.58
247	593	80.57
247	2858	80.71
247	49272	80.13
247	1961	76.77
247	44191	78.96
247	527	85.79
247	116797	78.53
247	68358	80.50
247	122886	78.76
247	480	76.32
247	223	73.46
247	1265	76.79
247	2078	78.32
247	1198	79.28
247	1682	76.53
247	6377	82.80
247	1089	79.50
247	953	80.14
247	919	75.92
248	4886	82.24
248	1198	86.32
248	166528	83.42
248	176371	77.41
248	316	72.20
248	147374	84.77
248	102903	72.43
248	189333	81.65
248	122912	78.96
248	58559	86.26
248	5218	73.40
249	110350	69.90
249	102903	69.38
249	2167	75.56
249	94959	81.97
249	84601	71.07
249	2395	68.81
249	97306	72.97
249	3408	72.57
249	89047	69.90
249	91500	67.61
249	91542	74.41
249	40815	75.11
249	69844	82.59
249	904	85.94
249	46723	72.26
249	3826	59.16
249	68791	73.97
249	88812	63.33
249	67695	59.68
249	50	91.11
250	1282	88.01
250	2407	84.59
250	318	100.00
250	1597	77.28
250	1246	92.93
250	8880	93.43
251	142115	100.00
251	293	99.55
251	356	100.00
251	318	100.00
251	1089	100.00
252	164179	90.87
252	89745	92.41
252	6377	91.54
252	164909	83.07
252	1682	90.14
252	166643	84.88
252	143355	84.95
252	78499	90.29
253	44555	99.21
253	916	100.00
253	608	100.00
253	2300	100.00
253	7099	98.78
253	4217	69.90
253	26366	69.90
253	1192	98.99
253	4642	100.00
253	3363	87.09
254	46578	84.87
254	44195	90.46
254	207	73.43
254	49278	77.92
254	6333	82.15
254	780	69.82
254	110	90.12
254	1210	88.73
254	49272	87.83
254	27846	84.48
254	32587	83.62
254	2571	90.47
254	44929	94.73
254	47	88.82
254	293	88.32
254	1580	70.96
254	5995	91.03
254	32	83.73
254	592	80.03
254	48394	74.35
255	1270	61.13
255	4467	66.50
255	2023	52.34
255	3501	43.80
255	1663	60.44
255	1394	62.56
255	3392	52.50
255	2542	58.32
255	2915	55.34
256	3247	66.21
256	88744	81.75
256	377	78.61
256	4973	86.01
256	53972	76.37
256	118696	75.37
256	95441	71.91
256	104841	82.56
256	71535	90.19
256	2953	64.34
256	81229	78.91
256	53121	65.03
256	30707	85.64
256	2571	90.71
256	68791	78.91
256	170	78.56
256	6942	85.28
256	90405	71.41
256	6537	75.24
256	33493	80.45
257	1500	63.45
257	594	74.09
257	2502	82.36
257	494	64.86
257	2406	66.28
258	4995	87.94
258	7147	80.65
258	72641	82.21
258	76093	83.95
258	47099	85.87
259	508	71.76
259	5945	62.12
259	1784	63.33
259	4886	74.10
259	1356	69.38
259	1584	62.40
260	7361	88.95
260	3556	88.01
260	162	87.39
260	903	88.71
260	5690	92.37
260	6337	84.18
260	4878	89.06
260	5617	86.78
260	342	75.45
260	5219	71.65
260	2997	85.67
260	8011	82.41
260	1206	95.52
260	3317	87.83
260	6709	78.11
260	8874	94.58
260	2348	79.35
260	3822	79.80
260	2959	94.53
260	8645	90.08
261	3897	77.00
261	16	81.71
261	2060	74.01
261	296	86.19
261	2723	70.59
261	1682	81.49
261	4085	78.25
261	2194	80.32
261	7361	84.90
261	4238	71.80
261	58559	84.33
262	708	63.19
262	539	65.62
262	457	74.58
262	322	51.23
262	339	64.87
262	85	68.10
262	26	69.18
262	17	73.06
262	213	68.98
262	273	55.97
262	593	81.17
262	728	64.36
263	223	76.19
263	150	78.28
263	500	63.08
263	2987	76.15
263	2953	57.88
263	110	83.44
263	4226	86.54
263	8370	84.62
263	1197	89.63
263	7458	71.50
263	708	69.70
263	1111	79.15
263	2125	82.29
263	6942	82.26
263	5013	87.23
263	163	76.08
263	457	80.35
263	8636	75.30
263	1967	83.48
263	2085	73.90
264	7841	100.00
264	1376	75.03
264	151	78.37
264	5816	77.77
264	1907	80.71
264	1320	67.04
264	1917	61.37
264	150	77.27
264	3578	74.70
264	1090	83.62
264	253	76.12
264	1876	62.62
265	3807	69.90
265	316	67.17
265	253	71.45
265	1302	70.64
265	724	62.57
265	1240	79.45
265	3504	77.00
265	230	64.55
265	3831	68.77
265	1956	80.20
265	3098	73.89
265	529	71.74
265	1270	74.22
265	3791	57.55
265	1177	82.98
265	2322	62.40
265	1488	58.21
265	2474	66.99
265	1198	89.65
265	1962	70.38
266	476	69.90
266	2812	69.90
266	2700	80.93
266	2278	72.68
266	24	69.51
266	2770	61.05
266	2702	60.08
266	64	54.99
266	1405	59.99
266	2580	72.67
266	1527	74.26
266	2167	70.93
266	457	75.69
266	1580	66.03
266	2300	80.02
266	1923	74.13
266	2094	65.29
266	132	60.63
266	2571	87.67
266	2097	63.16
267	2858	90.35
267	593	98.37
267	1175	100.00
267	3006	85.98
267	1302	86.92
267	3999	67.02
267	3113	66.88
267	1093	84.56
267	589	98.66
267	2571	96.11
267	923	98.30
267	3996	89.35
268	1641	69.77
268	587	54.83
268	1125	65.21
268	1911	47.77
268	2802	57.14
268	1036	66.27
268	1370	62.43
268	50	78.68
268	2064	72.15
268	1784	59.82
268	1912	70.16
268	1966	57.24
268	454	60.09
268	1234	77.79
268	2247	52.33
268	1394	74.48
268	2829	67.73
268	802	56.50
268	260	73.60
268	2858	79.13
269	724	63.98
269	743	59.39
269	95	68.15
269	1	79.81
269	63	57.98
269	648	71.36
270	661	56.78
270	62	58.09
270	79	50.54
270	628	60.07
270	14	56.54
270	1356	64.98
270	141	57.66
270	25	66.88
271	3897	70.35
271	32	73.73
271	2791	67.18
271	969	71.66
271	6787	73.05
271	2858	79.02
271	55765	67.05
271	1320	58.68
271	2288	70.04
272	177765	75.07
272	1240	77.99
272	51662	82.41
272	122922	79.63
272	49272	82.93
272	158238	81.43
272	6365	74.86
273	440	83.61
273	593	95.07
273	500	76.60
273	608	92.56
273	223	94.19
273	111	86.84
273	150	85.96
273	21	76.95
273	466	67.37
273	235	78.65
273	520	63.08
274	50147	69.90
274	2947	73.98
274	3037	77.46
274	1645	63.20
274	4951	69.00
274	2036	45.66
274	1359	46.06
274	35957	64.21
274	553	75.74
274	76293	64.43
274	3918	54.38
274	1503	39.76
274	45431	65.85
274	4816	66.68
274	54999	59.79
274	5667	69.90
274	4876	54.69
274	56805	66.45
274	1921	76.17
274	54004	62.10
275	1784	84.13
275	2289	89.81
275	5884	69.90
275	1171	80.72
275	357	83.12
275	1912	86.72
275	2539	74.13
275	235	83.56
275	4886	86.03
275	2572	80.95
275	2355	82.88
275	3253	77.11
275	1192	95.16
275	926	98.81
275	111	95.33
275	2100	78.19
275	3089	96.89
275	1393	79.75
275	1719	99.29
275	1392	97.74
276	673	78.88
276	356	100.00
276	466	80.06
276	104	90.47
276	631	86.99
276	648	84.61
276	2	88.73
276	1367	81.99
276	344	74.41
277	637	66.57
277	736	66.20
277	656	68.78
277	1	79.44
277	780	82.39
277	260	87.60
278	2371	72.84
278	1347	58.44
278	4002	84.14
278	318	95.59
278	2369	62.48
279	134130	82.62
279	1101	70.29
279	166528	80.99
279	90405	64.00
279	61132	75.83
279	79132	85.72
279	56782	87.86
279	97913	76.88
279	1608	68.40
279	4226	81.35
279	59315	73.54
279	88129	77.60
279	54286	78.93
279	1258	85.89
279	8665	78.15
279	58559	85.45
279	4993	90.55
279	8376	64.27
279	107406	74.75
279	1200	80.82
280	92535	88.39
280	344	73.05
280	262	87.57
280	3146	61.56
280	4239	83.54
280	4447	81.65
280	8638	84.42
280	919	84.97
280	72641	83.10
280	86817	61.38
280	8368	92.69
280	49530	80.98
280	6863	81.08
280	35836	80.93
280	55052	81.64
280	54503	87.69
280	4246	78.51
280	48516	91.03
280	1911	65.59
280	3916	83.32
281	46578	64.41
281	8361	50.40
281	35836	62.83
281	3897	63.54
281	3861	52.15
282	5995	93.81
282	3977	70.30
282	3263	72.67
282	25	83.23
282	6708	85.64
282	2683	77.03
282	4718	65.20
282	6711	92.22
282	5481	75.07
282	6863	81.22
282	5669	85.62
282	3752	78.22
282	588	87.40
282	80463	87.98
282	1921	89.37
282	1193	91.17
282	4369	67.92
282	48322	99.54
282	1194	75.09
282	784	69.06
283	1580	62.63
283	39	55.15
283	1704	68.23
283	356	80.82
283	586	51.70
283	2082	51.96
283	805	63.16
284	474	78.01
284	173	57.36
284	2	81.36
284	296	70.41
284	15	72.13
284	348	68.81
284	248	65.28
284	318	93.68
284	47	82.60
284	353	78.21
284	275	44.33
284	44	58.02
284	339	75.30
284	367	68.50
284	276	65.71
284	165	79.40
284	637	64.68
284	235	72.26
285	1193	93.22
285	949	83.93
285	1247	89.65
285	6978	76.25
285	113207	69.90
285	4447	75.17
285	441	85.88
285	296	91.53
286	454	70.82
286	778	83.96
286	5989	79.55
286	1333	76.98
286	165	78.00
286	500	66.90
286	7438	81.11
286	2294	68.61
286	4993	87.10
286	4995	81.06
286	7361	83.97
286	70	76.37
286	4980	65.28
286	1258	79.79
286	4963	78.54
286	1097	76.74
286	4848	82.17
286	539	72.29
286	377	69.25
286	110	86.10
287	3160	65.75
287	3578	60.78
287	223	57.83
287	2633	65.14
287	1059	62.36
287	586	45.10
287	3005	52.42
287	532	42.72
287	1193	70.74
287	2599	49.99
287	2028	67.60
287	1485	45.57
287	3826	35.98
287	2081	56.26
287	8949	61.91
287	2012	48.22
287	101	70.93
287	4034	58.61
287	2422	26.52
287	2115	57.69
288	4473	69.90
288	4966	69.90
288	1008	69.90
288	2867	60.54
288	42015	59.85
288	141	63.17
288	2571	77.84
288	13	63.12
288	53519	58.48
288	2407	61.11
288	5418	71.82
288	3916	68.51
288	2347	57.55
288	2528	55.99
288	30810	65.60
288	575	44.84
288	32587	75.93
288	587	56.56
288	2517	55.41
288	8361	53.71
289	3	69.90
289	16	69.90
289	235	69.90
289	266	69.90
289	594	69.90
289	708	69.90
289	750	69.90
289	1080	69.90
289	1101	69.90
289	1208	69.90
289	1220	69.90
289	1258	69.90
289	1917	69.90
289	2012	69.90
289	2174	69.90
289	2710	69.90
289	2797	69.90
289	4322	69.90
289	6125	69.90
289	6327	69.90
289	6453	69.90
289	7025	69.90
289	7028	69.90
289	26704	69.90
290	1228	94.49
290	1299	95.26
290	2494	94.27
290	2739	90.26
290	608	96.65
290	2130	91.30
290	908	97.22
290	341	69.90
290	1447	83.32
290	342	82.76
290	1056	63.08
290	1719	99.48
290	953	92.99
290	928	92.44
290	1394	90.87
290	2648	78.73
290	475	97.34
290	2731	88.05
290	1357	90.86
290	2385	65.29
291	40815	97.95
291	122892	86.57
291	106489	90.70
291	134853	96.36
291	7153	98.00
291	88125	99.54
291	1	100.00
292	520	62.38
292	103339	60.79
292	122900	67.14
292	4896	69.44
292	2291	69.41
292	474	68.41
292	85056	59.99
292	46972	61.90
292	95167	67.89
292	164909	66.07
292	3176	66.71
292	3476	61.48
292	1608	60.12
292	31221	38.24
292	1101	63.32
292	3985	66.21
292	3984	67.30
292	1017	72.20
292	69844	76.00
292	231	55.92
293	1682	56.45
293	1673	61.30
293	344	37.48
293	1617	55.73
293	1097	51.07
294	416	30.89
294	3869	56.88
294	1064	45.45
294	2794	36.71
294	610	52.04
294	2133	52.32
294	1391	48.28
294	3868	49.08
294	1129	53.74
294	520	44.29
294	3387	51.83
294	355	25.61
294	2378	46.50
294	3693	36.42
294	785	51.73
294	2193	57.43
294	2367	45.37
294	2458	39.70
294	348	54.76
294	3501	43.55
295	1221	79.83
295	3198	81.14
295	1287	88.35
295	1213	83.95
295	4351	72.33
295	1198	84.49
295	858	80.62
295	318	86.53
295	2329	85.86
296	160848	69.90
296	2028	83.46
296	169034	69.90
296	4144	95.27
296	50	85.67
296	2324	91.10
297	832	45.50
297	543	46.29
297	1645	44.79
297	111	54.34
297	454	53.18
297	1089	62.84
297	6	57.00
297	1249	61.80
297	1047	44.21
297	1370	46.39
297	1488	43.57
297	150	51.57
297	170	47.18
297	1092	46.04
297	866	60.72
298	57640	56.01
298	95510	44.49
298	6811	46.03
298	8370	54.43
298	8807	51.84
298	63131	47.94
298	6881	55.04
298	3785	32.87
298	122900	47.78
298	103042	42.05
298	6294	32.78
298	2167	46.59
298	2005	54.41
298	6006	35.95
298	653	39.70
298	55995	33.91
298	3018	51.77
298	69757	50.93
298	103772	42.78
298	3825	30.45
299	3793	79.61
299	1387	84.93
299	188	83.41
299	1198	96.21
299	1214	82.12
300	318	69.90
300	356	69.90
300	527	69.90
300	593	69.90
300	1172	69.90
300	1704	69.90
300	2028	69.90
300	2324	69.90
300	2329	69.90
300	2571	69.90
300	2762	69.90
300	2858	69.90
300	2959	69.90
300	4848	69.90
300	4973	69.90
300	5995	69.90
300	6016	69.90
300	6711	69.90
300	7361	69.90
300	8950	69.90
300	48394	69.90
300	56174	69.90
300	63082	69.90
300	79132	69.90
300	81591	69.90
300	92259	69.90
300	99114	69.90
300	109487	69.90
300	112183	69.90
300	112290	69.90
300	112552	69.90
300	112556	69.90
301	21	63.89
301	357	73.27
301	2490	71.76
301	6711	75.88
301	589	65.24
301	8949	72.09
301	837	68.49
301	3948	65.21
301	364	69.38
301	527	81.93
301	5989	74.19
301	4963	72.50
301	608	79.02
301	292	64.77
301	3578	70.71
301	3897	73.87
301	4226	78.57
301	3753	58.17
301	1393	67.66
301	1792	61.40
302	480	83.35
302	14	80.20
302	3	80.36
302	25	81.71
302	648	81.03
302	707	74.36
302	110	91.46
303	5378	66.05
303	3703	83.34
303	1127	78.64
303	5544	84.56
303	1196	92.14
303	3471	84.14
303	1580	75.47
303	1394	83.91
303	2683	71.73
303	920	70.95
303	1358	84.01
304	314	82.50
304	2571	96.97
304	2433	69.76
304	10	69.39
304	1376	76.98
304	480	87.69
304	1373	71.27
304	1777	76.90
304	1270	86.30
304	1517	82.27
304	151	82.71
304	356	92.46
304	208	62.19
304	474	79.54
304	1214	84.75
304	1375	76.58
304	640	61.54
304	1722	60.38
304	185	61.81
304	2701	51.65
305	74624	69.90
305	140627	69.90
305	87869	78.12
305	919	80.86
305	1197	89.10
305	106100	80.93
305	138210	74.90
305	788	56.19
305	7482	87.83
305	80590	68.42
305	103075	62.41
305	903	86.66
305	6537	74.54
305	93840	86.44
305	54736	82.05
305	592	79.16
305	2288	90.35
305	58803	75.13
305	55276	81.00
305	1272	89.20
306	5784	45.84
306	68954	72.04
306	69644	41.72
306	6377	71.32
306	95543	64.11
306	81847	66.91
306	111743	66.67
306	85367	85.40
306	168418	66.63
306	167018	74.99
306	72998	57.47
306	122904	69.91
306	69406	68.69
306	85788	43.68
306	4963	72.95
306	115664	63.92
306	134368	67.41
306	112852	72.97
306	161634	57.82
306	133419	67.19
307	2190	69.90
307	4181	69.90
307	31424	69.90
307	49314	69.90
307	5010	60.48
307	7845	54.75
307	3392	43.15
307	1220	64.87
307	6793	22.31
307	6483	0.00
307	2332	9.39
307	56003	39.29
307	1991	40.86
307	3273	30.00
307	4876	41.11
307	3421	59.80
307	1409	33.73
307	413	40.71
307	4447	46.98
307	52867	69.90
308	2959	59.47
308	45517	42.66
308	96821	52.84
308	72998	46.45
308	318	62.77
308	2	41.69
308	904	57.43
308	589	45.74
308	8961	52.64
308	56152	49.82
308	56367	55.24
308	5618	61.12
308	36	45.05
308	410	38.45
308	79132	52.25
308	4993	57.03
308	8464	45.85
308	1221	56.58
308	2248	51.83
308	6	56.80
309	2202	96.51
309	1645	68.85
309	898	90.63
309	1682	78.72
309	296	87.75
309	1089	84.31
309	1269	81.06
309	7153	86.82
309	6947	81.24
309	8340	79.47
309	1104	93.47
309	7218	69.90
309	25886	97.59
309	1219	88.54
309	8154	86.85
309	971	94.00
309	1944	80.27
309	6365	65.28
309	1262	85.16
309	2762	84.74
310	6863	65.03
310	6947	73.29
310	1101	64.62
310	6503	49.71
310	2524	66.39
310	2457	80.47
310	5899	78.63
310	733	68.26
310	246	80.96
310	3254	66.62
310	1223	85.59
310	1080	75.42
310	2671	70.97
311	6561	69.90
311	5992	58.90
311	1517	43.89
311	6461	44.02
311	1407	41.45
311	2706	33.35
312	5816	71.24
312	1375	71.57
312	3499	82.24
312	589	84.85
312	2454	73.51
312	1358	84.84
312	4878	91.08
312	4103	79.66
312	3793	76.31
312	2028	91.79
312	1371	68.72
312	4121	60.71
312	2366	75.12
312	2747	60.25
312	4105	77.32
312	5446	76.90
312	2699	61.77
312	2529	86.71
312	1350	83.68
312	1356	78.52
313	4980	59.56
313	170	67.56
313	3917	76.40
313	2455	67.73
313	5544	77.64
313	541	87.98
313	2193	74.86
313	2000	78.12
313	6	81.11
313	1968	78.41
313	1089	83.07
313	1301	69.82
313	1240	80.89
313	3175	70.88
313	4865	73.65
313	2005	77.87
313	2167	71.33
313	1375	68.14
313	2087	71.54
313	2530	62.37
314	7	61.70
314	1042	50.29
314	44	44.00
314	165	62.03
314	457	70.45
314	293	60.93
314	597	59.90
314	329	57.43
314	442	57.43
314	26	69.01
314	830	49.21
314	728	68.26
314	618	69.90
314	107	57.84
314	536	52.27
314	10	55.85
314	1376	61.00
314	153	50.68
314	208	45.34
314	150	66.64
315	1262	82.53
315	2729	69.40
315	2529	75.68
315	2067	78.33
315	2553	64.86
315	909	70.14
315	902	78.03
316	1748	77.02
316	253	68.25
316	3968	60.08
316	158	42.22
316	5445	67.95
316	3751	64.14
316	7438	76.11
316	6874	74.89
316	48	57.24
316	3882	45.96
316	2572	61.99
317	133115	69.90
317	73321	70.57
317	91529	79.80
317	74545	75.85
317	7445	69.45
317	1213	78.67
317	48774	81.26
317	4262	79.35
317	1884	84.52
317	5989	83.77
317	3578	83.43
317	4011	87.42
317	68358	76.13
317	1208	83.66
317	72011	75.93
317	3897	80.36
317	3499	78.74
317	96829	83.45
317	116797	79.59
317	56782	87.47
318	26713	69.90
318	81191	69.90
318	90245	69.90
318	111817	69.90
318	127180	69.90
318	145080	69.90
318	150696	69.90
318	7445	70.21
318	1090	83.27
318	116799	78.75
318	82459	81.72
318	48385	75.68
318	2294	73.39
318	64839	81.64
318	88125	79.20
318	109487	83.93
318	4021	94.56
318	33794	82.03
318	54286	81.29
318	89753	78.49
319	115617	98.10
319	6377	94.96
319	356	98.16
319	136864	67.14
319	1221	99.93
319	122904	90.39
319	110	96.56
320	72998	68.56
320	71535	75.67
320	31184	77.40
320	59315	65.06
320	1013	65.49
321	587	83.82
321	356	86.39
321	160	68.25
321	592	65.62
321	597	75.58
321	780	82.42
321	339	75.41
321	355	55.65
321	410	61.37
321	3	75.44
321	500	73.55
321	457	83.83
322	2882	45.91
322	1968	67.70
322	2542	75.07
322	58559	76.24
322	2788	81.65
322	2146	65.78
322	2617	55.19
322	2918	73.61
322	778	79.48
322	2599	60.70
322	4027	74.46
322	4993	80.52
322	1230	80.30
322	51540	69.35
322	1	73.30
322	1617	77.66
322	1923	66.86
322	4010	66.20
322	11	70.03
322	1035	71.21
323	377	56.99
323	480	65.95
323	356	71.42
323	1094	55.46
323	161	62.84
323	115569	65.68
323	1198	83.63
323	29	63.34
323	551	60.22
323	22	59.20
323	318	81.11
323	112183	58.10
323	253	54.24
323	111659	42.44
323	3257	51.37
323	260	81.50
323	150	64.16
323	329	54.19
323	342	60.38
323	266	52.22
324	2764	53.50
324	3972	66.84
324	3864	24.89
324	3949	57.40
324	3897	56.67
325	2848	69.90
325	235	78.07
325	2986	55.68
325	262	79.28
325	1573	67.51
325	2596	72.31
325	1584	69.49
325	1217	86.56
325	1676	62.70
325	4714	43.49
325	3770	54.13
325	3261	66.93
325	2894	69.90
325	2155	67.95
325	1279	83.12
325	1614	56.32
325	3994	75.32
325	2268	74.59
325	2915	70.09
325	5008	83.48
326	8665	81.90
326	47610	79.36
326	20	72.02
326	2858	90.13
326	86882	80.85
326	5418	81.23
326	4973	91.60
326	133771	89.62
326	48774	83.10
326	2324	89.54
326	1293	86.71
326	2692	85.98
326	72605	73.60
326	70159	73.76
326	54286	84.90
326	5446	81.57
326	6591	95.71
326	4226	86.99
326	105844	79.19
326	31410	81.77
327	3301	78.93
327	150	79.81
327	858	89.88
327	1923	84.31
327	51255	94.02
327	48516	94.74
327	1304	91.80
327	765	76.37
327	6888	59.02
327	2706	78.92
328	2687	60.49
328	112852	76.11
328	70286	72.63
328	1196	85.56
328	457	66.80
328	364	73.29
328	80463	70.88
328	3489	62.64
328	318	81.26
328	595	62.60
328	5349	68.62
328	2542	70.01
328	1219	73.36
328	35836	66.15
328	3751	66.94
328	79091	70.36
328	7153	78.52
328	596	61.73
328	2398	76.59
328	1148	72.66
329	130482	69.90
329	136850	69.90
329	858	63.54
329	1884	57.24
329	750	65.12
330	5378	59.93
330	316	69.70
330	1639	74.65
330	2918	78.03
330	919	78.26
330	3949	85.10
330	3535	76.43
330	5349	79.97
330	380	65.20
330	1676	62.76
330	2502	90.55
330	3703	79.96
330	1682	79.98
330	2683	70.04
330	1206	86.63
330	1721	63.14
330	2791	84.10
330	2081	75.25
330	8874	89.47
330	592	76.83
331	8874	79.08
331	6157	54.60
331	88125	77.62
331	6539	77.85
331	3897	82.78
331	4446	70.68
331	7361	81.63
331	50872	77.64
331	4995	78.45
331	4306	71.39
331	6874	76.05
331	5502	71.28
331	3911	77.01
331	608	79.90
331	4447	72.13
331	593	79.68
331	3751	71.93
331	8665	75.75
331	4367	64.35
331	2959	88.10
332	47	80.50
332	1653	81.92
332	1258	82.79
332	316	69.13
332	8983	73.44
332	431	77.55
332	97757	69.90
332	2291	75.09
332	1835	72.07
332	356	87.71
332	5502	68.49
332	4308	76.04
332	1203	83.30
332	1682	75.82
332	1249	83.46
332	76251	70.13
332	2905	84.89
332	318	92.44
332	2294	70.51
332	32	81.69
333	3785	40.52
333	3752	50.04
333	3616	52.59
333	3615	46.27
333	3646	27.90
334	55820	79.52
334	1196	82.00
334	1580	61.17
334	1291	72.34
334	3996	66.59
334	589	72.88
334	30810	69.27
334	4027	75.97
334	1	69.42
334	64957	70.92
334	1625	66.05
334	50601	46.11
334	44195	78.72
334	27416	73.59
334	6867	74.74
334	2997	70.87
334	293	75.51
334	480	69.44
334	5378	54.40
334	51935	71.26
335	780	73.90
335	592	72.42
335	356	86.21
335	296	85.98
335	2699	58.85
335	2001	72.88
336	1267	98.39
336	1	93.42
336	38798	80.32
336	33660	96.18
336	1784	91.93
336	2001	83.95
336	2268	91.82
336	293	92.78
336	1625	87.49
336	4886	91.92
336	50	100.00
336	150	91.03
337	318	96.35
337	47	93.11
337	16	92.79
337	805	88.87
337	1393	85.87
337	266	79.66
337	667	64.28
337	168	69.92
337	784	64.07
337	65	62.61
337	110	88.51
337	708	81.76
337	25	84.80
337	1356	88.12
337	277	74.20
337	786	78.82
338	189111	69.90
338	190207	69.90
338	190215	69.90
338	190219	69.90
338	7153	73.06
338	593	63.90
338	187541	45.62
338	185029	75.41
339	72641	82.68
339	5445	87.35
339	84152	88.59
339	96079	85.00
339	106072	81.52
339	69122	83.51
339	5617	88.91
339	41285	83.78
339	56869	69.90
339	48322	99.20
339	65216	90.69
339	91630	84.07
339	86504	85.41
339	91529	87.26
339	83613	73.23
339	4993	96.21
339	3470	93.23
339	102407	77.69
339	2028	94.27
339	5952	86.02
340	10	69.90
340	110	69.90
340	150	69.90
340	153	69.90
340	161	69.90
340	165	69.90
340	185	69.90
340	208	69.90
340	253	69.90
340	288	69.90
340	292	69.90
340	296	69.90
340	316	69.90
340	318	69.90
340	329	69.90
340	344	69.90
340	349	69.90
340	356	69.90
340	454	69.90
340	457	69.90
340	480	69.90
340	589	69.90
340	590	69.90
340	592	69.90
340	595	69.90
340	648	69.90
340	780	69.90
340	1356	69.90
341	2335	76.10
341	3624	69.00
341	130087	70.16
341	1370	77.16
341	135137	76.44
341	117529	71.16
341	5459	64.48
341	45672	73.51
341	1	81.44
341	47099	85.03
341	4025	67.81
342	2683	67.16
342	2598	41.99
342	2881	51.17
342	2369	48.69
342	1268	69.19
342	2605	48.08
342	2599	62.76
342	1198	76.52
342	3157	46.64
342	3826	37.49
342	2428	45.90
342	2827	34.36
342	3863	54.57
342	1959	70.93
343	858	96.65
343	3000	92.42
343	48394	75.78
343	4226	91.74
343	4878	85.79
343	3993	84.23
343	2571	89.26
343	1617	87.66
343	31658	89.92
343	55363	95.03
343	55820	91.77
343	296	94.86
344	111362	78.50
344	380	74.85
344	316	72.35
344	2628	56.75
344	4226	80.39
344	2571	79.28
344	4014	77.35
344	2012	73.89
344	4034	82.72
344	260	84.27
344	2541	71.97
344	4973	82.59
344	5418	75.00
344	2712	71.98
345	1019	79.67
345	2539	68.93
345	926	91.26
345	5902	90.96
345	8810	65.31
345	344	67.85
345	5707	69.01
345	2366	78.05
345	56949	80.23
345	3649	65.36
345	6658	69.90
345	3489	75.89
345	412	76.95
346	3174	73.00
346	778	80.93
346	608	89.68
346	6711	82.50
346	6286	86.35
346	306	83.59
346	7323	77.51
346	307	83.21
346	3535	76.06
346	1212	91.43
346	357	73.23
346	3949	84.96
346	714	78.74
346	7937	69.90
346	7396	76.84
346	5878	83.96
346	1120	73.76
346	1131	83.99
346	3627	82.11
346	7115	69.09
347	434	63.01
347	590	76.80
347	39	61.95
347	150	79.01
347	454	75.24
347	380	70.71
347	587	76.01
347	317	69.17
347	457	79.10
348	318	100.00
348	2324	100.00
348	4368	65.16
348	1213	100.00
348	6016	97.64
348	2959	100.00
348	6893	100.00
348	4973	100.00
348	1221	97.65
348	1960	95.34
348	2019	100.00
349	10	68.77
349	161	79.66
349	589	79.29
349	381	77.35
349	349	73.14
349	231	55.63
349	588	74.07
349	509	69.43
350	852	66.23
350	7	61.05
350	637	56.53
350	648	63.06
350	733	76.44
350	12	45.86
350	858	83.28
350	661	65.76
351	88932	69.90
351	87222	72.36
351	73344	86.47
351	52579	61.45
351	2231	77.00
351	88744	76.08
351	43836	54.52
351	79132	80.07
351	597	75.87
351	58559	82.00
351	12	61.85
351	8914	73.74
351	8950	80.37
351	63082	75.22
351	6214	77.18
351	90376	84.44
351	84152	78.04
351	480	68.79
351	4878	81.71
351	1193	80.03
352	72998	74.48
352	71745	63.73
352	1801	75.93
352	34319	68.65
352	2600	78.60
352	65682	76.41
352	1080	91.74
352	79695	63.72
352	110730	55.69
352	38038	79.13
352	130490	56.67
352	97752	74.19
352	1214	80.78
352	94864	68.48
352	41566	66.45
352	56587	74.34
352	44191	80.49
352	114935	78.16
352	59315	74.29
352	47610	74.28
353	552	62.45
353	25	68.40
353	267	63.48
353	216	73.39
353	367	63.37
353	288	63.12
353	144	59.46
353	186	62.21
353	333	75.05
353	266	67.57
353	112	61.33
353	198	71.64
353	234	50.83
353	145	63.70
353	293	67.31
353	158	64.91
353	163	67.54
353	296	69.86
354	1610	80.70
354	4306	84.83
354	2692	81.36
354	3147	83.40
354	47	86.95
354	903	81.87
354	733	75.01
354	3977	64.87
354	1225	84.88
354	35836	82.16
354	648	72.29
354	44191	83.14
354	8665	77.09
354	1917	69.57
354	7147	79.00
354	1923	70.75
354	589	78.97
354	2959	89.47
354	4718	60.11
354	1196	92.74
355	316	79.50
355	1580	77.70
355	3035	94.85
355	3175	87.33
355	317	78.04
355	916	95.59
356	2248	86.41
356	52435	94.05
356	52975	83.32
356	7122	69.90
356	44889	69.90
356	1641	80.93
356	2706	72.65
356	4011	91.59
356	802	70.31
356	7323	81.27
356	2502	97.03
356	56367	86.35
356	1223	97.90
356	55118	90.78
356	3949	88.76
356	3996	85.34
356	1246	90.64
356	1466	83.29
356	223	83.94
356	7153	94.50
357	4354	69.90
357	8998	69.90
357	27329	69.90
357	2804	85.29
357	595	81.11
357	529	83.38
357	4663	59.39
357	4091	85.71
357	1224	84.48
357	1242	95.16
357	34	78.68
357	208	68.23
357	58559	93.97
357	6296	87.50
357	30793	73.93
357	1042	71.67
357	2100	74.34
357	551	87.09
357	471	86.12
357	2067	90.30
358	26095	69.90
358	605	52.63
358	5066	65.83
358	52328	64.32
358	2226	69.90
358	42728	56.58
358	7361	64.88
358	69844	66.34
358	36525	50.37
359	405	48.60
359	1092	66.51
359	1101	66.54
359	51412	61.70
359	648	64.65
359	296	76.32
359	1097	76.18
359	2396	70.37
359	2424	63.79
359	593	76.96
359	2701	42.41
359	2942	57.75
359	1682	70.73
359	2530	57.82
359	4995	77.50
360	1422	69.65
360	1620	58.74
360	1488	61.99
360	1711	56.71
360	1414	41.27
361	47099	66.17
361	1580	62.38
361	377	63.77
361	1552	54.29
361	49272	73.13
361	1263	67.99
361	53125	61.97
361	589	67.22
361	49822	60.76
361	8360	68.42
361	318	78.54
361	2529	70.97
361	5218	64.55
361	6188	63.91
361	2422	33.94
361	3082	63.27
361	1732	68.76
361	1370	60.69
361	46972	55.58
361	7458	63.53
362	1945	95.94
362	592	86.93
362	6539	88.11
362	51540	85.91
362	5989	93.43
362	637	73.36
362	70	87.32
362	7153	97.41
362	1252	90.43
362	44665	86.47
362	407	82.22
362	6874	90.19
362	2959	99.91
362	1196	97.92
362	1208	93.73
362	8961	87.01
362	48516	96.66
362	7438	91.01
362	356	93.10
362	1201	96.71
363	1552	52.34
363	1732	70.66
363	1517	66.25
363	296	75.70
363	653	55.06
363	318	74.64
364	858	94.35
364	9	82.99
364	783	79.13
364	376	82.76
364	1	90.11
365	59315	55.06
365	81229	55.34
365	128975	47.53
365	6874	60.42
365	90345	57.46
365	158872	35.89
365	129354	46.49
365	103075	38.54
365	135536	43.94
365	70286	60.07
365	112852	64.02
365	76077	50.74
365	112818	60.34
365	1777	54.98
365	6502	63.21
365	155820	69.90
365	541	56.77
365	95720	53.04
365	93270	38.55
365	135569	52.62
366	116797	84.25
366	59315	77.09
366	33794	83.71
366	91529	93.06
366	2028	91.93
366	122882	82.26
366	7438	87.74
367	926	95.32
367	3061	71.48
367	1270	90.86
367	1287	91.15
367	486	65.84
367	3536	81.74
367	3824	46.98
367	2384	67.18
367	3072	78.11
367	898	93.92
367	3618	80.51
367	3225	63.28
367	2248	85.51
367	3157	67.19
367	3969	79.94
367	3717	68.06
367	1259	87.21
367	4023	68.45
367	1196	93.51
367	1258	89.76
368	3753	53.08
368	2112	43.55
368	1944	62.38
368	2986	42.45
368	3869	61.22
368	1214	66.49
368	2947	63.64
368	415	39.89
368	3035	74.23
368	832	53.80
368	50	72.65
368	2819	65.00
368	1801	56.01
368	2490	61.39
368	1917	44.49
368	1391	52.40
368	2193	62.05
368	225	54.28
368	161	60.97
368	2881	54.60
369	1256	81.88
369	785	65.66
369	47	76.88
369	2706	52.90
369	839	50.11
369	377	55.99
369	52973	72.22
369	743	43.07
369	4214	55.14
369	5418	72.93
369	3863	61.87
369	1372	70.74
369	27904	72.88
369	60069	75.62
369	2857	68.12
369	1967	79.93
369	150	71.62
369	2011	67.68
369	1580	62.76
369	3174	64.48
370	4011	79.52
370	4878	76.50
370	8961	74.91
370	6377	79.03
370	2628	57.60
370	1748	85.86
370	2116	57.51
370	589	76.08
370	2329	84.87
370	7438	75.78
370	3977	54.03
370	1676	67.75
370	593	73.20
370	4973	86.35
370	4226	81.12
370	1240	75.22
370	1089	77.47
370	8636	68.02
370	2716	76.13
371	2571	100.00
371	112512	69.90
371	1258	100.00
371	4090	93.30
371	56715	100.00
371	3000	100.00
371	4226	100.00
371	4993	98.67
371	1748	100.00
372	335	69.90
372	924	78.68
372	318	84.33
372	1603	53.52
372	1479	60.14
372	589	81.10
372	81	60.21
372	387	45.59
372	616	71.40
372	337	73.45
372	1220	71.68
372	1201	78.91
372	165	64.81
372	1243	80.86
372	1258	80.84
372	377	65.52
372	1401	66.84
372	450	65.18
372	1206	85.36
372	1306	60.74
373	216	68.38
373	60	65.41
373	169	47.08
373	350	64.38
373	585	50.41
373	44	46.56
373	371	64.01
373	163	60.21
373	616	67.46
373	198	66.00
373	265	68.75
373	25	68.31
373	6	68.74
373	733	66.75
373	47	77.29
373	2	71.04
373	736	66.78
373	305	50.76
373	357	68.70
373	141	68.29
374	296	77.27
374	208	59.68
374	1219	83.19
374	480	81.35
374	592	67.63
374	1258	87.32
374	1339	80.36
375	344	62.94
375	1027	69.61
375	32	83.07
375	2628	66.33
375	3256	78.39
375	4226	88.77
375	500	74.62
376	91535	69.46
376	2002	69.17
376	1214	90.16
376	1101	80.11
376	2916	83.55
376	33794	82.02
376	1198	97.77
376	349	83.91
376	1371	72.79
376	376	77.24
376	1240	91.85
376	1375	79.08
376	4993	97.84
376	858	93.84
376	457	87.43
376	4226	92.54
376	5952	89.70
376	344	58.40
376	2763	83.72
376	2797	83.83
377	4942	69.90
377	2793	43.84
377	1262	84.53
377	2791	86.53
377	748	76.02
377	1345	82.44
377	5027	69.61
377	5113	73.49
377	27692	69.90
377	3421	80.73
377	6021	69.90
377	3364	80.24
377	2072	75.61
377	8641	85.09
377	2163	62.66
377	92760	69.90
377	2858	98.36
377	1503	73.77
377	2124	76.63
377	2015	79.87
378	33794	82.40
378	7153	91.44
378	48516	90.05
378	3114	85.75
378	858	92.54
378	68954	83.06
378	91529	89.28
378	71535	84.61
378	90600	82.09
378	364	86.52
379	318	88.88
379	377	69.57
379	19	55.59
379	292	69.30
379	480	74.68
379	367	64.92
379	597	70.50
379	344	54.63
380	60818	69.90
380	172875	69.90
380	172881	69.90
380	172887	69.90
380	355	47.26
380	6979	69.81
380	5476	27.20
380	2735	62.99
380	68194	86.67
380	63433	64.99
380	72356	84.73
380	105731	69.90
380	1833	65.21
380	551	78.62
380	6731	76.10
380	27831	76.69
380	1665	68.89
380	393	65.28
380	140956	73.40
380	2791	82.96
381	2085	73.35
381	1088	70.01
381	3253	71.84
381	185	57.56
381	317	65.69
381	27808	69.04
381	1240	78.95
381	19	60.58
381	3753	68.43
381	4321	67.67
381	72011	72.03
381	3082	70.74
381	333	75.71
381	2140	76.05
381	1385	59.66
381	2273	64.26
381	1208	78.53
381	457	75.37
381	104	75.96
381	2716	74.46
382	1204	82.13
382	142372	51.29
382	135532	50.09
382	1201	81.50
382	112171	66.53
382	1198	79.49
382	912	76.40
382	81847	72.72
382	4638	56.11
382	63540	26.38
382	1681	45.66
382	170289	69.90
382	103042	63.17
382	72737	73.81
382	2496	66.30
382	357	70.68
382	81537	58.69
382	59501	69.17
382	101362	51.82
382	4890	60.29
383	2436	77.48
383	2541	71.09
383	2496	71.54
383	1584	80.69
383	2558	59.78
383	1246	78.80
383	903	84.48
384	3527	62.96
384	1388	52.99
384	2683	55.32
384	2502	77.17
384	4333	38.55
384	3098	65.55
384	4396	48.67
384	457	64.75
384	358	46.18
384	968	66.22
384	2724	42.94
384	296	82.97
384	3991	43.20
384	1204	73.92
385	736	62.69
385	1080	76.39
385	249	74.61
385	1219	70.85
385	1036	71.22
385	1136	83.40
385	282	63.75
385	1073	74.68
385	1200	79.02
385	1228	75.92
385	1022	66.89
385	1007	59.20
385	1201	81.29
385	1246	73.99
385	344	52.81
385	589	80.76
385	1023	66.95
385	1287	80.34
385	594	75.54
385	1303	77.15
386	110	68.31
386	410	46.52
386	112	48.38
386	165	59.89
386	223	67.03
386	648	62.95
386	185	52.35
386	608	70.92
386	485	46.31
386	305	40.09
386	44	35.89
386	585	43.38
386	349	57.48
386	10	50.37
387	4393	69.90
387	5156	69.90
387	5780	69.90
387	7336	69.90
387	26124	69.90
387	40966	69.90
387	2712	68.02
387	5062	74.76
387	1247	74.87
387	5489	69.90
387	4195	47.74
387	7132	78.50
387	2946	63.29
387	1387	76.40
387	3000	80.29
387	51939	47.20
387	4995	71.12
387	912	77.50
387	7938	69.90
387	1783	48.78
388	6158	69.90
388	63239	69.90
388	33615	64.66
388	86298	59.06
388	62999	59.08
388	8360	77.36
389	17	84.28
389	140	78.77
389	628	87.84
389	762	72.15
389	743	72.70
389	95	80.28
389	32	90.00
390	6344	69.90
390	64957	73.78
390	4239	78.69
390	5220	61.25
390	1193	83.23
390	2571	81.87
390	9010	90.21
390	2291	80.48
390	5296	54.34
390	4226	86.27
390	7254	77.96
390	6377	79.52
390	63062	78.97
390	1206	83.63
390	2329	85.12
390	4014	78.91
390	1784	75.44
391	5575	69.90
391	500	66.96
391	3994	73.20
391	1213	89.68
391	516	67.03
391	199	94.53
391	4027	82.88
391	150	81.63
391	1408	84.31
391	4014	75.03
391	1527	79.47
391	1059	81.22
391	2916	78.31
391	4973	87.97
391	357	80.61
391	555	83.24
391	5026	86.15
391	4936	71.48
391	1210	79.29
391	3067	82.04
392	3004	46.51
392	2858	83.23
392	707	42.44
392	1198	80.48
392	1125	68.97
393	91658	66.91
393	102125	76.84
393	48394	73.01
393	36517	73.29
393	8636	78.19
393	110102	82.74
393	44199	74.84
393	5388	70.98
393	54259	76.33
393	4848	85.29
393	5669	78.31
393	1291	87.95
393	68848	76.41
393	86190	73.94
393	2571	88.50
393	1206	82.34
393	122892	72.28
393	106642	96.07
393	1625	74.09
393	106489	72.91
394	588	58.58
394	316	52.61
394	344	43.48
394	225	57.65
394	457	65.14
395	329	52.45
395	1025	63.55
395	296	64.05
395	160	54.21
395	208	45.67
395	173	42.15
395	485	51.24
395	355	44.19
395	520	43.31
395	595	58.64
395	126	41.28
395	48	56.47
395	367	52.52
396	1276	70.92
396	1597	57.84
396	1777	62.05
396	44	40.88
396	204	43.34
396	2081	67.32
397	4017	74.82
397	8645	92.80
397	1701	92.17
397	8228	81.57
397	6993	86.41
398	6408	69.90
398	1197	99.72
398	5971	97.76
398	7022	90.60
398	1198	98.18
398	60069	89.82
398	2455	85.19
398	1136	98.41
398	48516	96.16
398	82459	88.77
399	1198	81.74
399	110	85.04
399	5445	79.45
399	1196	84.56
399	593	77.24
399	480	76.91
399	1270	81.93
399	2194	82.89
400	608	95.47
400	356	98.02
400	2571	100.00
400	2959	100.00
400	7153	100.00
400	1221	99.70
400	3578	97.18
400	858	100.00
400	59615	79.24
401	5952	80.58
401	6297	77.99
401	55768	67.61
401	48982	75.80
401	166461	71.26
401	49274	58.44
401	50872	77.22
401	32031	66.49
401	79091	75.18
401	170939	69.90
401	38038	74.47
401	8360	71.03
401	3114	77.29
401	33615	68.19
401	1136	80.94
402	1084	81.18
402	597	80.29
402	52	78.18
402	329	71.96
402	296	79.26
402	586	66.79
402	315	68.10
402	1036	88.15
402	434	64.35
402	527	93.61
403	110	83.03
403	2427	71.88
403	3210	75.08
403	296	88.41
403	61465	59.08
403	1663	78.96
403	180	76.70
404	204	55.18
404	349	68.81
404	474	73.26
404	34	76.27
404	364	73.97
404	508	72.52
404	105	64.24
404	593	84.74
404	509	59.85
404	277	63.99
404	315	62.29
404	185	61.47
405	70708	69.90
405	293	92.95
405	7254	82.93
405	37731	84.25
405	2959	97.12
405	345	79.04
405	1213	93.37
405	7134	69.90
405	64614	86.55
405	6023	66.35
405	1241	88.26
405	2329	90.82
405	1247	89.10
405	3052	86.19
405	68237	91.63
405	1199	92.42
405	27592	87.44
405	27664	69.90
405	3418	85.51
405	1215	94.30
406	1586	53.33
406	135	46.11
406	56949	61.74
406	46972	63.64
406	724	53.87
407	7153	90.18
407	2959	95.99
407	6539	87.13
407	1240	86.99
407	54286	81.04
408	1198	94.43
408	122904	89.09
408	44840	76.23
408	165101	78.87
408	6618	89.02
408	1291	94.02
408	1210	100.00
408	89745	90.89
408	1278	96.00
408	7324	84.03
408	44	65.27
408	8641	89.80
408	115210	86.74
408	103596	52.37
408	68554	79.49
408	2571	97.55
408	109487	90.72
408	63131	83.79
408	80489	91.98
408	4649	90.65
409	2485	56.15
409	2490	75.14
409	2028	84.07
409	3812	71.06
409	1278	87.92
409	2997	87.07
409	296	86.96
409	1078	68.93
409	3016	71.42
409	1073	81.32
409	2683	70.06
409	2289	81.63
409	3846	68.83
409	912	94.87
409	2013	66.99
409	1911	59.54
409	2352	74.17
409	1230	90.81
409	2541	69.94
409	3174	72.78
410	389	69.90
410	3224	100.00
410	318	94.27
410	2302	72.72
410	4002	79.53
410	1060	87.34
410	4297	77.02
410	3263	71.69
410	1859	78.62
410	111	96.56
410	58	87.68
410	2145	74.59
410	3255	80.53
410	2321	77.31
410	3504	90.62
410	3948	80.47
410	11	78.80
410	4019	86.45
410	3	75.42
410	597	76.16
411	508	73.85
411	261	70.34
411	586	55.29
411	432	51.19
411	353	68.48
411	431	70.68
411	194	65.60
411	318	87.96
411	272	69.48
411	515	67.62
411	356	78.65
411	266	60.86
411	257	70.85
411	349	64.72
411	10	59.23
411	31	61.58
411	344	45.64
411	227	53.55
411	455	44.97
411	122	54.65
412	2828	30.97
412	2384	65.26
412	2915	78.03
412	903	89.09
412	608	93.84
412	2720	49.46
412	2858	92.40
412	1883	68.03
412	1307	83.52
412	1214	89.73
412	1784	70.61
412	2239	100.00
412	1	86.93
412	930	89.59
412	1136	93.39
412	2710	69.36
412	915	80.13
412	2398	89.02
412	17	85.05
412	1079	91.96
413	2706	86.37
413	1198	100.00
413	3753	89.66
413	2424	84.99
413	593	96.53
413	128360	94.68
413	4993	100.00
413	16	98.90
413	5574	90.10
413	3948	93.38
413	64957	93.58
413	2959	100.00
414	4458	69.90
414	4666	69.90
414	5285	69.90
414	5635	69.90
414	6033	69.90
414	6493	69.90
414	6563	69.90
414	6628	69.90
414	6797	69.90
414	48319	69.90
414	58879	69.90
414	169992	69.90
414	3802	53.08
414	3599	61.38
414	1600	75.32
414	8666	35.54
414	4975	67.25
414	7444	63.13
414	4081	38.64
414	177593	89.07
415	296	96.54
415	1213	88.58
415	4321	79.57
415	3507	90.73
415	4308	83.66
415	47	85.63
415	1021	61.00
415	111	88.92
415	2617	75.88
415	1276	91.57
415	3861	71.57
415	4369	67.63
415	99114	84.76
415	1221	90.96
415	63082	87.25
415	1234	89.62
415	45722	75.87
415	1197	90.58
415	175	91.54
416	5952	66.79
416	5951	47.98
416	531	56.98
416	1296	65.24
416	1199	77.98
416	1721	48.47
416	830	48.06
416	1206	66.46
416	7323	64.24
416	4848	72.45
416	3677	87.52
417	778	100.00
417	4995	96.00
417	4975	91.54
417	7254	93.12
417	1198	96.12
417	106782	99.30
417	27773	96.81
417	168250	88.13
417	1625	90.79
417	7153	100.00
417	74458	97.31
417	110102	95.88
417	48394	85.07
417	4878	98.57
418	356	83.93
418	296	89.25
418	63082	77.24
418	104374	86.80
418	1276	86.49
418	1136	86.15
418	117176	75.62
418	1573	68.37
418	137337	81.97
418	1682	80.15
418	5816	78.92
418	88125	78.41
418	74458	78.56
418	367	58.11
418	89745	76.91
418	45672	67.61
418	87869	76.63
418	7361	83.06
418	54001	85.23
419	4093	69.90
419	111	84.51
419	46976	82.72
419	27822	57.86
419	2858	80.84
419	319	84.80
419	6287	70.29
419	3578	85.75
419	1213	83.90
419	64969	80.96
419	47	90.52
419	79592	72.27
419	34319	74.70
419	89580	69.90
419	60756	72.27
419	27704	69.90
419	90943	69.90
419	2412	54.22
419	1240	83.05
419	52245	70.74
420	1161	85.17
420	4993	93.84
420	45499	75.72
420	923	84.78
420	26693	69.90
420	48385	78.66
420	1927	85.49
420	5608	82.57
420	2052	64.37
420	6934	61.27
420	7022	81.49
420	3979	59.12
420	59295	69.90
420	2329	87.98
420	54259	78.90
420	1131	82.43
420	2762	87.37
420	4973	94.13
420	5669	80.98
420	527	93.72
421	2858	88.89
421	909	80.70
421	5008	88.48
421	953	84.44
421	1178	95.84
421	2313	79.79
421	2478	71.77
421	1203	92.85
422	2539	62.31
422	2710	52.99
422	4947	76.33
422	4971	60.90
422	5039	77.44
422	4925	69.90
422	2581	59.63
422	4916	60.81
422	1265	74.58
422	2804	81.90
422	3053	79.60
422	2665	69.90
422	1283	79.06
422	4835	80.31
422	2908	70.72
422	3943	59.45
422	1213	76.41
422	2670	74.01
422	858	76.50
423	1653	85.61
423	110	90.91
423	2194	89.71
423	5349	76.54
423	1320	66.75
424	1193	82.57
424	141	68.88
424	2804	81.41
424	40278	77.77
424	608	85.40
424	108729	73.09
424	293	83.74
424	69122	74.63
424	1092	71.73
424	54503	85.16
424	58559	75.52
424	3186	74.57
424	66097	73.37
424	778	85.80
424	5679	72.23
424	3176	74.12
424	2288	86.77
424	2174	82.78
424	71668	92.73
424	112556	76.16
425	45517	68.40
425	377	65.79
425	2329	87.98
425	733	67.88
425	6	81.05
425	1645	68.41
425	8368	80.03
425	2081	72.00
425	4306	79.92
425	1680	69.26
425	1909	67.47
425	367	56.60
425	46723	72.12
425	1625	71.43
425	1036	77.27
425	4901	69.39
425	750	84.30
425	2353	62.07
425	1342	56.28
425	145	66.26
426	59784	67.34
426	150	71.54
426	471	78.58
426	337	77.78
426	54001	82.02
426	1197	81.22
426	6378	73.69
426	72641	77.01
426	4886	79.26
426	8644	73.51
426	37729	72.20
426	597	76.07
426	5444	77.54
426	91325	53.43
426	588	79.32
426	3247	59.75
426	4022	73.70
426	79091	76.40
427	4887	48.08
427	5463	49.31
427	5015	62.89
427	110	75.22
427	58	71.32
427	5528	64.61
427	6348	46.50
427	5312	57.16
427	2710	55.23
427	5696	51.15
427	4993	77.18
427	5266	58.05
427	2683	60.33
427	5400	51.08
427	5816	63.39
427	1208	73.80
427	5574	61.76
428	2471	36.92
428	2762	60.97
428	3827	41.66
428	1089	63.34
428	2953	35.12
428	2916	57.12
428	1380	45.96
428	1997	61.78
428	3440	25.94
428	4022	51.70
428	317	45.16
428	4255	31.40
428	1208	65.20
428	1391	48.46
428	6377	62.85
428	2581	43.29
428	260	68.10
428	3285	39.96
428	588	55.70
428	653	44.76
429	339	83.80
429	421	79.77
429	150	90.04
429	225	81.85
429	165	86.72
429	266	73.03
429	329	75.45
429	252	81.48
429	279	70.64
429	317	77.77
429	237	80.05
429	204	64.71
430	923	74.34
430	2987	67.17
430	3745	67.23
430	6287	63.40
430	2858	71.95
430	6365	65.36
430	2571	79.53
430	4447	68.48
430	4014	72.22
430	329	70.68
430	2076	68.82
430	4446	69.99
431	172	41.05
431	1625	47.69
431	1376	52.26
431	3948	50.27
431	802	45.52
432	1831	56.67
432	5630	75.81
432	6870	76.69
432	8640	61.41
432	6539	79.26
432	3916	80.21
432	5989	80.18
432	84189	69.90
432	110	87.76
432	35836	79.07
432	4886	80.91
432	2762	83.44
432	1206	82.85
432	49272	84.20
432	19	61.67
432	318	90.74
432	58559	82.24
432	69481	84.50
432	7158	78.34
432	33660	82.04
433	91529	77.18
433	1089	77.38
433	50	81.56
433	5299	59.22
433	110	81.13
434	1136	84.17
434	3147	82.19
434	1090	87.04
434	1265	79.77
434	5989	80.27
434	1101	69.74
434	1779	66.40
434	586	62.56
434	344	62.18
434	3863	70.35
434	1208	82.09
434	3160	85.81
434	589	81.53
434	780	71.53
434	6796	79.47
434	2791	87.54
434	4226	86.99
434	2194	81.09
434	8665	79.77
434	1291	85.01
435	2353	83.72
435	44191	86.66
435	485	79.15
435	3510	82.68
435	34405	96.67
435	2302	82.16
435	158	65.67
435	82459	92.25
435	48780	91.94
436	204	49.01
436	435	42.19
436	440	64.51
436	432	51.61
436	161	65.97
436	480	66.68
436	377	58.64
436	531	57.70
436	536	52.70
436	502	47.63
436	364	70.33
436	235	59.64
436	371	64.34
436	344	49.38
436	2	72.27
436	585	48.65
436	450	67.74
436	587	70.50
436	437	41.69
436	227	52.40
437	748	72.39
437	318	93.79
437	5	67.52
437	640	60.87
437	1299	91.29
437	1120	76.04
437	1396	74.64
437	1246	81.83
437	454	78.68
437	1171	71.14
437	1225	85.93
437	1183	77.59
437	1097	75.65
437	1307	85.30
437	1268	82.02
437	592	71.74
437	198	78.44
437	155	48.28
437	112	68.33
437	246	88.48
438	7154	54.04
438	2501	74.24
438	8966	72.73
438	27801	78.65
438	1527	74.77
438	6711	80.82
438	3898	28.76
438	1784	66.07
438	8644	72.60
438	6367	56.51
438	2424	59.89
438	3889	44.72
438	223	73.73
438	1517	71.90
438	7361	82.53
438	2641	62.95
438	5009	65.08
438	2617	63.97
438	3753	66.76
438	2393	66.39
439	356	91.09
439	4022	83.38
439	7153	84.55
439	78499	81.76
439	1240	81.69
440	8690	69.90
440	541	86.88
440	29	86.91
440	1653	84.41
440	1274	88.73
440	3174	74.88
440	1235	91.20
441	589	96.07
441	2683	87.94
441	2959	99.86
441	4306	89.10
441	260	96.95
441	296	100.00
441	51255	97.15
441	47	93.84
441	68358	93.85
442	2908	26.14
442	2881	22.75
442	1186	23.50
442	3752	25.56
442	4361	28.51
443	2329	88.58
443	79132	92.78
443	296	88.27
443	48394	75.99
443	106487	78.79
443	108190	64.59
443	7153	88.72
443	63082	83.81
444	356	89.09
444	592	68.60
444	208	59.52
444	21	71.01
444	111	82.29
444	110	82.95
444	235	70.79
444	296	85.51
444	344	57.50
445	2028	82.02
445	590	79.49
445	34405	84.46
445	47	83.96
445	116897	85.60
445	780	72.74
445	4011	86.78
445	899	96.66
445	593	80.89
445	33794	77.89
445	1080	90.66
445	45722	78.48
445	17	82.49
445	1230	86.48
445	306	91.16
445	2710	65.75
446	237	62.98
446	339	67.83
446	300	64.50
446	296	67.26
446	480	73.78
446	368	63.97
446	288	57.31
446	172	51.72
446	17	67.65
446	16	78.92
446	357	68.06
446	150	70.51
446	434	53.92
446	153	60.74
446	648	73.88
446	593	82.16
446	337	71.83
447	257	83.22
447	293	73.46
447	337	83.91
447	531	72.56
447	382	69.13
447	589	85.93
447	552	72.10
447	253	75.47
447	362	81.21
447	532	75.25
447	292	79.07
447	31	73.70
447	474	82.44
447	540	58.49
447	442	72.07
447	160	71.51
448	2368	69.90
448	3284	69.90
448	3933	69.90
448	6302	69.90
448	6476	69.90
448	7245	69.90
448	48262	69.90
448	49688	69.90
448	75803	69.90
448	75816	69.90
448	78116	69.90
448	79590	69.90
448	86593	69.90
448	92198	69.90
448	98908	69.90
448	100326	69.90
448	102819	69.90
448	104760	69.90
448	108715	69.90
448	109191	69.90
448	111680	69.90
448	113416	69.90
448	116207	69.90
448	116985	69.90
448	129657	69.90
448	130083	69.90
448	133377	69.90
448	136654	69.90
448	138546	69.90
448	142424	69.90
448	151777	69.90
448	152658	69.90
448	157130	69.90
448	158022	69.90
448	161290	69.90
448	164375	69.90
448	53996	61.67
448	136778	69.90
448	5418	67.09
448	288	56.23
448	88356	36.37
448	2580	61.93
448	155358	69.90
448	2889	68.75
448	4034	61.34
448	148888	43.12
448	81156	62.02
448	2713	42.99
448	103335	57.98
448	95441	49.91
448	34048	52.93
448	80126	43.78
448	3057	69.90
448	1057	56.92
448	2794	43.20
448	33830	69.90
448	8665	63.28
448	6059	55.27
448	110553	40.06
448	90374	69.90
448	151501	69.90
448	3764	41.83
448	6143	69.90
448	103819	69.90
448	4361	62.57
448	104913	63.12
448	3986	47.01
448	5528	58.48
448	1196	79.78
448	105351	43.12
448	83349	52.32
448	3276	69.90
448	1090	72.24
448	5349	66.30
448	587	47.32
448	106330	25.81
448	4677	56.03
448	95508	69.90
448	109895	23.27
448	110611	69.90
448	671	56.54
448	2289	63.06
448	152077	57.85
448	80693	47.60
448	111360	45.21
448	170	57.36
448	87444	52.31
448	94323	45.81
448	8493	58.74
448	3671	66.99
448	91653	52.95
448	4981	69.90
448	2991	62.80
448	78034	69.90
448	119145	66.57
448	5099	50.54
448	4299	54.42
448	2567	43.14
448	6996	17.40
448	109864	69.90
448	6582	49.24
448	73017	59.67
448	370	49.04
448	543	56.86
448	115617	66.28
448	590	67.49
448	154065	69.90
448	5553	57.22
448	41569	59.40
448	3286	31.91
448	6645	66.94
448	589	70.11
448	1920	48.43
448	2857	57.29
448	111663	53.95
448	78499	64.60
448	2657	54.53
448	6537	54.25
448	1148	66.17
448	46974	48.61
448	48516	74.54
448	80241	57.52
448	445	52.49
448	4262	68.14
448	3689	21.41
448	114935	63.78
448	6428	57.23
448	127194	69.90
448	109673	41.43
448	127096	60.11
448	89388	69.90
448	4156	69.90
448	3793	61.85
448	33679	54.83
448	2014	47.57
448	64285	71.23
448	3968	52.19
448	49530	56.73
448	3450	55.16
448	160563	51.38
448	5502	54.34
448	8169	62.26
448	6314	29.45
448	122490	69.90
448	3386	59.55
448	140725	58.84
448	4896	50.78
448	2642	38.21
448	127136	69.64
448	2763	61.26
448	2520	69.90
448	457	67.46
448	48783	61.23
448	3263	46.80
448	5400	46.75
448	5541	55.73
448	4011	68.96
448	58351	69.90
448	127132	69.90
448	152091	61.72
448	3698	54.75
448	435	31.32
448	4799	45.24
448	84152	62.70
448	3401	40.60
448	2858	70.73
448	3174	58.33
448	7076	58.95
448	106542	69.90
448	6218	53.59
448	2860	42.29
448	1283	63.78
448	3618	59.02
448	2616	46.10
448	90439	50.16
448	2404	41.93
448	4660	69.90
448	2530	47.95
448	26386	69.90
448	4327	59.30
448	3030	71.55
448	71464	60.70
448	32	69.31
448	91529	66.68
448	4158	42.71
448	99114	64.30
448	98585	56.21
448	93326	45.84
448	2268	64.71
448	80489	66.44
448	130576	34.35
448	105504	69.27
448	2791	68.32
448	50601	35.21
448	7007	53.75
448	4234	53.09
448	3623	42.39
448	80727	69.90
448	78467	26.26
448	8641	65.65
448	4128	61.64
448	106782	64.59
448	2537	26.82
448	112138	58.01
448	3247	45.90
448	112818	61.79
448	2027	27.18
448	3101	53.92
448	5779	69.90
448	82202	53.07
448	1704	70.73
448	98296	69.90
448	6863	56.71
448	89305	53.33
448	4203	54.10
448	1201	72.89
448	6212	38.04
448	637	46.97
448	84954	53.04
448	6814	69.90
448	94864	50.35
448	67695	35.44
448	159077	69.90
448	92439	65.75
448	6812	29.45
448	3156	48.64
448	802	48.74
448	118354	69.90
448	134130	68.31
448	138036	58.19
448	65135	69.90
448	52975	61.11
448	4368	28.68
448	90717	44.65
448	45722	59.92
448	79259	69.90
448	68157	68.27
448	4233	27.72
448	74458	66.92
448	3258	45.56
448	1262	68.62
448	3949	67.32
448	101025	38.92
448	69526	41.19
448	1831	38.11
448	1083	51.93
448	1884	69.13
448	1476	57.62
448	156609	51.64
448	3755	46.87
448	111659	38.94
448	4734	53.21
448	161	60.16
448	95201	69.90
448	135887	49.29
448	2598	46.28
448	87232	67.13
448	4634	84.51
448	5334	69.90
448	5459	47.43
448	146730	69.90
448	72694	69.90
448	157432	69.90
448	132488	69.90
448	4558	49.60
448	1375	58.78
448	6424	69.90
448	71518	54.71
448	2716	64.93
448	94780	39.15
448	3593	17.68
448	129354	47.90
448	158	34.48
448	1409	37.34
448	6514	69.90
448	2881	50.97
448	51662	64.97
448	90522	48.90
448	68554	51.20
448	2126	49.65
448	122932	69.90
448	93510	60.52
448	137857	60.78
448	125916	3.06
448	2953	42.09
448	2090	59.87
448	1760	13.89
448	480	64.86
448	58803	53.32
448	2109	63.06
448	50792	29.45
448	46062	22.44
448	85510	53.08
448	80864	69.90
448	112171	54.19
448	122900	58.29
448	2587	61.49
448	1527	65.85
448	117529	55.66
448	4993	73.42
448	92264	50.74
448	5247	40.15
448	533	46.21
448	912	63.52
448	26464	69.90
448	2249	48.18
448	4678	53.57
448	103772	51.86
448	114601	60.83
448	96861	56.93
448	420	42.50
448	59615	50.59
448	2349	61.14
448	109372	45.81
448	95207	50.98
448	348	63.84
448	19	45.34
448	136020	49.02
448	4502	27.73
448	91094	51.09
448	138208	51.90
448	3511	42.40
448	79428	56.33
448	2643	32.44
448	109183	69.90
448	2139	58.39
448	4212	69.90
448	5942	52.40
448	96417	52.20
448	112852	71.55
448	99728	57.89
448	89470	57.52
448	142448	46.50
448	64983	50.36
448	2640	60.78
448	2046	50.13
448	4881	68.46
448	3882	42.05
448	3744	45.18
448	1032	61.58
448	116799	61.17
448	5	43.42
448	4040	35.46
448	157407	69.90
448	2115	65.87
448	1617	69.59
448	4367	47.09
448	105254	69.90
448	3388	40.66
448	3760	57.60
448	2146	53.67
448	2968	65.86
448	6281	49.41
448	466	46.44
448	96448	14.68
448	86332	63.12
448	64969	63.20
448	115170	69.90
448	1036	62.93
448	3397	61.32
448	2474	60.57
448	1408	68.91
448	155743	69.90
448	106920	65.94
448	8542	61.35
448	120466	53.92
448	2051	34.06
448	7143	66.28
448	7150	51.17
448	89087	28.16
448	34150	43.57
448	2253	40.80
448	2973	64.41
449	1917	54.20
449	2502	78.29
449	4034	72.20
449	1222	79.83
449	2770	57.59
449	762	47.76
449	2011	68.60
449	2324	83.52
450	3977	64.60
450	589	84.21
450	110	87.99
450	3363	85.43
450	3535	81.16
450	3948	82.08
450	3409	66.79
450	1035	81.16
450	3568	69.90
450	358	61.64
450	1259	89.08
451	733	79.40
451	593	89.08
451	7	68.38
451	5	66.40
451	494	75.34
451	25	76.89
451	17	74.78
452	4025	80.54
452	2858	100.00
452	2617	87.81
452	5292	95.18
452	1206	100.00
452	1676	87.29
452	3219	81.25
452	47	100.00
452	3101	85.54
452	163	93.92
452	1092	90.65
452	1917	78.83
452	2126	82.99
452	1356	93.00
452	552	83.11
452	2628	86.24
452	1200	100.00
452	608	100.00
452	2707	84.06
452	3273	70.54
453	208	67.75
453	858	97.02
453	2335	79.51
453	4022	80.49
453	3618	81.25
453	1617	90.99
453	3452	71.36
453	1357	87.21
453	112	72.90
453	2671	80.69
453	1884	89.30
453	1894	66.90
453	2294	75.75
453	318	100.00
453	1614	66.85
453	3534	74.70
453	2959	98.35
453	798	65.08
453	5266	71.79
453	780	74.00
454	7361	85.47
454	2692	84.78
454	7116	79.01
454	55820	82.12
454	6016	85.22
454	27773	83.94
454	2160	89.89
454	2858	86.47
454	26131	91.67
455	272	73.94
455	432	56.48
455	367	65.80
455	590	79.90
455	253	71.92
455	364	78.54
455	555	68.46
455	252	72.43
455	110	84.54
455	225	69.86
455	588	67.52
455	597	72.55
456	1407	70.34
456	634	53.42
456	135	66.90
456	5	68.46
456	724	71.54
456	780	84.19
456	733	87.64
456	260	88.26
456	706	69.90
457	329	65.09
457	3593	27.41
457	2692	77.50
457	1356	71.83
457	223	77.40
457	2394	66.10
457	2701	43.31
457	3608	55.83
457	733	67.57
457	2094	58.55
458	597	84.27
458	185	78.76
458	10	77.77
458	380	83.43
458	95	77.97
458	454	89.21
458	300	80.97
458	595	88.15
458	153	75.29
458	587	90.93
458	150	93.33
458	552	76.00
459	79132	87.34
459	5618	97.17
459	8961	93.88
459	48780	88.12
459	50872	89.76
459	260	88.35
460	89039	69.90
460	4886	94.77
460	4703	100.00
460	3831	84.28
460	1441	90.21
460	4878	92.66
460	3483	77.44
460	8970	91.37
460	1	90.54
460	49272	98.20
460	40815	89.79
460	85414	81.97
460	68237	93.44
460	76093	87.55
460	47610	86.73
460	63082	87.50
460	2571	98.18
461	74458	67.53
461	2762	64.76
461	1036	65.72
461	91500	57.03
461	3578	65.73
461	539	60.22
462	26838	69.90
462	89090	69.90
462	164655	69.90
462	188189	69.90
462	1136	85.09
462	1219	81.85
462	158966	88.01
462	1248	83.80
462	508	68.56
462	1653	80.71
462	1674	70.46
462	8917	68.57
462	8620	0.00
462	3424	78.09
462	2146	64.91
462	7044	71.87
462	3814	80.96
462	1213	81.82
462	82857	69.90
462	26131	83.55
463	6377	84.94
463	2028	83.68
463	4310	66.78
463	3753	73.14
463	2006	62.76
463	1092	76.14
463	5995	84.67
464	1370	72.69
464	58025	67.61
464	63853	56.40
464	296	81.96
464	2019	85.51
464	3527	75.37
464	5254	71.52
464	7007	69.27
464	1101	74.07
464	1779	64.38
464	377	67.59
464	1653	86.81
464	55820	82.12
464	648	69.59
464	33493	69.06
464	1610	78.36
464	65088	72.93
464	74727	81.56
464	1617	85.12
464	62374	73.83
465	2941	86.07
465	2987	77.53
465	1200	92.76
465	3448	86.80
465	5060	88.08
465	1299	95.00
465	3703	87.00
465	3649	66.53
465	1625	83.58
465	292	83.43
465	904	96.85
465	3101	72.49
465	1754	83.63
465	750	99.33
465	1256	98.44
465	593	91.26
465	3732	77.76
465	3740	92.41
465	3334	91.75
465	377	80.85
466	5418	87.24
466	30793	70.34
466	79091	82.78
466	92259	87.63
466	5989	85.00
466	5459	66.80
466	318	94.71
466	63082	82.37
466	59784	77.47
466	5010	83.12
466	74458	81.87
466	6281	69.18
466	5952	85.81
466	8529	74.01
466	64716	83.43
466	68954	81.87
466	4993	86.32
466	45447	71.83
466	81845	84.47
466	55247	80.29
467	41	69.90
467	58	69.90
467	389	69.90
467	466	69.90
467	527	69.90
467	593	69.90
467	780	69.90
467	1183	69.90
467	1233	69.90
467	1357	69.90
467	1365	69.90
467	1408	69.90
467	1721	69.90
467	2028	69.90
467	2125	69.90
467	2324	69.90
467	2334	69.90
467	2384	69.90
467	2390	69.90
467	2393	69.90
467	2394	69.90
467	2493	69.90
468	592	65.68
468	349	66.04
468	1	77.59
468	317	68.05
468	296	73.46
468	32	82.69
468	165	76.52
469	3658	69.90
469	3832	69.90
469	3507	84.56
469	3032	87.47
469	2736	85.43
469	2132	87.00
469	1958	79.77
469	910	83.20
469	1090	89.70
469	1485	63.12
469	1388	61.22
469	2321	67.52
469	1234	86.93
469	2081	79.95
469	1193	91.13
469	36	74.67
469	2908	79.91
469	909	80.83
469	2023	71.59
469	3255	72.14
470	253	72.87
470	318	91.79
470	110	85.05
470	588	73.43
470	282	66.37
470	5	63.42
470	597	72.49
470	32	81.60
470	595	75.13
470	592	64.20
470	500	70.01
470	26	79.08
470	356	81.30
470	357	74.07
470	434	61.50
470	300	72.16
471	2571	84.16
471	8874	82.91
471	527	85.89
471	1	78.46
471	8360	75.81
471	7147	83.71
472	58559	90.75
472	3450	74.59
472	3298	83.38
472	2840	67.45
472	1221	85.41
472	858	91.40
473	4979	79.61
473	2959	76.60
473	60	55.94
473	7147	74.10
473	6281	56.56
473	3897	70.82
473	48322	87.71
473	2596	66.05
474	638	69.90
474	2179	69.90
474	2697	69.90
474	4046	69.90
474	5114	69.90
474	5311	69.90
474	5353	69.90
474	5455	69.90
474	5601	69.90
474	6201	69.90
474	6273	69.90
474	6382	69.90
474	6407	69.90
474	6592	69.90
474	6912	69.90
474	7702	69.90
474	7826	69.90
474	7832	69.90
474	7839	69.90
474	8057	69.90
474	8446	69.90
474	8458	69.90
474	8459	69.90
474	8611	69.90
474	8650	69.90
474	8774	69.90
474	8938	69.90
474	1466	71.53
474	6708	71.71
474	2940	76.42
474	2616	52.70
474	2334	61.50
474	7139	73.33
474	4218	69.90
474	371	69.23
474	750	87.31
474	2935	83.48
474	8645	80.33
474	5481	55.89
474	6370	81.83
474	25865	69.90
474	2553	71.80
474	912	84.40
474	2467	76.17
474	5548	72.48
474	7301	69.90
474	52967	64.51
474	5945	64.71
474	480	70.67
474	1983	49.01
474	3462	73.71
474	1068	69.90
474	8600	69.90
474	6650	69.90
474	8482	69.90
474	6791	80.42
474	4016	71.03
474	1784	66.31
474	3668	72.12
474	3977	56.39
474	8961	77.90
474	4160	72.04
474	30820	67.34
474	6984	69.90
474	2750	54.62
474	5034	35.04
474	7716	69.90
474	2612	69.90
474	4419	91.94
474	1300	72.51
474	4187	78.23
474	1187	59.86
474	6565	75.06
474	272	70.03
474	5440	69.90
474	25937	63.65
474	1099	52.79
474	3125	69.90
474	5826	69.90
474	5649	69.90
474	7256	75.14
474	4912	75.01
474	6016	79.91
474	1208	85.37
474	2083	72.34
474	3385	68.26
474	2310	64.55
474	3360	72.90
474	3163	82.33
474	1413	77.76
474	4081	38.80
474	1643	63.43
474	968	74.54
474	2116	56.99
474	26965	82.71
474	5954	73.74
474	1263	80.47
474	5116	69.90
474	3536	71.52
474	8778	69.90
474	63433	58.88
474	2952	68.69
474	318	85.75
474	3394	55.66
474	1200	82.10
474	3384	80.44
474	4356	81.02
474	932	81.49
474	7698	70.04
474	516	60.33
474	4873	71.17
474	48385	63.86
474	39869	76.15
474	1902	69.90
474	2641	61.24
474	7036	61.03
474	2181	68.56
474	4638	49.93
474	31116	67.94
474	2455	64.40
474	2146	64.62
474	628	69.25
474	3897	75.61
474	1030	52.57
474	4022	71.67
474	344	61.68
474	3196	78.28
474	92	52.39
474	237	62.81
474	6770	67.23
474	3259	65.46
474	3368	64.77
474	26151	69.90
474	1293	74.66
474	34072	70.78
474	3044	73.03
474	1639	63.78
474	5944	58.55
474	6539	73.47
474	477	67.21
474	7361	82.11
474	55687	69.90
474	58	73.41
474	4014	69.33
474	3467	70.35
474	8154	79.75
474	4191	71.26
474	2134	65.21
474	4644	76.98
474	4293	61.97
474	5013	79.06
474	1399	75.01
474	1196	82.68
474	2918	75.35
474	5899	67.15
474	4465	66.56
474	100	57.67
474	361	58.50
474	3341	81.56
474	8921	69.90
474	195	59.79
474	3789	69.90
474	4709	66.28
474	1588	63.77
474	3468	83.00
474	4678	65.33
474	2723	71.62
474	2118	71.35
474	1939	80.79
474	7019	69.90
474	3147	77.17
474	1792	58.62
474	33903	76.76
474	1682	71.87
474	41566	66.05
474	1693	60.18
474	1957	75.79
474	5021	65.75
474	2313	73.79
474	3870	69.90
474	948	75.63
474	47099	72.24
474	3447	79.69
474	6614	60.58
474	216	66.44
474	5619	65.29
474	3987	49.49
474	5060	74.83
474	3111	87.05
474	45950	73.78
474	32584	55.07
474	5525	69.90
474	2567	53.08
474	5956	69.73
474	7	60.82
474	1172	77.71
474	3217	61.72
474	8331	69.90
474	587	57.70
474	5238	63.01
474	1189	73.63
474	2416	66.50
474	832	62.65
474	3095	75.59
474	7386	79.96
474	1223	85.64
474	7058	69.90
474	5246	38.35
474	5418	75.11
474	27803	81.76
474	26	73.43
474	4002	71.90
474	1135	66.46
474	45	67.35
474	6945	100.00
474	2411	49.51
474	2520	69.90
474	7347	70.40
474	5375	69.90
474	5673	73.37
474	3039	67.98
474	7833	69.90
474	33781	62.61
474	720	93.43
474	2103	46.76
474	33154	75.62
474	608	86.22
474	1327	40.67
474	101	85.02
474	7061	69.90
474	5451	59.73
474	5682	69.90
474	5434	69.55
474	6609	69.90
474	31658	80.25
474	4578	45.51
474	2009	64.34
474	4704	69.90
474	7572	69.90
474	4929	49.10
474	3306	73.91
474	6334	80.16
474	5379	86.63
474	5437	63.85
474	42418	81.57
474	4128	72.13
474	7451	71.97
474	2786	46.90
474	2243	62.96
474	27846	73.51
474	6197	68.22
474	3264	51.41
474	3608	58.78
474	5603	85.49
474	6124	57.90
474	1222	81.56
474	1663	71.60
474	3566	53.81
474	3755	62.99
474	2628	53.19
474	4815	56.91
474	2089	66.77
474	7102	56.98
474	27706	66.27
474	7013	74.16
474	1348	67.12
474	45666	54.15
474	5755	41.69
474	4055	69.90
474	2058	65.55
474	4462	20.16
474	1544	46.04
474	2405	57.57
474	4998	69.90
474	273	57.53
474	1977	49.55
474	1732	78.34
474	7822	69.90
474	7073	69.90
474	41527	80.16
474	4787	68.86
474	1676	58.31
474	3708	62.51
474	6669	59.95
474	317	59.01
474	25940	69.90
474	971	90.61
474	7366	57.27
474	3115	77.04
474	7026	50.77
474	2710	56.99
474	50685	77.73
474	2114	76.74
474	3809	66.02
474	3516	69.90
474	2770	59.10
474	535	66.85
474	4878	79.47
474	5992	75.85
474	41997	70.91
474	1083	62.37
474	4487	66.13
474	7293	66.81
474	1016	69.72
474	2006	57.71
474	1007	62.29
474	4993	85.16
474	3412	72.09
474	5007	69.90
474	3929	54.60
474	6639	72.32
474	8712	69.90
474	1876	52.55
474	3546	69.90
474	34359	69.90
474	7579	71.73
474	7325	69.55
474	6837	69.90
474	2634	57.25
474	7753	63.23
474	8943	69.90
474	8385	69.90
474	4308	66.92
474	3246	78.47
474	3745	69.01
474	1148	84.02
474	42002	65.69
474	50740	73.95
474	3952	58.18
474	1927	79.44
474	7581	63.25
474	910	83.55
474	3948	61.66
474	54881	79.24
474	1284	82.77
474	4007	73.18
474	5341	69.90
474	3675	80.67
474	52975	72.44
474	6244	62.73
474	965	68.72
474	454	66.56
474	1247	78.13
474	7215	63.98
474	1282	76.96
474	8207	83.05
474	6242	67.28
474	6502	79.19
474	4509	70.80
474	3528	75.01
474	2391	71.33
474	4262	78.20
474	4039	67.05
474	42018	13.95
474	3271	76.95
474	976	69.90
474	48394	71.50
474	5384	69.90
474	5168	69.90
474	1358	76.49
474	6534	53.94
474	8773	69.90
474	2384	56.37
474	48780	75.13
474	1269	75.57
474	4600	80.16
474	2642	47.70
474	111	78.39
474	933	82.64
474	3578	68.33
474	5297	69.90
474	944	72.87
474	6020	69.90
474	2123	54.82
474	748	63.02
474	4896	70.54
474	5380	75.15
474	53953	61.67
474	3712	60.16
474	25996	69.90
474	1997	73.49
474	4464	74.88
474	4085	66.95
474	51540	69.90
474	2707	60.10
474	2069	85.49
474	6710	72.70
474	1488	59.92
474	6378	67.91
474	928	79.50
474	3038	82.27
474	7116	73.25
474	44511	69.90
474	594	68.96
474	1962	70.53
474	421	61.94
474	4316	29.45
474	2761	77.04
474	4823	53.18
474	892	73.61
474	1345	67.04
474	5294	80.42
474	1408	75.61
474	6579	69.90
474	3272	68.10
474	3421	73.86
474	3844	62.32
474	6787	78.14
474	37736	74.11
474	2249	57.29
474	1610	77.15
474	2468	45.81
474	3498	85.31
474	4902	71.29
474	6268	80.16
474	5225	76.26
474	5404	80.99
474	929	69.90
474	25999	69.90
474	7835	69.90
474	805	66.91
474	4126	70.35
475	6539	99.32
475	4993	99.95
475	87232	97.44
475	40815	92.92
475	5816	93.86
475	8644	90.98
475	81564	89.84
475	4701	84.26
475	81834	97.80
475	6564	67.62
475	68791	87.38
475	111759	97.16
475	7153	100.00
475	1527	84.55
475	71530	79.55
475	4896	88.60
475	106487	86.25
475	112852	97.82
475	3578	94.07
475	82461	83.59
476	594	84.69
476	34	83.26
476	380	78.33
476	158	72.22
476	153	69.11
476	586	62.73
476	440	78.70
476	364	82.86
476	378	71.62
476	357	74.99
476	224	74.15
476	165	78.58
476	296	78.08
476	11	88.08
477	34	71.95
477	913	87.74
477	3100	81.78
477	2105	71.43
477	1271	78.28
477	1207	85.51
477	70687	34.14
477	2174	81.80
477	45672	66.56
477	4571	80.34
477	3973	44.24
477	4226	93.90
477	1103	85.69
477	5291	76.53
477	348	80.27
477	3593	34.16
477	1	80.10
477	1274	86.75
477	6502	85.14
477	59615	66.04
478	1917	50.86
478	3114	65.22
478	594	58.64
478	1584	61.46
478	1101	55.26
479	5365	69.90
479	4488	77.30
479	524	65.03
479	1025	68.81
479	3707	53.26
479	1220	66.73
479	4010	60.20
479	3244	65.81
479	3526	67.30
479	4092	46.60
479	1968	79.28
479	4700	62.65
479	4003	65.74
479	3671	71.46
479	2671	72.30
479	341	69.90
479	2012	56.34
479	2542	70.14
479	454	63.93
479	2384	52.42
480	43914	69.90
480	2700	71.10
480	8533	68.74
480	2193	68.74
480	2797	70.04
480	3484	53.87
480	2571	84.39
480	1210	85.12
480	2596	67.53
480	8866	70.44
480	47610	67.12
480	6306	79.50
480	5379	81.91
480	2018	63.52
480	7153	80.38
480	3911	70.95
480	44191	76.91
480	38061	78.30
480	5673	71.48
480	380	62.23
481	1608	51.48
481	1687	61.16
481	1629	50.66
481	1729	53.56
481	1620	42.42
481	1597	45.81
481	1485	47.48
482	2068	98.43
482	8985	61.52
482	1036	75.53
482	474	72.57
482	1042	61.53
482	4389	75.34
482	780	67.55
482	27706	67.74
482	3211	69.90
482	1610	80.45
482	4367	60.70
482	1374	78.71
482	1220	77.32
482	1602	49.44
482	653	63.73
482	592	70.77
482	30812	76.10
482	4862	53.95
482	8361	59.56
482	8529	63.24
483	105325	69.90
483	783	58.55
483	2541	71.86
483	2959	92.47
483	109971	69.90
483	45722	74.69
483	1199	84.09
483	50872	78.70
483	2000	74.39
483	4306	82.94
483	69757	76.51
483	2683	68.18
483	2273	64.62
483	1588	66.79
483	109487	80.58
483	66934	81.81
483	1721	62.40
483	2328	55.96
483	68522	69.90
483	8972	68.55
484	93320	69.90
484	1438	63.37
484	6155	66.88
484	6944	80.55
484	2706	70.47
484	33166	82.10
484	6874	86.77
484	3697	74.04
484	1059	83.41
484	76293	75.00
484	919	82.65
484	2762	80.10
484	1821	66.71
484	837	79.70
484	5810	69.77
484	1753	79.43
484	3254	76.85
484	4718	64.07
484	2413	79.74
484	3646	50.72
485	588	76.27
485	161	84.67
485	253	79.74
485	292	78.04
485	231	68.25
486	653	74.95
486	47	91.54
486	110	96.64
486	153	77.23
486	474	86.07
486	95	77.43
486	288	74.88
486	329	77.19
486	161	84.78
486	318	100.00
486	292	82.74
486	6	89.57
487	27611	59.22
487	8961	66.67
487	318	75.03
487	1198	68.07
487	31658	66.55
487	1197	73.22
487	6539	59.59
487	5445	51.63
487	116797	65.54
487	4027	61.03
487	8874	63.67
487	86377	84.32
488	720	97.01
488	838	79.14
488	608	86.27
488	1223	92.77
488	26	82.15
488	5135	82.74
488	2109	77.47
488	7720	70.99
488	7303	82.09
488	4014	78.00
488	5995	88.51
488	457	78.39
488	105	72.38
488	1136	84.95
488	272	78.05
488	1269	79.86
488	3176	78.01
488	1278	87.71
488	1125	77.72
488	910	90.66
489	79536	69.90
489	86000	69.90
489	4848	74.21
489	736	50.28
489	8387	13.23
489	4700	55.15
489	45666	45.96
489	4720	67.89
489	2683	53.55
489	2021	59.02
489	2389	25.80
489	1619	53.52
489	950	53.95
489	58559	78.60
489	2236	55.53
489	2167	58.58
489	1616	49.58
489	247	71.26
489	376	56.13
489	2717	52.12
490	46578	70.59
490	89492	64.03
490	81591	68.79
490	91077	72.43
490	60074	53.94
490	5816	59.00
490	4144	77.82
490	54001	70.73
490	1	66.76
490	1784	68.68
490	7153	73.77
490	4993	72.79
490	89759	82.94
490	86320	57.05
490	60128	66.31
490	76251	62.12
490	8368	69.08
490	69122	68.02
490	2006	50.60
490	78499	67.64
491	106782	91.46
491	69757	93.10
491	7293	89.66
491	27808	84.42
491	4246	91.13
491	3948	84.20
491	104374	97.62
491	86833	94.26
491	140110	86.41
491	8529	84.50
491	180231	69.90
491	4306	90.74
491	88405	78.21
492	736	79.94
492	784	63.19
492	628	79.26
492	858	94.06
492	852	77.86
492	64	62.27
492	990	67.49
492	830	69.61
492	743	65.91
492	62	78.24
492	52	81.84
492	1499	57.03
492	66	73.68
492	1210	90.44
492	881	59.58
492	1474	51.96
492	1405	74.11
492	724	72.43
492	1047	75.44
492	65	59.48
493	2985	70.17
493	4444	74.78
493	2916	71.90
493	1275	80.03
493	2571	89.47
493	1527	72.22
493	2028	88.06
493	3793	69.69
493	2167	72.70
493	1215	82.22
493	4701	65.40
493	2924	78.42
493	260	85.48
494	1196	95.39
494	4498	79.14
494	3578	95.22
494	2028	99.85
494	1210	95.29
495	140523	69.90
495	115149	86.91
495	1259	89.03
495	1721	72.23
495	136562	69.56
495	80489	88.44
495	19	68.83
495	50872	84.61
495	231	71.68
495	102123	70.69
495	52319	97.13
495	7254	78.23
495	7360	83.56
495	8528	88.47
495	1645	82.92
495	46578	84.93
495	30810	78.45
495	2918	86.89
495	148626	89.51
495	56775	75.26
496	1221	66.66
496	99149	70.32
496	858	67.92
496	904	73.72
496	8865	45.35
496	114713	65.14
497	1193	75.97
497	112556	74.31
497	112290	80.73
497	1916	72.74
497	92259	79.50
497	2329	78.68
497	112552	77.31
497	1258	81.61
497	2762	68.03
497	5349	70.06
497	111362	77.37
498	344	73.29
498	231	78.20
498	648	90.99
498	10	79.96
498	300	86.44
498	356	98.94
498	316	79.94
499	1202	85.91
499	2337	67.72
499	38304	98.26
499	327	55.47
499	56286	85.46
499	1304	84.46
500	2599	56.10
500	2987	67.10
500	543	58.58
500	2700	69.22
500	2542	68.06
500	1265	68.98
500	2916	67.15
500	356	71.75
500	3301	59.76
500	1784	58.17
500	1914	67.79
500	595	70.19
500	2355	63.27
500	3536	64.08
500	1885	60.13
500	322	56.98
500	838	65.86
500	720	84.79
501	6	71.53
501	62	66.38
501	93	63.13
501	45	65.84
501	3	64.65
501	637	52.59
501	11	78.07
501	18	68.97
501	662	64.33
502	7236	84.25
502	1077	80.22
502	4412	69.90
502	3469	77.53
502	2001	69.76
502	2520	69.90
502	1777	76.05
503	7455	69.90
503	7361	77.46
503	4878	73.12
503	356	76.88
503	91500	65.07
503	593	73.99
503	527	72.37
503	858	76.20
503	4226	80.17
503	1259	77.91
503	1342	53.07
503	2877	50.71
503	92509	65.14
503	90866	71.62
503	500	59.82
503	441	77.22
503	48516	79.60
503	2858	68.84
503	48394	65.72
504	4995	86.79
504	5812	78.51
504	2321	74.81
504	1	82.85
504	3556	83.37
504	7153	81.20
504	6708	78.11
504	1288	84.08
504	6927	69.90
504	4033	80.43
504	4700	71.58
504	6565	80.85
504	342	76.71
504	3408	76.99
504	6879	75.39
504	4361	78.85
504	5952	84.20
504	5955	76.73
505	1241	85.55
505	4105	86.97
505	1029	80.15
505	74685	88.47
505	273	74.69
505	6502	90.58
505	54999	78.19
506	59258	69.38
506	54272	72.01
506	37741	76.00
506	56782	82.89
506	62293	82.00
506	51834	64.73
506	49286	75.76
506	112556	73.93
506	61024	80.73
507	165	69.92
507	266	68.31
507	253	67.00
507	377	73.90
507	593	82.98
508	2872	50.12
508	2011	44.46
508	1952	48.18
508	1175	56.98
508	898	61.04
509	26958	69.90
509	130073	69.90
509	2028	69.00
509	87232	71.99
509	33830	69.90
509	5313	43.38
509	48	61.71
509	2090	64.02
509	2080	61.40
509	6942	74.45
509	8907	50.50
509	6156	55.16
509	5816	66.93
509	39	68.72
509	3988	54.03
509	6807	74.19
509	7458	64.01
509	1196	76.73
509	45447	56.03
509	616	65.55
510	1882	30.24
510	7026	39.13
510	35836	60.74
510	494	60.02
510	1198	67.13
510	514	56.60
510	457	55.17
510	2935	68.85
510	858	70.50
510	2699	42.08
510	317	44.93
510	8949	61.69
510	2918	64.26
510	145	49.67
510	1262	62.34
510	6787	66.54
510	1208	65.82
510	372	46.46
510	1242	72.39
510	40819	62.04
511	2959	92.06
511	53953	81.19
511	115149	86.91
511	164179	87.18
511	6534	63.48
511	99114	82.31
511	92259	91.68
511	318	92.34
511	2324	94.73
511	1653	82.91
511	56757	77.71
512	480	81.83
512	150	82.52
512	349	75.51
512	47	88.36
512	350	75.08
512	442	71.10
512	457	87.82
512	50	88.15
512	317	73.12
512	593	96.47
513	5952	86.65
513	318	89.46
513	2174	76.69
513	235	73.70
513	1304	89.24
513	1220	85.50
513	1080	79.83
514	1335	69.90
514	5704	69.90
514	62586	69.90
514	168358	69.90
514	180263	69.90
514	1704	76.52
514	2005	73.97
514	2792	60.08
514	2013	60.17
514	1673	79.13
514	134130	76.85
514	76093	69.88
514	1333	73.95
514	58998	75.13
514	68157	75.02
514	2406	68.16
514	3210	69.77
514	54503	74.33
514	4855	72.72
514	1644	43.96
515	33794	100.00
515	2028	100.00
515	527	100.00
515	91529	100.00
515	58559	100.00
515	2959	100.00
516	260	69.90
516	457	69.90
516	480	69.90
516	647	69.90
516	708	69.90
516	1042	69.90
516	1090	69.90
516	1197	69.90
516	1198	69.90
516	1954	69.90
516	1958	69.90
516	2021	69.90
516	2259	69.90
516	2268	69.90
516	3052	69.90
516	3471	69.90
516	4027	69.90
516	4291	69.90
516	4306	69.90
516	4321	69.90
516	4322	69.90
516	4333	69.90
516	4337	69.90
516	4349	69.90
516	4361	69.90
516	4429	69.90
517	4306	62.06
517	53125	47.35
517	1265	54.18
517	165489	69.90
517	97938	52.85
517	88744	52.54
517	86880	45.53
517	4148	44.62
517	26761	69.90
517	3398	55.58
517	1293	55.12
517	3988	36.41
517	2858	59.85
517	4963	51.95
517	1204	63.37
517	1704	63.95
517	47629	54.60
517	7669	61.48
517	1206	59.44
517	46578	57.23
518	3101	62.81
518	2657	69.90
518	783	58.54
518	1876	56.17
518	6365	64.45
519	1704	98.04
519	356	98.10
519	140110	90.61
519	6378	92.27
519	7445	84.25
519	1968	91.56
520	7266	69.90
520	318	97.57
520	1049	71.74
520	59315	85.49
520	4995	85.13
520	32	89.93
520	2716	82.35
520	4333	64.95
520	1291	89.95
520	1732	90.64
520	4085	77.83
520	2723	80.15
520	3081	84.19
520	3994	80.02
520	33493	78.63
520	135	67.07
520	2393	73.31
520	60516	48.47
520	2406	77.51
520	1584	77.93
521	661	67.68
521	112	70.20
521	86	80.75
521	104	63.03
521	58	78.08
521	79	59.93
521	52	77.81
521	852	69.88
522	99114	83.36
522	81932	82.70
522	89492	81.41
522	63113	76.47
522	2959	94.72
522	1193	83.37
522	1375	77.20
522	4993	94.67
522	223	83.24
522	27611	80.85
522	76060	79.62
522	180	81.50
522	59315	80.89
522	1617	85.00
522	10	79.30
522	67255	87.06
522	2023	75.62
522	6187	89.78
522	318	90.97
522	127098	90.36
523	168252	100.00
523	8970	97.80
523	5989	98.52
523	318	100.00
523	91529	94.38
523	1721	92.57
523	293	100.00
523	65261	100.00
523	4270	86.53
523	3147	100.00
523	27731	100.00
523	134130	100.00
523	31696	84.84
523	527	100.00
523	101962	91.86
524	1356	74.70
524	150	79.38
524	552	58.22
524	748	64.24
524	344	53.19
524	442	61.43
524	253	69.71
524	1225	77.78
524	20	49.68
524	589	82.33
524	1242	87.29
524	544	66.03
524	173	57.67
524	1302	72.30
524	380	70.68
524	457	78.69
524	1020	68.92
524	788	52.31
524	193	43.17
524	466	58.18
525	120807	69.90
525	317	65.59
525	6863	71.34
525	8622	72.89
525	33004	76.11
525	7147	75.57
525	2396	73.26
525	40815	78.88
525	137337	76.82
525	1639	71.61
525	1968	76.56
525	91869	69.90
525	45880	66.08
525	2100	65.31
525	339	63.53
525	4886	79.21
525	50872	80.99
525	86332	77.03
525	8983	73.58
525	3996	75.53
526	593	91.74
526	55247	88.36
526	46578	90.67
526	176415	69.90
526	1295	69.67
526	90430	88.00
526	4014	88.41
526	2352	81.98
526	176413	69.90
526	215	88.76
526	81845	88.64
526	51255	90.44
527	2137	85.97
527	3114	87.13
527	3210	82.78
527	3016	79.50
527	2161	84.41
527	4571	87.44
527	2118	86.34
527	3421	78.32
527	455	63.52
527	2867	87.31
527	2450	54.58
527	1909	82.39
527	1214	92.08
527	4299	76.69
527	736	69.71
527	2477	80.17
527	588	88.34
527	4016	86.98
527	1259	90.77
527	2533	72.61
528	4886	75.49
528	2278	73.84
528	80906	77.61
528	4037	73.44
528	1240	64.95
528	64614	71.68
528	3821	47.12
528	150	67.41
528	1291	73.78
528	80463	76.08
528	593	74.37
528	99813	73.74
528	85342	75.32
528	48516	79.90
528	58559	76.55
529	653	54.10
529	135	51.34
529	65	47.46
529	62	64.84
529	733	72.89
530	292	74.06
530	500	72.03
530	300	73.83
530	586	64.01
530	593	90.59
530	11	89.69
531	593	78.32
531	590	76.41
531	919	79.46
531	480	76.73
531	1215	87.59
532	1721	80.48
532	4863	100.00
532	457	85.16
532	290	91.86
532	1245	97.61
532	1242	100.00
532	2023	86.93
532	2329	91.90
532	1304	98.45
532	517	88.22
533	1200	98.57
533	6502	99.11
533	79132	94.78
533	46578	93.32
533	93840	99.39
533	4973	98.12
533	2455	92.87
533	66934	99.20
534	116724	69.90
534	97913	79.89
534	94953	72.46
534	2003	80.05
534	2167	77.54
534	7569	84.58
534	153	58.99
534	1485	65.55
534	65514	81.41
534	104218	73.24
534	344	74.80
534	2571	93.50
534	5445	81.16
534	95875	69.47
534	112818	79.70
534	82461	71.77
534	96610	76.89
534	2987	81.43
534	138036	77.14
534	1566	77.76
535	2571	62.88
535	2581	33.54
535	2700	54.86
535	2688	32.01
535	2583	55.17
535	2882	23.96
536	232	81.60
536	272	69.84
536	356	80.50
536	335	69.90
536	225	65.41
536	150	75.74
536	434	57.91
536	589	72.52
537	80906	91.06
537	367	69.76
537	7153	93.55
537	53322	80.81
537	104218	86.96
537	97304	81.74
537	6539	85.65
537	318	93.11
537	89745	84.68
537	105504	92.52
538	595	100.00
538	3671	100.00
538	80549	100.00
538	4039	94.83
538	69757	96.37
538	5047	87.81
538	44889	69.90
538	66934	98.88
539	4306	81.29
539	6753	76.48
539	5218	73.91
539	50872	78.64
539	88	65.22
539	3301	72.71
539	4886	82.58
539	69122	80.24
540	2598	68.33
540	2959	93.24
540	1073	87.01
540	8874	93.22
540	1681	54.19
540	2183	81.87
540	2841	84.20
540	2747	61.79
540	1196	90.40
541	590	67.54
541	457	76.39
541	413	53.32
541	15	63.35
541	110	77.77
541	595	70.76
541	597	66.95
541	480	71.37
541	356	80.16
541	203	64.38
541	529	69.20
541	357	63.25
541	22	68.82
541	345	64.51
541	546	40.28
541	586	56.71
541	281	73.92
541	350	66.99
542	6539	78.07
542	30793	63.35
542	5299	66.09
542	2542	77.83
542	34319	71.63
542	33679	71.18
542	4963	74.80
542	5481	61.22
542	1997	73.11
542	4025	58.29
542	3623	53.69
542	924	70.09
542	4369	54.36
542	6378	71.86
542	2571	84.93
542	7254	70.64
542	41566	62.06
542	37733	70.07
542	7361	83.56
542	45517	66.25
543	73881	93.56
543	1702	76.09
543	595	85.66
543	3301	83.16
543	231	75.24
543	2378	77.60
543	2379	62.67
543	86882	88.70
543	6377	94.63
543	588	87.74
543	377	83.34
543	48385	78.75
543	2571	94.51
543	4526	68.79
543	4388	70.19
543	92259	95.99
544	1	69.90
544	3	69.90
544	14	69.90
544	32	69.90
544	40	69.90
544	62	69.90
544	68	69.90
544	95	69.90
544	116	69.90
544	619	69.90
544	626	69.90
544	648	69.90
544	650	69.90
544	694	69.90
544	736	69.90
544	780	69.90
544	839	69.90
544	1042	69.90
544	1047	69.90
544	1059	69.90
544	1105	69.90
544	1356	69.90
545	1438	52.45
545	1267	75.84
545	2763	69.47
545	1367	56.39
545	44	45.57
546	1270	69.92
546	3328	83.48
546	480	69.95
546	1970	58.80
546	2456	51.35
546	1976	51.99
546	589	82.05
546	2657	65.97
546	1673	80.48
546	3941	69.90
546	3959	67.57
546	3566	63.18
546	1977	54.33
547	1211	86.70
547	2859	78.93
547	2917	88.78
547	1394	92.21
547	1288	92.50
548	69	69.90
548	260	69.90
548	356	69.90
548	733	69.90
548	1196	69.90
548	1393	69.90
548	1477	69.90
548	1621	69.90
548	2571	69.90
548	2716	69.90
548	3263	69.90
548	3578	69.90
548	3916	69.90
548	4776	69.90
548	4899	69.90
548	5955	69.90
548	6874	69.90
548	7458	69.90
548	8531	69.90
548	49910	69.90
548	58559	69.90
548	74532	69.90
548	80862	69.90
548	122904	69.90
548	125916	69.90
548	168712	69.90
549	2571	75.98
549	2028	72.06
549	4226	74.31
549	1210	78.71
549	589	68.47
550	167296	69.90
550	102125	86.63
550	106782	92.38
550	116797	91.49
550	112852	91.72
550	122882	89.47
551	5010	76.01
551	34162	69.74
551	60069	78.57
551	1544	63.81
551	45186	76.07
551	103772	70.55
551	51935	78.48
551	4226	83.24
551	2353	68.10
551	7153	84.45
551	5989	78.51
551	135569	72.89
551	115149	80.36
551	88129	76.86
551	134130	80.39
551	6934	65.14
551	47	82.86
551	4701	70.76
551	2959	80.15
551	98809	80.68
552	2916	62.97
552	3317	71.79
552	1405	50.20
552	2953	45.60
552	2245	57.74
552	2944	69.43
552	2890	69.83
552	2125	69.13
552	508	65.26
552	3948	59.22
552	5349	68.48
552	2959	80.39
552	2857	60.86
552	173	44.66
552	2991	65.21
552	2871	72.11
552	2628	50.51
552	4308	66.77
552	4878	76.15
552	3101	57.79
553	55765	93.56
553	3481	92.76
553	1923	89.75
553	2571	95.54
553	4011	97.24
553	50	100.00
553	3949	91.21
553	1089	93.60
553	44199	86.08
553	5513	69.90
553	2231	89.77
553	2395	82.60
553	3052	89.13
553	61257	69.90
553	1221	96.09
553	33166	93.99
553	2959	100.00
554	1196	90.23
554	1022	79.04
554	2820	69.90
554	1207	92.81
554	1517	82.04
554	1282	84.12
554	1210	88.41
554	1760	33.94
554	2282	85.19
554	1225	91.37
554	907	71.83
554	1358	86.65
554	2096	84.70
554	1028	92.02
554	593	89.51
554	608	94.01
554	953	90.70
554	2324	89.80
555	790	69.90
555	3664	69.90
555	1	80.03
555	3111	89.41
555	3395	77.54
555	104	67.27
555	1334	33.62
555	2506	67.41
555	2072	67.75
555	4002	76.49
555	1266	81.87
555	2641	64.31
555	2256	58.97
555	2791	79.28
555	2701	47.05
555	1333	76.40
555	1320	65.51
555	337	73.84
555	1393	63.65
555	3526	69.31
556	162600	69.90
556	122890	77.80
556	3081	77.90
556	88125	88.78
556	588	88.31
556	72998	78.44
556	74789	73.84
557	648	82.21
557	231	70.94
557	1291	83.98
557	260	88.61
557	1210	84.61
557	150	84.97
558	5329	70.04
558	5064	84.95
558	4903	70.39
558	2297	83.59
558	2568	77.52
558	4993	90.08
558	4306	84.48
558	367	69.91
558	5283	67.87
558	1097	78.29
558	4164	90.69
558	5294	95.68
559	552	58.38
559	608	78.09
559	355	48.11
559	329	58.98
559	544	59.61
559	1527	68.44
559	173	47.40
559	377	63.87
559	745	76.30
559	174	53.61
559	529	67.72
559	350	64.32
559	349	62.87
559	533	54.99
559	836	52.95
559	1210	79.35
559	420	52.32
559	786	59.46
559	227	54.08
559	253	60.89
560	5839	69.90
560	91535	60.61
560	136018	55.70
560	67997	84.30
560	79132	83.43
560	3253	73.32
560	142558	69.90
560	2355	70.97
560	39435	64.25
560	1527	80.09
560	40414	82.78
560	64614	79.97
560	48744	80.84
560	56587	70.27
560	593	81.89
560	76251	71.21
560	84944	74.63
560	109313	69.90
560	5878	81.57
560	40819	76.88
561	168174	69.90
561	5308	59.28
561	78469	58.78
561	3703	76.55
561	60069	84.60
561	91535	57.52
561	2105	65.56
561	73017	69.34
561	5445	71.65
561	2000	72.42
561	83134	75.97
561	79132	82.81
561	79592	63.27
561	80463	75.96
561	89745	74.18
561	527	84.60
561	8972	65.09
561	353	79.22
561	33162	73.18
561	68157	78.77
562	27140	69.90
562	6870	85.18
562	6377	91.24
562	2580	86.95
562	1249	94.11
562	4776	93.35
562	36529	83.78
562	1259	89.00
562	1982	83.68
562	2268	85.58
562	2133	81.40
562	83134	88.51
562	3210	85.72
562	48394	82.60
562	30707	94.46
562	33836	60.59
562	2692	87.98
562	88163	89.01
562	99191	69.90
562	1240	87.28
563	61071	69.90
563	70932	69.90
563	80858	69.90
563	919	77.90
563	74450	59.44
563	588	77.52
563	5943	55.45
563	118997	52.50
563	86833	77.29
563	1197	81.89
563	128832	69.90
563	85397	69.90
563	45221	42.01
563	33499	57.04
563	7380	66.05
563	96821	73.06
563	81784	57.53
563	95307	46.08
563	65585	66.30
563	55250	48.90
564	50942	69.90
564	356	84.03
564	31685	64.27
564	131013	73.29
564	61024	85.11
564	79224	61.20
564	87869	71.87
564	500	71.96
564	108156	70.61
564	81784	65.08
564	93270	53.30
564	6188	75.79
564	106918	79.80
564	65230	63.82
564	67087	74.55
564	80693	58.66
564	94677	67.44
564	8984	73.46
564	73266	53.61
564	2671	73.98
565	590	78.03
565	231	62.94
565	19	60.30
565	21	71.91
565	50	88.24
565	539	79.43
566	648	77.08
566	10	65.61
566	231	54.07
566	329	66.77
566	342	73.54
566	141	74.49
566	203	68.97
566	345	68.61
566	39	63.32
566	497	87.33
566	265	74.61
566	588	74.26
566	708	73.48
566	353	70.78
566	2	77.28
567	8189	69.90
567	26743	69.90
567	92681	69.90
567	109897	69.90
567	152071	69.90
567	5690	56.89
567	136602	52.07
567	122888	69.90
567	6333	48.70
567	1274	58.76
567	122922	51.12
567	153070	69.90
567	151687	69.90
567	117877	69.90
567	108928	32.37
567	954	54.35
567	122924	41.45
567	27773	55.13
567	648	45.40
567	135887	36.81
568	50	69.90
568	147	69.90
568	296	69.90
568	356	69.90
568	480	69.90
568	593	69.90
568	765	69.90
568	1103	69.90
568	1104	69.90
568	1257	69.90
568	1298	69.90
568	1895	69.90
568	2313	69.90
568	2359	69.90
568	2863	69.90
568	3053	69.90
568	3148	69.90
568	3261	69.90
568	3363	69.90
568	8169	69.90
568	46723	69.90
568	63853	69.90
568	65088	69.90
569	231	81.32
569	50	97.61
569	380	82.59
569	588	82.12
569	592	77.91
570	208	52.00
570	8636	69.13
570	48516	79.55
570	1225	78.21
570	586	55.19
570	2683	57.02
570	457	73.05
570	1196	85.96
570	110	85.20
570	4993	88.05
570	7361	78.48
570	1198	82.19
570	1079	78.00
570	10	63.86
570	3793	72.15
570	1391	59.96
570	589	76.01
570	380	65.84
570	527	84.63
570	185	54.49
571	1331	69.90
571	2982	69.90
571	2366	54.96
571	1128	43.85
571	610	55.04
571	2902	42.52
571	1998	69.90
571	3696	68.20
571	1980	69.90
571	1987	69.90
571	70	50.02
571	1924	47.32
571	2279	37.60
571	1327	30.69
571	3732	46.48
571	1972	21.34
571	1278	61.90
571	1644	28.68
571	2327	76.39
571	1978	26.40
572	1961	90.66
572	2570	70.44
572	2788	93.62
572	2321	75.24
572	111	90.31
572	904	94.08
572	2987	73.84
572	2302	73.39
572	1834	89.32
572	2539	74.29
572	2917	90.83
572	1307	90.47
572	1	91.80
572	161	88.03
572	3421	78.22
572	838	85.54
572	1356	85.62
572	2006	72.85
572	3167	74.57
572	1953	84.16
573	89745	89.86
573	72998	81.83
573	3752	78.19
573	356	96.92
573	7293	83.03
573	6754	85.56
573	8665	88.57
573	32587	91.21
573	1073	89.50
573	88744	87.83
573	1127	86.24
573	68954	90.90
573	98809	90.16
573	2640	86.94
573	48516	100.00
573	71535	92.98
573	59369	85.67
573	60069	99.58
573	88140	86.72
573	1562	61.24
574	47	69.90
574	110	69.90
574	150	69.90
574	153	69.90
574	161	69.90
574	185	69.90
574	225	69.90
574	231	69.90
574	292	69.90
574	296	69.90
574	300	69.90
574	316	69.90
574	318	69.90
574	329	69.90
574	339	69.90
574	344	69.90
574	380	69.90
574	410	69.90
574	434	69.90
574	588	69.90
574	592	69.90
574	593	69.90
574	595	69.90
575	2566	50.21
575	2580	69.58
575	296	71.34
575	2581	57.13
575	2572	66.09
575	2542	63.62
575	2574	34.81
575	2598	39.68
576	849	49.08
576	1321	65.04
576	1373	54.44
576	1479	56.40
576	2289	68.57
577	2415	69.90
577	1183	74.46
577	1288	85.06
577	1129	70.05
577	2944	77.46
577	2194	82.00
577	733	64.34
577	1213	88.45
577	2076	76.85
577	2020	78.05
577	1262	81.51
577	1931	80.51
577	1391	62.72
577	2987	68.36
577	952	76.80
577	1909	70.91
577	260	89.54
577	919	77.69
577	2248	77.61
577	1270	78.27
578	6751	69.90
578	52668	98.24
578	45668	97.02
578	830	69.99
578	72407	70.25
578	75446	69.90
579	3174	78.81
579	2485	64.00
579	1022	80.43
579	2018	79.80
579	838	83.77
579	1917	74.08
579	1391	65.21
579	596	79.55
579	1573	80.40
579	2965	69.90
579	1653	91.91
579	2599	75.28
579	892	84.05
579	2687	73.34
579	595	85.90
580	5767	69.90
580	6583	69.90
580	480	80.83
580	8844	69.90
580	6989	68.43
580	3809	69.56
580	41569	71.21
580	3699	67.06
580	4041	71.51
580	33166	77.99
580	356	87.31
580	508	73.51
580	8376	63.65
580	3578	78.18
580	608	74.67
580	3785	54.30
580	3089	83.93
580	1320	67.97
580	54286	79.48
580	1201	86.77
581	7153	95.74
581	5995	92.69
581	4973	95.88
581	116797	91.17
581	3949	91.42
581	4306	91.17
581	109487	94.19
581	6377	94.65
582	91529	91.97
582	2959	94.85
582	116797	87.98
582	4993	91.39
582	5618	89.05
582	2571	90.02
582	76251	78.54
582	69844	89.14
582	104841	86.39
582	48516	93.07
582	97752	80.99
582	76093	83.09
583	8533	74.38
583	88405	64.97
583	2706	62.67
583	117590	79.80
583	317	65.28
583	60756	67.40
583	6942	80.78
583	595	75.71
583	46578	74.71
583	104	76.27
583	2694	66.03
583	7451	76.46
584	288	71.76
584	22	84.85
584	203	79.79
584	315	76.07
584	500	84.32
584	316	82.26
584	539	86.38
584	234	63.43
584	296	78.74
584	257	90.28
584	434	74.15
584	586	70.77
584	338	75.17
584	349	80.58
584	282	77.43
584	480	90.48
584	590	89.21
585	3173	88.61
585	1228	96.61
585	54503	97.19
585	2959	100.00
585	428	92.27
585	1405	73.38
585	7254	84.21
585	441	97.11
585	1805	79.72
585	296	100.00
585	27373	69.90
585	5325	85.84
585	79132	96.23
586	34332	71.40
586	4016	93.98
586	111659	79.98
586	106002	81.49
586	149406	84.64
586	167036	89.90
586	45499	80.29
586	136556	69.90
586	5445	92.33
586	117851	82.10
586	1291	97.51
586	71264	88.80
586	106489	85.17
586	135436	80.82
586	3753	89.25
586	2640	91.84
586	3147	99.59
586	122916	94.20
586	3793	92.41
586	101362	70.12
587	1234	91.83
587	628	78.68
587	2012	72.74
587	534	83.22
587	2002	67.68
587	1641	85.04
587	236	73.45
587	1376	76.14
587	2622	75.08
587	1541	55.22
587	3260	85.60
587	497	89.17
587	3082	75.09
587	445	73.24
587	3448	82.99
587	2574	54.44
587	765	70.66
587	691	66.59
587	329	76.56
587	3406	70.87
588	50	76.50
588	16	78.37
588	20	43.56
588	356	73.77
588	350	61.84
588	198	64.92
588	593	83.54
588	364	71.81
588	163	62.78
588	253	64.05
588	223	73.38
588	3	67.19
589	1092	79.24
589	318	96.96
589	590	87.43
589	373	86.43
589	586	68.07
589	587	80.99
589	527	99.10
589	337	85.65
590	924	68.89
590	8807	71.73
590	2371	61.50
590	38061	79.95
590	81834	74.90
590	40815	72.08
590	4890	58.67
590	903	77.73
590	5	51.81
590	3624	61.51
590	555	73.72
590	4047	72.86
590	51662	72.44
590	2085	67.69
590	419	55.80
590	595	67.04
590	329	62.38
590	2376	65.18
590	3635	66.21
590	2398	77.55
591	2908	63.00
591	2706	66.85
591	2712	62.94
591	2355	64.22
591	3615	58.47
591	3578	70.98
591	2394	59.86
591	3798	58.20
591	356	74.47
591	223	76.88
591	2724	52.84
592	514	74.35
592	2	77.37
592	153	66.70
592	415	60.69
592	110	85.90
592	177	71.59
592	420	59.74
592	380	69.58
592	44	56.98
592	788	54.50
592	588	68.78
592	163	68.26
592	204	58.48
592	610	76.08
592	39	63.99
592	419	63.19
592	253	71.72
592	432	58.95
592	240	61.97
593	1196	75.87
593	1073	70.99
593	1086	77.95
593	1617	79.17
593	4034	71.14
593	41566	66.38
593	1197	81.18
593	344	49.46
593	8368	77.70
593	339	60.44
593	2959	80.06
593	8961	74.12
593	5816	66.41
593	2797	71.55
593	4896	70.30
593	588	71.94
593	595	62.36
593	5952	75.35
593	377	59.95
593	141	68.29
594	7031	69.90
594	2671	82.34
594	7115	77.06
594	1616	68.00
594	5943	61.87
594	1188	83.25
594	2269	69.45
594	1733	100.00
594	4902	82.44
594	6996	34.79
594	780	84.20
594	1429	76.17
594	6140	69.90
594	7046	67.71
594	39	71.23
594	595	87.44
594	799	84.46
594	2028	95.26
594	8482	69.90
594	7169	74.51
595	265	81.40
595	50	90.51
595	1186	87.95
595	1199	92.77
595	1966	68.26
596	33649	69.90
596	43744	69.90
596	182793	69.90
596	129397	57.27
596	128908	69.90
596	1	76.03
596	142488	83.74
596	122922	73.76
596	4310	55.93
596	71838	65.29
596	4025	58.73
596	2501	77.70
596	110102	77.70
596	149406	67.46
596	2774	69.90
596	5502	64.69
596	8665	74.34
596	6537	65.46
596	2571	79.89
596	345	67.46
597	1799	83.68
597	490	75.04
597	3040	78.15
597	2529	90.87
597	2858	96.08
597	903	94.19
597	3039	80.57
597	2000	80.65
597	1291	88.19
597	357	79.83
597	1228	91.51
597	1845	91.41
597	2411	62.45
597	1580	76.38
597	1148	98.11
597	1198	100.00
597	2723	82.53
597	485	72.12
597	592	79.64
597	2692	93.36
598	56367	94.88
598	8360	82.65
598	593	89.28
598	114265	69.90
598	103543	67.54
599	26142	69.90
599	26567	69.90
599	26590	69.90
599	26676	69.90
599	26854	69.90
599	27595	69.90
599	34800	69.90
599	53450	69.90
599	60803	69.90
599	69131	69.90
599	74696	69.90
599	79895	69.90
599	84523	69.90
599	87960	69.90
599	92674	69.90
599	98799	69.90
599	102735	69.90
599	102852	69.90
599	104017	69.90
599	105020	69.90
599	122433	69.90
599	157865	69.90
599	158874	69.90
599	160978	69.90
599	161044	69.90
599	174727	69.90
599	179053	69.90
599	1801	52.47
599	6035	67.74
599	3387	54.17
599	33437	55.34
599	112	48.20
599	5995	67.44
599	167706	69.90
599	4394	69.90
599	836	34.30
599	7235	52.85
599	8809	64.49
599	102749	69.90
599	89087	24.63
599	42011	35.46
599	432	33.48
599	471	55.48
599	5628	53.27
599	1015	45.55
599	2	44.73
599	2269	43.75
599	69	54.73
599	3947	49.29
599	79091	55.87
599	104837	69.90
599	4037	56.04
599	7587	63.14
599	6881	61.44
599	1449	61.69
599	7225	59.05
599	81229	52.12
599	68952	69.34
599	4728	37.13
599	5081	56.41
599	33966	69.90
599	1779	42.86
599	3669	69.90
599	87197	69.90
599	170297	69.90
599	79057	53.31
599	95965	69.90
599	55207	69.90
599	4007	58.81
599	1220	63.39
599	80831	47.30
599	46723	52.64
599	71282	71.56
599	7757	53.45
599	3259	50.10
599	92309	59.15
599	1376	48.19
599	7192	45.89
599	4654	47.23
599	101423	69.90
599	53468	45.12
599	62662	69.90
599	3174	51.76
599	3698	49.31
599	2882	30.31
599	2359	50.77
599	1183	51.89
599	2792	45.83
599	1095	58.03
599	8387	7.05
599	53125	49.43
599	115713	61.54
599	2949	56.10
599	2471	35.98
599	3	47.13
599	1231	62.25
599	3861	42.88
599	240	43.30
599	1480	54.14
599	2301	56.44
599	1445	33.85
599	8045	69.90
599	586	44.91
599	2942	37.76
599	1185	59.93
599	4594	69.90
599	2474	56.44
599	3671	61.63
599	3196	63.54
599	64839	60.48
599	98697	69.90
599	2606	42.41
599	1777	52.95
599	5309	31.55
599	7022	58.27
599	4873	57.53
599	541	64.24
599	27311	68.70
599	43921	61.88
599	67734	52.29
599	4240	69.90
599	5026	65.35
599	168	33.85
599	33493	51.82
599	4125	4.65
599	7354	44.65
599	207	48.62
599	1094	48.81
599	742	43.20
599	1609	24.65
599	1042	42.00
599	3362	64.39
599	4553	57.84
599	4632	53.91
599	2278	56.65
599	468	50.21
599	122904	52.83
599	75416	69.90
599	42718	61.73
599	4285	9.98
599	79274	68.70
599	1794	69.90
599	45081	38.84
599	108192	69.90
599	3489	47.22
599	3503	63.60
599	89804	49.38
599	163809	69.90
599	577	35.10
599	3071	46.06
599	1204	69.62
599	3981	33.31
599	95771	69.90
599	45382	64.85
599	6548	50.86
599	59387	57.89
599	166528	62.08
599	168492	69.90
599	6691	69.90
599	605	40.91
599	424	29.43
599	2991	56.40
599	248	38.45
599	97950	69.90
599	3865	56.67
599	1216	51.18
599	342	52.00
599	35836	59.02
599	27772	38.57
599	176419	69.90
599	151781	69.90
599	277	37.89
599	6320	3.83
599	39381	63.48
599	5111	69.90
599	4090	52.79
599	2450	26.06
599	2676	48.86
599	2356	35.74
599	79702	60.52
599	1597	46.56
599	410	45.40
599	1721	41.72
599	3702	53.20
599	183301	69.90
599	1387	62.63
599	2072	51.55
599	26729	61.16
599	2393	49.01
599	4247	36.45
599	4591	42.13
599	1032	54.55
599	3087	47.12
599	1895	48.23
599	634	30.35
599	210	47.74
599	2074	62.26
599	51575	36.84
599	3505	65.43
599	5247	35.96
599	481	46.94
599	4215	31.20
599	1355	37.59
599	2657	51.94
599	2028	68.82
599	4011	65.28
599	420	35.48
599	552	45.98
599	1196	76.03
599	2395	50.39
599	5303	54.29
599	1752	44.49
599	3186	52.03
599	4310	36.76
599	1784	57.99
599	3200	72.67
599	7254	53.40
599	688	43.42
599	473	28.32
599	1079	64.90
599	1552	40.45
599	1148	67.16
599	1544	31.16
599	63113	51.01
599	2325	48.57
599	26649	72.44
599	6804	69.90
599	161	52.50
599	4109	52.13
599	34332	32.04
599	1653	64.41
599	4808	33.98
599	7707	69.90
599	3468	69.89
599	502	26.38
599	1221	70.11
599	1792	44.16
599	68319	41.86
599	6787	63.45
599	2119	24.11
599	3884	41.00
599	4254	27.47
599	3973	22.98
599	103609	69.90
599	8934	69.90
599	5377	59.52
599	42632	58.02
599	55290	61.77
599	4506	49.36
599	7840	66.25
599	5568	46.11
599	1689	46.42
599	7005	69.90
599	103228	60.73
599	59947	69.90
599	786	38.52
599	4351	47.79
599	172253	69.90
599	4679	50.30
599	1411	69.12
599	117630	69.90
599	1590	39.63
599	112623	58.01
599	3146	37.30
599	8984	46.78
599	1920	43.09
599	519	25.57
599	179817	64.15
599	3979	35.09
599	3741	57.73
599	44020	39.05
599	26630	69.90
599	7285	59.27
599	3030	67.36
599	1021	29.19
599	8638	59.58
599	87	48.18
599	7153	69.42
599	2877	39.73
599	2018	50.15
599	3173	47.97
599	5198	69.90
599	7101	45.30
599	7701	21.93
599	3213	63.65
599	26159	69.90
599	2339	69.90
599	33896	57.32
599	2000	59.43
599	4006	47.84
599	136562	46.04
599	37382	53.21
599	6645	63.44
599	171763	72.15
599	8528	59.54
599	27008	69.90
599	4017	57.40
599	4167	48.76
599	86142	67.13
599	1249	65.10
599	3255	53.11
599	736	40.54
599	2779	50.52
599	84414	79.05
599	27773	60.50
599	2083	58.05
599	98499	39.15
599	4034	59.02
599	119828	69.90
599	1993	42.23
599	94864	45.75
599	6631	69.90
599	2321	47.53
599	26242	53.14
599	3703	59.78
599	41566	43.57
599	2529	61.36
599	1968	64.76
599	8914	59.09
599	3257	42.54
599	159403	69.90
599	1036	56.14
599	76093	58.44
599	5103	49.39
599	6947	56.51
599	1952	61.85
599	2124	50.14
599	4084	44.46
599	6016	65.67
599	778	68.48
599	81	43.75
599	2171	49.09
599	1253	59.94
599	4275	32.26
599	7982	55.65
599	3723	66.48
599	849	36.31
599	2681	50.11
599	6565	58.56
599	39414	50.36
599	122916	63.61
599	6440	60.82
599	8917	55.05
599	72011	54.39
599	1605	46.91
599	1240	62.47
599	923	64.07
599	68157	63.99
599	5961	69.90
599	5053	69.90
599	3571	62.26
599	2403	56.07
599	3871	68.25
599	44238	69.90
599	72226	59.64
599	7004	38.90
599	2054	38.05
599	62970	48.10
599	5159	41.81
599	354	62.34
599	122924	47.42
599	48774	66.10
599	1394	62.68
599	3763	47.69
599	70286	66.44
599	1904	9.98
599	3969	54.48
599	81562	58.15
599	102590	69.90
599	233	56.79
599	4155	45.18
599	1031	55.09
599	76	47.53
599	459	37.04
599	1097	56.93
599	1178	70.89
599	60291	67.98
599	3328	66.79
599	1232	73.38
599	3036	59.25
599	5283	41.51
599	4327	54.17
599	610	53.25
599	2726	62.30
599	4732	28.19
599	5970	48.66
599	2396	60.26
599	594	55.15
599	1247	63.20
599	45499	45.60
599	3476	47.93
599	2399	37.10
599	137218	69.90
599	1997	59.82
599	3271	61.55
599	27801	62.84
599	6365	46.89
599	1799	57.93
599	580	52.24
599	122900	53.60
599	2803	40.39
599	80219	47.08
599	466	40.84
599	110882	58.32
599	3997	23.99
599	26176	69.90
599	2378	44.35
599	117895	17.92
599	26662	59.82
599	90603	66.48
599	119218	69.90
599	44	32.03
599	809	35.83
599	1960	55.13
599	4519	43.72
599	1959	53.10
599	414	35.45
599	1073	61.27
599	61236	36.61
599	1479	47.83
599	4019	57.79
599	1245	66.67
599	37857	63.34
599	161032	69.90
599	371	56.67
599	3020	55.38
599	88593	69.90
599	6774	61.25
599	2005	62.05
599	90405	47.00
599	26285	69.90
599	6793	22.90
599	627	56.54
599	1617	64.11
599	6734	19.15
599	108090	69.90
599	2427	55.71
599	51024	56.84
599	122922	55.84
599	3440	27.11
599	6874	66.16
599	4919	52.51
599	338	38.45
599	81591	56.77
599	1704	66.58
599	1499	27.47
599	357	53.65
599	62155	46.14
599	144	43.41
599	34148	69.90
599	53519	48.03
599	4504	69.90
599	2796	47.52
599	216	53.84
599	6827	0.00
599	1429	49.21
599	7445	48.73
599	1385	40.24
599	90471	49.95
599	8425	69.90
599	10	52.46
599	26542	49.15
599	7387	63.67
599	72998	56.21
599	89470	52.81
599	3629	68.65
599	1297	56.24
599	3424	63.05
599	1672	52.12
599	44761	70.33
599	196	39.00
599	70703	69.90
599	2383	29.59
599	180	57.46
599	4040	30.13
599	6333	58.23
599	4440	67.21
599	5291	55.00
599	88235	57.55
599	1639	57.29
599	4580	0.00
599	153236	69.90
599	86190	51.49
599	4477	37.78
599	103027	69.90
599	32291	56.52
599	34811	69.90
599	5171	38.19
599	122260	69.90
599	8784	59.52
599	5954	60.25
599	8798	54.16
599	707	40.22
599	880	39.57
599	314	53.13
599	61323	55.28
600	3269	46.61
600	1394	65.98
600	3785	43.69
600	2717	52.51
600	5569	65.35
600	4306	68.75
600	1206	76.65
600	56775	53.53
600	2015	60.64
600	7	52.12
600	2013	54.93
600	262	69.20
600	1210	76.12
600	1060	64.90
600	2431	57.36
600	2077	59.74
600	2423	59.71
600	4641	62.45
600	527	80.08
600	5076	55.35
601	141846	69.90
601	68157	96.64
601	1262	94.11
601	106782	92.06
601	60069	95.30
601	49272	92.52
601	5445	87.03
601	1193	97.63
601	1207	98.90
601	79132	94.50
601	904	100.00
601	166024	100.00
601	1917	79.29
601	7153	99.28
601	2324	96.80
601	170697	90.97
601	31658	96.24
601	5989	92.63
601	88810	98.52
601	2571	96.31
602	161	67.97
602	19	52.61
602	350	65.06
602	494	67.02
602	14	68.01
602	471	71.99
602	125	54.37
602	434	55.86
602	235	61.78
602	481	62.38
602	315	58.07
602	371	67.78
602	474	68.77
602	527	87.65
602	21	63.37
602	349	64.88
602	440	67.27
602	339	68.01
602	480	70.14
602	163	63.87
603	602	69.90
603	803	69.90
603	2008	69.90
603	2577	69.90
603	3459	69.90
603	4787	69.31
603	2912	74.75
603	1769	55.06
603	485	59.27
603	4420	69.90
603	920	73.74
603	1	77.19
603	2706	60.69
603	1844	77.24
603	3787	90.67
603	1222	83.72
603	190	59.26
603	2716	72.95
603	3983	83.65
603	101	86.24
604	220	69.90
604	292	71.24
604	151	76.76
604	329	60.18
604	410	57.67
604	426	66.67
604	435	49.48
604	316	68.57
604	22	72.96
604	235	66.23
604	181	43.58
604	332	66.74
604	273	59.03
604	637	59.88
604	285	69.90
604	173	57.24
604	588	71.99
604	23	68.87
604	553	71.65
604	1	79.60
605	35347	69.90
605	6787	75.30
605	1197	76.70
605	5667	69.90
605	42738	54.60
605	51662	72.59
605	7373	60.45
605	596	63.29
605	780	67.96
605	4571	70.91
605	2316	67.41
605	7454	51.47
605	150	66.81
605	60040	61.37
605	8977	44.75
605	3269	51.72
605	72982	69.90
605	1210	75.76
605	62376	42.04
605	60937	42.52
606	263	69.90
606	563	69.90
606	583	69.90
606	3808	69.90
606	4671	69.90
606	4840	69.90
606	5856	69.90
606	6111	69.90
606	6573	69.90
606	8685	69.90
606	32728	69.90
606	55805	69.90
606	3147	80.47
606	4392	75.11
606	2311	74.92
606	6308	51.16
606	50842	85.81
606	6591	90.85
606	8270	78.24
606	2025	82.66
607	891	75.49
607	1610	88.44
607	448	72.09
607	3147	86.65
607	1094	68.71
607	1307	80.71
607	592	80.56
607	204	62.25
607	1552	67.63
607	527	96.81
607	3476	69.57
607	296	92.48
607	2313	83.22
607	3440	49.90
607	423	65.69
607	1518	72.48
607	2118	77.27
607	2193	81.28
607	380	77.51
607	2028	92.92
608	52245	57.46
608	2997	74.18
608	3793	68.36
608	2763	69.15
608	174	48.69
608	2000	65.45
608	1214	71.72
608	919	64.10
608	2700	73.28
608	4161	58.54
608	5146	63.69
608	1639	68.36
608	541	73.52
608	473	38.87
608	2529	68.74
608	522	71.78
608	4343	51.89
608	1909	59.31
608	2431	62.06
608	1220	70.99
609	296	64.77
609	833	35.46
609	356	78.39
609	339	68.44
609	454	71.49
609	318	82.67
609	208	49.45
609	292	63.42
610	5953	69.90
610	58975	69.90
610	70206	69.90
610	78626	69.90
610	82765	69.90
610	97988	69.90
610	107447	69.90
610	107462	69.90
610	110591	69.90
610	110746	69.90
610	118082	69.90
610	139655	69.90
610	160341	69.90
610	86644	62.52
610	56801	54.74
610	61024	81.40
610	77561	76.22
610	4816	76.46
610	62434	72.64
610	3972	81.27
